importAction,regionId,countryIso2,countryIso3,countryNameEn,countryNameAr,countryOfficialNameEn,continent,continentAr,subregion,subregionAr,regionCode,parentRegionCode,parentRegionNameEn,adminLevel,regionType,regionTypeRaw,nameEn,nameAr,localName,isActive,sourceType,sourceUrl,sourceDataset,verificationStatus,translationStatus,lastImportedAt,notes
UPSERT,reg_ae_aj,AE,ARE,United Arab Emirates,الإمارات العربية المتحدة,,Asia,آسيا,Western Asia,غرب آسيا,AE-AJ,,,1,emirate,Emirate,‘Ajmān,,‘Ajmān,true,ISO_3166_2,https://www.iso.org/obp/ui/#search,ISO 3166-2 subdivisions via pycountry/isocodes,REFERENCE_DATA_IMPORTED,NEEDS_AR_TRANSLATION,2026-08-05,Administrative subdivision only; cities are imported in later city files.
UPSERT,reg_ae_az,AE,ARE,United Arab Emirates,الإمارات العربية المتحدة,,Asia,آسيا,Western Asia,غرب آسيا,AE-AZ,,,1,emirate,Emirate,Abū Z̧aby,,Abū Z̧aby,true,ISO_3166_2,https://www.iso.org/obp/ui/#search,ISO 3166-2 subdivisions via pycountry/isocodes,REFERENCE_DATA_IMPORTED,NEEDS_AR_TRANSLATION,2026-08-05,Administrative subdivision only; cities are imported in later city files.
UPSERT,reg_ae_du,AE,ARE,United Arab Emirates,الإمارات العربية المتحدة,,Asia,آسيا,Western Asia,غرب آسيا,AE-DU,,,1,emirate,Emirate,Dubayy,,Dubayy,true,ISO_3166_2,https://www.iso.org/obp/ui/#search,ISO 3166-2 subdivisions via pycountry/isocodes,REFERENCE_DATA_IMPORTED,NEEDS_AR_TRANSLATION,2026-08-05,Administrative subdivision only; cities are imported in later city files.
UPSERT,reg_ae_fu,AE,ARE,United Arab Emirates,الإمارات العربية المتحدة,,Asia,آسيا,Western Asia,غرب آسيا,AE-FU,,,1,emirate,Emirate,Al Fujayrah,,Al Fujayrah,true,ISO_3166_2,https://www.iso.org/obp/ui/#search,ISO 3166-2 subdivisions via pycountry/isocodes,REFERENCE_DATA_IMPORTED,NEEDS_AR_TRANSLATION,2026-08-05,Administrative subdivision only; cities are imported in later city files.
UPSERT,reg_ae_rk,AE,ARE,United Arab Emirates,الإمارات العربية المتحدة,,Asia,آسيا,Western Asia,غرب آسيا,AE-RK,,,1,emirate,Emirate,Ra’s al Khaymah,,Ra’s al Khaymah,true,ISO_3166_2,https://www.iso.org/obp/ui/#search,ISO 3166-2 subdivisions via pycountry/isocodes,REFERENCE_DATA_IMPORTED,NEEDS_AR_TRANSLATION,2026-08-05,Administrative subdivision only; cities are imported in later city files.
UPSERT,reg_ae_sh,AE,ARE,United Arab Emirates,الإمارات العربية المتحدة,,Asia,آسيا,Western Asia,غرب آسيا,AE-SH,,,1,emirate,Emirate,Ash Shāriqah,,Ash Shāriqah,true,ISO_3166_2,https://www.iso.org/obp/ui/#search,ISO 3166-2 subdivisions via pycountry/isocodes,REFERENCE_DATA_IMPORTED,NEEDS_AR_TRANSLATION,2026-08-05,Administrative subdivision only; cities are imported in later city files.
UPSERT,reg_ae_uq,AE,ARE,United Arab Emirates,الإمارات العربية المتحدة,,Asia,آسيا,Western Asia,غرب آسيا,AE-UQ,,,1,emirate,Emirate,Umm al Qaywayn,,Umm al Qaywayn,true,ISO_3166_2,https://www.iso.org/obp/ui/#search,ISO 3166-2 subdivisions via pycountry/isocodes,REFERENCE_DATA_IMPORTED,NEEDS_AR_TRANSLATION,2026-08-05,Administrative subdivision only; cities are imported in later city files.
UPSERT,reg_af_bal,AF,AFG,Afghanistan,أفغانستان,Islamic Republic of Afghanistan,Asia,آسيا,Southern Asia,جنوب آسيا,AF-BAL,,,1,province,Province,Balkh,,Balkh,true,ISO_3166_2,https://www.iso.org/obp/ui/#search,ISO 3166-2 subdivisions via pycountry/isocodes,REFERENCE_DATA_IMPORTED,NEEDS_AR_TRANSLATION,2026-08-05,Administrative subdivision only; cities are imported in later city files.
UPSERT,reg_af_bam,AF,AFG,Afghanistan,أفغانستان,Islamic Republic of Afghanistan,Asia,آسيا,Southern Asia,جنوب آسيا,AF-BAM,,,1,province,Province,Bāmyān,,Bāmyān,true,ISO_3166_2,https://www.iso.org/obp/ui/#search,ISO 3166-2 subdivisions via pycountry/isocodes,REFERENCE_DATA_IMPORTED,NEEDS_AR_TRANSLATION,2026-08-05,Administrative subdivision only; cities are imported in later city files.
UPSERT,reg_af_bdg,AF,AFG,Afghanistan,أفغانستان,Islamic Republic of Afghanistan,Asia,آسيا,Southern Asia,جنوب آسيا,AF-BDG,,,1,province,Province,Bādghīs,,Bādghīs,true,ISO_3166_2,https://www.iso.org/obp/ui/#search,ISO 3166-2 subdivisions via pycountry/isocodes,REFERENCE_DATA_IMPORTED,NEEDS_AR_TRANSLATION,2026-08-05,Administrative subdivision only; cities are imported in later city files.
UPSERT,reg_af_bds,AF,AFG,Afghanistan,أفغانستان,Islamic Republic of Afghanistan,Asia,آسيا,Southern Asia,جنوب آسيا,AF-BDS,,,1,province,Province,Badakhshān,,Badakhshān,true,ISO_3166_2,https://www.iso.org/obp/ui/#search,ISO 3166-2 subdivisions via pycountry/isocodes,REFERENCE_DATA_IMPORTED,NEEDS_AR_TRANSLATION,2026-08-05,Administrative subdivision only; cities are imported in later city files.
UPSERT,reg_af_bgl,AF,AFG,Afghanistan,أفغانستان,Islamic Republic of Afghanistan,Asia,آسيا,Southern Asia,جنوب آسيا,AF-BGL,,,1,province,Province,Baghlān,,Baghlān,true,ISO_3166_2,https://www.iso.org/obp/ui/#search,ISO 3166-2 subdivisions via pycountry/isocodes,REFERENCE_DATA_IMPORTED,NEEDS_AR_TRANSLATION,2026-08-05,Administrative subdivision only; cities are imported in later city files.
UPSERT,reg_af_day,AF,AFG,Afghanistan,أفغانستان,Islamic Republic of Afghanistan,Asia,آسيا,Southern Asia,جنوب آسيا,AF-DAY,,,1,province,Province,Dāykundī,,Dāykundī,true,ISO_3166_2,https://www.iso.org/obp/ui/#search,ISO 3166-2 subdivisions via pycountry/isocodes,REFERENCE_DATA_IMPORTED,NEEDS_AR_TRANSLATION,2026-08-05,Administrative subdivision only; cities are imported in later city files.
UPSERT,reg_af_fra,AF,AFG,Afghanistan,أفغانستان,Islamic Republic of Afghanistan,Asia,آسيا,Southern Asia,جنوب آسيا,AF-FRA,,,1,province,Province,Farāh,,Farāh,true,ISO_3166_2,https://www.iso.org/obp/ui/#search,ISO 3166-2 subdivisions via pycountry/isocodes,REFERENCE_DATA_IMPORTED,NEEDS_AR_TRANSLATION,2026-08-05,Administrative subdivision only; cities are imported in later city files.
UPSERT,reg_af_fyb,AF,AFG,Afghanistan,أفغانستان,Islamic Republic of Afghanistan,Asia,آسيا,Southern Asia,جنوب آسيا,AF-FYB,,,1,province,Province,Fāryāb,,Fāryāb,true,ISO_3166_2,https://www.iso.org/obp/ui/#search,ISO 3166-2 subdivisions via pycountry/isocodes,REFERENCE_DATA_IMPORTED,NEEDS_AR_TRANSLATION,2026-08-05,Administrative subdivision only; cities are imported in later city files.
UPSERT,reg_af_gha,AF,AFG,Afghanistan,أفغانستان,Islamic Republic of Afghanistan,Asia,آسيا,Southern Asia,جنوب آسيا,AF-GHA,,,1,province,Province,Ghaznī,,Ghaznī,true,ISO_3166_2,https://www.iso.org/obp/ui/#search,ISO 3166-2 subdivisions via pycountry/isocodes,REFERENCE_DATA_IMPORTED,NEEDS_AR_TRANSLATION,2026-08-05,Administrative subdivision only; cities are imported in later city files.
UPSERT,reg_af_gho,AF,AFG,Afghanistan,أفغانستان,Islamic Republic of Afghanistan,Asia,آسيا,Southern Asia,جنوب آسيا,AF-GHO,,,1,province,Province,Ghōr,,Ghōr,true,ISO_3166_2,https://www.iso.org/obp/ui/#search,ISO 3166-2 subdivisions via pycountry/isocodes,REFERENCE_DATA_IMPORTED,NEEDS_AR_TRANSLATION,2026-08-05,Administrative subdivision only; cities are imported in later city files.
UPSERT,reg_af_hel,AF,AFG,Afghanistan,أفغانستان,Islamic Republic of Afghanistan,Asia,آسيا,Southern Asia,جنوب آسيا,AF-HEL,,,1,province,Province,Helmand,,Helmand,true,ISO_3166_2,https://www.iso.org/obp/ui/#search,ISO 3166-2 subdivisions via pycountry/isocodes,REFERENCE_DATA_IMPORTED,NEEDS_AR_TRANSLATION,2026-08-05,Administrative subdivision only; cities are imported in later city files.
UPSERT,reg_af_her,AF,AFG,Afghanistan,أفغانستان,Islamic Republic of Afghanistan,Asia,آسيا,Southern Asia,جنوب آسيا,AF-HER,,,1,province,Province,Herāt,,Herāt,true,ISO_3166_2,https://www.iso.org/obp/ui/#search,ISO 3166-2 subdivisions via pycountry/isocodes,REFERENCE_DATA_IMPORTED,NEEDS_AR_TRANSLATION,2026-08-05,Administrative subdivision only; cities are imported in later city files.
UPSERT,reg_af_jow,AF,AFG,Afghanistan,أفغانستان,Islamic Republic of Afghanistan,Asia,آسيا,Southern Asia,جنوب آسيا,AF-JOW,,,1,province,Province,Jowzjān,,Jowzjān,true,ISO_3166_2,https://www.iso.org/obp/ui/#search,ISO 3166-2 subdivisions via pycountry/isocodes,REFERENCE_DATA_IMPORTED,NEEDS_AR_TRANSLATION,2026-08-05,Administrative subdivision only; cities are imported in later city files.
UPSERT,reg_af_kab,AF,AFG,Afghanistan,أفغانستان,Islamic Republic of Afghanistan,Asia,آسيا,Southern Asia,جنوب آسيا,AF-KAB,,,1,province,Province,Kābul,,Kābul,true,ISO_3166_2,https://www.iso.org/obp/ui/#search,ISO 3166-2 subdivisions via pycountry/isocodes,REFERENCE_DATA_IMPORTED,NEEDS_AR_TRANSLATION,2026-08-05,Administrative subdivision only; cities are imported in later city files.
UPSERT,reg_af_kan,AF,AFG,Afghanistan,أفغانستان,Islamic Republic of Afghanistan,Asia,آسيا,Southern Asia,جنوب آسيا,AF-KAN,,,1,province,Province,Kandahār,,Kandahār,true,ISO_3166_2,https://www.iso.org/obp/ui/#search,ISO 3166-2 subdivisions via pycountry/isocodes,REFERENCE_DATA_IMPORTED,NEEDS_AR_TRANSLATION,2026-08-05,Administrative subdivision only; cities are imported in later city files.
UPSERT,reg_af_kap,AF,AFG,Afghanistan,أفغانستان,Islamic Republic of Afghanistan,Asia,آسيا,Southern Asia,جنوب آسيا,AF-KAP,,,1,province,Province,Kāpīsā,,Kāpīsā,true,ISO_3166_2,https://www.iso.org/obp/ui/#search,ISO 3166-2 subdivisions via pycountry/isocodes,REFERENCE_DATA_IMPORTED,NEEDS_AR_TRANSLATION,2026-08-05,Administrative subdivision only; cities are imported in later city files.
UPSERT,reg_af_kdz,AF,AFG,Afghanistan,أفغانستان,Islamic Republic of Afghanistan,Asia,آسيا,Southern Asia,جنوب آسيا,AF-KDZ,,,1,province,Province,Kunduz,,Kunduz,true,ISO_3166_2,https://www.iso.org/obp/ui/#search,ISO 3166-2 subdivisions via pycountry/isocodes,REFERENCE_DATA_IMPORTED,NEEDS_AR_TRANSLATION,2026-08-05,Administrative subdivision only; cities are imported in later city files.
UPSERT,reg_af_kho,AF,AFG,Afghanistan,أفغانستان,Islamic Republic of Afghanistan,Asia,آسيا,Southern Asia,جنوب آسيا,AF-KHO,,,1,province,Province,Khōst,,Khōst,true,ISO_3166_2,https://www.iso.org/obp/ui/#search,ISO 3166-2 subdivisions via pycountry/isocodes,REFERENCE_DATA_IMPORTED,NEEDS_AR_TRANSLATION,2026-08-05,Administrative subdivision only; cities are imported in later city files.
UPSERT,reg_af_knr,AF,AFG,Afghanistan,أفغانستان,Islamic Republic of Afghanistan,Asia,آسيا,Southern Asia,جنوب آسيا,AF-KNR,,,1,province,Province,Kunaṟ,,Kunaṟ,true,ISO_3166_2,https://www.iso.org/obp/ui/#search,ISO 3166-2 subdivisions via pycountry/isocodes,REFERENCE_DATA_IMPORTED,NEEDS_AR_TRANSLATION,2026-08-05,Administrative subdivision only; cities are imported in later city files.
UPSERT,reg_af_lag,AF,AFG,Afghanistan,أفغانستان,Islamic Republic of Afghanistan,Asia,آسيا,Southern Asia,جنوب آسيا,AF-LAG,,,1,province,Province,Laghmān,,Laghmān,true,ISO_3166_2,https://www.iso.org/obp/ui/#search,ISO 3166-2 subdivisions via pycountry/isocodes,REFERENCE_DATA_IMPORTED,NEEDS_AR_TRANSLATION,2026-08-05,Administrative subdivision only; cities are imported in later city files.
UPSERT,reg_af_log,AF,AFG,Afghanistan,أفغانستان,Islamic Republic of Afghanistan,Asia,آسيا,Southern Asia,جنوب آسيا,AF-LOG,,,1,province,Province,Lōgar,,Lōgar,true,ISO_3166_2,https://www.iso.org/obp/ui/#search,ISO 3166-2 subdivisions via pycountry/isocodes,REFERENCE_DATA_IMPORTED,NEEDS_AR_TRANSLATION,2026-08-05,Administrative subdivision only; cities are imported in later city files.
UPSERT,reg_af_nan,AF,AFG,Afghanistan,أفغانستان,Islamic Republic of Afghanistan,Asia,آسيا,Southern Asia,جنوب آسيا,AF-NAN,,,1,province,Province,Nangarhār,,Nangarhār,true,ISO_3166_2,https://www.iso.org/obp/ui/#search,ISO 3166-2 subdivisions via pycountry/isocodes,REFERENCE_DATA_IMPORTED,NEEDS_AR_TRANSLATION,2026-08-05,Administrative subdivision only; cities are imported in later city files.
UPSERT,reg_af_nim,AF,AFG,Afghanistan,أفغانستان,Islamic Republic of Afghanistan,Asia,آسيا,Southern Asia,جنوب آسيا,AF-NIM,,,1,province,Province,Nīmrōz,,Nīmrōz,true,ISO_3166_2,https://www.iso.org/obp/ui/#search,ISO 3166-2 subdivisions via pycountry/isocodes,REFERENCE_DATA_IMPORTED,NEEDS_AR_TRANSLATION,2026-08-05,Administrative subdivision only; cities are imported in later city files.
UPSERT,reg_af_nur,AF,AFG,Afghanistan,أفغانستان,Islamic Republic of Afghanistan,Asia,آسيا,Southern Asia,جنوب آسيا,AF-NUR,,,1,province,Province,Nūristān,,Nūristān,true,ISO_3166_2,https://www.iso.org/obp/ui/#search,ISO 3166-2 subdivisions via pycountry/isocodes,REFERENCE_DATA_IMPORTED,NEEDS_AR_TRANSLATION,2026-08-05,Administrative subdivision only; cities are imported in later city files.
UPSERT,reg_af_pan,AF,AFG,Afghanistan,أفغانستان,Islamic Republic of Afghanistan,Asia,آسيا,Southern Asia,جنوب آسيا,AF-PAN,,,1,province,Province,Panjshayr,,Panjshayr,true,ISO_3166_2,https://www.iso.org/obp/ui/#search,ISO 3166-2 subdivisions via pycountry/isocodes,REFERENCE_DATA_IMPORTED,NEEDS_AR_TRANSLATION,2026-08-05,Administrative subdivision only; cities are imported in later city files.
UPSERT,reg_af_par,AF,AFG,Afghanistan,أفغانستان,Islamic Republic of Afghanistan,Asia,آسيا,Southern Asia,جنوب آسيا,AF-PAR,,,1,province,Province,Parwān,,Parwān,true,ISO_3166_2,https://www.iso.org/obp/ui/#search,ISO 3166-2 subdivisions via pycountry/isocodes,REFERENCE_DATA_IMPORTED,NEEDS_AR_TRANSLATION,2026-08-05,Administrative subdivision only; cities are imported in later city files.
UPSERT,reg_af_pia,AF,AFG,Afghanistan,أفغانستان,Islamic Republic of Afghanistan,Asia,آسيا,Southern Asia,جنوب آسيا,AF-PIA,,,1,province,Province,Paktiyā,,Paktiyā,true,ISO_3166_2,https://www.iso.org/obp/ui/#search,ISO 3166-2 subdivisions via pycountry/isocodes,REFERENCE_DATA_IMPORTED,NEEDS_AR_TRANSLATION,2026-08-05,Administrative subdivision only; cities are imported in later city files.
UPSERT,reg_af_pka,AF,AFG,Afghanistan,أفغانستان,Islamic Republic of Afghanistan,Asia,آسيا,Southern Asia,جنوب آسيا,AF-PKA,,,1,province,Province,Paktīkā,,Paktīkā,true,ISO_3166_2,https://www.iso.org/obp/ui/#search,ISO 3166-2 subdivisions via pycountry/isocodes,REFERENCE_DATA_IMPORTED,NEEDS_AR_TRANSLATION,2026-08-05,Administrative subdivision only; cities are imported in later city files.
UPSERT,reg_af_sam,AF,AFG,Afghanistan,أفغانستان,Islamic Republic of Afghanistan,Asia,آسيا,Southern Asia,جنوب آسيا,AF-SAM,,,1,province,Province,Samangān,,Samangān,true,ISO_3166_2,https://www.iso.org/obp/ui/#search,ISO 3166-2 subdivisions via pycountry/isocodes,REFERENCE_DATA_IMPORTED,NEEDS_AR_TRANSLATION,2026-08-05,Administrative subdivision only; cities are imported in later city files.
UPSERT,reg_af_sar,AF,AFG,Afghanistan,أفغانستان,Islamic Republic of Afghanistan,Asia,آسيا,Southern Asia,جنوب آسيا,AF-SAR,,,1,province,Province,Sar-e Pul,,Sar-e Pul,true,ISO_3166_2,https://www.iso.org/obp/ui/#search,ISO 3166-2 subdivisions via pycountry/isocodes,REFERENCE_DATA_IMPORTED,NEEDS_AR_TRANSLATION,2026-08-05,Administrative subdivision only; cities are imported in later city files.
UPSERT,reg_af_tak,AF,AFG,Afghanistan,أفغانستان,Islamic Republic of Afghanistan,Asia,آسيا,Southern Asia,جنوب آسيا,AF-TAK,,,1,province,Province,Takhār,,Takhār,true,ISO_3166_2,https://www.iso.org/obp/ui/#search,ISO 3166-2 subdivisions via pycountry/isocodes,REFERENCE_DATA_IMPORTED,NEEDS_AR_TRANSLATION,2026-08-05,Administrative subdivision only; cities are imported in later city files.
UPSERT,reg_af_uru,AF,AFG,Afghanistan,أفغانستان,Islamic Republic of Afghanistan,Asia,آسيا,Southern Asia,جنوب آسيا,AF-URU,,,1,province,Province,Uruzgān,,Uruzgān,true,ISO_3166_2,https://www.iso.org/obp/ui/#search,ISO 3166-2 subdivisions via pycountry/isocodes,REFERENCE_DATA_IMPORTED,NEEDS_AR_TRANSLATION,2026-08-05,Administrative subdivision only; cities are imported in later city files.
UPSERT,reg_af_war,AF,AFG,Afghanistan,أفغانستان,Islamic Republic of Afghanistan,Asia,آسيا,Southern Asia,جنوب آسيا,AF-WAR,,,1,province,Province,Wardak,,Wardak,true,ISO_3166_2,https://www.iso.org/obp/ui/#search,ISO 3166-2 subdivisions via pycountry/isocodes,REFERENCE_DATA_IMPORTED,NEEDS_AR_TRANSLATION,2026-08-05,Administrative subdivision only; cities are imported in later city files.
UPSERT,reg_af_zab,AF,AFG,Afghanistan,أفغانستان,Islamic Republic of Afghanistan,Asia,آسيا,Southern Asia,جنوب آسيا,AF-ZAB,,,1,province,Province,Zābul,,Zābul,true,ISO_3166_2,https://www.iso.org/obp/ui/#search,ISO 3166-2 subdivisions via pycountry/isocodes,REFERENCE_DATA_IMPORTED,NEEDS_AR_TRANSLATION,2026-08-05,Administrative subdivision only; cities are imported in later city files.
UPSERT,reg_am_ag,AM,ARM,Armenia,أرمينيا,Republic of Armenia,Asia,آسيا,Western Asia,غرب آسيا,AM-AG,,,1,region,Region,Aragac̣otn,,Aragac̣otn,true,ISO_3166_2,https://www.iso.org/obp/ui/#search,ISO 3166-2 subdivisions via pycountry/isocodes,REFERENCE_DATA_IMPORTED,NEEDS_AR_TRANSLATION,2026-08-05,Administrative subdivision only; cities are imported in later city files.
UPSERT,reg_am_ar,AM,ARM,Armenia,أرمينيا,Republic of Armenia,Asia,آسيا,Western Asia,غرب آسيا,AM-AR,,,1,region,Region,Ararat,,Ararat,true,ISO_3166_2,https://www.iso.org/obp/ui/#search,ISO 3166-2 subdivisions via pycountry/isocodes,REFERENCE_DATA_IMPORTED,NEEDS_AR_TRANSLATION,2026-08-05,Administrative subdivision only; cities are imported in later city files.
UPSERT,reg_am_av,AM,ARM,Armenia,أرمينيا,Republic of Armenia,Asia,آسيا,Western Asia,غرب آسيا,AM-AV,,,1,region,Region,Armavir,,Armavir,true,ISO_3166_2,https://www.iso.org/obp/ui/#search,ISO 3166-2 subdivisions via pycountry/isocodes,REFERENCE_DATA_IMPORTED,NEEDS_AR_TRANSLATION,2026-08-05,Administrative subdivision only; cities are imported in later city files.
UPSERT,reg_am_er,AM,ARM,Armenia,أرمينيا,Republic of Armenia,Asia,آسيا,Western Asia,غرب آسيا,AM-ER,,,1,city,City,Erevan,,Erevan,true,ISO_3166_2,https://www.iso.org/obp/ui/#search,ISO 3166-2 subdivisions via pycountry/isocodes,REFERENCE_DATA_IMPORTED,NEEDS_AR_TRANSLATION,2026-08-05,Administrative subdivision only; cities are imported in later city files.
UPSERT,reg_am_gr,AM,ARM,Armenia,أرمينيا,Republic of Armenia,Asia,آسيا,Western Asia,غرب آسيا,AM-GR,,,1,region,Region,Geġark'unik',,Geġark'unik',true,ISO_3166_2,https://www.iso.org/obp/ui/#search,ISO 3166-2 subdivisions via pycountry/isocodes,REFERENCE_DATA_IMPORTED,NEEDS_AR_TRANSLATION,2026-08-05,Administrative subdivision only; cities are imported in later city files.
UPSERT,reg_am_kt,AM,ARM,Armenia,أرمينيا,Republic of Armenia,Asia,آسيا,Western Asia,غرب آسيا,AM-KT,,,1,region,Region,Kotayk',,Kotayk',true,ISO_3166_2,https://www.iso.org/obp/ui/#search,ISO 3166-2 subdivisions via pycountry/isocodes,REFERENCE_DATA_IMPORTED,NEEDS_AR_TRANSLATION,2026-08-05,Administrative subdivision only; cities are imported in later city files.
UPSERT,reg_am_lo,AM,ARM,Armenia,أرمينيا,Republic of Armenia,Asia,آسيا,Western Asia,غرب آسيا,AM-LO,,,1,region,Region,Loṙi,,Loṙi,true,ISO_3166_2,https://www.iso.org/obp/ui/#search,ISO 3166-2 subdivisions via pycountry/isocodes,REFERENCE_DATA_IMPORTED,NEEDS_AR_TRANSLATION,2026-08-05,Administrative subdivision only; cities are imported in later city files.
UPSERT,reg_am_sh,AM,ARM,Armenia,أرمينيا,Republic of Armenia,Asia,آسيا,Western Asia,غرب آسيا,AM-SH,,,1,region,Region,Širak,,Širak,true,ISO_3166_2,https://www.iso.org/obp/ui/#search,ISO 3166-2 subdivisions via pycountry/isocodes,REFERENCE_DATA_IMPORTED,NEEDS_AR_TRANSLATION,2026-08-05,Administrative subdivision only; cities are imported in later city files.
UPSERT,reg_am_su,AM,ARM,Armenia,أرمينيا,Republic of Armenia,Asia,آسيا,Western Asia,غرب آسيا,AM-SU,,,1,region,Region,Syunik',,Syunik',true,ISO_3166_2,https://www.iso.org/obp/ui/#search,ISO 3166-2 subdivisions via pycountry/isocodes,REFERENCE_DATA_IMPORTED,NEEDS_AR_TRANSLATION,2026-08-05,Administrative subdivision only; cities are imported in later city files.
UPSERT,reg_am_tv,AM,ARM,Armenia,أرمينيا,Republic of Armenia,Asia,آسيا,Western Asia,غرب آسيا,AM-TV,,,1,region,Region,Tavuš,,Tavuš,true,ISO_3166_2,https://www.iso.org/obp/ui/#search,ISO 3166-2 subdivisions via pycountry/isocodes,REFERENCE_DATA_IMPORTED,NEEDS_AR_TRANSLATION,2026-08-05,Administrative subdivision only; cities are imported in later city files.
UPSERT,reg_am_vd,AM,ARM,Armenia,أرمينيا,Republic of Armenia,Asia,آسيا,Western Asia,غرب آسيا,AM-VD,,,1,region,Region,Vayoć Jor,,Vayoć Jor,true,ISO_3166_2,https://www.iso.org/obp/ui/#search,ISO 3166-2 subdivisions via pycountry/isocodes,REFERENCE_DATA_IMPORTED,NEEDS_AR_TRANSLATION,2026-08-05,Administrative subdivision only; cities are imported in later city files.
UPSERT,reg_az_abs,AZ,AZE,Azerbaijan,أذربيجان,Republic of Azerbaijan,Asia,آسيا,Western Asia,غرب آسيا,AZ-ABS,,,1,rayon,Rayon,Abşeron,,Abşeron,true,ISO_3166_2,https://www.iso.org/obp/ui/#search,ISO 3166-2 subdivisions via pycountry/isocodes,REFERENCE_DATA_IMPORTED,NEEDS_AR_TRANSLATION,2026-08-05,Administrative subdivision only; cities are imported in later city files.
UPSERT,reg_az_aga,AZ,AZE,Azerbaijan,أذربيجان,Republic of Azerbaijan,Asia,آسيا,Western Asia,غرب آسيا,AZ-AGA,,,1,rayon,Rayon,Ağstafa,,Ağstafa,true,ISO_3166_2,https://www.iso.org/obp/ui/#search,ISO 3166-2 subdivisions via pycountry/isocodes,REFERENCE_DATA_IMPORTED,NEEDS_AR_TRANSLATION,2026-08-05,Administrative subdivision only; cities are imported in later city files.
UPSERT,reg_az_agc,AZ,AZE,Azerbaijan,أذربيجان,Republic of Azerbaijan,Asia,آسيا,Western Asia,غرب آسيا,AZ-AGC,,,1,rayon,Rayon,Ağcabədi,,Ağcabədi,true,ISO_3166_2,https://www.iso.org/obp/ui/#search,ISO 3166-2 subdivisions via pycountry/isocodes,REFERENCE_DATA_IMPORTED,NEEDS_AR_TRANSLATION,2026-08-05,Administrative subdivision only; cities are imported in later city files.
UPSERT,reg_az_agm,AZ,AZE,Azerbaijan,أذربيجان,Republic of Azerbaijan,Asia,آسيا,Western Asia,غرب آسيا,AZ-AGM,,,1,rayon,Rayon,Ağdam,,Ağdam,true,ISO_3166_2,https://www.iso.org/obp/ui/#search,ISO 3166-2 subdivisions via pycountry/isocodes,REFERENCE_DATA_IMPORTED,NEEDS_AR_TRANSLATION,2026-08-05,Administrative subdivision only; cities are imported in later city files.
UPSERT,reg_az_ags,AZ,AZE,Azerbaijan,أذربيجان,Republic of Azerbaijan,Asia,آسيا,Western Asia,غرب آسيا,AZ-AGS,,,1,rayon,Rayon,Ağdaş,,Ağdaş,true,ISO_3166_2,https://www.iso.org/obp/ui/#search,ISO 3166-2 subdivisions via pycountry/isocodes,REFERENCE_DATA_IMPORTED,NEEDS_AR_TRANSLATION,2026-08-05,Administrative subdivision only; cities are imported in later city files.
UPSERT,reg_az_agu,AZ,AZE,Azerbaijan,أذربيجان,Republic of Azerbaijan,Asia,آسيا,Western Asia,غرب آسيا,AZ-AGU,,,1,rayon,Rayon,Ağsu,,Ağsu,true,ISO_3166_2,https://www.iso.org/obp/ui/#search,ISO 3166-2 subdivisions via pycountry/isocodes,REFERENCE_DATA_IMPORTED,NEEDS_AR_TRANSLATION,2026-08-05,Administrative subdivision only; cities are imported in later city files.
UPSERT,reg_az_ast,AZ,AZE,Azerbaijan,أذربيجان,Republic of Azerbaijan,Asia,آسيا,Western Asia,غرب آسيا,AZ-AST,,,1,rayon,Rayon,Astara,,Astara,true,ISO_3166_2,https://www.iso.org/obp/ui/#search,ISO 3166-2 subdivisions via pycountry/isocodes,REFERENCE_DATA_IMPORTED,NEEDS_AR_TRANSLATION,2026-08-05,Administrative subdivision only; cities are imported in later city files.
UPSERT,reg_az_ba,AZ,AZE,Azerbaijan,أذربيجان,Republic of Azerbaijan,Asia,آسيا,Western Asia,غرب آسيا,AZ-BA,,,1,municipality,Municipality,Bakı,,Bakı,true,ISO_3166_2,https://www.iso.org/obp/ui/#search,ISO 3166-2 subdivisions via pycountry/isocodes,REFERENCE_DATA_IMPORTED,NEEDS_AR_TRANSLATION,2026-08-05,Administrative subdivision only; cities are imported in later city files.
UPSERT,reg_az_bab,AZ,AZE,Azerbaijan,أذربيجان,Republic of Azerbaijan,Asia,آسيا,Western Asia,غرب آسيا,AZ-BAB,AZ-NX,Naxçıvan,2,rayon,Rayon,Babək,,Babək,true,ISO_3166_2,https://www.iso.org/obp/ui/#search,ISO 3166-2 subdivisions via pycountry/isocodes,REFERENCE_DATA_IMPORTED,NEEDS_AR_TRANSLATION,2026-08-05,Administrative subdivision only; cities are imported in later city files.
UPSERT,reg_az_bal,AZ,AZE,Azerbaijan,أذربيجان,Republic of Azerbaijan,Asia,آسيا,Western Asia,غرب آسيا,AZ-BAL,,,1,rayon,Rayon,Balakən,,Balakən,true,ISO_3166_2,https://www.iso.org/obp/ui/#search,ISO 3166-2 subdivisions via pycountry/isocodes,REFERENCE_DATA_IMPORTED,NEEDS_AR_TRANSLATION,2026-08-05,Administrative subdivision only; cities are imported in later city files.
UPSERT,reg_az_bar,AZ,AZE,Azerbaijan,أذربيجان,Republic of Azerbaijan,Asia,آسيا,Western Asia,غرب آسيا,AZ-BAR,,,1,rayon,Rayon,Bərdə,,Bərdə,true,ISO_3166_2,https://www.iso.org/obp/ui/#search,ISO 3166-2 subdivisions via pycountry/isocodes,REFERENCE_DATA_IMPORTED,NEEDS_AR_TRANSLATION,2026-08-05,Administrative subdivision only; cities are imported in later city files.
UPSERT,reg_az_bey,AZ,AZE,Azerbaijan,أذربيجان,Republic of Azerbaijan,Asia,آسيا,Western Asia,غرب آسيا,AZ-BEY,,,1,rayon,Rayon,Beyləqan,,Beyləqan,true,ISO_3166_2,https://www.iso.org/obp/ui/#search,ISO 3166-2 subdivisions via pycountry/isocodes,REFERENCE_DATA_IMPORTED,NEEDS_AR_TRANSLATION,2026-08-05,Administrative subdivision only; cities are imported in later city files.
UPSERT,reg_az_bil,AZ,AZE,Azerbaijan,أذربيجان,Republic of Azerbaijan,Asia,آسيا,Western Asia,غرب آسيا,AZ-BIL,,,1,rayon,Rayon,Biləsuvar,,Biləsuvar,true,ISO_3166_2,https://www.iso.org/obp/ui/#search,ISO 3166-2 subdivisions via pycountry/isocodes,REFERENCE_DATA_IMPORTED,NEEDS_AR_TRANSLATION,2026-08-05,Administrative subdivision only; cities are imported in later city files.
UPSERT,reg_az_cab,AZ,AZE,Azerbaijan,أذربيجان,Republic of Azerbaijan,Asia,آسيا,Western Asia,غرب آسيا,AZ-CAB,,,1,rayon,Rayon,Cəbrayıl,,Cəbrayıl,true,ISO_3166_2,https://www.iso.org/obp/ui/#search,ISO 3166-2 subdivisions via pycountry/isocodes,REFERENCE_DATA_IMPORTED,NEEDS_AR_TRANSLATION,2026-08-05,Administrative subdivision only; cities are imported in later city files.
UPSERT,reg_az_cal,AZ,AZE,Azerbaijan,أذربيجان,Republic of Azerbaijan,Asia,آسيا,Western Asia,غرب آسيا,AZ-CAL,,,1,rayon,Rayon,Cəlilabad,,Cəlilabad,true,ISO_3166_2,https://www.iso.org/obp/ui/#search,ISO 3166-2 subdivisions via pycountry/isocodes,REFERENCE_DATA_IMPORTED,NEEDS_AR_TRANSLATION,2026-08-05,Administrative subdivision only; cities are imported in later city files.
UPSERT,reg_az_cul,AZ,AZE,Azerbaijan,أذربيجان,Republic of Azerbaijan,Asia,آسيا,Western Asia,غرب آسيا,AZ-CUL,AZ-NX,Naxçıvan,2,rayon,Rayon,Culfa,,Culfa,true,ISO_3166_2,https://www.iso.org/obp/ui/#search,ISO 3166-2 subdivisions via pycountry/isocodes,REFERENCE_DATA_IMPORTED,NEEDS_AR_TRANSLATION,2026-08-05,Administrative subdivision only; cities are imported in later city files.
UPSERT,reg_az_das,AZ,AZE,Azerbaijan,أذربيجان,Republic of Azerbaijan,Asia,آسيا,Western Asia,غرب آسيا,AZ-DAS,,,1,rayon,Rayon,Daşkəsən,,Daşkəsən,true,ISO_3166_2,https://www.iso.org/obp/ui/#search,ISO 3166-2 subdivisions via pycountry/isocodes,REFERENCE_DATA_IMPORTED,NEEDS_AR_TRANSLATION,2026-08-05,Administrative subdivision only; cities are imported in later city files.
UPSERT,reg_az_fuz,AZ,AZE,Azerbaijan,أذربيجان,Republic of Azerbaijan,Asia,آسيا,Western Asia,غرب آسيا,AZ-FUZ,,,1,rayon,Rayon,Füzuli,,Füzuli,true,ISO_3166_2,https://www.iso.org/obp/ui/#search,ISO 3166-2 subdivisions via pycountry/isocodes,REFERENCE_DATA_IMPORTED,NEEDS_AR_TRANSLATION,2026-08-05,Administrative subdivision only; cities are imported in later city files.
UPSERT,reg_az_ga,AZ,AZE,Azerbaijan,أذربيجان,Republic of Azerbaijan,Asia,آسيا,Western Asia,غرب آسيا,AZ-GA,,,1,municipality,Municipality,Gəncə,,Gəncə,true,ISO_3166_2,https://www.iso.org/obp/ui/#search,ISO 3166-2 subdivisions via pycountry/isocodes,REFERENCE_DATA_IMPORTED,NEEDS_AR_TRANSLATION,2026-08-05,Administrative subdivision only; cities are imported in later city files.
UPSERT,reg_az_gad,AZ,AZE,Azerbaijan,أذربيجان,Republic of Azerbaijan,Asia,آسيا,Western Asia,غرب آسيا,AZ-GAD,,,1,rayon,Rayon,Gədəbəy,,Gədəbəy,true,ISO_3166_2,https://www.iso.org/obp/ui/#search,ISO 3166-2 subdivisions via pycountry/isocodes,REFERENCE_DATA_IMPORTED,NEEDS_AR_TRANSLATION,2026-08-05,Administrative subdivision only; cities are imported in later city files.
UPSERT,reg_az_gor,AZ,AZE,Azerbaijan,أذربيجان,Republic of Azerbaijan,Asia,آسيا,Western Asia,غرب آسيا,AZ-GOR,,,1,rayon,Rayon,Goranboy,,Goranboy,true,ISO_3166_2,https://www.iso.org/obp/ui/#search,ISO 3166-2 subdivisions via pycountry/isocodes,REFERENCE_DATA_IMPORTED,NEEDS_AR_TRANSLATION,2026-08-05,Administrative subdivision only; cities are imported in later city files.
UPSERT,reg_az_goy,AZ,AZE,Azerbaijan,أذربيجان,Republic of Azerbaijan,Asia,آسيا,Western Asia,غرب آسيا,AZ-GOY,,,1,rayon,Rayon,Göyçay,,Göyçay,true,ISO_3166_2,https://www.iso.org/obp/ui/#search,ISO 3166-2 subdivisions via pycountry/isocodes,REFERENCE_DATA_IMPORTED,NEEDS_AR_TRANSLATION,2026-08-05,Administrative subdivision only; cities are imported in later city files.
UPSERT,reg_az_gyg,AZ,AZE,Azerbaijan,أذربيجان,Republic of Azerbaijan,Asia,آسيا,Western Asia,غرب آسيا,AZ-GYG,,,1,rayon,Rayon,Göygöl,,Göygöl,true,ISO_3166_2,https://www.iso.org/obp/ui/#search,ISO 3166-2 subdivisions via pycountry/isocodes,REFERENCE_DATA_IMPORTED,NEEDS_AR_TRANSLATION,2026-08-05,Administrative subdivision only; cities are imported in later city files.
UPSERT,reg_az_hac,AZ,AZE,Azerbaijan,أذربيجان,Republic of Azerbaijan,Asia,آسيا,Western Asia,غرب آسيا,AZ-HAC,,,1,rayon,Rayon,Hacıqabul,,Hacıqabul,true,ISO_3166_2,https://www.iso.org/obp/ui/#search,ISO 3166-2 subdivisions via pycountry/isocodes,REFERENCE_DATA_IMPORTED,NEEDS_AR_TRANSLATION,2026-08-05,Administrative subdivision only; cities are imported in later city files.
UPSERT,reg_az_imi,AZ,AZE,Azerbaijan,أذربيجان,Republic of Azerbaijan,Asia,آسيا,Western Asia,غرب آسيا,AZ-IMI,,,1,rayon,Rayon,İmişli,,İmişli,true,ISO_3166_2,https://www.iso.org/obp/ui/#search,ISO 3166-2 subdivisions via pycountry/isocodes,REFERENCE_DATA_IMPORTED,NEEDS_AR_TRANSLATION,2026-08-05,Administrative subdivision only; cities are imported in later city files.
UPSERT,reg_az_ism,AZ,AZE,Azerbaijan,أذربيجان,Republic of Azerbaijan,Asia,آسيا,Western Asia,غرب آسيا,AZ-ISM,,,1,rayon,Rayon,İsmayıllı,,İsmayıllı,true,ISO_3166_2,https://www.iso.org/obp/ui/#search,ISO 3166-2 subdivisions via pycountry/isocodes,REFERENCE_DATA_IMPORTED,NEEDS_AR_TRANSLATION,2026-08-05,Administrative subdivision only; cities are imported in later city files.
UPSERT,reg_az_kal,AZ,AZE,Azerbaijan,أذربيجان,Republic of Azerbaijan,Asia,آسيا,Western Asia,غرب آسيا,AZ-KAL,,,1,rayon,Rayon,Kəlbəcər,,Kəlbəcər,true,ISO_3166_2,https://www.iso.org/obp/ui/#search,ISO 3166-2 subdivisions via pycountry/isocodes,REFERENCE_DATA_IMPORTED,NEEDS_AR_TRANSLATION,2026-08-05,Administrative subdivision only; cities are imported in later city files.
UPSERT,reg_az_kan,AZ,AZE,Azerbaijan,أذربيجان,Republic of Azerbaijan,Asia,آسيا,Western Asia,غرب آسيا,AZ-KAN,AZ-NX,Naxçıvan,2,rayon,Rayon,Kǝngǝrli,,Kǝngǝrli,true,ISO_3166_2,https://www.iso.org/obp/ui/#search,ISO 3166-2 subdivisions via pycountry/isocodes,REFERENCE_DATA_IMPORTED,NEEDS_AR_TRANSLATION,2026-08-05,Administrative subdivision only; cities are imported in later city files.
UPSERT,reg_az_kur,AZ,AZE,Azerbaijan,أذربيجان,Republic of Azerbaijan,Asia,آسيا,Western Asia,غرب آسيا,AZ-KUR,,,1,rayon,Rayon,Kürdəmir,,Kürdəmir,true,ISO_3166_2,https://www.iso.org/obp/ui/#search,ISO 3166-2 subdivisions via pycountry/isocodes,REFERENCE_DATA_IMPORTED,NEEDS_AR_TRANSLATION,2026-08-05,Administrative subdivision only; cities are imported in later city files.
UPSERT,reg_az_la,AZ,AZE,Azerbaijan,أذربيجان,Republic of Azerbaijan,Asia,آسيا,Western Asia,غرب آسيا,AZ-LA,,,1,municipality,Municipality,Lənkəran,,Lənkəran,true,ISO_3166_2,https://www.iso.org/obp/ui/#search,ISO 3166-2 subdivisions via pycountry/isocodes,REFERENCE_DATA_IMPORTED,NEEDS_AR_TRANSLATION,2026-08-05,Administrative subdivision only; cities are imported in later city files.
UPSERT,reg_az_lac,AZ,AZE,Azerbaijan,أذربيجان,Republic of Azerbaijan,Asia,آسيا,Western Asia,غرب آسيا,AZ-LAC,,,1,rayon,Rayon,Laçın,,Laçın,true,ISO_3166_2,https://www.iso.org/obp/ui/#search,ISO 3166-2 subdivisions via pycountry/isocodes,REFERENCE_DATA_IMPORTED,NEEDS_AR_TRANSLATION,2026-08-05,Administrative subdivision only; cities are imported in later city files.
UPSERT,reg_az_lan,AZ,AZE,Azerbaijan,أذربيجان,Republic of Azerbaijan,Asia,آسيا,Western Asia,غرب آسيا,AZ-LAN,,,1,rayon,Rayon,Lənkəran,,Lənkəran,true,ISO_3166_2,https://www.iso.org/obp/ui/#search,ISO 3166-2 subdivisions via pycountry/isocodes,REFERENCE_DATA_IMPORTED,NEEDS_AR_TRANSLATION,2026-08-05,Administrative subdivision only; cities are imported in later city files.
UPSERT,reg_az_ler,AZ,AZE,Azerbaijan,أذربيجان,Republic of Azerbaijan,Asia,آسيا,Western Asia,غرب آسيا,AZ-LER,,,1,rayon,Rayon,Lerik,,Lerik,true,ISO_3166_2,https://www.iso.org/obp/ui/#search,ISO 3166-2 subdivisions via pycountry/isocodes,REFERENCE_DATA_IMPORTED,NEEDS_AR_TRANSLATION,2026-08-05,Administrative subdivision only; cities are imported in later city files.
UPSERT,reg_az_mas,AZ,AZE,Azerbaijan,أذربيجان,Republic of Azerbaijan,Asia,آسيا,Western Asia,غرب آسيا,AZ-MAS,,,1,rayon,Rayon,Masallı,,Masallı,true,ISO_3166_2,https://www.iso.org/obp/ui/#search,ISO 3166-2 subdivisions via pycountry/isocodes,REFERENCE_DATA_IMPORTED,NEEDS_AR_TRANSLATION,2026-08-05,Administrative subdivision only; cities are imported in later city files.
UPSERT,reg_az_mi,AZ,AZE,Azerbaijan,أذربيجان,Republic of Azerbaijan,Asia,آسيا,Western Asia,غرب آسيا,AZ-MI,,,1,municipality,Municipality,Mingəçevir,,Mingəçevir,true,ISO_3166_2,https://www.iso.org/obp/ui/#search,ISO 3166-2 subdivisions via pycountry/isocodes,REFERENCE_DATA_IMPORTED,NEEDS_AR_TRANSLATION,2026-08-05,Administrative subdivision only; cities are imported in later city files.
UPSERT,reg_az_na,AZ,AZE,Azerbaijan,أذربيجان,Republic of Azerbaijan,Asia,آسيا,Western Asia,غرب آسيا,AZ-NA,,,1,municipality,Municipality,Naftalan,,Naftalan,true,ISO_3166_2,https://www.iso.org/obp/ui/#search,ISO 3166-2 subdivisions via pycountry/isocodes,REFERENCE_DATA_IMPORTED,NEEDS_AR_TRANSLATION,2026-08-05,Administrative subdivision only; cities are imported in later city files.
UPSERT,reg_az_nef,AZ,AZE,Azerbaijan,أذربيجان,Republic of Azerbaijan,Asia,آسيا,Western Asia,غرب آسيا,AZ-NEF,,,1,rayon,Rayon,Neftçala,,Neftçala,true,ISO_3166_2,https://www.iso.org/obp/ui/#search,ISO 3166-2 subdivisions via pycountry/isocodes,REFERENCE_DATA_IMPORTED,NEEDS_AR_TRANSLATION,2026-08-05,Administrative subdivision only; cities are imported in later city files.
UPSERT,reg_az_nv,AZ,AZE,Azerbaijan,أذربيجان,Republic of Azerbaijan,Asia,آسيا,Western Asia,غرب آسيا,AZ-NV,AZ-NX,Naxçıvan,2,municipality,Municipality,Naxçıvan,,Naxçıvan,true,ISO_3166_2,https://www.iso.org/obp/ui/#search,ISO 3166-2 subdivisions via pycountry/isocodes,REFERENCE_DATA_IMPORTED,NEEDS_AR_TRANSLATION,2026-08-05,Administrative subdivision only; cities are imported in later city files.
UPSERT,reg_az_nx,AZ,AZE,Azerbaijan,أذربيجان,Republic of Azerbaijan,Asia,آسيا,Western Asia,غرب آسيا,AZ-NX,,,1,autonomous_republic,Autonomous republic,Naxçıvan,,Naxçıvan,true,ISO_3166_2,https://www.iso.org/obp/ui/#search,ISO 3166-2 subdivisions via pycountry/isocodes,REFERENCE_DATA_IMPORTED,NEEDS_AR_TRANSLATION,2026-08-05,Administrative subdivision only; cities are imported in later city files.
UPSERT,reg_az_ogu,AZ,AZE,Azerbaijan,أذربيجان,Republic of Azerbaijan,Asia,آسيا,Western Asia,غرب آسيا,AZ-OGU,,,1,rayon,Rayon,Oğuz,,Oğuz,true,ISO_3166_2,https://www.iso.org/obp/ui/#search,ISO 3166-2 subdivisions via pycountry/isocodes,REFERENCE_DATA_IMPORTED,NEEDS_AR_TRANSLATION,2026-08-05,Administrative subdivision only; cities are imported in later city files.
UPSERT,reg_az_ord,AZ,AZE,Azerbaijan,أذربيجان,Republic of Azerbaijan,Asia,آسيا,Western Asia,غرب آسيا,AZ-ORD,AZ-NX,Naxçıvan,2,rayon,Rayon,Ordubad,,Ordubad,true,ISO_3166_2,https://www.iso.org/obp/ui/#search,ISO 3166-2 subdivisions via pycountry/isocodes,REFERENCE_DATA_IMPORTED,NEEDS_AR_TRANSLATION,2026-08-05,Administrative subdivision only; cities are imported in later city files.
UPSERT,reg_az_qab,AZ,AZE,Azerbaijan,أذربيجان,Republic of Azerbaijan,Asia,آسيا,Western Asia,غرب آسيا,AZ-QAB,,,1,rayon,Rayon,Qəbələ,,Qəbələ,true,ISO_3166_2,https://www.iso.org/obp/ui/#search,ISO 3166-2 subdivisions via pycountry/isocodes,REFERENCE_DATA_IMPORTED,NEEDS_AR_TRANSLATION,2026-08-05,Administrative subdivision only; cities are imported in later city files.
UPSERT,reg_az_qax,AZ,AZE,Azerbaijan,أذربيجان,Republic of Azerbaijan,Asia,آسيا,Western Asia,غرب آسيا,AZ-QAX,,,1,rayon,Rayon,Qax,,Qax,true,ISO_3166_2,https://www.iso.org/obp/ui/#search,ISO 3166-2 subdivisions via pycountry/isocodes,REFERENCE_DATA_IMPORTED,NEEDS_AR_TRANSLATION,2026-08-05,Administrative subdivision only; cities are imported in later city files.
UPSERT,reg_az_qaz,AZ,AZE,Azerbaijan,أذربيجان,Republic of Azerbaijan,Asia,آسيا,Western Asia,غرب آسيا,AZ-QAZ,,,1,rayon,Rayon,Qazax,,Qazax,true,ISO_3166_2,https://www.iso.org/obp/ui/#search,ISO 3166-2 subdivisions via pycountry/isocodes,REFERENCE_DATA_IMPORTED,NEEDS_AR_TRANSLATION,2026-08-05,Administrative subdivision only; cities are imported in later city files.
UPSERT,reg_az_qba,AZ,AZE,Azerbaijan,أذربيجان,Republic of Azerbaijan,Asia,آسيا,Western Asia,غرب آسيا,AZ-QBA,,,1,rayon,Rayon,Quba,,Quba,true,ISO_3166_2,https://www.iso.org/obp/ui/#search,ISO 3166-2 subdivisions via pycountry/isocodes,REFERENCE_DATA_IMPORTED,NEEDS_AR_TRANSLATION,2026-08-05,Administrative subdivision only; cities are imported in later city files.
UPSERT,reg_az_qbi,AZ,AZE,Azerbaijan,أذربيجان,Republic of Azerbaijan,Asia,آسيا,Western Asia,غرب آسيا,AZ-QBI,,,1,rayon,Rayon,Qubadlı,,Qubadlı,true,ISO_3166_2,https://www.iso.org/obp/ui/#search,ISO 3166-2 subdivisions via pycountry/isocodes,REFERENCE_DATA_IMPORTED,NEEDS_AR_TRANSLATION,2026-08-05,Administrative subdivision only; cities are imported in later city files.
UPSERT,reg_az_qob,AZ,AZE,Azerbaijan,أذربيجان,Republic of Azerbaijan,Asia,آسيا,Western Asia,غرب آسيا,AZ-QOB,,,1,rayon,Rayon,Qobustan,,Qobustan,true,ISO_3166_2,https://www.iso.org/obp/ui/#search,ISO 3166-2 subdivisions via pycountry/isocodes,REFERENCE_DATA_IMPORTED,NEEDS_AR_TRANSLATION,2026-08-05,Administrative subdivision only; cities are imported in later city files.
UPSERT,reg_az_qus,AZ,AZE,Azerbaijan,أذربيجان,Republic of Azerbaijan,Asia,آسيا,Western Asia,غرب آسيا,AZ-QUS,,,1,rayon,Rayon,Qusar,,Qusar,true,ISO_3166_2,https://www.iso.org/obp/ui/#search,ISO 3166-2 subdivisions via pycountry/isocodes,REFERENCE_DATA_IMPORTED,NEEDS_AR_TRANSLATION,2026-08-05,Administrative subdivision only; cities are imported in later city files.
UPSERT,reg_az_sa,AZ,AZE,Azerbaijan,أذربيجان,Republic of Azerbaijan,Asia,آسيا,Western Asia,غرب آسيا,AZ-SA,,,1,municipality,Municipality,Şəki,,Şəki,true,ISO_3166_2,https://www.iso.org/obp/ui/#search,ISO 3166-2 subdivisions via pycountry/isocodes,REFERENCE_DATA_IMPORTED,NEEDS_AR_TRANSLATION,2026-08-05,Administrative subdivision only; cities are imported in later city files.
UPSERT,reg_az_sab,AZ,AZE,Azerbaijan,أذربيجان,Republic of Azerbaijan,Asia,آسيا,Western Asia,غرب آسيا,AZ-SAB,,,1,rayon,Rayon,Sabirabad,,Sabirabad,true,ISO_3166_2,https://www.iso.org/obp/ui/#search,ISO 3166-2 subdivisions via pycountry/isocodes,REFERENCE_DATA_IMPORTED,NEEDS_AR_TRANSLATION,2026-08-05,Administrative subdivision only; cities are imported in later city files.
UPSERT,reg_az_sad,AZ,AZE,Azerbaijan,أذربيجان,Republic of Azerbaijan,Asia,آسيا,Western Asia,غرب آسيا,AZ-SAD,AZ-NX,Naxçıvan,2,rayon,Rayon,Sədərək,,Sədərək,true,ISO_3166_2,https://www.iso.org/obp/ui/#search,ISO 3166-2 subdivisions via pycountry/isocodes,REFERENCE_DATA_IMPORTED,NEEDS_AR_TRANSLATION,2026-08-05,Administrative subdivision only; cities are imported in later city files.
UPSERT,reg_az_sah,AZ,AZE,Azerbaijan,أذربيجان,Republic of Azerbaijan,Asia,آسيا,Western Asia,غرب آسيا,AZ-SAH,AZ-NX,Naxçıvan,2,rayon,Rayon,Şahbuz,,Şahbuz,true,ISO_3166_2,https://www.iso.org/obp/ui/#search,ISO 3166-2 subdivisions via pycountry/isocodes,REFERENCE_DATA_IMPORTED,NEEDS_AR_TRANSLATION,2026-08-05,Administrative subdivision only; cities are imported in later city files.
UPSERT,reg_az_sak,AZ,AZE,Azerbaijan,أذربيجان,Republic of Azerbaijan,Asia,آسيا,Western Asia,غرب آسيا,AZ-SAK,,,1,rayon,Rayon,Şəki,,Şəki,true,ISO_3166_2,https://www.iso.org/obp/ui/#search,ISO 3166-2 subdivisions via pycountry/isocodes,REFERENCE_DATA_IMPORTED,NEEDS_AR_TRANSLATION,2026-08-05,Administrative subdivision only; cities are imported in later city files.
UPSERT,reg_az_sal,AZ,AZE,Azerbaijan,أذربيجان,Republic of Azerbaijan,Asia,آسيا,Western Asia,غرب آسيا,AZ-SAL,,,1,rayon,Rayon,Salyan,,Salyan,true,ISO_3166_2,https://www.iso.org/obp/ui/#search,ISO 3166-2 subdivisions via pycountry/isocodes,REFERENCE_DATA_IMPORTED,NEEDS_AR_TRANSLATION,2026-08-05,Administrative subdivision only; cities are imported in later city files.
UPSERT,reg_az_sar,AZ,AZE,Azerbaijan,أذربيجان,Republic of Azerbaijan,Asia,آسيا,Western Asia,غرب آسيا,AZ-SAR,AZ-NX,Naxçıvan,2,rayon,Rayon,Şərur,,Şərur,true,ISO_3166_2,https://www.iso.org/obp/ui/#search,ISO 3166-2 subdivisions via pycountry/isocodes,REFERENCE_DATA_IMPORTED,NEEDS_AR_TRANSLATION,2026-08-05,Administrative subdivision only; cities are imported in later city files.
UPSERT,reg_az_sat,AZ,AZE,Azerbaijan,أذربيجان,Republic of Azerbaijan,Asia,آسيا,Western Asia,غرب آسيا,AZ-SAT,,,1,rayon,Rayon,Saatlı,,Saatlı,true,ISO_3166_2,https://www.iso.org/obp/ui/#search,ISO 3166-2 subdivisions via pycountry/isocodes,REFERENCE_DATA_IMPORTED,NEEDS_AR_TRANSLATION,2026-08-05,Administrative subdivision only; cities are imported in later city files.
UPSERT,reg_az_sbn,AZ,AZE,Azerbaijan,أذربيجان,Republic of Azerbaijan,Asia,آسيا,Western Asia,غرب آسيا,AZ-SBN,,,1,rayon,Rayon,Şabran,,Şabran,true,ISO_3166_2,https://www.iso.org/obp/ui/#search,ISO 3166-2 subdivisions via pycountry/isocodes,REFERENCE_DATA_IMPORTED,NEEDS_AR_TRANSLATION,2026-08-05,Administrative subdivision only; cities are imported in later city files.
UPSERT,reg_az_siy,AZ,AZE,Azerbaijan,أذربيجان,Republic of Azerbaijan,Asia,آسيا,Western Asia,غرب آسيا,AZ-SIY,,,1,rayon,Rayon,Siyəzən,,Siyəzən,true,ISO_3166_2,https://www.iso.org/obp/ui/#search,ISO 3166-2 subdivisions via pycountry/isocodes,REFERENCE_DATA_IMPORTED,NEEDS_AR_TRANSLATION,2026-08-05,Administrative subdivision only; cities are imported in later city files.
UPSERT,reg_az_skr,AZ,AZE,Azerbaijan,أذربيجان,Republic of Azerbaijan,Asia,آسيا,Western Asia,غرب آسيا,AZ-SKR,,,1,rayon,Rayon,Şəmkir,,Şəmkir,true,ISO_3166_2,https://www.iso.org/obp/ui/#search,ISO 3166-2 subdivisions via pycountry/isocodes,REFERENCE_DATA_IMPORTED,NEEDS_AR_TRANSLATION,2026-08-05,Administrative subdivision only; cities are imported in later city files.
UPSERT,reg_az_sm,AZ,AZE,Azerbaijan,أذربيجان,Republic of Azerbaijan,Asia,آسيا,Western Asia,غرب آسيا,AZ-SM,,,1,municipality,Municipality,Sumqayıt,,Sumqayıt,true,ISO_3166_2,https://www.iso.org/obp/ui/#search,ISO 3166-2 subdivisions via pycountry/isocodes,REFERENCE_DATA_IMPORTED,NEEDS_AR_TRANSLATION,2026-08-05,Administrative subdivision only; cities are imported in later city files.
UPSERT,reg_az_smi,AZ,AZE,Azerbaijan,أذربيجان,Republic of Azerbaijan,Asia,آسيا,Western Asia,غرب آسيا,AZ-SMI,,,1,rayon,Rayon,Şamaxı,,Şamaxı,true,ISO_3166_2,https://www.iso.org/obp/ui/#search,ISO 3166-2 subdivisions via pycountry/isocodes,REFERENCE_DATA_IMPORTED,NEEDS_AR_TRANSLATION,2026-08-05,Administrative subdivision only; cities are imported in later city files.
UPSERT,reg_az_smx,AZ,AZE,Azerbaijan,أذربيجان,Republic of Azerbaijan,Asia,آسيا,Western Asia,غرب آسيا,AZ-SMX,,,1,rayon,Rayon,Samux,,Samux,true,ISO_3166_2,https://www.iso.org/obp/ui/#search,ISO 3166-2 subdivisions via pycountry/isocodes,REFERENCE_DATA_IMPORTED,NEEDS_AR_TRANSLATION,2026-08-05,Administrative subdivision only; cities are imported in later city files.
UPSERT,reg_az_sr,AZ,AZE,Azerbaijan,أذربيجان,Republic of Azerbaijan,Asia,آسيا,Western Asia,غرب آسيا,AZ-SR,,,1,municipality,Municipality,Şirvan,,Şirvan,true,ISO_3166_2,https://www.iso.org/obp/ui/#search,ISO 3166-2 subdivisions via pycountry/isocodes,REFERENCE_DATA_IMPORTED,NEEDS_AR_TRANSLATION,2026-08-05,Administrative subdivision only; cities are imported in later city files.
UPSERT,reg_az_sus,AZ,AZE,Azerbaijan,أذربيجان,Republic of Azerbaijan,Asia,آسيا,Western Asia,غرب آسيا,AZ-SUS,,,1,rayon,Rayon,Şuşa,,Şuşa,true,ISO_3166_2,https://www.iso.org/obp/ui/#search,ISO 3166-2 subdivisions via pycountry/isocodes,REFERENCE_DATA_IMPORTED,NEEDS_AR_TRANSLATION,2026-08-05,Administrative subdivision only; cities are imported in later city files.
UPSERT,reg_az_tar,AZ,AZE,Azerbaijan,أذربيجان,Republic of Azerbaijan,Asia,آسيا,Western Asia,غرب آسيا,AZ-TAR,,,1,rayon,Rayon,Tərtər,,Tərtər,true,ISO_3166_2,https://www.iso.org/obp/ui/#search,ISO 3166-2 subdivisions via pycountry/isocodes,REFERENCE_DATA_IMPORTED,NEEDS_AR_TRANSLATION,2026-08-05,Administrative subdivision only; cities are imported in later city files.
UPSERT,reg_az_tov,AZ,AZE,Azerbaijan,أذربيجان,Republic of Azerbaijan,Asia,آسيا,Western Asia,غرب آسيا,AZ-TOV,,,1,rayon,Rayon,Tovuz,,Tovuz,true,ISO_3166_2,https://www.iso.org/obp/ui/#search,ISO 3166-2 subdivisions via pycountry/isocodes,REFERENCE_DATA_IMPORTED,NEEDS_AR_TRANSLATION,2026-08-05,Administrative subdivision only; cities are imported in later city files.
UPSERT,reg_az_uca,AZ,AZE,Azerbaijan,أذربيجان,Republic of Azerbaijan,Asia,آسيا,Western Asia,غرب آسيا,AZ-UCA,,,1,rayon,Rayon,Ucar,,Ucar,true,ISO_3166_2,https://www.iso.org/obp/ui/#search,ISO 3166-2 subdivisions via pycountry/isocodes,REFERENCE_DATA_IMPORTED,NEEDS_AR_TRANSLATION,2026-08-05,Administrative subdivision only; cities are imported in later city files.
UPSERT,reg_az_xa,AZ,AZE,Azerbaijan,أذربيجان,Republic of Azerbaijan,Asia,آسيا,Western Asia,غرب آسيا,AZ-XA,,,1,municipality,Municipality,Xankəndi,,Xankəndi,true,ISO_3166_2,https://www.iso.org/obp/ui/#search,ISO 3166-2 subdivisions via pycountry/isocodes,REFERENCE_DATA_IMPORTED,NEEDS_AR_TRANSLATION,2026-08-05,Administrative subdivision only; cities are imported in later city files.
UPSERT,reg_az_xac,AZ,AZE,Azerbaijan,أذربيجان,Republic of Azerbaijan,Asia,آسيا,Western Asia,غرب آسيا,AZ-XAC,,,1,rayon,Rayon,Xaçmaz,,Xaçmaz,true,ISO_3166_2,https://www.iso.org/obp/ui/#search,ISO 3166-2 subdivisions via pycountry/isocodes,REFERENCE_DATA_IMPORTED,NEEDS_AR_TRANSLATION,2026-08-05,Administrative subdivision only; cities are imported in later city files.
UPSERT,reg_az_xci,AZ,AZE,Azerbaijan,أذربيجان,Republic of Azerbaijan,Asia,آسيا,Western Asia,غرب آسيا,AZ-XCI,,,1,rayon,Rayon,Xocalı,,Xocalı,true,ISO_3166_2,https://www.iso.org/obp/ui/#search,ISO 3166-2 subdivisions via pycountry/isocodes,REFERENCE_DATA_IMPORTED,NEEDS_AR_TRANSLATION,2026-08-05,Administrative subdivision only; cities are imported in later city files.
UPSERT,reg_az_xiz,AZ,AZE,Azerbaijan,أذربيجان,Republic of Azerbaijan,Asia,آسيا,Western Asia,غرب آسيا,AZ-XIZ,,,1,rayon,Rayon,Xızı,,Xızı,true,ISO_3166_2,https://www.iso.org/obp/ui/#search,ISO 3166-2 subdivisions via pycountry/isocodes,REFERENCE_DATA_IMPORTED,NEEDS_AR_TRANSLATION,2026-08-05,Administrative subdivision only; cities are imported in later city files.
UPSERT,reg_az_xvd,AZ,AZE,Azerbaijan,أذربيجان,Republic of Azerbaijan,Asia,آسيا,Western Asia,غرب آسيا,AZ-XVD,,,1,rayon,Rayon,Xocavənd,,Xocavənd,true,ISO_3166_2,https://www.iso.org/obp/ui/#search,ISO 3166-2 subdivisions via pycountry/isocodes,REFERENCE_DATA_IMPORTED,NEEDS_AR_TRANSLATION,2026-08-05,Administrative subdivision only; cities are imported in later city files.
UPSERT,reg_az_yar,AZ,AZE,Azerbaijan,أذربيجان,Republic of Azerbaijan,Asia,آسيا,Western Asia,غرب آسيا,AZ-YAR,,,1,rayon,Rayon,Yardımlı,,Yardımlı,true,ISO_3166_2,https://www.iso.org/obp/ui/#search,ISO 3166-2 subdivisions via pycountry/isocodes,REFERENCE_DATA_IMPORTED,NEEDS_AR_TRANSLATION,2026-08-05,Administrative subdivision only; cities are imported in later city files.
UPSERT,reg_az_ye,AZ,AZE,Azerbaijan,أذربيجان,Republic of Azerbaijan,Asia,آسيا,Western Asia,غرب آسيا,AZ-YE,,,1,municipality,Municipality,Yevlax,,Yevlax,true,ISO_3166_2,https://www.iso.org/obp/ui/#search,ISO 3166-2 subdivisions via pycountry/isocodes,REFERENCE_DATA_IMPORTED,NEEDS_AR_TRANSLATION,2026-08-05,Administrative subdivision only; cities are imported in later city files.
UPSERT,reg_az_yev,AZ,AZE,Azerbaijan,أذربيجان,Republic of Azerbaijan,Asia,آسيا,Western Asia,غرب آسيا,AZ-YEV,,,1,rayon,Rayon,Yevlax,,Yevlax,true,ISO_3166_2,https://www.iso.org/obp/ui/#search,ISO 3166-2 subdivisions via pycountry/isocodes,REFERENCE_DATA_IMPORTED,NEEDS_AR_TRANSLATION,2026-08-05,Administrative subdivision only; cities are imported in later city files.
UPSERT,reg_az_zan,AZ,AZE,Azerbaijan,أذربيجان,Republic of Azerbaijan,Asia,آسيا,Western Asia,غرب آسيا,AZ-ZAN,,,1,rayon,Rayon,Zəngilan,,Zəngilan,true,ISO_3166_2,https://www.iso.org/obp/ui/#search,ISO 3166-2 subdivisions via pycountry/isocodes,REFERENCE_DATA_IMPORTED,NEEDS_AR_TRANSLATION,2026-08-05,Administrative subdivision only; cities are imported in later city files.
UPSERT,reg_az_zaq,AZ,AZE,Azerbaijan,أذربيجان,Republic of Azerbaijan,Asia,آسيا,Western Asia,غرب آسيا,AZ-ZAQ,,,1,rayon,Rayon,Zaqatala,,Zaqatala,true,ISO_3166_2,https://www.iso.org/obp/ui/#search,ISO 3166-2 subdivisions via pycountry/isocodes,REFERENCE_DATA_IMPORTED,NEEDS_AR_TRANSLATION,2026-08-05,Administrative subdivision only; cities are imported in later city files.
UPSERT,reg_az_zar,AZ,AZE,Azerbaijan,أذربيجان,Republic of Azerbaijan,Asia,آسيا,Western Asia,غرب آسيا,AZ-ZAR,,,1,rayon,Rayon,Zərdab,,Zərdab,true,ISO_3166_2,https://www.iso.org/obp/ui/#search,ISO 3166-2 subdivisions via pycountry/isocodes,REFERENCE_DATA_IMPORTED,NEEDS_AR_TRANSLATION,2026-08-05,Administrative subdivision only; cities are imported in later city files.
UPSERT,reg_bd_01,BD,BGD,Bangladesh,بنغلاديش,People's Republic of Bangladesh,Asia,آسيا,Southern Asia,جنوب آسيا,BD-01,BD-B,Chattogram,2,district,District,Bandarban,,Bandarban,true,ISO_3166_2,https://www.iso.org/obp/ui/#search,ISO 3166-2 subdivisions via pycountry/isocodes,REFERENCE_DATA_IMPORTED,NEEDS_AR_TRANSLATION,2026-08-05,Administrative subdivision only; cities are imported in later city files.
UPSERT,reg_bd_02,BD,BGD,Bangladesh,بنغلاديش,People's Republic of Bangladesh,Asia,آسيا,Southern Asia,جنوب آسيا,BD-02,BD-A,Barishal,2,district,District,Barguna,,Barguna,true,ISO_3166_2,https://www.iso.org/obp/ui/#search,ISO 3166-2 subdivisions via pycountry/isocodes,REFERENCE_DATA_IMPORTED,NEEDS_AR_TRANSLATION,2026-08-05,Administrative subdivision only; cities are imported in later city files.
UPSERT,reg_bd_03,BD,BGD,Bangladesh,بنغلاديش,People's Republic of Bangladesh,Asia,آسيا,Southern Asia,جنوب آسيا,BD-03,BD-E,Rajshahi,2,district,District,Bogura,,Bogura,true,ISO_3166_2,https://www.iso.org/obp/ui/#search,ISO 3166-2 subdivisions via pycountry/isocodes,REFERENCE_DATA_IMPORTED,NEEDS_AR_TRANSLATION,2026-08-05,Administrative subdivision only; cities are imported in later city files.
UPSERT,reg_bd_04,BD,BGD,Bangladesh,بنغلاديش,People's Republic of Bangladesh,Asia,آسيا,Southern Asia,جنوب آسيا,BD-04,BD-B,Chattogram,2,district,District,Brahmanbaria,,Brahmanbaria,true,ISO_3166_2,https://www.iso.org/obp/ui/#search,ISO 3166-2 subdivisions via pycountry/isocodes,REFERENCE_DATA_IMPORTED,NEEDS_AR_TRANSLATION,2026-08-05,Administrative subdivision only; cities are imported in later city files.
UPSERT,reg_bd_05,BD,BGD,Bangladesh,بنغلاديش,People's Republic of Bangladesh,Asia,آسيا,Southern Asia,جنوب آسيا,BD-05,BD-D,Khulna,2,district,District,Bagerhat,,Bagerhat,true,ISO_3166_2,https://www.iso.org/obp/ui/#search,ISO 3166-2 subdivisions via pycountry/isocodes,REFERENCE_DATA_IMPORTED,NEEDS_AR_TRANSLATION,2026-08-05,Administrative subdivision only; cities are imported in later city files.
UPSERT,reg_bd_06,BD,BGD,Bangladesh,بنغلاديش,People's Republic of Bangladesh,Asia,آسيا,Southern Asia,جنوب آسيا,BD-06,BD-A,Barishal,2,district,District,Barishal,,Barishal,true,ISO_3166_2,https://www.iso.org/obp/ui/#search,ISO 3166-2 subdivisions via pycountry/isocodes,REFERENCE_DATA_IMPORTED,NEEDS_AR_TRANSLATION,2026-08-05,Administrative subdivision only; cities are imported in later city files.
UPSERT,reg_bd_07,BD,BGD,Bangladesh,بنغلاديش,People's Republic of Bangladesh,Asia,آسيا,Southern Asia,جنوب آسيا,BD-07,BD-A,Barishal,2,district,District,Bhola,,Bhola,true,ISO_3166_2,https://www.iso.org/obp/ui/#search,ISO 3166-2 subdivisions via pycountry/isocodes,REFERENCE_DATA_IMPORTED,NEEDS_AR_TRANSLATION,2026-08-05,Administrative subdivision only; cities are imported in later city files.
UPSERT,reg_bd_08,BD,BGD,Bangladesh,بنغلاديش,People's Republic of Bangladesh,Asia,آسيا,Southern Asia,جنوب آسيا,BD-08,BD-B,Chattogram,2,district,District,Cumilla,,Cumilla,true,ISO_3166_2,https://www.iso.org/obp/ui/#search,ISO 3166-2 subdivisions via pycountry/isocodes,REFERENCE_DATA_IMPORTED,NEEDS_AR_TRANSLATION,2026-08-05,Administrative subdivision only; cities are imported in later city files.
UPSERT,reg_bd_09,BD,BGD,Bangladesh,بنغلاديش,People's Republic of Bangladesh,Asia,آسيا,Southern Asia,جنوب آسيا,BD-09,BD-B,Chattogram,2,district,District,Chandpur,,Chandpur,true,ISO_3166_2,https://www.iso.org/obp/ui/#search,ISO 3166-2 subdivisions via pycountry/isocodes,REFERENCE_DATA_IMPORTED,NEEDS_AR_TRANSLATION,2026-08-05,Administrative subdivision only; cities are imported in later city files.
UPSERT,reg_bd_10,BD,BGD,Bangladesh,بنغلاديش,People's Republic of Bangladesh,Asia,آسيا,Southern Asia,جنوب آسيا,BD-10,BD-B,Chattogram,2,district,District,Chattogram,,Chattogram,true,ISO_3166_2,https://www.iso.org/obp/ui/#search,ISO 3166-2 subdivisions via pycountry/isocodes,REFERENCE_DATA_IMPORTED,NEEDS_AR_TRANSLATION,2026-08-05,Administrative subdivision only; cities are imported in later city files.
UPSERT,reg_bd_11,BD,BGD,Bangladesh,بنغلاديش,People's Republic of Bangladesh,Asia,آسيا,Southern Asia,جنوب آسيا,BD-11,BD-B,Chattogram,2,district,District,Cox's Bazar,,Cox's Bazar,true,ISO_3166_2,https://www.iso.org/obp/ui/#search,ISO 3166-2 subdivisions via pycountry/isocodes,REFERENCE_DATA_IMPORTED,NEEDS_AR_TRANSLATION,2026-08-05,Administrative subdivision only; cities are imported in later city files.
UPSERT,reg_bd_12,BD,BGD,Bangladesh,بنغلاديش,People's Republic of Bangladesh,Asia,آسيا,Southern Asia,جنوب آسيا,BD-12,BD-D,Khulna,2,district,District,Chuadanga,,Chuadanga,true,ISO_3166_2,https://www.iso.org/obp/ui/#search,ISO 3166-2 subdivisions via pycountry/isocodes,REFERENCE_DATA_IMPORTED,NEEDS_AR_TRANSLATION,2026-08-05,Administrative subdivision only; cities are imported in later city files.
UPSERT,reg_bd_13,BD,BGD,Bangladesh,بنغلاديش,People's Republic of Bangladesh,Asia,آسيا,Southern Asia,جنوب آسيا,BD-13,BD-C,Dhaka,2,district,District,Dhaka,,Dhaka,true,ISO_3166_2,https://www.iso.org/obp/ui/#search,ISO 3166-2 subdivisions via pycountry/isocodes,REFERENCE_DATA_IMPORTED,NEEDS_AR_TRANSLATION,2026-08-05,Administrative subdivision only; cities are imported in later city files.
UPSERT,reg_bd_14,BD,BGD,Bangladesh,بنغلاديش,People's Republic of Bangladesh,Asia,آسيا,Southern Asia,جنوب آسيا,BD-14,BD-F,Rangpur,2,district,District,Dinajpur,,Dinajpur,true,ISO_3166_2,https://www.iso.org/obp/ui/#search,ISO 3166-2 subdivisions via pycountry/isocodes,REFERENCE_DATA_IMPORTED,NEEDS_AR_TRANSLATION,2026-08-05,Administrative subdivision only; cities are imported in later city files.
UPSERT,reg_bd_15,BD,BGD,Bangladesh,بنغلاديش,People's Republic of Bangladesh,Asia,آسيا,Southern Asia,جنوب آسيا,BD-15,BD-C,Dhaka,2,district,District,Faridpur,,Faridpur,true,ISO_3166_2,https://www.iso.org/obp/ui/#search,ISO 3166-2 subdivisions via pycountry/isocodes,REFERENCE_DATA_IMPORTED,NEEDS_AR_TRANSLATION,2026-08-05,Administrative subdivision only; cities are imported in later city files.
UPSERT,reg_bd_16,BD,BGD,Bangladesh,بنغلاديش,People's Republic of Bangladesh,Asia,آسيا,Southern Asia,جنوب آسيا,BD-16,BD-B,Chattogram,2,district,District,Feni,,Feni,true,ISO_3166_2,https://www.iso.org/obp/ui/#search,ISO 3166-2 subdivisions via pycountry/isocodes,REFERENCE_DATA_IMPORTED,NEEDS_AR_TRANSLATION,2026-08-05,Administrative subdivision only; cities are imported in later city files.
UPSERT,reg_bd_17,BD,BGD,Bangladesh,بنغلاديش,People's Republic of Bangladesh,Asia,آسيا,Southern Asia,جنوب آسيا,BD-17,BD-C,Dhaka,2,district,District,Gopalganj,,Gopalganj,true,ISO_3166_2,https://www.iso.org/obp/ui/#search,ISO 3166-2 subdivisions via pycountry/isocodes,REFERENCE_DATA_IMPORTED,NEEDS_AR_TRANSLATION,2026-08-05,Administrative subdivision only; cities are imported in later city files.
UPSERT,reg_bd_18,BD,BGD,Bangladesh,بنغلاديش,People's Republic of Bangladesh,Asia,آسيا,Southern Asia,جنوب آسيا,BD-18,BD-C,Dhaka,2,district,District,Gazipur,,Gazipur,true,ISO_3166_2,https://www.iso.org/obp/ui/#search,ISO 3166-2 subdivisions via pycountry/isocodes,REFERENCE_DATA_IMPORTED,NEEDS_AR_TRANSLATION,2026-08-05,Administrative subdivision only; cities are imported in later city files.
UPSERT,reg_bd_19,BD,BGD,Bangladesh,بنغلاديش,People's Republic of Bangladesh,Asia,آسيا,Southern Asia,جنوب آسيا,BD-19,BD-F,Rangpur,2,district,District,Gaibandha,,Gaibandha,true,ISO_3166_2,https://www.iso.org/obp/ui/#search,ISO 3166-2 subdivisions via pycountry/isocodes,REFERENCE_DATA_IMPORTED,NEEDS_AR_TRANSLATION,2026-08-05,Administrative subdivision only; cities are imported in later city files.
UPSERT,reg_bd_20,BD,BGD,Bangladesh,بنغلاديش,People's Republic of Bangladesh,Asia,آسيا,Southern Asia,جنوب آسيا,BD-20,BD-G,Sylhet,2,district,District,Habiganj,,Habiganj,true,ISO_3166_2,https://www.iso.org/obp/ui/#search,ISO 3166-2 subdivisions via pycountry/isocodes,REFERENCE_DATA_IMPORTED,NEEDS_AR_TRANSLATION,2026-08-05,Administrative subdivision only; cities are imported in later city files.
UPSERT,reg_bd_21,BD,BGD,Bangladesh,بنغلاديش,People's Republic of Bangladesh,Asia,آسيا,Southern Asia,جنوب آسيا,BD-21,BD-H,Mymensingh,2,district,District,Jamalpur,,Jamalpur,true,ISO_3166_2,https://www.iso.org/obp/ui/#search,ISO 3166-2 subdivisions via pycountry/isocodes,REFERENCE_DATA_IMPORTED,NEEDS_AR_TRANSLATION,2026-08-05,Administrative subdivision only; cities are imported in later city files.
UPSERT,reg_bd_22,BD,BGD,Bangladesh,بنغلاديش,People's Republic of Bangladesh,Asia,آسيا,Southern Asia,جنوب آسيا,BD-22,BD-D,Khulna,2,district,District,Jashore,,Jashore,true,ISO_3166_2,https://www.iso.org/obp/ui/#search,ISO 3166-2 subdivisions via pycountry/isocodes,REFERENCE_DATA_IMPORTED,NEEDS_AR_TRANSLATION,2026-08-05,Administrative subdivision only; cities are imported in later city files.
UPSERT,reg_bd_23,BD,BGD,Bangladesh,بنغلاديش,People's Republic of Bangladesh,Asia,آسيا,Southern Asia,جنوب آسيا,BD-23,BD-D,Khulna,2,district,District,Jhenaidah,,Jhenaidah,true,ISO_3166_2,https://www.iso.org/obp/ui/#search,ISO 3166-2 subdivisions via pycountry/isocodes,REFERENCE_DATA_IMPORTED,NEEDS_AR_TRANSLATION,2026-08-05,Administrative subdivision only; cities are imported in later city files.
UPSERT,reg_bd_24,BD,BGD,Bangladesh,بنغلاديش,People's Republic of Bangladesh,Asia,آسيا,Southern Asia,جنوب آسيا,BD-24,BD-E,Rajshahi,2,district,District,Joypurhat,,Joypurhat,true,ISO_3166_2,https://www.iso.org/obp/ui/#search,ISO 3166-2 subdivisions via pycountry/isocodes,REFERENCE_DATA_IMPORTED,NEEDS_AR_TRANSLATION,2026-08-05,Administrative subdivision only; cities are imported in later city files.
UPSERT,reg_bd_25,BD,BGD,Bangladesh,بنغلاديش,People's Republic of Bangladesh,Asia,آسيا,Southern Asia,جنوب آسيا,BD-25,BD-A,Barishal,2,district,District,Jhalakathi,,Jhalakathi,true,ISO_3166_2,https://www.iso.org/obp/ui/#search,ISO 3166-2 subdivisions via pycountry/isocodes,REFERENCE_DATA_IMPORTED,NEEDS_AR_TRANSLATION,2026-08-05,Administrative subdivision only; cities are imported in later city files.
UPSERT,reg_bd_26,BD,BGD,Bangladesh,بنغلاديش,People's Republic of Bangladesh,Asia,آسيا,Southern Asia,جنوب آسيا,BD-26,BD-C,Dhaka,2,district,District,Kishoreganj,,Kishoreganj,true,ISO_3166_2,https://www.iso.org/obp/ui/#search,ISO 3166-2 subdivisions via pycountry/isocodes,REFERENCE_DATA_IMPORTED,NEEDS_AR_TRANSLATION,2026-08-05,Administrative subdivision only; cities are imported in later city files.
UPSERT,reg_bd_27,BD,BGD,Bangladesh,بنغلاديش,People's Republic of Bangladesh,Asia,آسيا,Southern Asia,جنوب آسيا,BD-27,BD-D,Khulna,2,district,District,Khulna,,Khulna,true,ISO_3166_2,https://www.iso.org/obp/ui/#search,ISO 3166-2 subdivisions via pycountry/isocodes,REFERENCE_DATA_IMPORTED,NEEDS_AR_TRANSLATION,2026-08-05,Administrative subdivision only; cities are imported in later city files.
UPSERT,reg_bd_28,BD,BGD,Bangladesh,بنغلاديش,People's Republic of Bangladesh,Asia,آسيا,Southern Asia,جنوب آسيا,BD-28,BD-F,Rangpur,2,district,District,Kurigram,,Kurigram,true,ISO_3166_2,https://www.iso.org/obp/ui/#search,ISO 3166-2 subdivisions via pycountry/isocodes,REFERENCE_DATA_IMPORTED,NEEDS_AR_TRANSLATION,2026-08-05,Administrative subdivision only; cities are imported in later city files.
UPSERT,reg_bd_29,BD,BGD,Bangladesh,بنغلاديش,People's Republic of Bangladesh,Asia,آسيا,Southern Asia,جنوب آسيا,BD-29,BD-B,Chattogram,2,district,District,Khagrachhari,,Khagrachhari,true,ISO_3166_2,https://www.iso.org/obp/ui/#search,ISO 3166-2 subdivisions via pycountry/isocodes,REFERENCE_DATA_IMPORTED,NEEDS_AR_TRANSLATION,2026-08-05,Administrative subdivision only; cities are imported in later city files.
UPSERT,reg_bd_30,BD,BGD,Bangladesh,بنغلاديش,People's Republic of Bangladesh,Asia,آسيا,Southern Asia,جنوب آسيا,BD-30,BD-D,Khulna,2,district,District,Kushtia,,Kushtia,true,ISO_3166_2,https://www.iso.org/obp/ui/#search,ISO 3166-2 subdivisions via pycountry/isocodes,REFERENCE_DATA_IMPORTED,NEEDS_AR_TRANSLATION,2026-08-05,Administrative subdivision only; cities are imported in later city files.
UPSERT,reg_bd_31,BD,BGD,Bangladesh,بنغلاديش,People's Republic of Bangladesh,Asia,آسيا,Southern Asia,جنوب آسيا,BD-31,BD-B,Chattogram,2,district,District,Lakshmipur,,Lakshmipur,true,ISO_3166_2,https://www.iso.org/obp/ui/#search,ISO 3166-2 subdivisions via pycountry/isocodes,REFERENCE_DATA_IMPORTED,NEEDS_AR_TRANSLATION,2026-08-05,Administrative subdivision only; cities are imported in later city files.
UPSERT,reg_bd_32,BD,BGD,Bangladesh,بنغلاديش,People's Republic of Bangladesh,Asia,آسيا,Southern Asia,جنوب آسيا,BD-32,BD-F,Rangpur,2,district,District,Lalmonirhat,,Lalmonirhat,true,ISO_3166_2,https://www.iso.org/obp/ui/#search,ISO 3166-2 subdivisions via pycountry/isocodes,REFERENCE_DATA_IMPORTED,NEEDS_AR_TRANSLATION,2026-08-05,Administrative subdivision only; cities are imported in later city files.
UPSERT,reg_bd_33,BD,BGD,Bangladesh,بنغلاديش,People's Republic of Bangladesh,Asia,آسيا,Southern Asia,جنوب آسيا,BD-33,BD-C,Dhaka,2,district,District,Manikganj,,Manikganj,true,ISO_3166_2,https://www.iso.org/obp/ui/#search,ISO 3166-2 subdivisions via pycountry/isocodes,REFERENCE_DATA_IMPORTED,NEEDS_AR_TRANSLATION,2026-08-05,Administrative subdivision only; cities are imported in later city files.
UPSERT,reg_bd_34,BD,BGD,Bangladesh,بنغلاديش,People's Republic of Bangladesh,Asia,آسيا,Southern Asia,جنوب آسيا,BD-34,BD-H,Mymensingh,2,district,District,Mymensingh,,Mymensingh,true,ISO_3166_2,https://www.iso.org/obp/ui/#search,ISO 3166-2 subdivisions via pycountry/isocodes,REFERENCE_DATA_IMPORTED,NEEDS_AR_TRANSLATION,2026-08-05,Administrative subdivision only; cities are imported in later city files.
UPSERT,reg_bd_35,BD,BGD,Bangladesh,بنغلاديش,People's Republic of Bangladesh,Asia,آسيا,Southern Asia,جنوب آسيا,BD-35,BD-C,Dhaka,2,district,District,Munshiganj,,Munshiganj,true,ISO_3166_2,https://www.iso.org/obp/ui/#search,ISO 3166-2 subdivisions via pycountry/isocodes,REFERENCE_DATA_IMPORTED,NEEDS_AR_TRANSLATION,2026-08-05,Administrative subdivision only; cities are imported in later city files.
UPSERT,reg_bd_36,BD,BGD,Bangladesh,بنغلاديش,People's Republic of Bangladesh,Asia,آسيا,Southern Asia,جنوب آسيا,BD-36,BD-C,Dhaka,2,district,District,Madaripur,,Madaripur,true,ISO_3166_2,https://www.iso.org/obp/ui/#search,ISO 3166-2 subdivisions via pycountry/isocodes,REFERENCE_DATA_IMPORTED,NEEDS_AR_TRANSLATION,2026-08-05,Administrative subdivision only; cities are imported in later city files.
UPSERT,reg_bd_37,BD,BGD,Bangladesh,بنغلاديش,People's Republic of Bangladesh,Asia,آسيا,Southern Asia,جنوب آسيا,BD-37,BD-D,Khulna,2,district,District,Magura,,Magura,true,ISO_3166_2,https://www.iso.org/obp/ui/#search,ISO 3166-2 subdivisions via pycountry/isocodes,REFERENCE_DATA_IMPORTED,NEEDS_AR_TRANSLATION,2026-08-05,Administrative subdivision only; cities are imported in later city files.
UPSERT,reg_bd_38,BD,BGD,Bangladesh,بنغلاديش,People's Republic of Bangladesh,Asia,آسيا,Southern Asia,جنوب آسيا,BD-38,BD-G,Sylhet,2,district,District,Moulvibazar,,Moulvibazar,true,ISO_3166_2,https://www.iso.org/obp/ui/#search,ISO 3166-2 subdivisions via pycountry/isocodes,REFERENCE_DATA_IMPORTED,NEEDS_AR_TRANSLATION,2026-08-05,Administrative subdivision only; cities are imported in later city files.
UPSERT,reg_bd_39,BD,BGD,Bangladesh,بنغلاديش,People's Republic of Bangladesh,Asia,آسيا,Southern Asia,جنوب آسيا,BD-39,BD-D,Khulna,2,district,District,Meherpur,,Meherpur,true,ISO_3166_2,https://www.iso.org/obp/ui/#search,ISO 3166-2 subdivisions via pycountry/isocodes,REFERENCE_DATA_IMPORTED,NEEDS_AR_TRANSLATION,2026-08-05,Administrative subdivision only; cities are imported in later city files.
UPSERT,reg_bd_40,BD,BGD,Bangladesh,بنغلاديش,People's Republic of Bangladesh,Asia,آسيا,Southern Asia,جنوب آسيا,BD-40,BD-C,Dhaka,2,district,District,Narayanganj,,Narayanganj,true,ISO_3166_2,https://www.iso.org/obp/ui/#search,ISO 3166-2 subdivisions via pycountry/isocodes,REFERENCE_DATA_IMPORTED,NEEDS_AR_TRANSLATION,2026-08-05,Administrative subdivision only; cities are imported in later city files.
UPSERT,reg_bd_41,BD,BGD,Bangladesh,بنغلاديش,People's Republic of Bangladesh,Asia,آسيا,Southern Asia,جنوب آسيا,BD-41,BD-H,Mymensingh,2,district,District,Netrakona,,Netrakona,true,ISO_3166_2,https://www.iso.org/obp/ui/#search,ISO 3166-2 subdivisions via pycountry/isocodes,REFERENCE_DATA_IMPORTED,NEEDS_AR_TRANSLATION,2026-08-05,Administrative subdivision only; cities are imported in later city files.
UPSERT,reg_bd_42,BD,BGD,Bangladesh,بنغلاديش,People's Republic of Bangladesh,Asia,آسيا,Southern Asia,جنوب آسيا,BD-42,BD-C,Dhaka,2,district,District,Narsingdi,,Narsingdi,true,ISO_3166_2,https://www.iso.org/obp/ui/#search,ISO 3166-2 subdivisions via pycountry/isocodes,REFERENCE_DATA_IMPORTED,NEEDS_AR_TRANSLATION,2026-08-05,Administrative subdivision only; cities are imported in later city files.
UPSERT,reg_bd_43,BD,BGD,Bangladesh,بنغلاديش,People's Republic of Bangladesh,Asia,آسيا,Southern Asia,جنوب آسيا,BD-43,BD-D,Khulna,2,district,District,Narail,,Narail,true,ISO_3166_2,https://www.iso.org/obp/ui/#search,ISO 3166-2 subdivisions via pycountry/isocodes,REFERENCE_DATA_IMPORTED,NEEDS_AR_TRANSLATION,2026-08-05,Administrative subdivision only; cities are imported in later city files.
UPSERT,reg_bd_44,BD,BGD,Bangladesh,بنغلاديش,People's Republic of Bangladesh,Asia,آسيا,Southern Asia,جنوب آسيا,BD-44,BD-E,Rajshahi,2,district,District,Natore,,Natore,true,ISO_3166_2,https://www.iso.org/obp/ui/#search,ISO 3166-2 subdivisions via pycountry/isocodes,REFERENCE_DATA_IMPORTED,NEEDS_AR_TRANSLATION,2026-08-05,Administrative subdivision only; cities are imported in later city files.
UPSERT,reg_bd_45,BD,BGD,Bangladesh,بنغلاديش,People's Republic of Bangladesh,Asia,آسيا,Southern Asia,جنوب آسيا,BD-45,BD-E,Rajshahi,2,district,District,Chapai Nawabganj,,Chapai Nawabganj,true,ISO_3166_2,https://www.iso.org/obp/ui/#search,ISO 3166-2 subdivisions via pycountry/isocodes,REFERENCE_DATA_IMPORTED,NEEDS_AR_TRANSLATION,2026-08-05,Administrative subdivision only; cities are imported in later city files.
UPSERT,reg_bd_46,BD,BGD,Bangladesh,بنغلاديش,People's Republic of Bangladesh,Asia,آسيا,Southern Asia,جنوب آسيا,BD-46,BD-F,Rangpur,2,district,District,Nilphamari,,Nilphamari,true,ISO_3166_2,https://www.iso.org/obp/ui/#search,ISO 3166-2 subdivisions via pycountry/isocodes,REFERENCE_DATA_IMPORTED,NEEDS_AR_TRANSLATION,2026-08-05,Administrative subdivision only; cities are imported in later city files.
UPSERT,reg_bd_47,BD,BGD,Bangladesh,بنغلاديش,People's Republic of Bangladesh,Asia,آسيا,Southern Asia,جنوب آسيا,BD-47,BD-B,Chattogram,2,district,District,Noakhali,,Noakhali,true,ISO_3166_2,https://www.iso.org/obp/ui/#search,ISO 3166-2 subdivisions via pycountry/isocodes,REFERENCE_DATA_IMPORTED,NEEDS_AR_TRANSLATION,2026-08-05,Administrative subdivision only; cities are imported in later city files.
UPSERT,reg_bd_48,BD,BGD,Bangladesh,بنغلاديش,People's Republic of Bangladesh,Asia,آسيا,Southern Asia,جنوب آسيا,BD-48,BD-E,Rajshahi,2,district,District,Naogaon,,Naogaon,true,ISO_3166_2,https://www.iso.org/obp/ui/#search,ISO 3166-2 subdivisions via pycountry/isocodes,REFERENCE_DATA_IMPORTED,NEEDS_AR_TRANSLATION,2026-08-05,Administrative subdivision only; cities are imported in later city files.
UPSERT,reg_bd_49,BD,BGD,Bangladesh,بنغلاديش,People's Republic of Bangladesh,Asia,آسيا,Southern Asia,جنوب آسيا,BD-49,BD-E,Rajshahi,2,district,District,Pabna,,Pabna,true,ISO_3166_2,https://www.iso.org/obp/ui/#search,ISO 3166-2 subdivisions via pycountry/isocodes,REFERENCE_DATA_IMPORTED,NEEDS_AR_TRANSLATION,2026-08-05,Administrative subdivision only; cities are imported in later city files.
UPSERT,reg_bd_50,BD,BGD,Bangladesh,بنغلاديش,People's Republic of Bangladesh,Asia,آسيا,Southern Asia,جنوب آسيا,BD-50,BD-A,Barishal,2,district,District,Pirojpur,,Pirojpur,true,ISO_3166_2,https://www.iso.org/obp/ui/#search,ISO 3166-2 subdivisions via pycountry/isocodes,REFERENCE_DATA_IMPORTED,NEEDS_AR_TRANSLATION,2026-08-05,Administrative subdivision only; cities are imported in later city files.
UPSERT,reg_bd_51,BD,BGD,Bangladesh,بنغلاديش,People's Republic of Bangladesh,Asia,آسيا,Southern Asia,جنوب آسيا,BD-51,BD-A,Barishal,2,district,District,Patuakhali,,Patuakhali,true,ISO_3166_2,https://www.iso.org/obp/ui/#search,ISO 3166-2 subdivisions via pycountry/isocodes,REFERENCE_DATA_IMPORTED,NEEDS_AR_TRANSLATION,2026-08-05,Administrative subdivision only; cities are imported in later city files.
UPSERT,reg_bd_52,BD,BGD,Bangladesh,بنغلاديش,People's Republic of Bangladesh,Asia,آسيا,Southern Asia,جنوب آسيا,BD-52,BD-F,Rangpur,2,district,District,Panchagarh,,Panchagarh,true,ISO_3166_2,https://www.iso.org/obp/ui/#search,ISO 3166-2 subdivisions via pycountry/isocodes,REFERENCE_DATA_IMPORTED,NEEDS_AR_TRANSLATION,2026-08-05,Administrative subdivision only; cities are imported in later city files.
UPSERT,reg_bd_53,BD,BGD,Bangladesh,بنغلاديش,People's Republic of Bangladesh,Asia,آسيا,Southern Asia,جنوب آسيا,BD-53,BD-C,Dhaka,2,district,District,Rajbari,,Rajbari,true,ISO_3166_2,https://www.iso.org/obp/ui/#search,ISO 3166-2 subdivisions via pycountry/isocodes,REFERENCE_DATA_IMPORTED,NEEDS_AR_TRANSLATION,2026-08-05,Administrative subdivision only; cities are imported in later city files.
UPSERT,reg_bd_54,BD,BGD,Bangladesh,بنغلاديش,People's Republic of Bangladesh,Asia,آسيا,Southern Asia,جنوب آسيا,BD-54,BD-E,Rajshahi,2,district,District,Rajshahi,,Rajshahi,true,ISO_3166_2,https://www.iso.org/obp/ui/#search,ISO 3166-2 subdivisions via pycountry/isocodes,REFERENCE_DATA_IMPORTED,NEEDS_AR_TRANSLATION,2026-08-05,Administrative subdivision only; cities are imported in later city files.
UPSERT,reg_bd_55,BD,BGD,Bangladesh,بنغلاديش,People's Republic of Bangladesh,Asia,آسيا,Southern Asia,جنوب آسيا,BD-55,BD-F,Rangpur,2,district,District,Rangpur,,Rangpur,true,ISO_3166_2,https://www.iso.org/obp/ui/#search,ISO 3166-2 subdivisions via pycountry/isocodes,REFERENCE_DATA_IMPORTED,NEEDS_AR_TRANSLATION,2026-08-05,Administrative subdivision only; cities are imported in later city files.
UPSERT,reg_bd_56,BD,BGD,Bangladesh,بنغلاديش,People's Republic of Bangladesh,Asia,آسيا,Southern Asia,جنوب آسيا,BD-56,BD-B,Chattogram,2,district,District,Rangamati,,Rangamati,true,ISO_3166_2,https://www.iso.org/obp/ui/#search,ISO 3166-2 subdivisions via pycountry/isocodes,REFERENCE_DATA_IMPORTED,NEEDS_AR_TRANSLATION,2026-08-05,Administrative subdivision only; cities are imported in later city files.
UPSERT,reg_bd_57,BD,BGD,Bangladesh,بنغلاديش,People's Republic of Bangladesh,Asia,آسيا,Southern Asia,جنوب آسيا,BD-57,BD-H,Mymensingh,2,district,District,Sherpur,,Sherpur,true,ISO_3166_2,https://www.iso.org/obp/ui/#search,ISO 3166-2 subdivisions via pycountry/isocodes,REFERENCE_DATA_IMPORTED,NEEDS_AR_TRANSLATION,2026-08-05,Administrative subdivision only; cities are imported in later city files.
UPSERT,reg_bd_58,BD,BGD,Bangladesh,بنغلاديش,People's Republic of Bangladesh,Asia,آسيا,Southern Asia,جنوب آسيا,BD-58,BD-D,Khulna,2,district,District,Satkhira,,Satkhira,true,ISO_3166_2,https://www.iso.org/obp/ui/#search,ISO 3166-2 subdivisions via pycountry/isocodes,REFERENCE_DATA_IMPORTED,NEEDS_AR_TRANSLATION,2026-08-05,Administrative subdivision only; cities are imported in later city files.
UPSERT,reg_bd_59,BD,BGD,Bangladesh,بنغلاديش,People's Republic of Bangladesh,Asia,آسيا,Southern Asia,جنوب آسيا,BD-59,BD-E,Rajshahi,2,district,District,Sirajganj,,Sirajganj,true,ISO_3166_2,https://www.iso.org/obp/ui/#search,ISO 3166-2 subdivisions via pycountry/isocodes,REFERENCE_DATA_IMPORTED,NEEDS_AR_TRANSLATION,2026-08-05,Administrative subdivision only; cities are imported in later city files.
UPSERT,reg_bd_60,BD,BGD,Bangladesh,بنغلاديش,People's Republic of Bangladesh,Asia,آسيا,Southern Asia,جنوب آسيا,BD-60,BD-G,Sylhet,2,district,District,Sylhet,,Sylhet,true,ISO_3166_2,https://www.iso.org/obp/ui/#search,ISO 3166-2 subdivisions via pycountry/isocodes,REFERENCE_DATA_IMPORTED,NEEDS_AR_TRANSLATION,2026-08-05,Administrative subdivision only; cities are imported in later city files.
UPSERT,reg_bd_61,BD,BGD,Bangladesh,بنغلاديش,People's Republic of Bangladesh,Asia,آسيا,Southern Asia,جنوب آسيا,BD-61,BD-G,Sylhet,2,district,District,Sunamganj,,Sunamganj,true,ISO_3166_2,https://www.iso.org/obp/ui/#search,ISO 3166-2 subdivisions via pycountry/isocodes,REFERENCE_DATA_IMPORTED,NEEDS_AR_TRANSLATION,2026-08-05,Administrative subdivision only; cities are imported in later city files.
UPSERT,reg_bd_62,BD,BGD,Bangladesh,بنغلاديش,People's Republic of Bangladesh,Asia,آسيا,Southern Asia,جنوب آسيا,BD-62,BD-C,Dhaka,2,district,District,Shariatpur,,Shariatpur,true,ISO_3166_2,https://www.iso.org/obp/ui/#search,ISO 3166-2 subdivisions via pycountry/isocodes,REFERENCE_DATA_IMPORTED,NEEDS_AR_TRANSLATION,2026-08-05,Administrative subdivision only; cities are imported in later city files.
UPSERT,reg_bd_63,BD,BGD,Bangladesh,بنغلاديش,People's Republic of Bangladesh,Asia,آسيا,Southern Asia,جنوب آسيا,BD-63,BD-C,Dhaka,2,district,District,Tangail,,Tangail,true,ISO_3166_2,https://www.iso.org/obp/ui/#search,ISO 3166-2 subdivisions via pycountry/isocodes,REFERENCE_DATA_IMPORTED,NEEDS_AR_TRANSLATION,2026-08-05,Administrative subdivision only; cities are imported in later city files.
UPSERT,reg_bd_64,BD,BGD,Bangladesh,بنغلاديش,People's Republic of Bangladesh,Asia,آسيا,Southern Asia,جنوب آسيا,BD-64,BD-F,Rangpur,2,district,District,Thakurgaon,,Thakurgaon,true,ISO_3166_2,https://www.iso.org/obp/ui/#search,ISO 3166-2 subdivisions via pycountry/isocodes,REFERENCE_DATA_IMPORTED,NEEDS_AR_TRANSLATION,2026-08-05,Administrative subdivision only; cities are imported in later city files.
UPSERT,reg_bd_a,BD,BGD,Bangladesh,بنغلاديش,People's Republic of Bangladesh,Asia,آسيا,Southern Asia,جنوب آسيا,BD-A,,,1,division,Division,Barishal,,Barishal,true,ISO_3166_2,https://www.iso.org/obp/ui/#search,ISO 3166-2 subdivisions via pycountry/isocodes,REFERENCE_DATA_IMPORTED,NEEDS_AR_TRANSLATION,2026-08-05,Administrative subdivision only; cities are imported in later city files.
UPSERT,reg_bd_b,BD,BGD,Bangladesh,بنغلاديش,People's Republic of Bangladesh,Asia,آسيا,Southern Asia,جنوب آسيا,BD-B,,,1,division,Division,Chattogram,,Chattogram,true,ISO_3166_2,https://www.iso.org/obp/ui/#search,ISO 3166-2 subdivisions via pycountry/isocodes,REFERENCE_DATA_IMPORTED,NEEDS_AR_TRANSLATION,2026-08-05,Administrative subdivision only; cities are imported in later city files.
UPSERT,reg_bd_c,BD,BGD,Bangladesh,بنغلاديش,People's Republic of Bangladesh,Asia,آسيا,Southern Asia,جنوب آسيا,BD-C,,,1,division,Division,Dhaka,,Dhaka,true,ISO_3166_2,https://www.iso.org/obp/ui/#search,ISO 3166-2 subdivisions via pycountry/isocodes,REFERENCE_DATA_IMPORTED,NEEDS_AR_TRANSLATION,2026-08-05,Administrative subdivision only; cities are imported in later city files.
UPSERT,reg_bd_d,BD,BGD,Bangladesh,بنغلاديش,People's Republic of Bangladesh,Asia,آسيا,Southern Asia,جنوب آسيا,BD-D,,,1,division,Division,Khulna,,Khulna,true,ISO_3166_2,https://www.iso.org/obp/ui/#search,ISO 3166-2 subdivisions via pycountry/isocodes,REFERENCE_DATA_IMPORTED,NEEDS_AR_TRANSLATION,2026-08-05,Administrative subdivision only; cities are imported in later city files.
UPSERT,reg_bd_e,BD,BGD,Bangladesh,بنغلاديش,People's Republic of Bangladesh,Asia,آسيا,Southern Asia,جنوب آسيا,BD-E,,,1,division,Division,Rajshahi,,Rajshahi,true,ISO_3166_2,https://www.iso.org/obp/ui/#search,ISO 3166-2 subdivisions via pycountry/isocodes,REFERENCE_DATA_IMPORTED,NEEDS_AR_TRANSLATION,2026-08-05,Administrative subdivision only; cities are imported in later city files.
UPSERT,reg_bd_f,BD,BGD,Bangladesh,بنغلاديش,People's Republic of Bangladesh,Asia,آسيا,Southern Asia,جنوب آسيا,BD-F,,,1,division,Division,Rangpur,,Rangpur,true,ISO_3166_2,https://www.iso.org/obp/ui/#search,ISO 3166-2 subdivisions via pycountry/isocodes,REFERENCE_DATA_IMPORTED,NEEDS_AR_TRANSLATION,2026-08-05,Administrative subdivision only; cities are imported in later city files.
UPSERT,reg_bd_g,BD,BGD,Bangladesh,بنغلاديش,People's Republic of Bangladesh,Asia,آسيا,Southern Asia,جنوب آسيا,BD-G,,,1,division,Division,Sylhet,,Sylhet,true,ISO_3166_2,https://www.iso.org/obp/ui/#search,ISO 3166-2 subdivisions via pycountry/isocodes,REFERENCE_DATA_IMPORTED,NEEDS_AR_TRANSLATION,2026-08-05,Administrative subdivision only; cities are imported in later city files.
UPSERT,reg_bd_h,BD,BGD,Bangladesh,بنغلاديش,People's Republic of Bangladesh,Asia,آسيا,Southern Asia,جنوب آسيا,BD-H,,,1,division,Division,Mymensingh,,Mymensingh,true,ISO_3166_2,https://www.iso.org/obp/ui/#search,ISO 3166-2 subdivisions via pycountry/isocodes,REFERENCE_DATA_IMPORTED,NEEDS_AR_TRANSLATION,2026-08-05,Administrative subdivision only; cities are imported in later city files.
UPSERT,reg_bh_13,BH,BHR,Bahrain,البحرين,Kingdom of Bahrain,Asia,آسيا,Western Asia,غرب آسيا,BH-13,,,1,governorate,Governorate,Al ‘Āşimah,,Al ‘Āşimah,true,ISO_3166_2,https://www.iso.org/obp/ui/#search,ISO 3166-2 subdivisions via pycountry/isocodes,REFERENCE_DATA_IMPORTED,NEEDS_AR_TRANSLATION,2026-08-05,Administrative subdivision only; cities are imported in later city files.
UPSERT,reg_bh_14,BH,BHR,Bahrain,البحرين,Kingdom of Bahrain,Asia,آسيا,Western Asia,غرب آسيا,BH-14,,,1,governorate,Governorate,Al Janūbīyah,,Al Janūbīyah,true,ISO_3166_2,https://www.iso.org/obp/ui/#search,ISO 3166-2 subdivisions via pycountry/isocodes,REFERENCE_DATA_IMPORTED,NEEDS_AR_TRANSLATION,2026-08-05,Administrative subdivision only; cities are imported in later city files.
UPSERT,reg_bh_15,BH,BHR,Bahrain,البحرين,Kingdom of Bahrain,Asia,آسيا,Western Asia,غرب آسيا,BH-15,,,1,governorate,Governorate,Al Muḩarraq,,Al Muḩarraq,true,ISO_3166_2,https://www.iso.org/obp/ui/#search,ISO 3166-2 subdivisions via pycountry/isocodes,REFERENCE_DATA_IMPORTED,NEEDS_AR_TRANSLATION,2026-08-05,Administrative subdivision only; cities are imported in later city files.
UPSERT,reg_bh_17,BH,BHR,Bahrain,البحرين,Kingdom of Bahrain,Asia,آسيا,Western Asia,غرب آسيا,BH-17,,,1,governorate,Governorate,Ash Shamālīyah,,Ash Shamālīyah,true,ISO_3166_2,https://www.iso.org/obp/ui/#search,ISO 3166-2 subdivisions via pycountry/isocodes,REFERENCE_DATA_IMPORTED,NEEDS_AR_TRANSLATION,2026-08-05,Administrative subdivision only; cities are imported in later city files.
UPSERT,reg_bn_be,BN,BRN,Brunei Darussalam,بروناي,,Asia,آسيا,South-Eastern Asia,جنوب شرق آسيا,BN-BE,,,1,district,District,Belait,,Belait,true,ISO_3166_2,https://www.iso.org/obp/ui/#search,ISO 3166-2 subdivisions via pycountry/isocodes,REFERENCE_DATA_IMPORTED,NEEDS_AR_TRANSLATION,2026-08-05,Administrative subdivision only; cities are imported in later city files.
UPSERT,reg_bn_bm,BN,BRN,Brunei Darussalam,بروناي,,Asia,آسيا,South-Eastern Asia,جنوب شرق آسيا,BN-BM,,,1,district,District,Brunei-Muara,,Brunei-Muara,true,ISO_3166_2,https://www.iso.org/obp/ui/#search,ISO 3166-2 subdivisions via pycountry/isocodes,REFERENCE_DATA_IMPORTED,NEEDS_AR_TRANSLATION,2026-08-05,Administrative subdivision only; cities are imported in later city files.
UPSERT,reg_bn_te,BN,BRN,Brunei Darussalam,بروناي,,Asia,آسيا,South-Eastern Asia,جنوب شرق آسيا,BN-TE,,,1,district,District,Temburong,,Temburong,true,ISO_3166_2,https://www.iso.org/obp/ui/#search,ISO 3166-2 subdivisions via pycountry/isocodes,REFERENCE_DATA_IMPORTED,NEEDS_AR_TRANSLATION,2026-08-05,Administrative subdivision only; cities are imported in later city files.
UPSERT,reg_bn_tu,BN,BRN,Brunei Darussalam,بروناي,,Asia,آسيا,South-Eastern Asia,جنوب شرق آسيا,BN-TU,,,1,district,District,Tutong,,Tutong,true,ISO_3166_2,https://www.iso.org/obp/ui/#search,ISO 3166-2 subdivisions via pycountry/isocodes,REFERENCE_DATA_IMPORTED,NEEDS_AR_TRANSLATION,2026-08-05,Administrative subdivision only; cities are imported in later city files.
UPSERT,reg_bt_11,BT,BTN,Bhutan,بوتان,Kingdom of Bhutan,Asia,آسيا,Southern Asia,جنوب آسيا,BT-11,,,1,district,District,Paro,,Paro,true,ISO_3166_2,https://www.iso.org/obp/ui/#search,ISO 3166-2 subdivisions via pycountry/isocodes,REFERENCE_DATA_IMPORTED,NEEDS_AR_TRANSLATION,2026-08-05,Administrative subdivision only; cities are imported in later city files.
UPSERT,reg_bt_12,BT,BTN,Bhutan,بوتان,Kingdom of Bhutan,Asia,آسيا,Southern Asia,جنوب آسيا,BT-12,,,1,district,District,Chhukha,,Chhukha,true,ISO_3166_2,https://www.iso.org/obp/ui/#search,ISO 3166-2 subdivisions via pycountry/isocodes,REFERENCE_DATA_IMPORTED,NEEDS_AR_TRANSLATION,2026-08-05,Administrative subdivision only; cities are imported in later city files.
UPSERT,reg_bt_13,BT,BTN,Bhutan,بوتان,Kingdom of Bhutan,Asia,آسيا,Southern Asia,جنوب آسيا,BT-13,,,1,district,District,Haa,,Haa,true,ISO_3166_2,https://www.iso.org/obp/ui/#search,ISO 3166-2 subdivisions via pycountry/isocodes,REFERENCE_DATA_IMPORTED,NEEDS_AR_TRANSLATION,2026-08-05,Administrative subdivision only; cities are imported in later city files.
UPSERT,reg_bt_14,BT,BTN,Bhutan,بوتان,Kingdom of Bhutan,Asia,آسيا,Southern Asia,جنوب آسيا,BT-14,,,1,district,District,Samtse,,Samtse,true,ISO_3166_2,https://www.iso.org/obp/ui/#search,ISO 3166-2 subdivisions via pycountry/isocodes,REFERENCE_DATA_IMPORTED,NEEDS_AR_TRANSLATION,2026-08-05,Administrative subdivision only; cities are imported in later city files.
UPSERT,reg_bt_15,BT,BTN,Bhutan,بوتان,Kingdom of Bhutan,Asia,آسيا,Southern Asia,جنوب آسيا,BT-15,,,1,district,District,Thimphu,,Thimphu,true,ISO_3166_2,https://www.iso.org/obp/ui/#search,ISO 3166-2 subdivisions via pycountry/isocodes,REFERENCE_DATA_IMPORTED,NEEDS_AR_TRANSLATION,2026-08-05,Administrative subdivision only; cities are imported in later city files.
UPSERT,reg_bt_21,BT,BTN,Bhutan,بوتان,Kingdom of Bhutan,Asia,آسيا,Southern Asia,جنوب آسيا,BT-21,,,1,district,District,Tsirang,,Tsirang,true,ISO_3166_2,https://www.iso.org/obp/ui/#search,ISO 3166-2 subdivisions via pycountry/isocodes,REFERENCE_DATA_IMPORTED,NEEDS_AR_TRANSLATION,2026-08-05,Administrative subdivision only; cities are imported in later city files.
UPSERT,reg_bt_22,BT,BTN,Bhutan,بوتان,Kingdom of Bhutan,Asia,آسيا,Southern Asia,جنوب آسيا,BT-22,,,1,district,District,Dagana,,Dagana,true,ISO_3166_2,https://www.iso.org/obp/ui/#search,ISO 3166-2 subdivisions via pycountry/isocodes,REFERENCE_DATA_IMPORTED,NEEDS_AR_TRANSLATION,2026-08-05,Administrative subdivision only; cities are imported in later city files.
UPSERT,reg_bt_23,BT,BTN,Bhutan,بوتان,Kingdom of Bhutan,Asia,آسيا,Southern Asia,جنوب آسيا,BT-23,,,1,district,District,Punakha,,Punakha,true,ISO_3166_2,https://www.iso.org/obp/ui/#search,ISO 3166-2 subdivisions via pycountry/isocodes,REFERENCE_DATA_IMPORTED,NEEDS_AR_TRANSLATION,2026-08-05,Administrative subdivision only; cities are imported in later city files.
UPSERT,reg_bt_24,BT,BTN,Bhutan,بوتان,Kingdom of Bhutan,Asia,آسيا,Southern Asia,جنوب آسيا,BT-24,,,1,district,District,Wangdue Phodrang,,Wangdue Phodrang,true,ISO_3166_2,https://www.iso.org/obp/ui/#search,ISO 3166-2 subdivisions via pycountry/isocodes,REFERENCE_DATA_IMPORTED,NEEDS_AR_TRANSLATION,2026-08-05,Administrative subdivision only; cities are imported in later city files.
UPSERT,reg_bt_31,BT,BTN,Bhutan,بوتان,Kingdom of Bhutan,Asia,آسيا,Southern Asia,جنوب آسيا,BT-31,,,1,district,District,Sarpang,,Sarpang,true,ISO_3166_2,https://www.iso.org/obp/ui/#search,ISO 3166-2 subdivisions via pycountry/isocodes,REFERENCE_DATA_IMPORTED,NEEDS_AR_TRANSLATION,2026-08-05,Administrative subdivision only; cities are imported in later city files.
UPSERT,reg_bt_32,BT,BTN,Bhutan,بوتان,Kingdom of Bhutan,Asia,آسيا,Southern Asia,جنوب آسيا,BT-32,,,1,district,District,Trongsa,,Trongsa,true,ISO_3166_2,https://www.iso.org/obp/ui/#search,ISO 3166-2 subdivisions via pycountry/isocodes,REFERENCE_DATA_IMPORTED,NEEDS_AR_TRANSLATION,2026-08-05,Administrative subdivision only; cities are imported in later city files.
UPSERT,reg_bt_33,BT,BTN,Bhutan,بوتان,Kingdom of Bhutan,Asia,آسيا,Southern Asia,جنوب آسيا,BT-33,,,1,district,District,Bumthang,,Bumthang,true,ISO_3166_2,https://www.iso.org/obp/ui/#search,ISO 3166-2 subdivisions via pycountry/isocodes,REFERENCE_DATA_IMPORTED,NEEDS_AR_TRANSLATION,2026-08-05,Administrative subdivision only; cities are imported in later city files.
UPSERT,reg_bt_34,BT,BTN,Bhutan,بوتان,Kingdom of Bhutan,Asia,آسيا,Southern Asia,جنوب آسيا,BT-34,,,1,district,District,Zhemgang,,Zhemgang,true,ISO_3166_2,https://www.iso.org/obp/ui/#search,ISO 3166-2 subdivisions via pycountry/isocodes,REFERENCE_DATA_IMPORTED,NEEDS_AR_TRANSLATION,2026-08-05,Administrative subdivision only; cities are imported in later city files.
UPSERT,reg_bt_41,BT,BTN,Bhutan,بوتان,Kingdom of Bhutan,Asia,آسيا,Southern Asia,جنوب آسيا,BT-41,,,1,district,District,Trashigang,,Trashigang,true,ISO_3166_2,https://www.iso.org/obp/ui/#search,ISO 3166-2 subdivisions via pycountry/isocodes,REFERENCE_DATA_IMPORTED,NEEDS_AR_TRANSLATION,2026-08-05,Administrative subdivision only; cities are imported in later city files.
UPSERT,reg_bt_42,BT,BTN,Bhutan,بوتان,Kingdom of Bhutan,Asia,آسيا,Southern Asia,جنوب آسيا,BT-42,,,1,district,District,Monggar,,Monggar,true,ISO_3166_2,https://www.iso.org/obp/ui/#search,ISO 3166-2 subdivisions via pycountry/isocodes,REFERENCE_DATA_IMPORTED,NEEDS_AR_TRANSLATION,2026-08-05,Administrative subdivision only; cities are imported in later city files.
UPSERT,reg_bt_43,BT,BTN,Bhutan,بوتان,Kingdom of Bhutan,Asia,آسيا,Southern Asia,جنوب آسيا,BT-43,,,1,district,District,Pema Gatshel,,Pema Gatshel,true,ISO_3166_2,https://www.iso.org/obp/ui/#search,ISO 3166-2 subdivisions via pycountry/isocodes,REFERENCE_DATA_IMPORTED,NEEDS_AR_TRANSLATION,2026-08-05,Administrative subdivision only; cities are imported in later city files.
UPSERT,reg_bt_44,BT,BTN,Bhutan,بوتان,Kingdom of Bhutan,Asia,آسيا,Southern Asia,جنوب آسيا,BT-44,,,1,district,District,Lhuentse,,Lhuentse,true,ISO_3166_2,https://www.iso.org/obp/ui/#search,ISO 3166-2 subdivisions via pycountry/isocodes,REFERENCE_DATA_IMPORTED,NEEDS_AR_TRANSLATION,2026-08-05,Administrative subdivision only; cities are imported in later city files.
UPSERT,reg_bt_45,BT,BTN,Bhutan,بوتان,Kingdom of Bhutan,Asia,آسيا,Southern Asia,جنوب آسيا,BT-45,,,1,district,District,Samdrup Jongkhar,,Samdrup Jongkhar,true,ISO_3166_2,https://www.iso.org/obp/ui/#search,ISO 3166-2 subdivisions via pycountry/isocodes,REFERENCE_DATA_IMPORTED,NEEDS_AR_TRANSLATION,2026-08-05,Administrative subdivision only; cities are imported in later city files.
UPSERT,reg_bt_ga,BT,BTN,Bhutan,بوتان,Kingdom of Bhutan,Asia,آسيا,Southern Asia,جنوب آسيا,BT-GA,,,1,district,District,Gasa,,Gasa,true,ISO_3166_2,https://www.iso.org/obp/ui/#search,ISO 3166-2 subdivisions via pycountry/isocodes,REFERENCE_DATA_IMPORTED,NEEDS_AR_TRANSLATION,2026-08-05,Administrative subdivision only; cities are imported in later city files.
UPSERT,reg_bt_ty,BT,BTN,Bhutan,بوتان,Kingdom of Bhutan,Asia,آسيا,Southern Asia,جنوب آسيا,BT-TY,,,1,district,District,Trashi Yangtse,,Trashi Yangtse,true,ISO_3166_2,https://www.iso.org/obp/ui/#search,ISO 3166-2 subdivisions via pycountry/isocodes,REFERENCE_DATA_IMPORTED,NEEDS_AR_TRANSLATION,2026-08-05,Administrative subdivision only; cities are imported in later city files.
UPSERT,reg_cn_ah,CN,CHN,China,الصين,People's Republic of China,Asia,آسيا,Eastern Asia,شرق آسيا,CN-AH,,,1,province,Province,Anhui Sheng,,Anhui Sheng,true,ISO_3166_2,https://www.iso.org/obp/ui/#search,ISO 3166-2 subdivisions via pycountry/isocodes,REFERENCE_DATA_IMPORTED,NEEDS_AR_TRANSLATION,2026-08-05,Administrative subdivision only; cities are imported in later city files.
UPSERT,reg_cn_bj,CN,CHN,China,الصين,People's Republic of China,Asia,آسيا,Eastern Asia,شرق آسيا,CN-BJ,,,1,municipality,Municipality,Beijing Shi,,Beijing Shi,true,ISO_3166_2,https://www.iso.org/obp/ui/#search,ISO 3166-2 subdivisions via pycountry/isocodes,REFERENCE_DATA_IMPORTED,NEEDS_AR_TRANSLATION,2026-08-05,Administrative subdivision only; cities are imported in later city files.
UPSERT,reg_cn_cq,CN,CHN,China,الصين,People's Republic of China,Asia,آسيا,Eastern Asia,شرق آسيا,CN-CQ,,,1,municipality,Municipality,Chongqing Shi,,Chongqing Shi,true,ISO_3166_2,https://www.iso.org/obp/ui/#search,ISO 3166-2 subdivisions via pycountry/isocodes,REFERENCE_DATA_IMPORTED,NEEDS_AR_TRANSLATION,2026-08-05,Administrative subdivision only; cities are imported in later city files.
UPSERT,reg_cn_fj,CN,CHN,China,الصين,People's Republic of China,Asia,آسيا,Eastern Asia,شرق آسيا,CN-FJ,,,1,province,Province,Fujian Sheng,,Fujian Sheng,true,ISO_3166_2,https://www.iso.org/obp/ui/#search,ISO 3166-2 subdivisions via pycountry/isocodes,REFERENCE_DATA_IMPORTED,NEEDS_AR_TRANSLATION,2026-08-05,Administrative subdivision only; cities are imported in later city files.
UPSERT,reg_cn_gd,CN,CHN,China,الصين,People's Republic of China,Asia,آسيا,Eastern Asia,شرق آسيا,CN-GD,,,1,province,Province,Guangdong Sheng,,Guangdong Sheng,true,ISO_3166_2,https://www.iso.org/obp/ui/#search,ISO 3166-2 subdivisions via pycountry/isocodes,REFERENCE_DATA_IMPORTED,NEEDS_AR_TRANSLATION,2026-08-05,Administrative subdivision only; cities are imported in later city files.
UPSERT,reg_cn_gs,CN,CHN,China,الصين,People's Republic of China,Asia,آسيا,Eastern Asia,شرق آسيا,CN-GS,,,1,province,Province,Gansu Sheng,,Gansu Sheng,true,ISO_3166_2,https://www.iso.org/obp/ui/#search,ISO 3166-2 subdivisions via pycountry/isocodes,REFERENCE_DATA_IMPORTED,NEEDS_AR_TRANSLATION,2026-08-05,Administrative subdivision only; cities are imported in later city files.
UPSERT,reg_cn_gx,CN,CHN,China,الصين,People's Republic of China,Asia,آسيا,Eastern Asia,شرق آسيا,CN-GX,,,1,autonomous_region,Autonomous region,Guangxi Zhuangzu Zizhiqu,,Guangxi Zhuangzu Zizhiqu,true,ISO_3166_2,https://www.iso.org/obp/ui/#search,ISO 3166-2 subdivisions via pycountry/isocodes,REFERENCE_DATA_IMPORTED,NEEDS_AR_TRANSLATION,2026-08-05,Administrative subdivision only; cities are imported in later city files.
UPSERT,reg_cn_gz,CN,CHN,China,الصين,People's Republic of China,Asia,آسيا,Eastern Asia,شرق آسيا,CN-GZ,,,1,province,Province,Guizhou Sheng,,Guizhou Sheng,true,ISO_3166_2,https://www.iso.org/obp/ui/#search,ISO 3166-2 subdivisions via pycountry/isocodes,REFERENCE_DATA_IMPORTED,NEEDS_AR_TRANSLATION,2026-08-05,Administrative subdivision only; cities are imported in later city files.
UPSERT,reg_cn_ha,CN,CHN,China,الصين,People's Republic of China,Asia,آسيا,Eastern Asia,شرق آسيا,CN-HA,,,1,province,Province,Henan Sheng,,Henan Sheng,true,ISO_3166_2,https://www.iso.org/obp/ui/#search,ISO 3166-2 subdivisions via pycountry/isocodes,REFERENCE_DATA_IMPORTED,NEEDS_AR_TRANSLATION,2026-08-05,Administrative subdivision only; cities are imported in later city files.
UPSERT,reg_cn_hb,CN,CHN,China,الصين,People's Republic of China,Asia,آسيا,Eastern Asia,شرق آسيا,CN-HB,,,1,province,Province,Hubei Sheng,,Hubei Sheng,true,ISO_3166_2,https://www.iso.org/obp/ui/#search,ISO 3166-2 subdivisions via pycountry/isocodes,REFERENCE_DATA_IMPORTED,NEEDS_AR_TRANSLATION,2026-08-05,Administrative subdivision only; cities are imported in later city files.
UPSERT,reg_cn_he,CN,CHN,China,الصين,People's Republic of China,Asia,آسيا,Eastern Asia,شرق آسيا,CN-HE,,,1,province,Province,Hebei Sheng,,Hebei Sheng,true,ISO_3166_2,https://www.iso.org/obp/ui/#search,ISO 3166-2 subdivisions via pycountry/isocodes,REFERENCE_DATA_IMPORTED,NEEDS_AR_TRANSLATION,2026-08-05,Administrative subdivision only; cities are imported in later city files.
UPSERT,reg_cn_hi,CN,CHN,China,الصين,People's Republic of China,Asia,آسيا,Eastern Asia,شرق آسيا,CN-HI,,,1,province,Province,Hainan Sheng,,Hainan Sheng,true,ISO_3166_2,https://www.iso.org/obp/ui/#search,ISO 3166-2 subdivisions via pycountry/isocodes,REFERENCE_DATA_IMPORTED,NEEDS_AR_TRANSLATION,2026-08-05,Administrative subdivision only; cities are imported in later city files.
UPSERT,reg_cn_hk,CN,CHN,China,الصين,People's Republic of China,Asia,آسيا,Eastern Asia,شرق آسيا,CN-HK,,,1,special_administrative_region,Special administrative region,Hong Kong SAR,,Hong Kong SAR,true,ISO_3166_2,https://www.iso.org/obp/ui/#search,ISO 3166-2 subdivisions via pycountry/isocodes,REFERENCE_DATA_IMPORTED,NEEDS_AR_TRANSLATION,2026-08-05,Administrative subdivision only; cities are imported in later city files.
UPSERT,reg_cn_hl,CN,CHN,China,الصين,People's Republic of China,Asia,آسيا,Eastern Asia,شرق آسيا,CN-HL,,,1,province,Province,Heilongjiang Sheng,,Heilongjiang Sheng,true,ISO_3166_2,https://www.iso.org/obp/ui/#search,ISO 3166-2 subdivisions via pycountry/isocodes,REFERENCE_DATA_IMPORTED,NEEDS_AR_TRANSLATION,2026-08-05,Administrative subdivision only; cities are imported in later city files.
UPSERT,reg_cn_hn,CN,CHN,China,الصين,People's Republic of China,Asia,آسيا,Eastern Asia,شرق آسيا,CN-HN,,,1,province,Province,Hunan Sheng,,Hunan Sheng,true,ISO_3166_2,https://www.iso.org/obp/ui/#search,ISO 3166-2 subdivisions via pycountry/isocodes,REFERENCE_DATA_IMPORTED,NEEDS_AR_TRANSLATION,2026-08-05,Administrative subdivision only; cities are imported in later city files.
UPSERT,reg_cn_jl,CN,CHN,China,الصين,People's Republic of China,Asia,آسيا,Eastern Asia,شرق آسيا,CN-JL,,,1,province,Province,Jilin Sheng,,Jilin Sheng,true,ISO_3166_2,https://www.iso.org/obp/ui/#search,ISO 3166-2 subdivisions via pycountry/isocodes,REFERENCE_DATA_IMPORTED,NEEDS_AR_TRANSLATION,2026-08-05,Administrative subdivision only; cities are imported in later city files.
UPSERT,reg_cn_js,CN,CHN,China,الصين,People's Republic of China,Asia,آسيا,Eastern Asia,شرق آسيا,CN-JS,,,1,province,Province,Jiangsu Sheng,,Jiangsu Sheng,true,ISO_3166_2,https://www.iso.org/obp/ui/#search,ISO 3166-2 subdivisions via pycountry/isocodes,REFERENCE_DATA_IMPORTED,NEEDS_AR_TRANSLATION,2026-08-05,Administrative subdivision only; cities are imported in later city files.
UPSERT,reg_cn_jx,CN,CHN,China,الصين,People's Republic of China,Asia,آسيا,Eastern Asia,شرق آسيا,CN-JX,,,1,province,Province,Jiangxi Sheng,,Jiangxi Sheng,true,ISO_3166_2,https://www.iso.org/obp/ui/#search,ISO 3166-2 subdivisions via pycountry/isocodes,REFERENCE_DATA_IMPORTED,NEEDS_AR_TRANSLATION,2026-08-05,Administrative subdivision only; cities are imported in later city files.
UPSERT,reg_cn_ln,CN,CHN,China,الصين,People's Republic of China,Asia,آسيا,Eastern Asia,شرق آسيا,CN-LN,,,1,province,Province,Liaoning Sheng,,Liaoning Sheng,true,ISO_3166_2,https://www.iso.org/obp/ui/#search,ISO 3166-2 subdivisions via pycountry/isocodes,REFERENCE_DATA_IMPORTED,NEEDS_AR_TRANSLATION,2026-08-05,Administrative subdivision only; cities are imported in later city files.
UPSERT,reg_cn_mo,CN,CHN,China,الصين,People's Republic of China,Asia,آسيا,Eastern Asia,شرق آسيا,CN-MO,,,1,special_administrative_region,Special administrative region,Macao SAR,,Macao SAR,true,ISO_3166_2,https://www.iso.org/obp/ui/#search,ISO 3166-2 subdivisions via pycountry/isocodes,REFERENCE_DATA_IMPORTED,NEEDS_AR_TRANSLATION,2026-08-05,Administrative subdivision only; cities are imported in later city files.
UPSERT,reg_cn_nm,CN,CHN,China,الصين,People's Republic of China,Asia,آسيا,Eastern Asia,شرق آسيا,CN-NM,,,1,autonomous_region,Autonomous region,Nei Mongol Zizhiqu,,Nei Mongol Zizhiqu,true,ISO_3166_2,https://www.iso.org/obp/ui/#search,ISO 3166-2 subdivisions via pycountry/isocodes,REFERENCE_DATA_IMPORTED,NEEDS_AR_TRANSLATION,2026-08-05,Administrative subdivision only; cities are imported in later city files.
UPSERT,reg_cn_nx,CN,CHN,China,الصين,People's Republic of China,Asia,آسيا,Eastern Asia,شرق آسيا,CN-NX,,,1,autonomous_region,Autonomous region,Ningxia Huizu Zizhiqu,,Ningxia Huizu Zizhiqu,true,ISO_3166_2,https://www.iso.org/obp/ui/#search,ISO 3166-2 subdivisions via pycountry/isocodes,REFERENCE_DATA_IMPORTED,NEEDS_AR_TRANSLATION,2026-08-05,Administrative subdivision only; cities are imported in later city files.
UPSERT,reg_cn_qh,CN,CHN,China,الصين,People's Republic of China,Asia,آسيا,Eastern Asia,شرق آسيا,CN-QH,,,1,province,Province,Qinghai Sheng,,Qinghai Sheng,true,ISO_3166_2,https://www.iso.org/obp/ui/#search,ISO 3166-2 subdivisions via pycountry/isocodes,REFERENCE_DATA_IMPORTED,NEEDS_AR_TRANSLATION,2026-08-05,Administrative subdivision only; cities are imported in later city files.
UPSERT,reg_cn_sc,CN,CHN,China,الصين,People's Republic of China,Asia,آسيا,Eastern Asia,شرق آسيا,CN-SC,,,1,province,Province,Sichuan Sheng,,Sichuan Sheng,true,ISO_3166_2,https://www.iso.org/obp/ui/#search,ISO 3166-2 subdivisions via pycountry/isocodes,REFERENCE_DATA_IMPORTED,NEEDS_AR_TRANSLATION,2026-08-05,Administrative subdivision only; cities are imported in later city files.
UPSERT,reg_cn_sd,CN,CHN,China,الصين,People's Republic of China,Asia,آسيا,Eastern Asia,شرق آسيا,CN-SD,,,1,province,Province,Shandong Sheng,,Shandong Sheng,true,ISO_3166_2,https://www.iso.org/obp/ui/#search,ISO 3166-2 subdivisions via pycountry/isocodes,REFERENCE_DATA_IMPORTED,NEEDS_AR_TRANSLATION,2026-08-05,Administrative subdivision only; cities are imported in later city files.
UPSERT,reg_cn_sh,CN,CHN,China,الصين,People's Republic of China,Asia,آسيا,Eastern Asia,شرق آسيا,CN-SH,,,1,municipality,Municipality,Shanghai Shi,,Shanghai Shi,true,ISO_3166_2,https://www.iso.org/obp/ui/#search,ISO 3166-2 subdivisions via pycountry/isocodes,REFERENCE_DATA_IMPORTED,NEEDS_AR_TRANSLATION,2026-08-05,Administrative subdivision only; cities are imported in later city files.
UPSERT,reg_cn_sn,CN,CHN,China,الصين,People's Republic of China,Asia,آسيا,Eastern Asia,شرق آسيا,CN-SN,,,1,province,Province,Shaanxi Sheng,,Shaanxi Sheng,true,ISO_3166_2,https://www.iso.org/obp/ui/#search,ISO 3166-2 subdivisions via pycountry/isocodes,REFERENCE_DATA_IMPORTED,NEEDS_AR_TRANSLATION,2026-08-05,Administrative subdivision only; cities are imported in later city files.
UPSERT,reg_cn_sx,CN,CHN,China,الصين,People's Republic of China,Asia,آسيا,Eastern Asia,شرق آسيا,CN-SX,,,1,province,Province,Shanxi Sheng,,Shanxi Sheng,true,ISO_3166_2,https://www.iso.org/obp/ui/#search,ISO 3166-2 subdivisions via pycountry/isocodes,REFERENCE_DATA_IMPORTED,NEEDS_AR_TRANSLATION,2026-08-05,Administrative subdivision only; cities are imported in later city files.
UPSERT,reg_cn_tj,CN,CHN,China,الصين,People's Republic of China,Asia,آسيا,Eastern Asia,شرق آسيا,CN-TJ,,,1,municipality,Municipality,Tianjin Shi,,Tianjin Shi,true,ISO_3166_2,https://www.iso.org/obp/ui/#search,ISO 3166-2 subdivisions via pycountry/isocodes,REFERENCE_DATA_IMPORTED,NEEDS_AR_TRANSLATION,2026-08-05,Administrative subdivision only; cities are imported in later city files.
UPSERT,reg_cn_tw,CN,CHN,China,الصين,People's Republic of China,Asia,آسيا,Eastern Asia,شرق آسيا,CN-TW,,,1,province,Province,Taiwan Sheng,,Taiwan Sheng,true,ISO_3166_2,https://www.iso.org/obp/ui/#search,ISO 3166-2 subdivisions via pycountry/isocodes,REFERENCE_DATA_IMPORTED,NEEDS_AR_TRANSLATION,2026-08-05,Administrative subdivision only; cities are imported in later city files.
UPSERT,reg_cn_xj,CN,CHN,China,الصين,People's Republic of China,Asia,آسيا,Eastern Asia,شرق آسيا,CN-XJ,,,1,autonomous_region,Autonomous region,Xinjiang Uygur Zizhiqu,,Xinjiang Uygur Zizhiqu,true,ISO_3166_2,https://www.iso.org/obp/ui/#search,ISO 3166-2 subdivisions via pycountry/isocodes,REFERENCE_DATA_IMPORTED,NEEDS_AR_TRANSLATION,2026-08-05,Administrative subdivision only; cities are imported in later city files.
UPSERT,reg_cn_xz,CN,CHN,China,الصين,People's Republic of China,Asia,آسيا,Eastern Asia,شرق آسيا,CN-XZ,,,1,autonomous_region,Autonomous region,Xizang Zizhiqu,,Xizang Zizhiqu,true,ISO_3166_2,https://www.iso.org/obp/ui/#search,ISO 3166-2 subdivisions via pycountry/isocodes,REFERENCE_DATA_IMPORTED,NEEDS_AR_TRANSLATION,2026-08-05,Administrative subdivision only; cities are imported in later city files.
UPSERT,reg_cn_yn,CN,CHN,China,الصين,People's Republic of China,Asia,آسيا,Eastern Asia,شرق آسيا,CN-YN,,,1,province,Province,Yunnan Sheng,,Yunnan Sheng,true,ISO_3166_2,https://www.iso.org/obp/ui/#search,ISO 3166-2 subdivisions via pycountry/isocodes,REFERENCE_DATA_IMPORTED,NEEDS_AR_TRANSLATION,2026-08-05,Administrative subdivision only; cities are imported in later city files.
UPSERT,reg_cn_zj,CN,CHN,China,الصين,People's Republic of China,Asia,آسيا,Eastern Asia,شرق آسيا,CN-ZJ,,,1,province,Province,Zhejiang Sheng,,Zhejiang Sheng,true,ISO_3166_2,https://www.iso.org/obp/ui/#search,ISO 3166-2 subdivisions via pycountry/isocodes,REFERENCE_DATA_IMPORTED,NEEDS_AR_TRANSLATION,2026-08-05,Administrative subdivision only; cities are imported in later city files.
UPSERT,reg_cy_01,CY,CYP,Cyprus,قبرص,Republic of Cyprus,Asia,آسيا,Southern Europe,جنوب أوروبا,CY-01,,,1,district,District,Lefkosia,,Lefkosia,true,ISO_3166_2,https://www.iso.org/obp/ui/#search,ISO 3166-2 subdivisions via pycountry/isocodes,REFERENCE_DATA_IMPORTED,NEEDS_AR_TRANSLATION,2026-08-05,Administrative subdivision only; cities are imported in later city files.
UPSERT,reg_cy_02,CY,CYP,Cyprus,قبرص,Republic of Cyprus,Asia,آسيا,Southern Europe,جنوب أوروبا,CY-02,,,1,district,District,Lemesos,,Lemesos,true,ISO_3166_2,https://www.iso.org/obp/ui/#search,ISO 3166-2 subdivisions via pycountry/isocodes,REFERENCE_DATA_IMPORTED,NEEDS_AR_TRANSLATION,2026-08-05,Administrative subdivision only; cities are imported in later city files.
UPSERT,reg_cy_03,CY,CYP,Cyprus,قبرص,Republic of Cyprus,Asia,آسيا,Southern Europe,جنوب أوروبا,CY-03,,,1,district,District,Larnaka,,Larnaka,true,ISO_3166_2,https://www.iso.org/obp/ui/#search,ISO 3166-2 subdivisions via pycountry/isocodes,REFERENCE_DATA_IMPORTED,NEEDS_AR_TRANSLATION,2026-08-05,Administrative subdivision only; cities are imported in later city files.
UPSERT,reg_cy_04,CY,CYP,Cyprus,قبرص,Republic of Cyprus,Asia,آسيا,Southern Europe,جنوب أوروبا,CY-04,,,1,district,District,Ammochostos,,Ammochostos,true,ISO_3166_2,https://www.iso.org/obp/ui/#search,ISO 3166-2 subdivisions via pycountry/isocodes,REFERENCE_DATA_IMPORTED,NEEDS_AR_TRANSLATION,2026-08-05,Administrative subdivision only; cities are imported in later city files.
UPSERT,reg_cy_05,CY,CYP,Cyprus,قبرص,Republic of Cyprus,Asia,آسيا,Southern Europe,جنوب أوروبا,CY-05,,,1,district,District,Baf,,Baf,true,ISO_3166_2,https://www.iso.org/obp/ui/#search,ISO 3166-2 subdivisions via pycountry/isocodes,REFERENCE_DATA_IMPORTED,NEEDS_AR_TRANSLATION,2026-08-05,Administrative subdivision only; cities are imported in later city files.
UPSERT,reg_cy_06,CY,CYP,Cyprus,قبرص,Republic of Cyprus,Asia,آسيا,Southern Europe,جنوب أوروبا,CY-06,,,1,district,District,Girne,,Girne,true,ISO_3166_2,https://www.iso.org/obp/ui/#search,ISO 3166-2 subdivisions via pycountry/isocodes,REFERENCE_DATA_IMPORTED,NEEDS_AR_TRANSLATION,2026-08-05,Administrative subdivision only; cities are imported in later city files.
UPSERT,reg_ge_ab,GE,GEO,Georgia,جورجيا,,Asia,آسيا,Western Asia,غرب آسيا,GE-AB,,,1,autonomous_republic,Autonomous republic,Abkhazia,,Abkhazia,true,ISO_3166_2,https://www.iso.org/obp/ui/#search,ISO 3166-2 subdivisions via pycountry/isocodes,REFERENCE_DATA_IMPORTED,NEEDS_AR_TRANSLATION,2026-08-05,Administrative subdivision only; cities are imported in later city files.
UPSERT,reg_ge_aj,GE,GEO,Georgia,جورجيا,,Asia,آسيا,Western Asia,غرب آسيا,GE-AJ,,,1,autonomous_republic,Autonomous republic,Ajaria,,Ajaria,true,ISO_3166_2,https://www.iso.org/obp/ui/#search,ISO 3166-2 subdivisions via pycountry/isocodes,REFERENCE_DATA_IMPORTED,NEEDS_AR_TRANSLATION,2026-08-05,Administrative subdivision only; cities are imported in later city files.
UPSERT,reg_ge_gu,GE,GEO,Georgia,جورجيا,,Asia,آسيا,Western Asia,غرب آسيا,GE-GU,,,1,region,Region,Guria,,Guria,true,ISO_3166_2,https://www.iso.org/obp/ui/#search,ISO 3166-2 subdivisions via pycountry/isocodes,REFERENCE_DATA_IMPORTED,NEEDS_AR_TRANSLATION,2026-08-05,Administrative subdivision only; cities are imported in later city files.
UPSERT,reg_ge_im,GE,GEO,Georgia,جورجيا,,Asia,آسيا,Western Asia,غرب آسيا,GE-IM,,,1,region,Region,Imereti,,Imereti,true,ISO_3166_2,https://www.iso.org/obp/ui/#search,ISO 3166-2 subdivisions via pycountry/isocodes,REFERENCE_DATA_IMPORTED,NEEDS_AR_TRANSLATION,2026-08-05,Administrative subdivision only; cities are imported in later city files.
UPSERT,reg_ge_ka,GE,GEO,Georgia,جورجيا,,Asia,آسيا,Western Asia,غرب آسيا,GE-KA,,,1,region,Region,K'akheti,,K'akheti,true,ISO_3166_2,https://www.iso.org/obp/ui/#search,ISO 3166-2 subdivisions via pycountry/isocodes,REFERENCE_DATA_IMPORTED,NEEDS_AR_TRANSLATION,2026-08-05,Administrative subdivision only; cities are imported in later city files.
UPSERT,reg_ge_kk,GE,GEO,Georgia,جورجيا,,Asia,آسيا,Western Asia,غرب آسيا,GE-KK,,,1,region,Region,Kvemo Kartli,,Kvemo Kartli,true,ISO_3166_2,https://www.iso.org/obp/ui/#search,ISO 3166-2 subdivisions via pycountry/isocodes,REFERENCE_DATA_IMPORTED,NEEDS_AR_TRANSLATION,2026-08-05,Administrative subdivision only; cities are imported in later city files.
UPSERT,reg_ge_mm,GE,GEO,Georgia,جورجيا,,Asia,آسيا,Western Asia,غرب آسيا,GE-MM,,,1,region,Region,Mtskheta-Mtianeti,,Mtskheta-Mtianeti,true,ISO_3166_2,https://www.iso.org/obp/ui/#search,ISO 3166-2 subdivisions via pycountry/isocodes,REFERENCE_DATA_IMPORTED,NEEDS_AR_TRANSLATION,2026-08-05,Administrative subdivision only; cities are imported in later city files.
UPSERT,reg_ge_rl,GE,GEO,Georgia,جورجيا,,Asia,آسيا,Western Asia,غرب آسيا,GE-RL,,,1,region,Region,Rach'a-Lechkhumi-Kvemo Svaneti,,Rach'a-Lechkhumi-Kvemo Svaneti,true,ISO_3166_2,https://www.iso.org/obp/ui/#search,ISO 3166-2 subdivisions via pycountry/isocodes,REFERENCE_DATA_IMPORTED,NEEDS_AR_TRANSLATION,2026-08-05,Administrative subdivision only; cities are imported in later city files.
UPSERT,reg_ge_sj,GE,GEO,Georgia,جورجيا,,Asia,آسيا,Western Asia,غرب آسيا,GE-SJ,,,1,region,Region,Samtskhe-Javakheti,,Samtskhe-Javakheti,true,ISO_3166_2,https://www.iso.org/obp/ui/#search,ISO 3166-2 subdivisions via pycountry/isocodes,REFERENCE_DATA_IMPORTED,NEEDS_AR_TRANSLATION,2026-08-05,Administrative subdivision only; cities are imported in later city files.
UPSERT,reg_ge_sk,GE,GEO,Georgia,جورجيا,,Asia,آسيا,Western Asia,غرب آسيا,GE-SK,,,1,region,Region,Shida Kartli,,Shida Kartli,true,ISO_3166_2,https://www.iso.org/obp/ui/#search,ISO 3166-2 subdivisions via pycountry/isocodes,REFERENCE_DATA_IMPORTED,NEEDS_AR_TRANSLATION,2026-08-05,Administrative subdivision only; cities are imported in later city files.
UPSERT,reg_ge_sz,GE,GEO,Georgia,جورجيا,,Asia,آسيا,Western Asia,غرب آسيا,GE-SZ,,,1,region,Region,Samegrelo-Zemo Svaneti,,Samegrelo-Zemo Svaneti,true,ISO_3166_2,https://www.iso.org/obp/ui/#search,ISO 3166-2 subdivisions via pycountry/isocodes,REFERENCE_DATA_IMPORTED,NEEDS_AR_TRANSLATION,2026-08-05,Administrative subdivision only; cities are imported in later city files.
UPSERT,reg_ge_tb,GE,GEO,Georgia,جورجيا,,Asia,آسيا,Western Asia,غرب آسيا,GE-TB,,,1,city,City,Tbilisi,,Tbilisi,true,ISO_3166_2,https://www.iso.org/obp/ui/#search,ISO 3166-2 subdivisions via pycountry/isocodes,REFERENCE_DATA_IMPORTED,NEEDS_AR_TRANSLATION,2026-08-05,Administrative subdivision only; cities are imported in later city files.
UPSERT,reg_id_ac,ID,IDN,Indonesia,إندونيسيا,Republic of Indonesia,Asia,آسيا,South-Eastern Asia,جنوب شرق آسيا,ID-AC,ID-SM,Sumatera,2,province,Province,Aceh,,Aceh,true,ISO_3166_2,https://www.iso.org/obp/ui/#search,ISO 3166-2 subdivisions via pycountry/isocodes,REFERENCE_DATA_IMPORTED,NEEDS_AR_TRANSLATION,2026-08-05,Administrative subdivision only; cities are imported in later city files.
UPSERT,reg_id_ba,ID,IDN,Indonesia,إندونيسيا,Republic of Indonesia,Asia,آسيا,South-Eastern Asia,جنوب شرق آسيا,ID-BA,ID-NU,Nusa Tenggara,2,province,Province,Bali,,Bali,true,ISO_3166_2,https://www.iso.org/obp/ui/#search,ISO 3166-2 subdivisions via pycountry/isocodes,REFERENCE_DATA_IMPORTED,NEEDS_AR_TRANSLATION,2026-08-05,Administrative subdivision only; cities are imported in later city files.
UPSERT,reg_id_bb,ID,IDN,Indonesia,إندونيسيا,Republic of Indonesia,Asia,آسيا,South-Eastern Asia,جنوب شرق آسيا,ID-BB,ID-SM,Sumatera,2,province,Province,Kepulauan Bangka Belitung,,Kepulauan Bangka Belitung,true,ISO_3166_2,https://www.iso.org/obp/ui/#search,ISO 3166-2 subdivisions via pycountry/isocodes,REFERENCE_DATA_IMPORTED,NEEDS_AR_TRANSLATION,2026-08-05,Administrative subdivision only; cities are imported in later city files.
UPSERT,reg_id_be,ID,IDN,Indonesia,إندونيسيا,Republic of Indonesia,Asia,آسيا,South-Eastern Asia,جنوب شرق آسيا,ID-BE,ID-SM,Sumatera,2,province,Province,Bengkulu,,Bengkulu,true,ISO_3166_2,https://www.iso.org/obp/ui/#search,ISO 3166-2 subdivisions via pycountry/isocodes,REFERENCE_DATA_IMPORTED,NEEDS_AR_TRANSLATION,2026-08-05,Administrative subdivision only; cities are imported in later city files.
UPSERT,reg_id_bt,ID,IDN,Indonesia,إندونيسيا,Republic of Indonesia,Asia,آسيا,South-Eastern Asia,جنوب شرق آسيا,ID-BT,ID-JW,Jawa,2,province,Province,Banten,,Banten,true,ISO_3166_2,https://www.iso.org/obp/ui/#search,ISO 3166-2 subdivisions via pycountry/isocodes,REFERENCE_DATA_IMPORTED,NEEDS_AR_TRANSLATION,2026-08-05,Administrative subdivision only; cities are imported in later city files.
UPSERT,reg_id_go,ID,IDN,Indonesia,إندونيسيا,Republic of Indonesia,Asia,آسيا,South-Eastern Asia,جنوب شرق آسيا,ID-GO,ID-SL,Sulawesi,2,province,Province,Gorontalo,,Gorontalo,true,ISO_3166_2,https://www.iso.org/obp/ui/#search,ISO 3166-2 subdivisions via pycountry/isocodes,REFERENCE_DATA_IMPORTED,NEEDS_AR_TRANSLATION,2026-08-05,Administrative subdivision only; cities are imported in later city files.
UPSERT,reg_id_ja,ID,IDN,Indonesia,إندونيسيا,Republic of Indonesia,Asia,آسيا,South-Eastern Asia,جنوب شرق آسيا,ID-JA,ID-SM,Sumatera,2,province,Province,Jambi,,Jambi,true,ISO_3166_2,https://www.iso.org/obp/ui/#search,ISO 3166-2 subdivisions via pycountry/isocodes,REFERENCE_DATA_IMPORTED,NEEDS_AR_TRANSLATION,2026-08-05,Administrative subdivision only; cities are imported in later city files.
UPSERT,reg_id_jb,ID,IDN,Indonesia,إندونيسيا,Republic of Indonesia,Asia,آسيا,South-Eastern Asia,جنوب شرق آسيا,ID-JB,ID-JW,Jawa,2,province,Province,Jawa Barat,,Jawa Barat,true,ISO_3166_2,https://www.iso.org/obp/ui/#search,ISO 3166-2 subdivisions via pycountry/isocodes,REFERENCE_DATA_IMPORTED,NEEDS_AR_TRANSLATION,2026-08-05,Administrative subdivision only; cities are imported in later city files.
UPSERT,reg_id_ji,ID,IDN,Indonesia,إندونيسيا,Republic of Indonesia,Asia,آسيا,South-Eastern Asia,جنوب شرق آسيا,ID-JI,ID-JW,Jawa,2,province,Province,Jawa Timur,,Jawa Timur,true,ISO_3166_2,https://www.iso.org/obp/ui/#search,ISO 3166-2 subdivisions via pycountry/isocodes,REFERENCE_DATA_IMPORTED,NEEDS_AR_TRANSLATION,2026-08-05,Administrative subdivision only; cities are imported in later city files.
UPSERT,reg_id_jk,ID,IDN,Indonesia,إندونيسيا,Republic of Indonesia,Asia,آسيا,South-Eastern Asia,جنوب شرق آسيا,ID-JK,ID-JW,Jawa,2,capital_district,Capital district,Jakarta Raya,,Jakarta Raya,true,ISO_3166_2,https://www.iso.org/obp/ui/#search,ISO 3166-2 subdivisions via pycountry/isocodes,REFERENCE_DATA_IMPORTED,NEEDS_AR_TRANSLATION,2026-08-05,Administrative subdivision only; cities are imported in later city files.
UPSERT,reg_id_jt,ID,IDN,Indonesia,إندونيسيا,Republic of Indonesia,Asia,آسيا,South-Eastern Asia,جنوب شرق آسيا,ID-JT,ID-JW,Jawa,2,province,Province,Jawa Tengah,,Jawa Tengah,true,ISO_3166_2,https://www.iso.org/obp/ui/#search,ISO 3166-2 subdivisions via pycountry/isocodes,REFERENCE_DATA_IMPORTED,NEEDS_AR_TRANSLATION,2026-08-05,Administrative subdivision only; cities are imported in later city files.
UPSERT,reg_id_jw,ID,IDN,Indonesia,إندونيسيا,Republic of Indonesia,Asia,آسيا,South-Eastern Asia,جنوب شرق آسيا,ID-JW,,,1,geographical_unit,Geographical unit,Jawa,,Jawa,true,ISO_3166_2,https://www.iso.org/obp/ui/#search,ISO 3166-2 subdivisions via pycountry/isocodes,REFERENCE_DATA_IMPORTED,NEEDS_AR_TRANSLATION,2026-08-05,Administrative subdivision only; cities are imported in later city files.
UPSERT,reg_id_ka,ID,IDN,Indonesia,إندونيسيا,Republic of Indonesia,Asia,آسيا,South-Eastern Asia,جنوب شرق آسيا,ID-KA,,,1,geographical_unit,Geographical unit,Kalimantan,,Kalimantan,true,ISO_3166_2,https://www.iso.org/obp/ui/#search,ISO 3166-2 subdivisions via pycountry/isocodes,REFERENCE_DATA_IMPORTED,NEEDS_AR_TRANSLATION,2026-08-05,Administrative subdivision only; cities are imported in later city files.
UPSERT,reg_id_kb,ID,IDN,Indonesia,إندونيسيا,Republic of Indonesia,Asia,آسيا,South-Eastern Asia,جنوب شرق آسيا,ID-KB,ID-KA,Kalimantan,2,province,Province,Kalimantan Barat,,Kalimantan Barat,true,ISO_3166_2,https://www.iso.org/obp/ui/#search,ISO 3166-2 subdivisions via pycountry/isocodes,REFERENCE_DATA_IMPORTED,NEEDS_AR_TRANSLATION,2026-08-05,Administrative subdivision only; cities are imported in later city files.
UPSERT,reg_id_ki,ID,IDN,Indonesia,إندونيسيا,Republic of Indonesia,Asia,آسيا,South-Eastern Asia,جنوب شرق آسيا,ID-KI,ID-KA,Kalimantan,2,province,Province,Kalimantan Timur,,Kalimantan Timur,true,ISO_3166_2,https://www.iso.org/obp/ui/#search,ISO 3166-2 subdivisions via pycountry/isocodes,REFERENCE_DATA_IMPORTED,NEEDS_AR_TRANSLATION,2026-08-05,Administrative subdivision only; cities are imported in later city files.
UPSERT,reg_id_kr,ID,IDN,Indonesia,إندونيسيا,Republic of Indonesia,Asia,آسيا,South-Eastern Asia,جنوب شرق آسيا,ID-KR,ID-SM,Sumatera,2,province,Province,Kepulauan Riau,,Kepulauan Riau,true,ISO_3166_2,https://www.iso.org/obp/ui/#search,ISO 3166-2 subdivisions via pycountry/isocodes,REFERENCE_DATA_IMPORTED,NEEDS_AR_TRANSLATION,2026-08-05,Administrative subdivision only; cities are imported in later city files.
UPSERT,reg_id_ks,ID,IDN,Indonesia,إندونيسيا,Republic of Indonesia,Asia,آسيا,South-Eastern Asia,جنوب شرق آسيا,ID-KS,ID-KA,Kalimantan,2,province,Province,Kalimantan Selatan,,Kalimantan Selatan,true,ISO_3166_2,https://www.iso.org/obp/ui/#search,ISO 3166-2 subdivisions via pycountry/isocodes,REFERENCE_DATA_IMPORTED,NEEDS_AR_TRANSLATION,2026-08-05,Administrative subdivision only; cities are imported in later city files.
UPSERT,reg_id_kt,ID,IDN,Indonesia,إندونيسيا,Republic of Indonesia,Asia,آسيا,South-Eastern Asia,جنوب شرق آسيا,ID-KT,ID-KA,Kalimantan,2,province,Province,Kalimantan Tengah,,Kalimantan Tengah,true,ISO_3166_2,https://www.iso.org/obp/ui/#search,ISO 3166-2 subdivisions via pycountry/isocodes,REFERENCE_DATA_IMPORTED,NEEDS_AR_TRANSLATION,2026-08-05,Administrative subdivision only; cities are imported in later city files.
UPSERT,reg_id_ku,ID,IDN,Indonesia,إندونيسيا,Republic of Indonesia,Asia,آسيا,South-Eastern Asia,جنوب شرق آسيا,ID-KU,ID-KA,Kalimantan,2,province,Province,Kalimantan Utara,,Kalimantan Utara,true,ISO_3166_2,https://www.iso.org/obp/ui/#search,ISO 3166-2 subdivisions via pycountry/isocodes,REFERENCE_DATA_IMPORTED,NEEDS_AR_TRANSLATION,2026-08-05,Administrative subdivision only; cities are imported in later city files.
UPSERT,reg_id_la,ID,IDN,Indonesia,إندونيسيا,Republic of Indonesia,Asia,آسيا,South-Eastern Asia,جنوب شرق آسيا,ID-LA,ID-SM,Sumatera,2,province,Province,Lampung,,Lampung,true,ISO_3166_2,https://www.iso.org/obp/ui/#search,ISO 3166-2 subdivisions via pycountry/isocodes,REFERENCE_DATA_IMPORTED,NEEDS_AR_TRANSLATION,2026-08-05,Administrative subdivision only; cities are imported in later city files.
UPSERT,reg_id_ma,ID,IDN,Indonesia,إندونيسيا,Republic of Indonesia,Asia,آسيا,South-Eastern Asia,جنوب شرق آسيا,ID-MA,ID-ML,Maluku,2,province,Province,Maluku,,Maluku,true,ISO_3166_2,https://www.iso.org/obp/ui/#search,ISO 3166-2 subdivisions via pycountry/isocodes,REFERENCE_DATA_IMPORTED,NEEDS_AR_TRANSLATION,2026-08-05,Administrative subdivision only; cities are imported in later city files.
UPSERT,reg_id_ml,ID,IDN,Indonesia,إندونيسيا,Republic of Indonesia,Asia,آسيا,South-Eastern Asia,جنوب شرق آسيا,ID-ML,,,1,geographical_unit,Geographical unit,Maluku,,Maluku,true,ISO_3166_2,https://www.iso.org/obp/ui/#search,ISO 3166-2 subdivisions via pycountry/isocodes,REFERENCE_DATA_IMPORTED,NEEDS_AR_TRANSLATION,2026-08-05,Administrative subdivision only; cities are imported in later city files.
UPSERT,reg_id_mu,ID,IDN,Indonesia,إندونيسيا,Republic of Indonesia,Asia,آسيا,South-Eastern Asia,جنوب شرق آسيا,ID-MU,ID-ML,Maluku,2,province,Province,Maluku Utara,,Maluku Utara,true,ISO_3166_2,https://www.iso.org/obp/ui/#search,ISO 3166-2 subdivisions via pycountry/isocodes,REFERENCE_DATA_IMPORTED,NEEDS_AR_TRANSLATION,2026-08-05,Administrative subdivision only; cities are imported in later city files.
UPSERT,reg_id_nb,ID,IDN,Indonesia,إندونيسيا,Republic of Indonesia,Asia,آسيا,South-Eastern Asia,جنوب شرق آسيا,ID-NB,ID-NU,Nusa Tenggara,2,province,Province,Nusa Tenggara Barat,,Nusa Tenggara Barat,true,ISO_3166_2,https://www.iso.org/obp/ui/#search,ISO 3166-2 subdivisions via pycountry/isocodes,REFERENCE_DATA_IMPORTED,NEEDS_AR_TRANSLATION,2026-08-05,Administrative subdivision only; cities are imported in later city files.
UPSERT,reg_id_nt,ID,IDN,Indonesia,إندونيسيا,Republic of Indonesia,Asia,آسيا,South-Eastern Asia,جنوب شرق آسيا,ID-NT,ID-NU,Nusa Tenggara,2,province,Province,Nusa Tenggara Timur,,Nusa Tenggara Timur,true,ISO_3166_2,https://www.iso.org/obp/ui/#search,ISO 3166-2 subdivisions via pycountry/isocodes,REFERENCE_DATA_IMPORTED,NEEDS_AR_TRANSLATION,2026-08-05,Administrative subdivision only; cities are imported in later city files.
UPSERT,reg_id_nu,ID,IDN,Indonesia,إندونيسيا,Republic of Indonesia,Asia,آسيا,South-Eastern Asia,جنوب شرق آسيا,ID-NU,,,1,geographical_unit,Geographical unit,Nusa Tenggara,,Nusa Tenggara,true,ISO_3166_2,https://www.iso.org/obp/ui/#search,ISO 3166-2 subdivisions via pycountry/isocodes,REFERENCE_DATA_IMPORTED,NEEDS_AR_TRANSLATION,2026-08-05,Administrative subdivision only; cities are imported in later city files.
UPSERT,reg_id_pa,ID,IDN,Indonesia,إندونيسيا,Republic of Indonesia,Asia,آسيا,South-Eastern Asia,جنوب شرق آسيا,ID-PA,ID-PP,Papua,2,province,Province,Papua,,Papua,true,ISO_3166_2,https://www.iso.org/obp/ui/#search,ISO 3166-2 subdivisions via pycountry/isocodes,REFERENCE_DATA_IMPORTED,NEEDS_AR_TRANSLATION,2026-08-05,Administrative subdivision only; cities are imported in later city files.
UPSERT,reg_id_pb,ID,IDN,Indonesia,إندونيسيا,Republic of Indonesia,Asia,آسيا,South-Eastern Asia,جنوب شرق آسيا,ID-PB,ID-PP,Papua,2,province,Province,Papua Barat,,Papua Barat,true,ISO_3166_2,https://www.iso.org/obp/ui/#search,ISO 3166-2 subdivisions via pycountry/isocodes,REFERENCE_DATA_IMPORTED,NEEDS_AR_TRANSLATION,2026-08-05,Administrative subdivision only; cities are imported in later city files.
UPSERT,reg_id_pd,ID,IDN,Indonesia,إندونيسيا,Republic of Indonesia,Asia,آسيا,South-Eastern Asia,جنوب شرق آسيا,ID-PD,ID-PP,Papua,2,province,Province,Papua Barat Daya,,Papua Barat Daya,true,ISO_3166_2,https://www.iso.org/obp/ui/#search,ISO 3166-2 subdivisions via pycountry/isocodes,REFERENCE_DATA_IMPORTED,NEEDS_AR_TRANSLATION,2026-08-05,Administrative subdivision only; cities are imported in later city files.
UPSERT,reg_id_pe,ID,IDN,Indonesia,إندونيسيا,Republic of Indonesia,Asia,آسيا,South-Eastern Asia,جنوب شرق آسيا,ID-PE,ID-PP,Papua,2,province,Province,Papua Pengunungan,,Papua Pengunungan,true,ISO_3166_2,https://www.iso.org/obp/ui/#search,ISO 3166-2 subdivisions via pycountry/isocodes,REFERENCE_DATA_IMPORTED,NEEDS_AR_TRANSLATION,2026-08-05,Administrative subdivision only; cities are imported in later city files.
UPSERT,reg_id_pp,ID,IDN,Indonesia,إندونيسيا,Republic of Indonesia,Asia,آسيا,South-Eastern Asia,جنوب شرق آسيا,ID-PP,,,1,geographical_unit,Geographical unit,Papua,,Papua,true,ISO_3166_2,https://www.iso.org/obp/ui/#search,ISO 3166-2 subdivisions via pycountry/isocodes,REFERENCE_DATA_IMPORTED,NEEDS_AR_TRANSLATION,2026-08-05,Administrative subdivision only; cities are imported in later city files.
UPSERT,reg_id_ps,ID,IDN,Indonesia,إندونيسيا,Republic of Indonesia,Asia,آسيا,South-Eastern Asia,جنوب شرق آسيا,ID-PS,ID-PP,Papua,2,province,Province,Papua Selatan,,Papua Selatan,true,ISO_3166_2,https://www.iso.org/obp/ui/#search,ISO 3166-2 subdivisions via pycountry/isocodes,REFERENCE_DATA_IMPORTED,NEEDS_AR_TRANSLATION,2026-08-05,Administrative subdivision only; cities are imported in later city files.
UPSERT,reg_id_pt,ID,IDN,Indonesia,إندونيسيا,Republic of Indonesia,Asia,آسيا,South-Eastern Asia,جنوب شرق آسيا,ID-PT,ID-PP,Papua,2,province,Province,Papua Tengah,,Papua Tengah,true,ISO_3166_2,https://www.iso.org/obp/ui/#search,ISO 3166-2 subdivisions via pycountry/isocodes,REFERENCE_DATA_IMPORTED,NEEDS_AR_TRANSLATION,2026-08-05,Administrative subdivision only; cities are imported in later city files.
UPSERT,reg_id_ri,ID,IDN,Indonesia,إندونيسيا,Republic of Indonesia,Asia,آسيا,South-Eastern Asia,جنوب شرق آسيا,ID-RI,ID-SM,Sumatera,2,province,Province,Riau,,Riau,true,ISO_3166_2,https://www.iso.org/obp/ui/#search,ISO 3166-2 subdivisions via pycountry/isocodes,REFERENCE_DATA_IMPORTED,NEEDS_AR_TRANSLATION,2026-08-05,Administrative subdivision only; cities are imported in later city files.
UPSERT,reg_id_sa,ID,IDN,Indonesia,إندونيسيا,Republic of Indonesia,Asia,آسيا,South-Eastern Asia,جنوب شرق آسيا,ID-SA,ID-SL,Sulawesi,2,province,Province,Sulawesi Utara,,Sulawesi Utara,true,ISO_3166_2,https://www.iso.org/obp/ui/#search,ISO 3166-2 subdivisions via pycountry/isocodes,REFERENCE_DATA_IMPORTED,NEEDS_AR_TRANSLATION,2026-08-05,Administrative subdivision only; cities are imported in later city files.
UPSERT,reg_id_sb,ID,IDN,Indonesia,إندونيسيا,Republic of Indonesia,Asia,آسيا,South-Eastern Asia,جنوب شرق آسيا,ID-SB,ID-SM,Sumatera,2,province,Province,Sumatera Barat,,Sumatera Barat,true,ISO_3166_2,https://www.iso.org/obp/ui/#search,ISO 3166-2 subdivisions via pycountry/isocodes,REFERENCE_DATA_IMPORTED,NEEDS_AR_TRANSLATION,2026-08-05,Administrative subdivision only; cities are imported in later city files.
UPSERT,reg_id_sg,ID,IDN,Indonesia,إندونيسيا,Republic of Indonesia,Asia,آسيا,South-Eastern Asia,جنوب شرق آسيا,ID-SG,ID-SL,Sulawesi,2,province,Province,Sulawesi Tenggara,,Sulawesi Tenggara,true,ISO_3166_2,https://www.iso.org/obp/ui/#search,ISO 3166-2 subdivisions via pycountry/isocodes,REFERENCE_DATA_IMPORTED,NEEDS_AR_TRANSLATION,2026-08-05,Administrative subdivision only; cities are imported in later city files.
UPSERT,reg_id_sl,ID,IDN,Indonesia,إندونيسيا,Republic of Indonesia,Asia,آسيا,South-Eastern Asia,جنوب شرق آسيا,ID-SL,,,1,geographical_unit,Geographical unit,Sulawesi,,Sulawesi,true,ISO_3166_2,https://www.iso.org/obp/ui/#search,ISO 3166-2 subdivisions via pycountry/isocodes,REFERENCE_DATA_IMPORTED,NEEDS_AR_TRANSLATION,2026-08-05,Administrative subdivision only; cities are imported in later city files.
UPSERT,reg_id_sm,ID,IDN,Indonesia,إندونيسيا,Republic of Indonesia,Asia,آسيا,South-Eastern Asia,جنوب شرق آسيا,ID-SM,,,1,geographical_unit,Geographical unit,Sumatera,,Sumatera,true,ISO_3166_2,https://www.iso.org/obp/ui/#search,ISO 3166-2 subdivisions via pycountry/isocodes,REFERENCE_DATA_IMPORTED,NEEDS_AR_TRANSLATION,2026-08-05,Administrative subdivision only; cities are imported in later city files.
UPSERT,reg_id_sn,ID,IDN,Indonesia,إندونيسيا,Republic of Indonesia,Asia,آسيا,South-Eastern Asia,جنوب شرق آسيا,ID-SN,ID-SL,Sulawesi,2,province,Province,Sulawesi Selatan,,Sulawesi Selatan,true,ISO_3166_2,https://www.iso.org/obp/ui/#search,ISO 3166-2 subdivisions via pycountry/isocodes,REFERENCE_DATA_IMPORTED,NEEDS_AR_TRANSLATION,2026-08-05,Administrative subdivision only; cities are imported in later city files.
UPSERT,reg_id_sr,ID,IDN,Indonesia,إندونيسيا,Republic of Indonesia,Asia,آسيا,South-Eastern Asia,جنوب شرق آسيا,ID-SR,ID-SL,Sulawesi,2,province,Province,Sulawesi Barat,,Sulawesi Barat,true,ISO_3166_2,https://www.iso.org/obp/ui/#search,ISO 3166-2 subdivisions via pycountry/isocodes,REFERENCE_DATA_IMPORTED,NEEDS_AR_TRANSLATION,2026-08-05,Administrative subdivision only; cities are imported in later city files.
UPSERT,reg_id_ss,ID,IDN,Indonesia,إندونيسيا,Republic of Indonesia,Asia,آسيا,South-Eastern Asia,جنوب شرق آسيا,ID-SS,ID-SM,Sumatera,2,province,Province,Sumatera Selatan,,Sumatera Selatan,true,ISO_3166_2,https://www.iso.org/obp/ui/#search,ISO 3166-2 subdivisions via pycountry/isocodes,REFERENCE_DATA_IMPORTED,NEEDS_AR_TRANSLATION,2026-08-05,Administrative subdivision only; cities are imported in later city files.
UPSERT,reg_id_st,ID,IDN,Indonesia,إندونيسيا,Republic of Indonesia,Asia,آسيا,South-Eastern Asia,جنوب شرق آسيا,ID-ST,ID-SL,Sulawesi,2,province,Province,Sulawesi Tengah,,Sulawesi Tengah,true,ISO_3166_2,https://www.iso.org/obp/ui/#search,ISO 3166-2 subdivisions via pycountry/isocodes,REFERENCE_DATA_IMPORTED,NEEDS_AR_TRANSLATION,2026-08-05,Administrative subdivision only; cities are imported in later city files.
UPSERT,reg_id_su,ID,IDN,Indonesia,إندونيسيا,Republic of Indonesia,Asia,آسيا,South-Eastern Asia,جنوب شرق آسيا,ID-SU,ID-SM,Sumatera,2,province,Province,Sumatera Utara,,Sumatera Utara,true,ISO_3166_2,https://www.iso.org/obp/ui/#search,ISO 3166-2 subdivisions via pycountry/isocodes,REFERENCE_DATA_IMPORTED,NEEDS_AR_TRANSLATION,2026-08-05,Administrative subdivision only; cities are imported in later city files.
UPSERT,reg_id_yo,ID,IDN,Indonesia,إندونيسيا,Republic of Indonesia,Asia,آسيا,South-Eastern Asia,جنوب شرق آسيا,ID-YO,ID-JW,Jawa,2,special_region,Special region,Yogyakarta,,Yogyakarta,true,ISO_3166_2,https://www.iso.org/obp/ui/#search,ISO 3166-2 subdivisions via pycountry/isocodes,REFERENCE_DATA_IMPORTED,NEEDS_AR_TRANSLATION,2026-08-05,Administrative subdivision only; cities are imported in later city files.
UPSERT,reg_il_d,IL,ISR,Israel,إسرائيل,State of Israel,Asia,آسيا,Western Asia,غرب آسيا,IL-D,,,1,district,District,Al Janūbī,,Al Janūbī,true,ISO_3166_2,https://www.iso.org/obp/ui/#search,ISO 3166-2 subdivisions via pycountry/isocodes,REFERENCE_DATA_IMPORTED,NEEDS_AR_TRANSLATION,2026-08-05,Administrative subdivision only; cities are imported in later city files.
UPSERT,reg_il_ha,IL,ISR,Israel,إسرائيل,State of Israel,Asia,آسيا,Western Asia,غرب آسيا,IL-HA,,,1,district,District,H̱efa,,H̱efa,true,ISO_3166_2,https://www.iso.org/obp/ui/#search,ISO 3166-2 subdivisions via pycountry/isocodes,REFERENCE_DATA_IMPORTED,NEEDS_AR_TRANSLATION,2026-08-05,Administrative subdivision only; cities are imported in later city files.
UPSERT,reg_il_jm,IL,ISR,Israel,إسرائيل,State of Israel,Asia,آسيا,Western Asia,غرب آسيا,IL-JM,,,1,district,District,Al Quds,,Al Quds,true,ISO_3166_2,https://www.iso.org/obp/ui/#search,ISO 3166-2 subdivisions via pycountry/isocodes,REFERENCE_DATA_IMPORTED,NEEDS_AR_TRANSLATION,2026-08-05,Administrative subdivision only; cities are imported in later city files.
UPSERT,reg_il_m,IL,ISR,Israel,إسرائيل,State of Israel,Asia,آسيا,Western Asia,غرب آسيا,IL-M,,,1,district,District,Al Awsaţ,,Al Awsaţ,true,ISO_3166_2,https://www.iso.org/obp/ui/#search,ISO 3166-2 subdivisions via pycountry/isocodes,REFERENCE_DATA_IMPORTED,NEEDS_AR_TRANSLATION,2026-08-05,Administrative subdivision only; cities are imported in later city files.
UPSERT,reg_il_ta,IL,ISR,Israel,إسرائيل,State of Israel,Asia,آسيا,Western Asia,غرب آسيا,IL-TA,,,1,district,District,Tall Abīb,,Tall Abīb,true,ISO_3166_2,https://www.iso.org/obp/ui/#search,ISO 3166-2 subdivisions via pycountry/isocodes,REFERENCE_DATA_IMPORTED,NEEDS_AR_TRANSLATION,2026-08-05,Administrative subdivision only; cities are imported in later city files.
UPSERT,reg_il_z,IL,ISR,Israel,إسرائيل,State of Israel,Asia,آسيا,Western Asia,غرب آسيا,IL-Z,,,1,district,District,Ash Shamālī,,Ash Shamālī,true,ISO_3166_2,https://www.iso.org/obp/ui/#search,ISO 3166-2 subdivisions via pycountry/isocodes,REFERENCE_DATA_IMPORTED,NEEDS_AR_TRANSLATION,2026-08-05,Administrative subdivision only; cities are imported in later city files.
UPSERT,reg_in_an,IN,IND,India,الهند,Republic of India,Asia,آسيا,Southern Asia,جنوب آسيا,IN-AN,,,1,union_territory,Union territory,Andaman and Nicobar Islands,,Andaman and Nicobar Islands,true,ISO_3166_2,https://www.iso.org/obp/ui/#search,ISO 3166-2 subdivisions via pycountry/isocodes,REFERENCE_DATA_IMPORTED,NEEDS_AR_TRANSLATION,2026-08-05,Administrative subdivision only; cities are imported in later city files.
UPSERT,reg_in_ap,IN,IND,India,الهند,Republic of India,Asia,آسيا,Southern Asia,جنوب آسيا,IN-AP,,,1,state,State,Andhra Pradesh,,Andhra Pradesh,true,ISO_3166_2,https://www.iso.org/obp/ui/#search,ISO 3166-2 subdivisions via pycountry/isocodes,REFERENCE_DATA_IMPORTED,NEEDS_AR_TRANSLATION,2026-08-05,Administrative subdivision only; cities are imported in later city files.
UPSERT,reg_in_ar,IN,IND,India,الهند,Republic of India,Asia,آسيا,Southern Asia,جنوب آسيا,IN-AR,,,1,state,State,Arunāchal Pradesh,,Arunāchal Pradesh,true,ISO_3166_2,https://www.iso.org/obp/ui/#search,ISO 3166-2 subdivisions via pycountry/isocodes,REFERENCE_DATA_IMPORTED,NEEDS_AR_TRANSLATION,2026-08-05,Administrative subdivision only; cities are imported in later city files.
UPSERT,reg_in_as,IN,IND,India,الهند,Republic of India,Asia,آسيا,Southern Asia,جنوب آسيا,IN-AS,,,1,state,State,Assam,,Assam,true,ISO_3166_2,https://www.iso.org/obp/ui/#search,ISO 3166-2 subdivisions via pycountry/isocodes,REFERENCE_DATA_IMPORTED,NEEDS_AR_TRANSLATION,2026-08-05,Administrative subdivision only; cities are imported in later city files.
UPSERT,reg_in_br,IN,IND,India,الهند,Republic of India,Asia,آسيا,Southern Asia,جنوب آسيا,IN-BR,,,1,state,State,Bihār,,Bihār,true,ISO_3166_2,https://www.iso.org/obp/ui/#search,ISO 3166-2 subdivisions via pycountry/isocodes,REFERENCE_DATA_IMPORTED,NEEDS_AR_TRANSLATION,2026-08-05,Administrative subdivision only; cities are imported in later city files.
UPSERT,reg_in_cg,IN,IND,India,الهند,Republic of India,Asia,آسيا,Southern Asia,جنوب آسيا,IN-CG,,,1,state,State,Chhattīsgarh,,Chhattīsgarh,true,ISO_3166_2,https://www.iso.org/obp/ui/#search,ISO 3166-2 subdivisions via pycountry/isocodes,REFERENCE_DATA_IMPORTED,NEEDS_AR_TRANSLATION,2026-08-05,Administrative subdivision only; cities are imported in later city files.
UPSERT,reg_in_ch,IN,IND,India,الهند,Republic of India,Asia,آسيا,Southern Asia,جنوب آسيا,IN-CH,,,1,union_territory,Union territory,Chandīgarh,,Chandīgarh,true,ISO_3166_2,https://www.iso.org/obp/ui/#search,ISO 3166-2 subdivisions via pycountry/isocodes,REFERENCE_DATA_IMPORTED,NEEDS_AR_TRANSLATION,2026-08-05,Administrative subdivision only; cities are imported in later city files.
UPSERT,reg_in_dh,IN,IND,India,الهند,Republic of India,Asia,آسيا,Southern Asia,جنوب آسيا,IN-DH,,,1,union_territory,Union territory,Dādra and Nagar Haveli and Damān and Diu,,Dādra and Nagar Haveli and Damān and Diu,true,ISO_3166_2,https://www.iso.org/obp/ui/#search,ISO 3166-2 subdivisions via pycountry/isocodes,REFERENCE_DATA_IMPORTED,NEEDS_AR_TRANSLATION,2026-08-05,Administrative subdivision only; cities are imported in later city files.
UPSERT,reg_in_dl,IN,IND,India,الهند,Republic of India,Asia,آسيا,Southern Asia,جنوب آسيا,IN-DL,,,1,union_territory,Union territory,Delhi,,Delhi,true,ISO_3166_2,https://www.iso.org/obp/ui/#search,ISO 3166-2 subdivisions via pycountry/isocodes,REFERENCE_DATA_IMPORTED,NEEDS_AR_TRANSLATION,2026-08-05,Administrative subdivision only; cities are imported in later city files.
UPSERT,reg_in_ga,IN,IND,India,الهند,Republic of India,Asia,آسيا,Southern Asia,جنوب آسيا,IN-GA,,,1,state,State,Goa,,Goa,true,ISO_3166_2,https://www.iso.org/obp/ui/#search,ISO 3166-2 subdivisions via pycountry/isocodes,REFERENCE_DATA_IMPORTED,NEEDS_AR_TRANSLATION,2026-08-05,Administrative subdivision only; cities are imported in later city files.
UPSERT,reg_in_gj,IN,IND,India,الهند,Republic of India,Asia,آسيا,Southern Asia,جنوب آسيا,IN-GJ,,,1,state,State,Gujarāt,,Gujarāt,true,ISO_3166_2,https://www.iso.org/obp/ui/#search,ISO 3166-2 subdivisions via pycountry/isocodes,REFERENCE_DATA_IMPORTED,NEEDS_AR_TRANSLATION,2026-08-05,Administrative subdivision only; cities are imported in later city files.
UPSERT,reg_in_hp,IN,IND,India,الهند,Republic of India,Asia,آسيا,Southern Asia,جنوب آسيا,IN-HP,,,1,state,State,Himāchal Pradesh,,Himāchal Pradesh,true,ISO_3166_2,https://www.iso.org/obp/ui/#search,ISO 3166-2 subdivisions via pycountry/isocodes,REFERENCE_DATA_IMPORTED,NEEDS_AR_TRANSLATION,2026-08-05,Administrative subdivision only; cities are imported in later city files.
UPSERT,reg_in_hr,IN,IND,India,الهند,Republic of India,Asia,آسيا,Southern Asia,جنوب آسيا,IN-HR,,,1,state,State,Haryāna,,Haryāna,true,ISO_3166_2,https://www.iso.org/obp/ui/#search,ISO 3166-2 subdivisions via pycountry/isocodes,REFERENCE_DATA_IMPORTED,NEEDS_AR_TRANSLATION,2026-08-05,Administrative subdivision only; cities are imported in later city files.
UPSERT,reg_in_jh,IN,IND,India,الهند,Republic of India,Asia,آسيا,Southern Asia,جنوب آسيا,IN-JH,,,1,state,State,Jhārkhand,,Jhārkhand,true,ISO_3166_2,https://www.iso.org/obp/ui/#search,ISO 3166-2 subdivisions via pycountry/isocodes,REFERENCE_DATA_IMPORTED,NEEDS_AR_TRANSLATION,2026-08-05,Administrative subdivision only; cities are imported in later city files.
UPSERT,reg_in_jk,IN,IND,India,الهند,Republic of India,Asia,آسيا,Southern Asia,جنوب آسيا,IN-JK,,,1,union_territory,Union territory,Jammu and Kashmīr,,Jammu and Kashmīr,true,ISO_3166_2,https://www.iso.org/obp/ui/#search,ISO 3166-2 subdivisions via pycountry/isocodes,REFERENCE_DATA_IMPORTED,NEEDS_AR_TRANSLATION,2026-08-05,Administrative subdivision only; cities are imported in later city files.
UPSERT,reg_in_ka,IN,IND,India,الهند,Republic of India,Asia,آسيا,Southern Asia,جنوب آسيا,IN-KA,,,1,state,State,Karnātaka,,Karnātaka,true,ISO_3166_2,https://www.iso.org/obp/ui/#search,ISO 3166-2 subdivisions via pycountry/isocodes,REFERENCE_DATA_IMPORTED,NEEDS_AR_TRANSLATION,2026-08-05,Administrative subdivision only; cities are imported in later city files.
UPSERT,reg_in_kl,IN,IND,India,الهند,Republic of India,Asia,آسيا,Southern Asia,جنوب آسيا,IN-KL,,,1,state,State,Kerala,,Kerala,true,ISO_3166_2,https://www.iso.org/obp/ui/#search,ISO 3166-2 subdivisions via pycountry/isocodes,REFERENCE_DATA_IMPORTED,NEEDS_AR_TRANSLATION,2026-08-05,Administrative subdivision only; cities are imported in later city files.
UPSERT,reg_in_la,IN,IND,India,الهند,Republic of India,Asia,آسيا,Southern Asia,جنوب آسيا,IN-LA,,,1,union_territory,Union territory,Ladākh,,Ladākh,true,ISO_3166_2,https://www.iso.org/obp/ui/#search,ISO 3166-2 subdivisions via pycountry/isocodes,REFERENCE_DATA_IMPORTED,NEEDS_AR_TRANSLATION,2026-08-05,Administrative subdivision only; cities are imported in later city files.
UPSERT,reg_in_ld,IN,IND,India,الهند,Republic of India,Asia,آسيا,Southern Asia,جنوب آسيا,IN-LD,,,1,union_territory,Union territory,Lakshadweep,,Lakshadweep,true,ISO_3166_2,https://www.iso.org/obp/ui/#search,ISO 3166-2 subdivisions via pycountry/isocodes,REFERENCE_DATA_IMPORTED,NEEDS_AR_TRANSLATION,2026-08-05,Administrative subdivision only; cities are imported in later city files.
UPSERT,reg_in_mh,IN,IND,India,الهند,Republic of India,Asia,آسيا,Southern Asia,جنوب آسيا,IN-MH,,,1,state,State,Mahārāshtra,,Mahārāshtra,true,ISO_3166_2,https://www.iso.org/obp/ui/#search,ISO 3166-2 subdivisions via pycountry/isocodes,REFERENCE_DATA_IMPORTED,NEEDS_AR_TRANSLATION,2026-08-05,Administrative subdivision only; cities are imported in later city files.
UPSERT,reg_in_ml,IN,IND,India,الهند,Republic of India,Asia,آسيا,Southern Asia,جنوب آسيا,IN-ML,,,1,state,State,Meghālaya,,Meghālaya,true,ISO_3166_2,https://www.iso.org/obp/ui/#search,ISO 3166-2 subdivisions via pycountry/isocodes,REFERENCE_DATA_IMPORTED,NEEDS_AR_TRANSLATION,2026-08-05,Administrative subdivision only; cities are imported in later city files.
UPSERT,reg_in_mn,IN,IND,India,الهند,Republic of India,Asia,آسيا,Southern Asia,جنوب آسيا,IN-MN,,,1,state,State,Manipur,,Manipur,true,ISO_3166_2,https://www.iso.org/obp/ui/#search,ISO 3166-2 subdivisions via pycountry/isocodes,REFERENCE_DATA_IMPORTED,NEEDS_AR_TRANSLATION,2026-08-05,Administrative subdivision only; cities are imported in later city files.
UPSERT,reg_in_mp,IN,IND,India,الهند,Republic of India,Asia,آسيا,Southern Asia,جنوب آسيا,IN-MP,,,1,state,State,Madhya Pradesh,,Madhya Pradesh,true,ISO_3166_2,https://www.iso.org/obp/ui/#search,ISO 3166-2 subdivisions via pycountry/isocodes,REFERENCE_DATA_IMPORTED,NEEDS_AR_TRANSLATION,2026-08-05,Administrative subdivision only; cities are imported in later city files.
UPSERT,reg_in_mz,IN,IND,India,الهند,Republic of India,Asia,آسيا,Southern Asia,جنوب آسيا,IN-MZ,,,1,state,State,Mizoram,,Mizoram,true,ISO_3166_2,https://www.iso.org/obp/ui/#search,ISO 3166-2 subdivisions via pycountry/isocodes,REFERENCE_DATA_IMPORTED,NEEDS_AR_TRANSLATION,2026-08-05,Administrative subdivision only; cities are imported in later city files.
UPSERT,reg_in_nl,IN,IND,India,الهند,Republic of India,Asia,آسيا,Southern Asia,جنوب آسيا,IN-NL,,,1,state,State,Nāgāland,,Nāgāland,true,ISO_3166_2,https://www.iso.org/obp/ui/#search,ISO 3166-2 subdivisions via pycountry/isocodes,REFERENCE_DATA_IMPORTED,NEEDS_AR_TRANSLATION,2026-08-05,Administrative subdivision only; cities are imported in later city files.
UPSERT,reg_in_od,IN,IND,India,الهند,Republic of India,Asia,آسيا,Southern Asia,جنوب آسيا,IN-OD,,,1,state,State,Odisha,,Odisha,true,ISO_3166_2,https://www.iso.org/obp/ui/#search,ISO 3166-2 subdivisions via pycountry/isocodes,REFERENCE_DATA_IMPORTED,NEEDS_AR_TRANSLATION,2026-08-05,Administrative subdivision only; cities are imported in later city files.
UPSERT,reg_in_pb,IN,IND,India,الهند,Republic of India,Asia,آسيا,Southern Asia,جنوب آسيا,IN-PB,,,1,state,State,Punjab,,Punjab,true,ISO_3166_2,https://www.iso.org/obp/ui/#search,ISO 3166-2 subdivisions via pycountry/isocodes,REFERENCE_DATA_IMPORTED,NEEDS_AR_TRANSLATION,2026-08-05,Administrative subdivision only; cities are imported in later city files.
UPSERT,reg_in_py,IN,IND,India,الهند,Republic of India,Asia,آسيا,Southern Asia,جنوب آسيا,IN-PY,,,1,union_territory,Union territory,Puducherry,,Puducherry,true,ISO_3166_2,https://www.iso.org/obp/ui/#search,ISO 3166-2 subdivisions via pycountry/isocodes,REFERENCE_DATA_IMPORTED,NEEDS_AR_TRANSLATION,2026-08-05,Administrative subdivision only; cities are imported in later city files.
UPSERT,reg_in_rj,IN,IND,India,الهند,Republic of India,Asia,آسيا,Southern Asia,جنوب آسيا,IN-RJ,,,1,state,State,Rājasthān,,Rājasthān,true,ISO_3166_2,https://www.iso.org/obp/ui/#search,ISO 3166-2 subdivisions via pycountry/isocodes,REFERENCE_DATA_IMPORTED,NEEDS_AR_TRANSLATION,2026-08-05,Administrative subdivision only; cities are imported in later city files.
UPSERT,reg_in_sk,IN,IND,India,الهند,Republic of India,Asia,آسيا,Southern Asia,جنوب آسيا,IN-SK,,,1,state,State,Sikkim,,Sikkim,true,ISO_3166_2,https://www.iso.org/obp/ui/#search,ISO 3166-2 subdivisions via pycountry/isocodes,REFERENCE_DATA_IMPORTED,NEEDS_AR_TRANSLATION,2026-08-05,Administrative subdivision only; cities are imported in later city files.
UPSERT,reg_in_tn,IN,IND,India,الهند,Republic of India,Asia,آسيا,Southern Asia,جنوب آسيا,IN-TN,,,1,state,State,Tamil Nādu,,Tamil Nādu,true,ISO_3166_2,https://www.iso.org/obp/ui/#search,ISO 3166-2 subdivisions via pycountry/isocodes,REFERENCE_DATA_IMPORTED,NEEDS_AR_TRANSLATION,2026-08-05,Administrative subdivision only; cities are imported in later city files.
UPSERT,reg_in_tr,IN,IND,India,الهند,Republic of India,Asia,آسيا,Southern Asia,جنوب آسيا,IN-TR,,,1,state,State,Tripura,,Tripura,true,ISO_3166_2,https://www.iso.org/obp/ui/#search,ISO 3166-2 subdivisions via pycountry/isocodes,REFERENCE_DATA_IMPORTED,NEEDS_AR_TRANSLATION,2026-08-05,Administrative subdivision only; cities are imported in later city files.
UPSERT,reg_in_ts,IN,IND,India,الهند,Republic of India,Asia,آسيا,Southern Asia,جنوب آسيا,IN-TS,,,1,state,State,Telangāna,,Telangāna,true,ISO_3166_2,https://www.iso.org/obp/ui/#search,ISO 3166-2 subdivisions via pycountry/isocodes,REFERENCE_DATA_IMPORTED,NEEDS_AR_TRANSLATION,2026-08-05,Administrative subdivision only; cities are imported in later city files.
UPSERT,reg_in_uk,IN,IND,India,الهند,Republic of India,Asia,آسيا,Southern Asia,جنوب آسيا,IN-UK,,,1,state,State,Uttarākhand,,Uttarākhand,true,ISO_3166_2,https://www.iso.org/obp/ui/#search,ISO 3166-2 subdivisions via pycountry/isocodes,REFERENCE_DATA_IMPORTED,NEEDS_AR_TRANSLATION,2026-08-05,Administrative subdivision only; cities are imported in later city files.
UPSERT,reg_in_up,IN,IND,India,الهند,Republic of India,Asia,آسيا,Southern Asia,جنوب آسيا,IN-UP,,,1,state,State,Uttar Pradesh,,Uttar Pradesh,true,ISO_3166_2,https://www.iso.org/obp/ui/#search,ISO 3166-2 subdivisions via pycountry/isocodes,REFERENCE_DATA_IMPORTED,NEEDS_AR_TRANSLATION,2026-08-05,Administrative subdivision only; cities are imported in later city files.
UPSERT,reg_in_wb,IN,IND,India,الهند,Republic of India,Asia,آسيا,Southern Asia,جنوب آسيا,IN-WB,,,1,state,State,West Bengal,,West Bengal,true,ISO_3166_2,https://www.iso.org/obp/ui/#search,ISO 3166-2 subdivisions via pycountry/isocodes,REFERENCE_DATA_IMPORTED,NEEDS_AR_TRANSLATION,2026-08-05,Administrative subdivision only; cities are imported in later city files.
UPSERT,reg_iq_an,IQ,IRQ,Iraq,العراق,Republic of Iraq,Asia,آسيا,Western Asia,غرب آسيا,IQ-AN,,,1,governorate,Governorate,Al Anbār,,Al Anbār,true,ISO_3166_2,https://www.iso.org/obp/ui/#search,ISO 3166-2 subdivisions via pycountry/isocodes,REFERENCE_DATA_IMPORTED,NEEDS_AR_TRANSLATION,2026-08-05,Administrative subdivision only; cities are imported in later city files.
UPSERT,reg_iq_ar,IQ,IRQ,Iraq,العراق,Republic of Iraq,Asia,آسيا,Western Asia,غرب آسيا,IQ-AR,IQ-KR,Herêm-î Kurdistan,2,governorate,Governorate,Arbīl,,Arbīl,true,ISO_3166_2,https://www.iso.org/obp/ui/#search,ISO 3166-2 subdivisions via pycountry/isocodes,REFERENCE_DATA_IMPORTED,NEEDS_AR_TRANSLATION,2026-08-05,Administrative subdivision only; cities are imported in later city files.
UPSERT,reg_iq_ba,IQ,IRQ,Iraq,العراق,Republic of Iraq,Asia,آسيا,Western Asia,غرب آسيا,IQ-BA,,,1,governorate,Governorate,Al Başrah,,Al Başrah,true,ISO_3166_2,https://www.iso.org/obp/ui/#search,ISO 3166-2 subdivisions via pycountry/isocodes,REFERENCE_DATA_IMPORTED,NEEDS_AR_TRANSLATION,2026-08-05,Administrative subdivision only; cities are imported in later city files.
UPSERT,reg_iq_bb,IQ,IRQ,Iraq,العراق,Republic of Iraq,Asia,آسيا,Western Asia,غرب آسيا,IQ-BB,,,1,governorate,Governorate,Bābil,,Bābil,true,ISO_3166_2,https://www.iso.org/obp/ui/#search,ISO 3166-2 subdivisions via pycountry/isocodes,REFERENCE_DATA_IMPORTED,NEEDS_AR_TRANSLATION,2026-08-05,Administrative subdivision only; cities are imported in later city files.
UPSERT,reg_iq_bg,IQ,IRQ,Iraq,العراق,Republic of Iraq,Asia,آسيا,Western Asia,غرب آسيا,IQ-BG,,,1,governorate,Governorate,Baghdād,,Baghdād,true,ISO_3166_2,https://www.iso.org/obp/ui/#search,ISO 3166-2 subdivisions via pycountry/isocodes,REFERENCE_DATA_IMPORTED,NEEDS_AR_TRANSLATION,2026-08-05,Administrative subdivision only; cities are imported in later city files.
UPSERT,reg_iq_da,IQ,IRQ,Iraq,العراق,Republic of Iraq,Asia,آسيا,Western Asia,غرب آسيا,IQ-DA,IQ-KR,Herêm-î Kurdistan,2,governorate,Governorate,Dahūk,,Dahūk,true,ISO_3166_2,https://www.iso.org/obp/ui/#search,ISO 3166-2 subdivisions via pycountry/isocodes,REFERENCE_DATA_IMPORTED,NEEDS_AR_TRANSLATION,2026-08-05,Administrative subdivision only; cities are imported in later city files.
UPSERT,reg_iq_di,IQ,IRQ,Iraq,العراق,Republic of Iraq,Asia,آسيا,Western Asia,غرب آسيا,IQ-DI,,,1,governorate,Governorate,Diyālá,,Diyālá,true,ISO_3166_2,https://www.iso.org/obp/ui/#search,ISO 3166-2 subdivisions via pycountry/isocodes,REFERENCE_DATA_IMPORTED,NEEDS_AR_TRANSLATION,2026-08-05,Administrative subdivision only; cities are imported in later city files.
UPSERT,reg_iq_dq,IQ,IRQ,Iraq,العراق,Republic of Iraq,Asia,آسيا,Western Asia,غرب آسيا,IQ-DQ,,,1,governorate,Governorate,Dhī Qār,,Dhī Qār,true,ISO_3166_2,https://www.iso.org/obp/ui/#search,ISO 3166-2 subdivisions via pycountry/isocodes,REFERENCE_DATA_IMPORTED,NEEDS_AR_TRANSLATION,2026-08-05,Administrative subdivision only; cities are imported in later city files.
UPSERT,reg_iq_ka,IQ,IRQ,Iraq,العراق,Republic of Iraq,Asia,آسيا,Western Asia,غرب آسيا,IQ-KA,,,1,governorate,Governorate,Karbalā’,,Karbalā’,true,ISO_3166_2,https://www.iso.org/obp/ui/#search,ISO 3166-2 subdivisions via pycountry/isocodes,REFERENCE_DATA_IMPORTED,NEEDS_AR_TRANSLATION,2026-08-05,Administrative subdivision only; cities are imported in later city files.
UPSERT,reg_iq_ki,IQ,IRQ,Iraq,العراق,Republic of Iraq,Asia,آسيا,Western Asia,غرب آسيا,IQ-KI,,,1,governorate,Governorate,Kirkūk,,Kirkūk,true,ISO_3166_2,https://www.iso.org/obp/ui/#search,ISO 3166-2 subdivisions via pycountry/isocodes,REFERENCE_DATA_IMPORTED,NEEDS_AR_TRANSLATION,2026-08-05,Administrative subdivision only; cities are imported in later city files.
UPSERT,reg_iq_kr,IQ,IRQ,Iraq,العراق,Republic of Iraq,Asia,آسيا,Western Asia,غرب آسيا,IQ-KR,,,1,region,Region,Herêm-î Kurdistan,,Herêm-î Kurdistan,true,ISO_3166_2,https://www.iso.org/obp/ui/#search,ISO 3166-2 subdivisions via pycountry/isocodes,REFERENCE_DATA_IMPORTED,NEEDS_AR_TRANSLATION,2026-08-05,Administrative subdivision only; cities are imported in later city files.
UPSERT,reg_iq_ma,IQ,IRQ,Iraq,العراق,Republic of Iraq,Asia,آسيا,Western Asia,غرب آسيا,IQ-MA,,,1,governorate,Governorate,Maysān,,Maysān,true,ISO_3166_2,https://www.iso.org/obp/ui/#search,ISO 3166-2 subdivisions via pycountry/isocodes,REFERENCE_DATA_IMPORTED,NEEDS_AR_TRANSLATION,2026-08-05,Administrative subdivision only; cities are imported in later city files.
UPSERT,reg_iq_mu,IQ,IRQ,Iraq,العراق,Republic of Iraq,Asia,آسيا,Western Asia,غرب آسيا,IQ-MU,,,1,governorate,Governorate,Al Muthanná,,Al Muthanná,true,ISO_3166_2,https://www.iso.org/obp/ui/#search,ISO 3166-2 subdivisions via pycountry/isocodes,REFERENCE_DATA_IMPORTED,NEEDS_AR_TRANSLATION,2026-08-05,Administrative subdivision only; cities are imported in later city files.
UPSERT,reg_iq_na,IQ,IRQ,Iraq,العراق,Republic of Iraq,Asia,آسيا,Western Asia,غرب آسيا,IQ-NA,,,1,governorate,Governorate,An Najaf,,An Najaf,true,ISO_3166_2,https://www.iso.org/obp/ui/#search,ISO 3166-2 subdivisions via pycountry/isocodes,REFERENCE_DATA_IMPORTED,NEEDS_AR_TRANSLATION,2026-08-05,Administrative subdivision only; cities are imported in later city files.
UPSERT,reg_iq_ni,IQ,IRQ,Iraq,العراق,Republic of Iraq,Asia,آسيا,Western Asia,غرب آسيا,IQ-NI,,,1,governorate,Governorate,Nīnawá,,Nīnawá,true,ISO_3166_2,https://www.iso.org/obp/ui/#search,ISO 3166-2 subdivisions via pycountry/isocodes,REFERENCE_DATA_IMPORTED,NEEDS_AR_TRANSLATION,2026-08-05,Administrative subdivision only; cities are imported in later city files.
UPSERT,reg_iq_qa,IQ,IRQ,Iraq,العراق,Republic of Iraq,Asia,آسيا,Western Asia,غرب آسيا,IQ-QA,,,1,governorate,Governorate,Al Qādisīyah,,Al Qādisīyah,true,ISO_3166_2,https://www.iso.org/obp/ui/#search,ISO 3166-2 subdivisions via pycountry/isocodes,REFERENCE_DATA_IMPORTED,NEEDS_AR_TRANSLATION,2026-08-05,Administrative subdivision only; cities are imported in later city files.
UPSERT,reg_iq_sd,IQ,IRQ,Iraq,العراق,Republic of Iraq,Asia,آسيا,Western Asia,غرب آسيا,IQ-SD,,,1,governorate,Governorate,Şalāḩ ad Dīn,,Şalāḩ ad Dīn,true,ISO_3166_2,https://www.iso.org/obp/ui/#search,ISO 3166-2 subdivisions via pycountry/isocodes,REFERENCE_DATA_IMPORTED,NEEDS_AR_TRANSLATION,2026-08-05,Administrative subdivision only; cities are imported in later city files.
UPSERT,reg_iq_su,IQ,IRQ,Iraq,العراق,Republic of Iraq,Asia,آسيا,Western Asia,غرب آسيا,IQ-SU,IQ-KR,Herêm-î Kurdistan,2,governorate,Governorate,As Sulaymānīyah,,As Sulaymānīyah,true,ISO_3166_2,https://www.iso.org/obp/ui/#search,ISO 3166-2 subdivisions via pycountry/isocodes,REFERENCE_DATA_IMPORTED,NEEDS_AR_TRANSLATION,2026-08-05,Administrative subdivision only; cities are imported in later city files.
UPSERT,reg_iq_wa,IQ,IRQ,Iraq,العراق,Republic of Iraq,Asia,آسيا,Western Asia,غرب آسيا,IQ-WA,,,1,governorate,Governorate,Wāsiţ,,Wāsiţ,true,ISO_3166_2,https://www.iso.org/obp/ui/#search,ISO 3166-2 subdivisions via pycountry/isocodes,REFERENCE_DATA_IMPORTED,NEEDS_AR_TRANSLATION,2026-08-05,Administrative subdivision only; cities are imported in later city files.
UPSERT,reg_ir_00,IR,IRN,"Iran, Islamic Republic of",إيران,Islamic Republic of Iran,Asia,آسيا,Southern Asia,جنوب آسيا,IR-00,,,1,province,Province,Markazī,,Markazī,true,ISO_3166_2,https://www.iso.org/obp/ui/#search,ISO 3166-2 subdivisions via pycountry/isocodes,REFERENCE_DATA_IMPORTED,NEEDS_AR_TRANSLATION,2026-08-05,Administrative subdivision only; cities are imported in later city files.
UPSERT,reg_ir_01,IR,IRN,"Iran, Islamic Republic of",إيران,Islamic Republic of Iran,Asia,آسيا,Southern Asia,جنوب آسيا,IR-01,,,1,province,Province,Gīlān,,Gīlān,true,ISO_3166_2,https://www.iso.org/obp/ui/#search,ISO 3166-2 subdivisions via pycountry/isocodes,REFERENCE_DATA_IMPORTED,NEEDS_AR_TRANSLATION,2026-08-05,Administrative subdivision only; cities are imported in later city files.
UPSERT,reg_ir_02,IR,IRN,"Iran, Islamic Republic of",إيران,Islamic Republic of Iran,Asia,آسيا,Southern Asia,جنوب آسيا,IR-02,,,1,province,Province,Māzandarān,,Māzandarān,true,ISO_3166_2,https://www.iso.org/obp/ui/#search,ISO 3166-2 subdivisions via pycountry/isocodes,REFERENCE_DATA_IMPORTED,NEEDS_AR_TRANSLATION,2026-08-05,Administrative subdivision only; cities are imported in later city files.
UPSERT,reg_ir_03,IR,IRN,"Iran, Islamic Republic of",إيران,Islamic Republic of Iran,Asia,آسيا,Southern Asia,جنوب آسيا,IR-03,,,1,province,Province,Āz̄ārbāyjān-e Shārqī,,Āz̄ārbāyjān-e Shārqī,true,ISO_3166_2,https://www.iso.org/obp/ui/#search,ISO 3166-2 subdivisions via pycountry/isocodes,REFERENCE_DATA_IMPORTED,NEEDS_AR_TRANSLATION,2026-08-05,Administrative subdivision only; cities are imported in later city files.
UPSERT,reg_ir_04,IR,IRN,"Iran, Islamic Republic of",إيران,Islamic Republic of Iran,Asia,آسيا,Southern Asia,جنوب آسيا,IR-04,,,1,province,Province,Āz̄ārbāyjān-e Ghārbī,,Āz̄ārbāyjān-e Ghārbī,true,ISO_3166_2,https://www.iso.org/obp/ui/#search,ISO 3166-2 subdivisions via pycountry/isocodes,REFERENCE_DATA_IMPORTED,NEEDS_AR_TRANSLATION,2026-08-05,Administrative subdivision only; cities are imported in later city files.
UPSERT,reg_ir_05,IR,IRN,"Iran, Islamic Republic of",إيران,Islamic Republic of Iran,Asia,آسيا,Southern Asia,جنوب آسيا,IR-05,,,1,province,Province,Kermānshāh,,Kermānshāh,true,ISO_3166_2,https://www.iso.org/obp/ui/#search,ISO 3166-2 subdivisions via pycountry/isocodes,REFERENCE_DATA_IMPORTED,NEEDS_AR_TRANSLATION,2026-08-05,Administrative subdivision only; cities are imported in later city files.
UPSERT,reg_ir_06,IR,IRN,"Iran, Islamic Republic of",إيران,Islamic Republic of Iran,Asia,آسيا,Southern Asia,جنوب آسيا,IR-06,,,1,province,Province,Khūzestān,,Khūzestān,true,ISO_3166_2,https://www.iso.org/obp/ui/#search,ISO 3166-2 subdivisions via pycountry/isocodes,REFERENCE_DATA_IMPORTED,NEEDS_AR_TRANSLATION,2026-08-05,Administrative subdivision only; cities are imported in later city files.
UPSERT,reg_ir_07,IR,IRN,"Iran, Islamic Republic of",إيران,Islamic Republic of Iran,Asia,آسيا,Southern Asia,جنوب آسيا,IR-07,,,1,province,Province,Fārs,,Fārs,true,ISO_3166_2,https://www.iso.org/obp/ui/#search,ISO 3166-2 subdivisions via pycountry/isocodes,REFERENCE_DATA_IMPORTED,NEEDS_AR_TRANSLATION,2026-08-05,Administrative subdivision only; cities are imported in later city files.
UPSERT,reg_ir_08,IR,IRN,"Iran, Islamic Republic of",إيران,Islamic Republic of Iran,Asia,آسيا,Southern Asia,جنوب آسيا,IR-08,,,1,province,Province,Kermān,,Kermān,true,ISO_3166_2,https://www.iso.org/obp/ui/#search,ISO 3166-2 subdivisions via pycountry/isocodes,REFERENCE_DATA_IMPORTED,NEEDS_AR_TRANSLATION,2026-08-05,Administrative subdivision only; cities are imported in later city files.
UPSERT,reg_ir_09,IR,IRN,"Iran, Islamic Republic of",إيران,Islamic Republic of Iran,Asia,آسيا,Southern Asia,جنوب آسيا,IR-09,,,1,province,Province,Khorāsān-e Raẕavī,,Khorāsān-e Raẕavī,true,ISO_3166_2,https://www.iso.org/obp/ui/#search,ISO 3166-2 subdivisions via pycountry/isocodes,REFERENCE_DATA_IMPORTED,NEEDS_AR_TRANSLATION,2026-08-05,Administrative subdivision only; cities are imported in later city files.
UPSERT,reg_ir_10,IR,IRN,"Iran, Islamic Republic of",إيران,Islamic Republic of Iran,Asia,آسيا,Southern Asia,جنوب آسيا,IR-10,,,1,province,Province,Eşfahān,,Eşfahān,true,ISO_3166_2,https://www.iso.org/obp/ui/#search,ISO 3166-2 subdivisions via pycountry/isocodes,REFERENCE_DATA_IMPORTED,NEEDS_AR_TRANSLATION,2026-08-05,Administrative subdivision only; cities are imported in later city files.
UPSERT,reg_ir_11,IR,IRN,"Iran, Islamic Republic of",إيران,Islamic Republic of Iran,Asia,آسيا,Southern Asia,جنوب آسيا,IR-11,,,1,province,Province,Sīstān va Balūchestān,,Sīstān va Balūchestān,true,ISO_3166_2,https://www.iso.org/obp/ui/#search,ISO 3166-2 subdivisions via pycountry/isocodes,REFERENCE_DATA_IMPORTED,NEEDS_AR_TRANSLATION,2026-08-05,Administrative subdivision only; cities are imported in later city files.
UPSERT,reg_ir_12,IR,IRN,"Iran, Islamic Republic of",إيران,Islamic Republic of Iran,Asia,آسيا,Southern Asia,جنوب آسيا,IR-12,,,1,province,Province,Kordestān,,Kordestān,true,ISO_3166_2,https://www.iso.org/obp/ui/#search,ISO 3166-2 subdivisions via pycountry/isocodes,REFERENCE_DATA_IMPORTED,NEEDS_AR_TRANSLATION,2026-08-05,Administrative subdivision only; cities are imported in later city files.
UPSERT,reg_ir_13,IR,IRN,"Iran, Islamic Republic of",إيران,Islamic Republic of Iran,Asia,آسيا,Southern Asia,جنوب آسيا,IR-13,,,1,province,Province,Hamadān,,Hamadān,true,ISO_3166_2,https://www.iso.org/obp/ui/#search,ISO 3166-2 subdivisions via pycountry/isocodes,REFERENCE_DATA_IMPORTED,NEEDS_AR_TRANSLATION,2026-08-05,Administrative subdivision only; cities are imported in later city files.
UPSERT,reg_ir_14,IR,IRN,"Iran, Islamic Republic of",إيران,Islamic Republic of Iran,Asia,آسيا,Southern Asia,جنوب آسيا,IR-14,,,1,province,Province,Chahār Maḩāl va Bakhtīārī,,Chahār Maḩāl va Bakhtīārī,true,ISO_3166_2,https://www.iso.org/obp/ui/#search,ISO 3166-2 subdivisions via pycountry/isocodes,REFERENCE_DATA_IMPORTED,NEEDS_AR_TRANSLATION,2026-08-05,Administrative subdivision only; cities are imported in later city files.
UPSERT,reg_ir_15,IR,IRN,"Iran, Islamic Republic of",إيران,Islamic Republic of Iran,Asia,آسيا,Southern Asia,جنوب آسيا,IR-15,,,1,province,Province,Lorestān,,Lorestān,true,ISO_3166_2,https://www.iso.org/obp/ui/#search,ISO 3166-2 subdivisions via pycountry/isocodes,REFERENCE_DATA_IMPORTED,NEEDS_AR_TRANSLATION,2026-08-05,Administrative subdivision only; cities are imported in later city files.
UPSERT,reg_ir_16,IR,IRN,"Iran, Islamic Republic of",إيران,Islamic Republic of Iran,Asia,آسيا,Southern Asia,جنوب آسيا,IR-16,,,1,province,Province,Īlām,,Īlām,true,ISO_3166_2,https://www.iso.org/obp/ui/#search,ISO 3166-2 subdivisions via pycountry/isocodes,REFERENCE_DATA_IMPORTED,NEEDS_AR_TRANSLATION,2026-08-05,Administrative subdivision only; cities are imported in later city files.
UPSERT,reg_ir_17,IR,IRN,"Iran, Islamic Republic of",إيران,Islamic Republic of Iran,Asia,آسيا,Southern Asia,جنوب آسيا,IR-17,,,1,province,Province,Kohgīlūyeh va Bowyer Aḩmad,,Kohgīlūyeh va Bowyer Aḩmad,true,ISO_3166_2,https://www.iso.org/obp/ui/#search,ISO 3166-2 subdivisions via pycountry/isocodes,REFERENCE_DATA_IMPORTED,NEEDS_AR_TRANSLATION,2026-08-05,Administrative subdivision only; cities are imported in later city files.
UPSERT,reg_ir_18,IR,IRN,"Iran, Islamic Republic of",إيران,Islamic Republic of Iran,Asia,آسيا,Southern Asia,جنوب آسيا,IR-18,,,1,province,Province,Būshehr,,Būshehr,true,ISO_3166_2,https://www.iso.org/obp/ui/#search,ISO 3166-2 subdivisions via pycountry/isocodes,REFERENCE_DATA_IMPORTED,NEEDS_AR_TRANSLATION,2026-08-05,Administrative subdivision only; cities are imported in later city files.
UPSERT,reg_ir_19,IR,IRN,"Iran, Islamic Republic of",إيران,Islamic Republic of Iran,Asia,آسيا,Southern Asia,جنوب آسيا,IR-19,,,1,province,Province,Zanjān,,Zanjān,true,ISO_3166_2,https://www.iso.org/obp/ui/#search,ISO 3166-2 subdivisions via pycountry/isocodes,REFERENCE_DATA_IMPORTED,NEEDS_AR_TRANSLATION,2026-08-05,Administrative subdivision only; cities are imported in later city files.
UPSERT,reg_ir_20,IR,IRN,"Iran, Islamic Republic of",إيران,Islamic Republic of Iran,Asia,آسيا,Southern Asia,جنوب آسيا,IR-20,,,1,province,Province,Semnān,,Semnān,true,ISO_3166_2,https://www.iso.org/obp/ui/#search,ISO 3166-2 subdivisions via pycountry/isocodes,REFERENCE_DATA_IMPORTED,NEEDS_AR_TRANSLATION,2026-08-05,Administrative subdivision only; cities are imported in later city files.
UPSERT,reg_ir_21,IR,IRN,"Iran, Islamic Republic of",إيران,Islamic Republic of Iran,Asia,آسيا,Southern Asia,جنوب آسيا,IR-21,,,1,province,Province,Yazd,,Yazd,true,ISO_3166_2,https://www.iso.org/obp/ui/#search,ISO 3166-2 subdivisions via pycountry/isocodes,REFERENCE_DATA_IMPORTED,NEEDS_AR_TRANSLATION,2026-08-05,Administrative subdivision only; cities are imported in later city files.
UPSERT,reg_ir_22,IR,IRN,"Iran, Islamic Republic of",إيران,Islamic Republic of Iran,Asia,آسيا,Southern Asia,جنوب آسيا,IR-22,,,1,province,Province,Hormozgān,,Hormozgān,true,ISO_3166_2,https://www.iso.org/obp/ui/#search,ISO 3166-2 subdivisions via pycountry/isocodes,REFERENCE_DATA_IMPORTED,NEEDS_AR_TRANSLATION,2026-08-05,Administrative subdivision only; cities are imported in later city files.
UPSERT,reg_ir_23,IR,IRN,"Iran, Islamic Republic of",إيران,Islamic Republic of Iran,Asia,آسيا,Southern Asia,جنوب آسيا,IR-23,,,1,province,Province,Tehrān,,Tehrān,true,ISO_3166_2,https://www.iso.org/obp/ui/#search,ISO 3166-2 subdivisions via pycountry/isocodes,REFERENCE_DATA_IMPORTED,NEEDS_AR_TRANSLATION,2026-08-05,Administrative subdivision only; cities are imported in later city files.
UPSERT,reg_ir_24,IR,IRN,"Iran, Islamic Republic of",إيران,Islamic Republic of Iran,Asia,آسيا,Southern Asia,جنوب آسيا,IR-24,,,1,province,Province,Ardabīl,,Ardabīl,true,ISO_3166_2,https://www.iso.org/obp/ui/#search,ISO 3166-2 subdivisions via pycountry/isocodes,REFERENCE_DATA_IMPORTED,NEEDS_AR_TRANSLATION,2026-08-05,Administrative subdivision only; cities are imported in later city files.
UPSERT,reg_ir_25,IR,IRN,"Iran, Islamic Republic of",إيران,Islamic Republic of Iran,Asia,آسيا,Southern Asia,جنوب آسيا,IR-25,,,1,province,Province,Qom,,Qom,true,ISO_3166_2,https://www.iso.org/obp/ui/#search,ISO 3166-2 subdivisions via pycountry/isocodes,REFERENCE_DATA_IMPORTED,NEEDS_AR_TRANSLATION,2026-08-05,Administrative subdivision only; cities are imported in later city files.
UPSERT,reg_ir_26,IR,IRN,"Iran, Islamic Republic of",إيران,Islamic Republic of Iran,Asia,آسيا,Southern Asia,جنوب آسيا,IR-26,,,1,province,Province,Qazvīn,,Qazvīn,true,ISO_3166_2,https://www.iso.org/obp/ui/#search,ISO 3166-2 subdivisions via pycountry/isocodes,REFERENCE_DATA_IMPORTED,NEEDS_AR_TRANSLATION,2026-08-05,Administrative subdivision only; cities are imported in later city files.
UPSERT,reg_ir_27,IR,IRN,"Iran, Islamic Republic of",إيران,Islamic Republic of Iran,Asia,آسيا,Southern Asia,جنوب آسيا,IR-27,,,1,province,Province,Golestān,,Golestān,true,ISO_3166_2,https://www.iso.org/obp/ui/#search,ISO 3166-2 subdivisions via pycountry/isocodes,REFERENCE_DATA_IMPORTED,NEEDS_AR_TRANSLATION,2026-08-05,Administrative subdivision only; cities are imported in later city files.
UPSERT,reg_ir_28,IR,IRN,"Iran, Islamic Republic of",إيران,Islamic Republic of Iran,Asia,آسيا,Southern Asia,جنوب آسيا,IR-28,,,1,province,Province,Khorāsān-e Shomālī,,Khorāsān-e Shomālī,true,ISO_3166_2,https://www.iso.org/obp/ui/#search,ISO 3166-2 subdivisions via pycountry/isocodes,REFERENCE_DATA_IMPORTED,NEEDS_AR_TRANSLATION,2026-08-05,Administrative subdivision only; cities are imported in later city files.
UPSERT,reg_ir_29,IR,IRN,"Iran, Islamic Republic of",إيران,Islamic Republic of Iran,Asia,آسيا,Southern Asia,جنوب آسيا,IR-29,,,1,province,Province,Khorāsān-e Jonūbī,,Khorāsān-e Jonūbī,true,ISO_3166_2,https://www.iso.org/obp/ui/#search,ISO 3166-2 subdivisions via pycountry/isocodes,REFERENCE_DATA_IMPORTED,NEEDS_AR_TRANSLATION,2026-08-05,Administrative subdivision only; cities are imported in later city files.
UPSERT,reg_ir_30,IR,IRN,"Iran, Islamic Republic of",إيران,Islamic Republic of Iran,Asia,آسيا,Southern Asia,جنوب آسيا,IR-30,,,1,province,Province,Alborz,,Alborz,true,ISO_3166_2,https://www.iso.org/obp/ui/#search,ISO 3166-2 subdivisions via pycountry/isocodes,REFERENCE_DATA_IMPORTED,NEEDS_AR_TRANSLATION,2026-08-05,Administrative subdivision only; cities are imported in later city files.
UPSERT,reg_jo_aj,JO,JOR,Jordan,الأردن,Hashemite Kingdom of Jordan,Asia,آسيا,Western Asia,غرب آسيا,JO-AJ,,,1,governorate,Governorate,‘Ajlūn,,‘Ajlūn,true,ISO_3166_2,https://www.iso.org/obp/ui/#search,ISO 3166-2 subdivisions via pycountry/isocodes,REFERENCE_DATA_IMPORTED,NEEDS_AR_TRANSLATION,2026-08-05,Administrative subdivision only; cities are imported in later city files.
UPSERT,reg_jo_am,JO,JOR,Jordan,الأردن,Hashemite Kingdom of Jordan,Asia,آسيا,Western Asia,غرب آسيا,JO-AM,,,1,governorate,Governorate,Al ‘A̅şimah,,Al ‘A̅şimah,true,ISO_3166_2,https://www.iso.org/obp/ui/#search,ISO 3166-2 subdivisions via pycountry/isocodes,REFERENCE_DATA_IMPORTED,NEEDS_AR_TRANSLATION,2026-08-05,Administrative subdivision only; cities are imported in later city files.
UPSERT,reg_jo_aq,JO,JOR,Jordan,الأردن,Hashemite Kingdom of Jordan,Asia,آسيا,Western Asia,غرب آسيا,JO-AQ,,,1,governorate,Governorate,Al ‘Aqabah,,Al ‘Aqabah,true,ISO_3166_2,https://www.iso.org/obp/ui/#search,ISO 3166-2 subdivisions via pycountry/isocodes,REFERENCE_DATA_IMPORTED,NEEDS_AR_TRANSLATION,2026-08-05,Administrative subdivision only; cities are imported in later city files.
UPSERT,reg_jo_at,JO,JOR,Jordan,الأردن,Hashemite Kingdom of Jordan,Asia,آسيا,Western Asia,غرب آسيا,JO-AT,,,1,governorate,Governorate,Aţ Ţafīlah,,Aţ Ţafīlah,true,ISO_3166_2,https://www.iso.org/obp/ui/#search,ISO 3166-2 subdivisions via pycountry/isocodes,REFERENCE_DATA_IMPORTED,NEEDS_AR_TRANSLATION,2026-08-05,Administrative subdivision only; cities are imported in later city files.
UPSERT,reg_jo_az,JO,JOR,Jordan,الأردن,Hashemite Kingdom of Jordan,Asia,آسيا,Western Asia,غرب آسيا,JO-AZ,,,1,governorate,Governorate,Az Zarqā’,,Az Zarqā’,true,ISO_3166_2,https://www.iso.org/obp/ui/#search,ISO 3166-2 subdivisions via pycountry/isocodes,REFERENCE_DATA_IMPORTED,NEEDS_AR_TRANSLATION,2026-08-05,Administrative subdivision only; cities are imported in later city files.
UPSERT,reg_jo_ba,JO,JOR,Jordan,الأردن,Hashemite Kingdom of Jordan,Asia,آسيا,Western Asia,غرب آسيا,JO-BA,,,1,governorate,Governorate,Al Balqā’,,Al Balqā’,true,ISO_3166_2,https://www.iso.org/obp/ui/#search,ISO 3166-2 subdivisions via pycountry/isocodes,REFERENCE_DATA_IMPORTED,NEEDS_AR_TRANSLATION,2026-08-05,Administrative subdivision only; cities are imported in later city files.
UPSERT,reg_jo_ir,JO,JOR,Jordan,الأردن,Hashemite Kingdom of Jordan,Asia,آسيا,Western Asia,غرب آسيا,JO-IR,,,1,governorate,Governorate,Irbid,,Irbid,true,ISO_3166_2,https://www.iso.org/obp/ui/#search,ISO 3166-2 subdivisions via pycountry/isocodes,REFERENCE_DATA_IMPORTED,NEEDS_AR_TRANSLATION,2026-08-05,Administrative subdivision only; cities are imported in later city files.
UPSERT,reg_jo_ja,JO,JOR,Jordan,الأردن,Hashemite Kingdom of Jordan,Asia,آسيا,Western Asia,غرب آسيا,JO-JA,,,1,governorate,Governorate,Jarash,,Jarash,true,ISO_3166_2,https://www.iso.org/obp/ui/#search,ISO 3166-2 subdivisions via pycountry/isocodes,REFERENCE_DATA_IMPORTED,NEEDS_AR_TRANSLATION,2026-08-05,Administrative subdivision only; cities are imported in later city files.
UPSERT,reg_jo_ka,JO,JOR,Jordan,الأردن,Hashemite Kingdom of Jordan,Asia,آسيا,Western Asia,غرب آسيا,JO-KA,,,1,governorate,Governorate,Al Karak,,Al Karak,true,ISO_3166_2,https://www.iso.org/obp/ui/#search,ISO 3166-2 subdivisions via pycountry/isocodes,REFERENCE_DATA_IMPORTED,NEEDS_AR_TRANSLATION,2026-08-05,Administrative subdivision only; cities are imported in later city files.
UPSERT,reg_jo_ma,JO,JOR,Jordan,الأردن,Hashemite Kingdom of Jordan,Asia,آسيا,Western Asia,غرب آسيا,JO-MA,,,1,governorate,Governorate,Al Mafraq,,Al Mafraq,true,ISO_3166_2,https://www.iso.org/obp/ui/#search,ISO 3166-2 subdivisions via pycountry/isocodes,REFERENCE_DATA_IMPORTED,NEEDS_AR_TRANSLATION,2026-08-05,Administrative subdivision only; cities are imported in later city files.
UPSERT,reg_jo_md,JO,JOR,Jordan,الأردن,Hashemite Kingdom of Jordan,Asia,آسيا,Western Asia,غرب آسيا,JO-MD,,,1,governorate,Governorate,Mādabā,,Mādabā,true,ISO_3166_2,https://www.iso.org/obp/ui/#search,ISO 3166-2 subdivisions via pycountry/isocodes,REFERENCE_DATA_IMPORTED,NEEDS_AR_TRANSLATION,2026-08-05,Administrative subdivision only; cities are imported in later city files.
UPSERT,reg_jo_mn,JO,JOR,Jordan,الأردن,Hashemite Kingdom of Jordan,Asia,آسيا,Western Asia,غرب آسيا,JO-MN,,,1,governorate,Governorate,Ma‘ān,,Ma‘ān,true,ISO_3166_2,https://www.iso.org/obp/ui/#search,ISO 3166-2 subdivisions via pycountry/isocodes,REFERENCE_DATA_IMPORTED,NEEDS_AR_TRANSLATION,2026-08-05,Administrative subdivision only; cities are imported in later city files.
UPSERT,reg_jp_01,JP,JPN,Japan,اليابان,,Asia,آسيا,Eastern Asia,شرق آسيا,JP-01,,,1,prefecture,Prefecture,Hokkaido,,Hokkaido,true,ISO_3166_2,https://www.iso.org/obp/ui/#search,ISO 3166-2 subdivisions via pycountry/isocodes,REFERENCE_DATA_IMPORTED,NEEDS_AR_TRANSLATION,2026-08-05,Administrative subdivision only; cities are imported in later city files.
UPSERT,reg_jp_02,JP,JPN,Japan,اليابان,,Asia,آسيا,Eastern Asia,شرق آسيا,JP-02,,,1,prefecture,Prefecture,Aomori,,Aomori,true,ISO_3166_2,https://www.iso.org/obp/ui/#search,ISO 3166-2 subdivisions via pycountry/isocodes,REFERENCE_DATA_IMPORTED,NEEDS_AR_TRANSLATION,2026-08-05,Administrative subdivision only; cities are imported in later city files.
UPSERT,reg_jp_03,JP,JPN,Japan,اليابان,,Asia,آسيا,Eastern Asia,شرق آسيا,JP-03,,,1,prefecture,Prefecture,Iwate,,Iwate,true,ISO_3166_2,https://www.iso.org/obp/ui/#search,ISO 3166-2 subdivisions via pycountry/isocodes,REFERENCE_DATA_IMPORTED,NEEDS_AR_TRANSLATION,2026-08-05,Administrative subdivision only; cities are imported in later city files.
UPSERT,reg_jp_04,JP,JPN,Japan,اليابان,,Asia,آسيا,Eastern Asia,شرق آسيا,JP-04,,,1,prefecture,Prefecture,Miyagi,,Miyagi,true,ISO_3166_2,https://www.iso.org/obp/ui/#search,ISO 3166-2 subdivisions via pycountry/isocodes,REFERENCE_DATA_IMPORTED,NEEDS_AR_TRANSLATION,2026-08-05,Administrative subdivision only; cities are imported in later city files.
UPSERT,reg_jp_05,JP,JPN,Japan,اليابان,,Asia,آسيا,Eastern Asia,شرق آسيا,JP-05,,,1,prefecture,Prefecture,Akita,,Akita,true,ISO_3166_2,https://www.iso.org/obp/ui/#search,ISO 3166-2 subdivisions via pycountry/isocodes,REFERENCE_DATA_IMPORTED,NEEDS_AR_TRANSLATION,2026-08-05,Administrative subdivision only; cities are imported in later city files.
UPSERT,reg_jp_06,JP,JPN,Japan,اليابان,,Asia,آسيا,Eastern Asia,شرق آسيا,JP-06,,,1,prefecture,Prefecture,Yamagata,,Yamagata,true,ISO_3166_2,https://www.iso.org/obp/ui/#search,ISO 3166-2 subdivisions via pycountry/isocodes,REFERENCE_DATA_IMPORTED,NEEDS_AR_TRANSLATION,2026-08-05,Administrative subdivision only; cities are imported in later city files.
UPSERT,reg_jp_07,JP,JPN,Japan,اليابان,,Asia,آسيا,Eastern Asia,شرق آسيا,JP-07,,,1,prefecture,Prefecture,Fukushima,,Fukushima,true,ISO_3166_2,https://www.iso.org/obp/ui/#search,ISO 3166-2 subdivisions via pycountry/isocodes,REFERENCE_DATA_IMPORTED,NEEDS_AR_TRANSLATION,2026-08-05,Administrative subdivision only; cities are imported in later city files.
UPSERT,reg_jp_08,JP,JPN,Japan,اليابان,,Asia,آسيا,Eastern Asia,شرق آسيا,JP-08,,,1,prefecture,Prefecture,Ibaraki,,Ibaraki,true,ISO_3166_2,https://www.iso.org/obp/ui/#search,ISO 3166-2 subdivisions via pycountry/isocodes,REFERENCE_DATA_IMPORTED,NEEDS_AR_TRANSLATION,2026-08-05,Administrative subdivision only; cities are imported in later city files.
UPSERT,reg_jp_09,JP,JPN,Japan,اليابان,,Asia,آسيا,Eastern Asia,شرق آسيا,JP-09,,,1,prefecture,Prefecture,Tochigi,,Tochigi,true,ISO_3166_2,https://www.iso.org/obp/ui/#search,ISO 3166-2 subdivisions via pycountry/isocodes,REFERENCE_DATA_IMPORTED,NEEDS_AR_TRANSLATION,2026-08-05,Administrative subdivision only; cities are imported in later city files.
UPSERT,reg_jp_10,JP,JPN,Japan,اليابان,,Asia,آسيا,Eastern Asia,شرق آسيا,JP-10,,,1,prefecture,Prefecture,Gunma,,Gunma,true,ISO_3166_2,https://www.iso.org/obp/ui/#search,ISO 3166-2 subdivisions via pycountry/isocodes,REFERENCE_DATA_IMPORTED,NEEDS_AR_TRANSLATION,2026-08-05,Administrative subdivision only; cities are imported in later city files.
UPSERT,reg_jp_11,JP,JPN,Japan,اليابان,,Asia,آسيا,Eastern Asia,شرق آسيا,JP-11,,,1,prefecture,Prefecture,Saitama,,Saitama,true,ISO_3166_2,https://www.iso.org/obp/ui/#search,ISO 3166-2 subdivisions via pycountry/isocodes,REFERENCE_DATA_IMPORTED,NEEDS_AR_TRANSLATION,2026-08-05,Administrative subdivision only; cities are imported in later city files.
UPSERT,reg_jp_12,JP,JPN,Japan,اليابان,,Asia,آسيا,Eastern Asia,شرق آسيا,JP-12,,,1,prefecture,Prefecture,Chiba,,Chiba,true,ISO_3166_2,https://www.iso.org/obp/ui/#search,ISO 3166-2 subdivisions via pycountry/isocodes,REFERENCE_DATA_IMPORTED,NEEDS_AR_TRANSLATION,2026-08-05,Administrative subdivision only; cities are imported in later city files.
UPSERT,reg_jp_13,JP,JPN,Japan,اليابان,,Asia,آسيا,Eastern Asia,شرق آسيا,JP-13,,,1,prefecture,Prefecture,Tokyo,,Tokyo,true,ISO_3166_2,https://www.iso.org/obp/ui/#search,ISO 3166-2 subdivisions via pycountry/isocodes,REFERENCE_DATA_IMPORTED,NEEDS_AR_TRANSLATION,2026-08-05,Administrative subdivision only; cities are imported in later city files.
UPSERT,reg_jp_14,JP,JPN,Japan,اليابان,,Asia,آسيا,Eastern Asia,شرق آسيا,JP-14,,,1,prefecture,Prefecture,Kanagawa,,Kanagawa,true,ISO_3166_2,https://www.iso.org/obp/ui/#search,ISO 3166-2 subdivisions via pycountry/isocodes,REFERENCE_DATA_IMPORTED,NEEDS_AR_TRANSLATION,2026-08-05,Administrative subdivision only; cities are imported in later city files.
UPSERT,reg_jp_15,JP,JPN,Japan,اليابان,,Asia,آسيا,Eastern Asia,شرق آسيا,JP-15,,,1,prefecture,Prefecture,Niigata,,Niigata,true,ISO_3166_2,https://www.iso.org/obp/ui/#search,ISO 3166-2 subdivisions via pycountry/isocodes,REFERENCE_DATA_IMPORTED,NEEDS_AR_TRANSLATION,2026-08-05,Administrative subdivision only; cities are imported in later city files.
UPSERT,reg_jp_16,JP,JPN,Japan,اليابان,,Asia,آسيا,Eastern Asia,شرق آسيا,JP-16,,,1,prefecture,Prefecture,Toyama,,Toyama,true,ISO_3166_2,https://www.iso.org/obp/ui/#search,ISO 3166-2 subdivisions via pycountry/isocodes,REFERENCE_DATA_IMPORTED,NEEDS_AR_TRANSLATION,2026-08-05,Administrative subdivision only; cities are imported in later city files.
UPSERT,reg_jp_17,JP,JPN,Japan,اليابان,,Asia,آسيا,Eastern Asia,شرق آسيا,JP-17,,,1,prefecture,Prefecture,Ishikawa,,Ishikawa,true,ISO_3166_2,https://www.iso.org/obp/ui/#search,ISO 3166-2 subdivisions via pycountry/isocodes,REFERENCE_DATA_IMPORTED,NEEDS_AR_TRANSLATION,2026-08-05,Administrative subdivision only; cities are imported in later city files.
UPSERT,reg_jp_18,JP,JPN,Japan,اليابان,,Asia,آسيا,Eastern Asia,شرق آسيا,JP-18,,,1,prefecture,Prefecture,Fukui,,Fukui,true,ISO_3166_2,https://www.iso.org/obp/ui/#search,ISO 3166-2 subdivisions via pycountry/isocodes,REFERENCE_DATA_IMPORTED,NEEDS_AR_TRANSLATION,2026-08-05,Administrative subdivision only; cities are imported in later city files.
UPSERT,reg_jp_19,JP,JPN,Japan,اليابان,,Asia,آسيا,Eastern Asia,شرق آسيا,JP-19,,,1,prefecture,Prefecture,Yamanashi,,Yamanashi,true,ISO_3166_2,https://www.iso.org/obp/ui/#search,ISO 3166-2 subdivisions via pycountry/isocodes,REFERENCE_DATA_IMPORTED,NEEDS_AR_TRANSLATION,2026-08-05,Administrative subdivision only; cities are imported in later city files.
UPSERT,reg_jp_20,JP,JPN,Japan,اليابان,,Asia,آسيا,Eastern Asia,شرق آسيا,JP-20,,,1,prefecture,Prefecture,Nagano,,Nagano,true,ISO_3166_2,https://www.iso.org/obp/ui/#search,ISO 3166-2 subdivisions via pycountry/isocodes,REFERENCE_DATA_IMPORTED,NEEDS_AR_TRANSLATION,2026-08-05,Administrative subdivision only; cities are imported in later city files.
UPSERT,reg_jp_21,JP,JPN,Japan,اليابان,,Asia,آسيا,Eastern Asia,شرق آسيا,JP-21,,,1,prefecture,Prefecture,Gifu,,Gifu,true,ISO_3166_2,https://www.iso.org/obp/ui/#search,ISO 3166-2 subdivisions via pycountry/isocodes,REFERENCE_DATA_IMPORTED,NEEDS_AR_TRANSLATION,2026-08-05,Administrative subdivision only; cities are imported in later city files.
UPSERT,reg_jp_22,JP,JPN,Japan,اليابان,,Asia,آسيا,Eastern Asia,شرق آسيا,JP-22,,,1,prefecture,Prefecture,Shizuoka,,Shizuoka,true,ISO_3166_2,https://www.iso.org/obp/ui/#search,ISO 3166-2 subdivisions via pycountry/isocodes,REFERENCE_DATA_IMPORTED,NEEDS_AR_TRANSLATION,2026-08-05,Administrative subdivision only; cities are imported in later city files.
UPSERT,reg_jp_23,JP,JPN,Japan,اليابان,,Asia,آسيا,Eastern Asia,شرق آسيا,JP-23,,,1,prefecture,Prefecture,Aichi,,Aichi,true,ISO_3166_2,https://www.iso.org/obp/ui/#search,ISO 3166-2 subdivisions via pycountry/isocodes,REFERENCE_DATA_IMPORTED,NEEDS_AR_TRANSLATION,2026-08-05,Administrative subdivision only; cities are imported in later city files.
UPSERT,reg_jp_24,JP,JPN,Japan,اليابان,,Asia,آسيا,Eastern Asia,شرق آسيا,JP-24,,,1,prefecture,Prefecture,Mie,,Mie,true,ISO_3166_2,https://www.iso.org/obp/ui/#search,ISO 3166-2 subdivisions via pycountry/isocodes,REFERENCE_DATA_IMPORTED,NEEDS_AR_TRANSLATION,2026-08-05,Administrative subdivision only; cities are imported in later city files.
UPSERT,reg_jp_25,JP,JPN,Japan,اليابان,,Asia,آسيا,Eastern Asia,شرق آسيا,JP-25,,,1,prefecture,Prefecture,Shiga,,Shiga,true,ISO_3166_2,https://www.iso.org/obp/ui/#search,ISO 3166-2 subdivisions via pycountry/isocodes,REFERENCE_DATA_IMPORTED,NEEDS_AR_TRANSLATION,2026-08-05,Administrative subdivision only; cities are imported in later city files.
UPSERT,reg_jp_26,JP,JPN,Japan,اليابان,,Asia,آسيا,Eastern Asia,شرق آسيا,JP-26,,,1,prefecture,Prefecture,Kyoto,,Kyoto,true,ISO_3166_2,https://www.iso.org/obp/ui/#search,ISO 3166-2 subdivisions via pycountry/isocodes,REFERENCE_DATA_IMPORTED,NEEDS_AR_TRANSLATION,2026-08-05,Administrative subdivision only; cities are imported in later city files.
UPSERT,reg_jp_27,JP,JPN,Japan,اليابان,,Asia,آسيا,Eastern Asia,شرق آسيا,JP-27,,,1,prefecture,Prefecture,Osaka,,Osaka,true,ISO_3166_2,https://www.iso.org/obp/ui/#search,ISO 3166-2 subdivisions via pycountry/isocodes,REFERENCE_DATA_IMPORTED,NEEDS_AR_TRANSLATION,2026-08-05,Administrative subdivision only; cities are imported in later city files.
UPSERT,reg_jp_28,JP,JPN,Japan,اليابان,,Asia,آسيا,Eastern Asia,شرق آسيا,JP-28,,,1,prefecture,Prefecture,Hyogo,,Hyogo,true,ISO_3166_2,https://www.iso.org/obp/ui/#search,ISO 3166-2 subdivisions via pycountry/isocodes,REFERENCE_DATA_IMPORTED,NEEDS_AR_TRANSLATION,2026-08-05,Administrative subdivision only; cities are imported in later city files.
UPSERT,reg_jp_29,JP,JPN,Japan,اليابان,,Asia,آسيا,Eastern Asia,شرق آسيا,JP-29,,,1,prefecture,Prefecture,Nara,,Nara,true,ISO_3166_2,https://www.iso.org/obp/ui/#search,ISO 3166-2 subdivisions via pycountry/isocodes,REFERENCE_DATA_IMPORTED,NEEDS_AR_TRANSLATION,2026-08-05,Administrative subdivision only; cities are imported in later city files.
UPSERT,reg_jp_30,JP,JPN,Japan,اليابان,,Asia,آسيا,Eastern Asia,شرق آسيا,JP-30,,,1,prefecture,Prefecture,Wakayama,,Wakayama,true,ISO_3166_2,https://www.iso.org/obp/ui/#search,ISO 3166-2 subdivisions via pycountry/isocodes,REFERENCE_DATA_IMPORTED,NEEDS_AR_TRANSLATION,2026-08-05,Administrative subdivision only; cities are imported in later city files.
UPSERT,reg_jp_31,JP,JPN,Japan,اليابان,,Asia,آسيا,Eastern Asia,شرق آسيا,JP-31,,,1,prefecture,Prefecture,Tottori,,Tottori,true,ISO_3166_2,https://www.iso.org/obp/ui/#search,ISO 3166-2 subdivisions via pycountry/isocodes,REFERENCE_DATA_IMPORTED,NEEDS_AR_TRANSLATION,2026-08-05,Administrative subdivision only; cities are imported in later city files.
UPSERT,reg_jp_32,JP,JPN,Japan,اليابان,,Asia,آسيا,Eastern Asia,شرق آسيا,JP-32,,,1,prefecture,Prefecture,Shimane,,Shimane,true,ISO_3166_2,https://www.iso.org/obp/ui/#search,ISO 3166-2 subdivisions via pycountry/isocodes,REFERENCE_DATA_IMPORTED,NEEDS_AR_TRANSLATION,2026-08-05,Administrative subdivision only; cities are imported in later city files.
UPSERT,reg_jp_33,JP,JPN,Japan,اليابان,,Asia,آسيا,Eastern Asia,شرق آسيا,JP-33,,,1,prefecture,Prefecture,Okayama,,Okayama,true,ISO_3166_2,https://www.iso.org/obp/ui/#search,ISO 3166-2 subdivisions via pycountry/isocodes,REFERENCE_DATA_IMPORTED,NEEDS_AR_TRANSLATION,2026-08-05,Administrative subdivision only; cities are imported in later city files.
UPSERT,reg_jp_34,JP,JPN,Japan,اليابان,,Asia,آسيا,Eastern Asia,شرق آسيا,JP-34,,,1,prefecture,Prefecture,Hiroshima,,Hiroshima,true,ISO_3166_2,https://www.iso.org/obp/ui/#search,ISO 3166-2 subdivisions via pycountry/isocodes,REFERENCE_DATA_IMPORTED,NEEDS_AR_TRANSLATION,2026-08-05,Administrative subdivision only; cities are imported in later city files.
UPSERT,reg_jp_35,JP,JPN,Japan,اليابان,,Asia,آسيا,Eastern Asia,شرق آسيا,JP-35,,,1,prefecture,Prefecture,Yamaguchi,,Yamaguchi,true,ISO_3166_2,https://www.iso.org/obp/ui/#search,ISO 3166-2 subdivisions via pycountry/isocodes,REFERENCE_DATA_IMPORTED,NEEDS_AR_TRANSLATION,2026-08-05,Administrative subdivision only; cities are imported in later city files.
UPSERT,reg_jp_36,JP,JPN,Japan,اليابان,,Asia,آسيا,Eastern Asia,شرق آسيا,JP-36,,,1,prefecture,Prefecture,Tokushima,,Tokushima,true,ISO_3166_2,https://www.iso.org/obp/ui/#search,ISO 3166-2 subdivisions via pycountry/isocodes,REFERENCE_DATA_IMPORTED,NEEDS_AR_TRANSLATION,2026-08-05,Administrative subdivision only; cities are imported in later city files.
UPSERT,reg_jp_37,JP,JPN,Japan,اليابان,,Asia,آسيا,Eastern Asia,شرق آسيا,JP-37,,,1,prefecture,Prefecture,Kagawa,,Kagawa,true,ISO_3166_2,https://www.iso.org/obp/ui/#search,ISO 3166-2 subdivisions via pycountry/isocodes,REFERENCE_DATA_IMPORTED,NEEDS_AR_TRANSLATION,2026-08-05,Administrative subdivision only; cities are imported in later city files.
UPSERT,reg_jp_38,JP,JPN,Japan,اليابان,,Asia,آسيا,Eastern Asia,شرق آسيا,JP-38,,,1,prefecture,Prefecture,Ehime,,Ehime,true,ISO_3166_2,https://www.iso.org/obp/ui/#search,ISO 3166-2 subdivisions via pycountry/isocodes,REFERENCE_DATA_IMPORTED,NEEDS_AR_TRANSLATION,2026-08-05,Administrative subdivision only; cities are imported in later city files.
UPSERT,reg_jp_39,JP,JPN,Japan,اليابان,,Asia,آسيا,Eastern Asia,شرق آسيا,JP-39,,,1,prefecture,Prefecture,Kochi,,Kochi,true,ISO_3166_2,https://www.iso.org/obp/ui/#search,ISO 3166-2 subdivisions via pycountry/isocodes,REFERENCE_DATA_IMPORTED,NEEDS_AR_TRANSLATION,2026-08-05,Administrative subdivision only; cities are imported in later city files.
UPSERT,reg_jp_40,JP,JPN,Japan,اليابان,,Asia,آسيا,Eastern Asia,شرق آسيا,JP-40,,,1,prefecture,Prefecture,Fukuoka,,Fukuoka,true,ISO_3166_2,https://www.iso.org/obp/ui/#search,ISO 3166-2 subdivisions via pycountry/isocodes,REFERENCE_DATA_IMPORTED,NEEDS_AR_TRANSLATION,2026-08-05,Administrative subdivision only; cities are imported in later city files.
UPSERT,reg_jp_41,JP,JPN,Japan,اليابان,,Asia,آسيا,Eastern Asia,شرق آسيا,JP-41,,,1,prefecture,Prefecture,Saga,,Saga,true,ISO_3166_2,https://www.iso.org/obp/ui/#search,ISO 3166-2 subdivisions via pycountry/isocodes,REFERENCE_DATA_IMPORTED,NEEDS_AR_TRANSLATION,2026-08-05,Administrative subdivision only; cities are imported in later city files.
UPSERT,reg_jp_42,JP,JPN,Japan,اليابان,,Asia,آسيا,Eastern Asia,شرق آسيا,JP-42,,,1,prefecture,Prefecture,Nagasaki,,Nagasaki,true,ISO_3166_2,https://www.iso.org/obp/ui/#search,ISO 3166-2 subdivisions via pycountry/isocodes,REFERENCE_DATA_IMPORTED,NEEDS_AR_TRANSLATION,2026-08-05,Administrative subdivision only; cities are imported in later city files.
UPSERT,reg_jp_43,JP,JPN,Japan,اليابان,,Asia,آسيا,Eastern Asia,شرق آسيا,JP-43,,,1,prefecture,Prefecture,Kumamoto,,Kumamoto,true,ISO_3166_2,https://www.iso.org/obp/ui/#search,ISO 3166-2 subdivisions via pycountry/isocodes,REFERENCE_DATA_IMPORTED,NEEDS_AR_TRANSLATION,2026-08-05,Administrative subdivision only; cities are imported in later city files.
UPSERT,reg_jp_44,JP,JPN,Japan,اليابان,,Asia,آسيا,Eastern Asia,شرق آسيا,JP-44,,,1,prefecture,Prefecture,Oita,,Oita,true,ISO_3166_2,https://www.iso.org/obp/ui/#search,ISO 3166-2 subdivisions via pycountry/isocodes,REFERENCE_DATA_IMPORTED,NEEDS_AR_TRANSLATION,2026-08-05,Administrative subdivision only; cities are imported in later city files.
UPSERT,reg_jp_45,JP,JPN,Japan,اليابان,,Asia,آسيا,Eastern Asia,شرق آسيا,JP-45,,,1,prefecture,Prefecture,Miyazaki,,Miyazaki,true,ISO_3166_2,https://www.iso.org/obp/ui/#search,ISO 3166-2 subdivisions via pycountry/isocodes,REFERENCE_DATA_IMPORTED,NEEDS_AR_TRANSLATION,2026-08-05,Administrative subdivision only; cities are imported in later city files.
UPSERT,reg_jp_46,JP,JPN,Japan,اليابان,,Asia,آسيا,Eastern Asia,شرق آسيا,JP-46,,,1,prefecture,Prefecture,Kagoshima,,Kagoshima,true,ISO_3166_2,https://www.iso.org/obp/ui/#search,ISO 3166-2 subdivisions via pycountry/isocodes,REFERENCE_DATA_IMPORTED,NEEDS_AR_TRANSLATION,2026-08-05,Administrative subdivision only; cities are imported in later city files.
UPSERT,reg_jp_47,JP,JPN,Japan,اليابان,,Asia,آسيا,Eastern Asia,شرق آسيا,JP-47,,,1,prefecture,Prefecture,Okinawa,,Okinawa,true,ISO_3166_2,https://www.iso.org/obp/ui/#search,ISO 3166-2 subdivisions via pycountry/isocodes,REFERENCE_DATA_IMPORTED,NEEDS_AR_TRANSLATION,2026-08-05,Administrative subdivision only; cities are imported in later city files.
UPSERT,reg_kg_b,KG,KGZ,Kyrgyzstan,قيرغيزستان,Kyrgyz Republic,Asia,آسيا,Central Asia,آسيا الوسطى,KG-B,,,1,region,Region,Batken,,Batken,true,ISO_3166_2,https://www.iso.org/obp/ui/#search,ISO 3166-2 subdivisions via pycountry/isocodes,REFERENCE_DATA_IMPORTED,NEEDS_AR_TRANSLATION,2026-08-05,Administrative subdivision only; cities are imported in later city files.
UPSERT,reg_kg_c,KG,KGZ,Kyrgyzstan,قيرغيزستان,Kyrgyz Republic,Asia,آسيا,Central Asia,آسيا الوسطى,KG-C,,,1,region,Region,Chuyskaya oblast',,Chuyskaya oblast',true,ISO_3166_2,https://www.iso.org/obp/ui/#search,ISO 3166-2 subdivisions via pycountry/isocodes,REFERENCE_DATA_IMPORTED,NEEDS_AR_TRANSLATION,2026-08-05,Administrative subdivision only; cities are imported in later city files.
UPSERT,reg_kg_gb,KG,KGZ,Kyrgyzstan,قيرغيزستان,Kyrgyz Republic,Asia,آسيا,Central Asia,آسيا الوسطى,KG-GB,,,1,city,City,Bishkek Shaary,,Bishkek Shaary,true,ISO_3166_2,https://www.iso.org/obp/ui/#search,ISO 3166-2 subdivisions via pycountry/isocodes,REFERENCE_DATA_IMPORTED,NEEDS_AR_TRANSLATION,2026-08-05,Administrative subdivision only; cities are imported in later city files.
UPSERT,reg_kg_go,KG,KGZ,Kyrgyzstan,قيرغيزستان,Kyrgyz Republic,Asia,آسيا,Central Asia,آسيا الوسطى,KG-GO,,,1,city,City,Gorod Osh,,Gorod Osh,true,ISO_3166_2,https://www.iso.org/obp/ui/#search,ISO 3166-2 subdivisions via pycountry/isocodes,REFERENCE_DATA_IMPORTED,NEEDS_AR_TRANSLATION,2026-08-05,Administrative subdivision only; cities are imported in later city files.
UPSERT,reg_kg_j,KG,KGZ,Kyrgyzstan,قيرغيزستان,Kyrgyz Republic,Asia,آسيا,Central Asia,آسيا الوسطى,KG-J,,,1,region,Region,Dzhalal-Abadskaya oblast',,Dzhalal-Abadskaya oblast',true,ISO_3166_2,https://www.iso.org/obp/ui/#search,ISO 3166-2 subdivisions via pycountry/isocodes,REFERENCE_DATA_IMPORTED,NEEDS_AR_TRANSLATION,2026-08-05,Administrative subdivision only; cities are imported in later city files.
UPSERT,reg_kg_n,KG,KGZ,Kyrgyzstan,قيرغيزستان,Kyrgyz Republic,Asia,آسيا,Central Asia,آسيا الوسطى,KG-N,,,1,region,Region,Naryn,,Naryn,true,ISO_3166_2,https://www.iso.org/obp/ui/#search,ISO 3166-2 subdivisions via pycountry/isocodes,REFERENCE_DATA_IMPORTED,NEEDS_AR_TRANSLATION,2026-08-05,Administrative subdivision only; cities are imported in later city files.
UPSERT,reg_kg_o,KG,KGZ,Kyrgyzstan,قيرغيزستان,Kyrgyz Republic,Asia,آسيا,Central Asia,آسيا الوسطى,KG-O,,,1,region,Region,Osh,,Osh,true,ISO_3166_2,https://www.iso.org/obp/ui/#search,ISO 3166-2 subdivisions via pycountry/isocodes,REFERENCE_DATA_IMPORTED,NEEDS_AR_TRANSLATION,2026-08-05,Administrative subdivision only; cities are imported in later city files.
UPSERT,reg_kg_t,KG,KGZ,Kyrgyzstan,قيرغيزستان,Kyrgyz Republic,Asia,آسيا,Central Asia,آسيا الوسطى,KG-T,,,1,region,Region,Talas,,Talas,true,ISO_3166_2,https://www.iso.org/obp/ui/#search,ISO 3166-2 subdivisions via pycountry/isocodes,REFERENCE_DATA_IMPORTED,NEEDS_AR_TRANSLATION,2026-08-05,Administrative subdivision only; cities are imported in later city files.
UPSERT,reg_kg_y,KG,KGZ,Kyrgyzstan,قيرغيزستان,Kyrgyz Republic,Asia,آسيا,Central Asia,آسيا الوسطى,KG-Y,,,1,region,Region,Issyk-Kul'skaja oblast',,Issyk-Kul'skaja oblast',true,ISO_3166_2,https://www.iso.org/obp/ui/#search,ISO 3166-2 subdivisions via pycountry/isocodes,REFERENCE_DATA_IMPORTED,NEEDS_AR_TRANSLATION,2026-08-05,Administrative subdivision only; cities are imported in later city files.
UPSERT,reg_kh_1,KH,KHM,Cambodia,كمبوديا,Kingdom of Cambodia,Asia,آسيا,South-Eastern Asia,جنوب شرق آسيا,KH-1,,,1,province,Province,Banteay Mean Choăy,,Banteay Mean Choăy,true,ISO_3166_2,https://www.iso.org/obp/ui/#search,ISO 3166-2 subdivisions via pycountry/isocodes,REFERENCE_DATA_IMPORTED,NEEDS_AR_TRANSLATION,2026-08-05,Administrative subdivision only; cities are imported in later city files.
UPSERT,reg_kh_10,KH,KHM,Cambodia,كمبوديا,Kingdom of Cambodia,Asia,آسيا,South-Eastern Asia,جنوب شرق آسيا,KH-10,,,1,province,Province,Kracheh,,Kracheh,true,ISO_3166_2,https://www.iso.org/obp/ui/#search,ISO 3166-2 subdivisions via pycountry/isocodes,REFERENCE_DATA_IMPORTED,NEEDS_AR_TRANSLATION,2026-08-05,Administrative subdivision only; cities are imported in later city files.
UPSERT,reg_kh_11,KH,KHM,Cambodia,كمبوديا,Kingdom of Cambodia,Asia,آسيا,South-Eastern Asia,جنوب شرق آسيا,KH-11,,,1,province,Province,Mondol Kiri,,Mondol Kiri,true,ISO_3166_2,https://www.iso.org/obp/ui/#search,ISO 3166-2 subdivisions via pycountry/isocodes,REFERENCE_DATA_IMPORTED,NEEDS_AR_TRANSLATION,2026-08-05,Administrative subdivision only; cities are imported in later city files.
UPSERT,reg_kh_12,KH,KHM,Cambodia,كمبوديا,Kingdom of Cambodia,Asia,آسيا,South-Eastern Asia,جنوب شرق آسيا,KH-12,,,1,autonomous_municipality,Autonomous municipality,Phnom Penh,,Phnom Penh,true,ISO_3166_2,https://www.iso.org/obp/ui/#search,ISO 3166-2 subdivisions via pycountry/isocodes,REFERENCE_DATA_IMPORTED,NEEDS_AR_TRANSLATION,2026-08-05,Administrative subdivision only; cities are imported in later city files.
UPSERT,reg_kh_13,KH,KHM,Cambodia,كمبوديا,Kingdom of Cambodia,Asia,آسيا,South-Eastern Asia,جنوب شرق آسيا,KH-13,,,1,province,Province,Preah Vihear,,Preah Vihear,true,ISO_3166_2,https://www.iso.org/obp/ui/#search,ISO 3166-2 subdivisions via pycountry/isocodes,REFERENCE_DATA_IMPORTED,NEEDS_AR_TRANSLATION,2026-08-05,Administrative subdivision only; cities are imported in later city files.
UPSERT,reg_kh_14,KH,KHM,Cambodia,كمبوديا,Kingdom of Cambodia,Asia,آسيا,South-Eastern Asia,جنوب شرق آسيا,KH-14,,,1,province,Province,Prey Veaeng,,Prey Veaeng,true,ISO_3166_2,https://www.iso.org/obp/ui/#search,ISO 3166-2 subdivisions via pycountry/isocodes,REFERENCE_DATA_IMPORTED,NEEDS_AR_TRANSLATION,2026-08-05,Administrative subdivision only; cities are imported in later city files.
UPSERT,reg_kh_15,KH,KHM,Cambodia,كمبوديا,Kingdom of Cambodia,Asia,آسيا,South-Eastern Asia,جنوب شرق آسيا,KH-15,,,1,province,Province,Pousaat,,Pousaat,true,ISO_3166_2,https://www.iso.org/obp/ui/#search,ISO 3166-2 subdivisions via pycountry/isocodes,REFERENCE_DATA_IMPORTED,NEEDS_AR_TRANSLATION,2026-08-05,Administrative subdivision only; cities are imported in later city files.
UPSERT,reg_kh_16,KH,KHM,Cambodia,كمبوديا,Kingdom of Cambodia,Asia,آسيا,South-Eastern Asia,جنوب شرق آسيا,KH-16,,,1,province,Province,Rotanak Kiri,,Rotanak Kiri,true,ISO_3166_2,https://www.iso.org/obp/ui/#search,ISO 3166-2 subdivisions via pycountry/isocodes,REFERENCE_DATA_IMPORTED,NEEDS_AR_TRANSLATION,2026-08-05,Administrative subdivision only; cities are imported in later city files.
UPSERT,reg_kh_17,KH,KHM,Cambodia,كمبوديا,Kingdom of Cambodia,Asia,آسيا,South-Eastern Asia,جنوب شرق آسيا,KH-17,,,1,province,Province,Siem Reab,,Siem Reab,true,ISO_3166_2,https://www.iso.org/obp/ui/#search,ISO 3166-2 subdivisions via pycountry/isocodes,REFERENCE_DATA_IMPORTED,NEEDS_AR_TRANSLATION,2026-08-05,Administrative subdivision only; cities are imported in later city files.
UPSERT,reg_kh_18,KH,KHM,Cambodia,كمبوديا,Kingdom of Cambodia,Asia,آسيا,South-Eastern Asia,جنوب شرق آسيا,KH-18,,,1,province,Province,Preah Sihanouk,,Preah Sihanouk,true,ISO_3166_2,https://www.iso.org/obp/ui/#search,ISO 3166-2 subdivisions via pycountry/isocodes,REFERENCE_DATA_IMPORTED,NEEDS_AR_TRANSLATION,2026-08-05,Administrative subdivision only; cities are imported in later city files.
UPSERT,reg_kh_19,KH,KHM,Cambodia,كمبوديا,Kingdom of Cambodia,Asia,آسيا,South-Eastern Asia,جنوب شرق آسيا,KH-19,,,1,province,Province,Stoĕng Trêng,,Stoĕng Trêng,true,ISO_3166_2,https://www.iso.org/obp/ui/#search,ISO 3166-2 subdivisions via pycountry/isocodes,REFERENCE_DATA_IMPORTED,NEEDS_AR_TRANSLATION,2026-08-05,Administrative subdivision only; cities are imported in later city files.
UPSERT,reg_kh_2,KH,KHM,Cambodia,كمبوديا,Kingdom of Cambodia,Asia,آسيا,South-Eastern Asia,جنوب شرق آسيا,KH-2,,,1,province,Province,Baat Dambang,,Baat Dambang,true,ISO_3166_2,https://www.iso.org/obp/ui/#search,ISO 3166-2 subdivisions via pycountry/isocodes,REFERENCE_DATA_IMPORTED,NEEDS_AR_TRANSLATION,2026-08-05,Administrative subdivision only; cities are imported in later city files.
UPSERT,reg_kh_20,KH,KHM,Cambodia,كمبوديا,Kingdom of Cambodia,Asia,آسيا,South-Eastern Asia,جنوب شرق آسيا,KH-20,,,1,province,Province,Svaay Rieng,,Svaay Rieng,true,ISO_3166_2,https://www.iso.org/obp/ui/#search,ISO 3166-2 subdivisions via pycountry/isocodes,REFERENCE_DATA_IMPORTED,NEEDS_AR_TRANSLATION,2026-08-05,Administrative subdivision only; cities are imported in later city files.
UPSERT,reg_kh_21,KH,KHM,Cambodia,كمبوديا,Kingdom of Cambodia,Asia,آسيا,South-Eastern Asia,جنوب شرق آسيا,KH-21,,,1,province,Province,Taakaev,,Taakaev,true,ISO_3166_2,https://www.iso.org/obp/ui/#search,ISO 3166-2 subdivisions via pycountry/isocodes,REFERENCE_DATA_IMPORTED,NEEDS_AR_TRANSLATION,2026-08-05,Administrative subdivision only; cities are imported in later city files.
UPSERT,reg_kh_22,KH,KHM,Cambodia,كمبوديا,Kingdom of Cambodia,Asia,آسيا,South-Eastern Asia,جنوب شرق آسيا,KH-22,,,1,province,Province,Otdar Mean Chey,,Otdar Mean Chey,true,ISO_3166_2,https://www.iso.org/obp/ui/#search,ISO 3166-2 subdivisions via pycountry/isocodes,REFERENCE_DATA_IMPORTED,NEEDS_AR_TRANSLATION,2026-08-05,Administrative subdivision only; cities are imported in later city files.
UPSERT,reg_kh_23,KH,KHM,Cambodia,كمبوديا,Kingdom of Cambodia,Asia,آسيا,South-Eastern Asia,جنوب شرق آسيا,KH-23,,,1,province,Province,Kaeb,,Kaeb,true,ISO_3166_2,https://www.iso.org/obp/ui/#search,ISO 3166-2 subdivisions via pycountry/isocodes,REFERENCE_DATA_IMPORTED,NEEDS_AR_TRANSLATION,2026-08-05,Administrative subdivision only; cities are imported in later city files.
UPSERT,reg_kh_24,KH,KHM,Cambodia,كمبوديا,Kingdom of Cambodia,Asia,آسيا,South-Eastern Asia,جنوب شرق آسيا,KH-24,,,1,province,Province,Pailin,,Pailin,true,ISO_3166_2,https://www.iso.org/obp/ui/#search,ISO 3166-2 subdivisions via pycountry/isocodes,REFERENCE_DATA_IMPORTED,NEEDS_AR_TRANSLATION,2026-08-05,Administrative subdivision only; cities are imported in later city files.
UPSERT,reg_kh_25,KH,KHM,Cambodia,كمبوديا,Kingdom of Cambodia,Asia,آسيا,South-Eastern Asia,جنوب شرق آسيا,KH-25,,,1,province,Province,Tbong Khmum,,Tbong Khmum,true,ISO_3166_2,https://www.iso.org/obp/ui/#search,ISO 3166-2 subdivisions via pycountry/isocodes,REFERENCE_DATA_IMPORTED,NEEDS_AR_TRANSLATION,2026-08-05,Administrative subdivision only; cities are imported in later city files.
UPSERT,reg_kh_3,KH,KHM,Cambodia,كمبوديا,Kingdom of Cambodia,Asia,آسيا,South-Eastern Asia,جنوب شرق آسيا,KH-3,,,1,province,Province,Kampong Chaam,,Kampong Chaam,true,ISO_3166_2,https://www.iso.org/obp/ui/#search,ISO 3166-2 subdivisions via pycountry/isocodes,REFERENCE_DATA_IMPORTED,NEEDS_AR_TRANSLATION,2026-08-05,Administrative subdivision only; cities are imported in later city files.
UPSERT,reg_kh_4,KH,KHM,Cambodia,كمبوديا,Kingdom of Cambodia,Asia,آسيا,South-Eastern Asia,جنوب شرق آسيا,KH-4,,,1,province,Province,Kampong Chhnang,,Kampong Chhnang,true,ISO_3166_2,https://www.iso.org/obp/ui/#search,ISO 3166-2 subdivisions via pycountry/isocodes,REFERENCE_DATA_IMPORTED,NEEDS_AR_TRANSLATION,2026-08-05,Administrative subdivision only; cities are imported in later city files.
UPSERT,reg_kh_5,KH,KHM,Cambodia,كمبوديا,Kingdom of Cambodia,Asia,آسيا,South-Eastern Asia,جنوب شرق آسيا,KH-5,,,1,province,Province,Kampong Spueu,,Kampong Spueu,true,ISO_3166_2,https://www.iso.org/obp/ui/#search,ISO 3166-2 subdivisions via pycountry/isocodes,REFERENCE_DATA_IMPORTED,NEEDS_AR_TRANSLATION,2026-08-05,Administrative subdivision only; cities are imported in later city files.
UPSERT,reg_kh_6,KH,KHM,Cambodia,كمبوديا,Kingdom of Cambodia,Asia,آسيا,South-Eastern Asia,جنوب شرق آسيا,KH-6,,,1,province,Province,Kampong Thum,,Kampong Thum,true,ISO_3166_2,https://www.iso.org/obp/ui/#search,ISO 3166-2 subdivisions via pycountry/isocodes,REFERENCE_DATA_IMPORTED,NEEDS_AR_TRANSLATION,2026-08-05,Administrative subdivision only; cities are imported in later city files.
UPSERT,reg_kh_7,KH,KHM,Cambodia,كمبوديا,Kingdom of Cambodia,Asia,آسيا,South-Eastern Asia,جنوب شرق آسيا,KH-7,,,1,province,Province,Kampot,,Kampot,true,ISO_3166_2,https://www.iso.org/obp/ui/#search,ISO 3166-2 subdivisions via pycountry/isocodes,REFERENCE_DATA_IMPORTED,NEEDS_AR_TRANSLATION,2026-08-05,Administrative subdivision only; cities are imported in later city files.
UPSERT,reg_kh_8,KH,KHM,Cambodia,كمبوديا,Kingdom of Cambodia,Asia,آسيا,South-Eastern Asia,جنوب شرق آسيا,KH-8,,,1,province,Province,Kandaal,,Kandaal,true,ISO_3166_2,https://www.iso.org/obp/ui/#search,ISO 3166-2 subdivisions via pycountry/isocodes,REFERENCE_DATA_IMPORTED,NEEDS_AR_TRANSLATION,2026-08-05,Administrative subdivision only; cities are imported in later city files.
UPSERT,reg_kh_9,KH,KHM,Cambodia,كمبوديا,Kingdom of Cambodia,Asia,آسيا,South-Eastern Asia,جنوب شرق آسيا,KH-9,,,1,province,Province,Kaoh Kong,,Kaoh Kong,true,ISO_3166_2,https://www.iso.org/obp/ui/#search,ISO 3166-2 subdivisions via pycountry/isocodes,REFERENCE_DATA_IMPORTED,NEEDS_AR_TRANSLATION,2026-08-05,Administrative subdivision only; cities are imported in later city files.
UPSERT,reg_kp_01,KP,PRK,"Korea, Democratic People's Republic of",كوريا الشمالية,Democratic People's Republic of Korea,Asia,آسيا,Eastern Asia,شرق آسيا,KP-01,,,1,capital_city,Capital city,P'yǒngyang,,P'yǒngyang,true,ISO_3166_2,https://www.iso.org/obp/ui/#search,ISO 3166-2 subdivisions via pycountry/isocodes,REFERENCE_DATA_IMPORTED,NEEDS_AR_TRANSLATION,2026-08-05,Administrative subdivision only; cities are imported in later city files.
UPSERT,reg_kp_02,KP,PRK,"Korea, Democratic People's Republic of",كوريا الشمالية,Democratic People's Republic of Korea,Asia,آسيا,Eastern Asia,شرق آسيا,KP-02,,,1,province,Province,P'yǒngan-namdo,,P'yǒngan-namdo,true,ISO_3166_2,https://www.iso.org/obp/ui/#search,ISO 3166-2 subdivisions via pycountry/isocodes,REFERENCE_DATA_IMPORTED,NEEDS_AR_TRANSLATION,2026-08-05,Administrative subdivision only; cities are imported in later city files.
UPSERT,reg_kp_03,KP,PRK,"Korea, Democratic People's Republic of",كوريا الشمالية,Democratic People's Republic of Korea,Asia,آسيا,Eastern Asia,شرق آسيا,KP-03,,,1,province,Province,P'yǒngan-bukto,,P'yǒngan-bukto,true,ISO_3166_2,https://www.iso.org/obp/ui/#search,ISO 3166-2 subdivisions via pycountry/isocodes,REFERENCE_DATA_IMPORTED,NEEDS_AR_TRANSLATION,2026-08-05,Administrative subdivision only; cities are imported in later city files.
UPSERT,reg_kp_04,KP,PRK,"Korea, Democratic People's Republic of",كوريا الشمالية,Democratic People's Republic of Korea,Asia,آسيا,Eastern Asia,شرق آسيا,KP-04,,,1,province,Province,Chagang-do,,Chagang-do,true,ISO_3166_2,https://www.iso.org/obp/ui/#search,ISO 3166-2 subdivisions via pycountry/isocodes,REFERENCE_DATA_IMPORTED,NEEDS_AR_TRANSLATION,2026-08-05,Administrative subdivision only; cities are imported in later city files.
UPSERT,reg_kp_05,KP,PRK,"Korea, Democratic People's Republic of",كوريا الشمالية,Democratic People's Republic of Korea,Asia,آسيا,Eastern Asia,شرق آسيا,KP-05,,,1,province,Province,Hwanghae-namdo,,Hwanghae-namdo,true,ISO_3166_2,https://www.iso.org/obp/ui/#search,ISO 3166-2 subdivisions via pycountry/isocodes,REFERENCE_DATA_IMPORTED,NEEDS_AR_TRANSLATION,2026-08-05,Administrative subdivision only; cities are imported in later city files.
UPSERT,reg_kp_06,KP,PRK,"Korea, Democratic People's Republic of",كوريا الشمالية,Democratic People's Republic of Korea,Asia,آسيا,Eastern Asia,شرق آسيا,KP-06,,,1,province,Province,Hwanghae-bukto,,Hwanghae-bukto,true,ISO_3166_2,https://www.iso.org/obp/ui/#search,ISO 3166-2 subdivisions via pycountry/isocodes,REFERENCE_DATA_IMPORTED,NEEDS_AR_TRANSLATION,2026-08-05,Administrative subdivision only; cities are imported in later city files.
UPSERT,reg_kp_07,KP,PRK,"Korea, Democratic People's Republic of",كوريا الشمالية,Democratic People's Republic of Korea,Asia,آسيا,Eastern Asia,شرق آسيا,KP-07,,,1,province,Province,Kangweonto,,Kangweonto,true,ISO_3166_2,https://www.iso.org/obp/ui/#search,ISO 3166-2 subdivisions via pycountry/isocodes,REFERENCE_DATA_IMPORTED,NEEDS_AR_TRANSLATION,2026-08-05,Administrative subdivision only; cities are imported in later city files.
UPSERT,reg_kp_08,KP,PRK,"Korea, Democratic People's Republic of",كوريا الشمالية,Democratic People's Republic of Korea,Asia,آسيا,Eastern Asia,شرق آسيا,KP-08,,,1,province,Province,Hamgyǒng-namdo,,Hamgyǒng-namdo,true,ISO_3166_2,https://www.iso.org/obp/ui/#search,ISO 3166-2 subdivisions via pycountry/isocodes,REFERENCE_DATA_IMPORTED,NEEDS_AR_TRANSLATION,2026-08-05,Administrative subdivision only; cities are imported in later city files.
UPSERT,reg_kp_09,KP,PRK,"Korea, Democratic People's Republic of",كوريا الشمالية,Democratic People's Republic of Korea,Asia,آسيا,Eastern Asia,شرق آسيا,KP-09,,,1,province,Province,Hamgyǒng-bukto,,Hamgyǒng-bukto,true,ISO_3166_2,https://www.iso.org/obp/ui/#search,ISO 3166-2 subdivisions via pycountry/isocodes,REFERENCE_DATA_IMPORTED,NEEDS_AR_TRANSLATION,2026-08-05,Administrative subdivision only; cities are imported in later city files.
UPSERT,reg_kp_10,KP,PRK,"Korea, Democratic People's Republic of",كوريا الشمالية,Democratic People's Republic of Korea,Asia,آسيا,Eastern Asia,شرق آسيا,KP-10,,,1,province,Province,Ryanggang-do,,Ryanggang-do,true,ISO_3166_2,https://www.iso.org/obp/ui/#search,ISO 3166-2 subdivisions via pycountry/isocodes,REFERENCE_DATA_IMPORTED,NEEDS_AR_TRANSLATION,2026-08-05,Administrative subdivision only; cities are imported in later city files.
UPSERT,reg_kp_13,KP,PRK,"Korea, Democratic People's Republic of",كوريا الشمالية,Democratic People's Republic of Korea,Asia,آسيا,Eastern Asia,شرق آسيا,KP-13,,,1,special_city,Special city,Raseon,,Raseon,true,ISO_3166_2,https://www.iso.org/obp/ui/#search,ISO 3166-2 subdivisions via pycountry/isocodes,REFERENCE_DATA_IMPORTED,NEEDS_AR_TRANSLATION,2026-08-05,Administrative subdivision only; cities are imported in later city files.
UPSERT,reg_kp_14,KP,PRK,"Korea, Democratic People's Republic of",كوريا الشمالية,Democratic People's Republic of Korea,Asia,آسيا,Eastern Asia,شرق آسيا,KP-14,,,1,metropolitan_city,Metropolitan city,Nampho,,Nampho,true,ISO_3166_2,https://www.iso.org/obp/ui/#search,ISO 3166-2 subdivisions via pycountry/isocodes,REFERENCE_DATA_IMPORTED,NEEDS_AR_TRANSLATION,2026-08-05,Administrative subdivision only; cities are imported in later city files.
UPSERT,reg_kp_15,KP,PRK,"Korea, Democratic People's Republic of",كوريا الشمالية,Democratic People's Republic of Korea,Asia,آسيا,Eastern Asia,شرق آسيا,KP-15,,,1,metropolitan_city,Metropolitan city,Kaeseong,,Kaeseong,true,ISO_3166_2,https://www.iso.org/obp/ui/#search,ISO 3166-2 subdivisions via pycountry/isocodes,REFERENCE_DATA_IMPORTED,NEEDS_AR_TRANSLATION,2026-08-05,Administrative subdivision only; cities are imported in later city files.
UPSERT,reg_kr_11,KR,KOR,"Korea, Republic of",كوريا الجنوبية,,Asia,آسيا,Eastern Asia,شرق آسيا,KR-11,,,1,special_city,Special city,Seoul-teukbyeolsi,,Seoul-teukbyeolsi,true,ISO_3166_2,https://www.iso.org/obp/ui/#search,ISO 3166-2 subdivisions via pycountry/isocodes,REFERENCE_DATA_IMPORTED,NEEDS_AR_TRANSLATION,2026-08-05,Administrative subdivision only; cities are imported in later city files.
UPSERT,reg_kr_26,KR,KOR,"Korea, Republic of",كوريا الجنوبية,,Asia,آسيا,Eastern Asia,شرق آسيا,KR-26,,,1,metropolitan_city,Metropolitan city,Busan-gwangyeoksi,,Busan-gwangyeoksi,true,ISO_3166_2,https://www.iso.org/obp/ui/#search,ISO 3166-2 subdivisions via pycountry/isocodes,REFERENCE_DATA_IMPORTED,NEEDS_AR_TRANSLATION,2026-08-05,Administrative subdivision only; cities are imported in later city files.
UPSERT,reg_kr_27,KR,KOR,"Korea, Republic of",كوريا الجنوبية,,Asia,آسيا,Eastern Asia,شرق آسيا,KR-27,,,1,metropolitan_city,Metropolitan city,Daegu-gwangyeoksi,,Daegu-gwangyeoksi,true,ISO_3166_2,https://www.iso.org/obp/ui/#search,ISO 3166-2 subdivisions via pycountry/isocodes,REFERENCE_DATA_IMPORTED,NEEDS_AR_TRANSLATION,2026-08-05,Administrative subdivision only; cities are imported in later city files.
UPSERT,reg_kr_28,KR,KOR,"Korea, Republic of",كوريا الجنوبية,,Asia,آسيا,Eastern Asia,شرق آسيا,KR-28,,,1,metropolitan_city,Metropolitan city,Incheon-gwangyeoksi,,Incheon-gwangyeoksi,true,ISO_3166_2,https://www.iso.org/obp/ui/#search,ISO 3166-2 subdivisions via pycountry/isocodes,REFERENCE_DATA_IMPORTED,NEEDS_AR_TRANSLATION,2026-08-05,Administrative subdivision only; cities are imported in later city files.
UPSERT,reg_kr_29,KR,KOR,"Korea, Republic of",كوريا الجنوبية,,Asia,آسيا,Eastern Asia,شرق آسيا,KR-29,,,1,metropolitan_city,Metropolitan city,Gwangju-gwangyeoksi,,Gwangju-gwangyeoksi,true,ISO_3166_2,https://www.iso.org/obp/ui/#search,ISO 3166-2 subdivisions via pycountry/isocodes,REFERENCE_DATA_IMPORTED,NEEDS_AR_TRANSLATION,2026-08-05,Administrative subdivision only; cities are imported in later city files.
UPSERT,reg_kr_30,KR,KOR,"Korea, Republic of",كوريا الجنوبية,,Asia,آسيا,Eastern Asia,شرق آسيا,KR-30,,,1,metropolitan_city,Metropolitan city,Daejeon-gwangyeoksi,,Daejeon-gwangyeoksi,true,ISO_3166_2,https://www.iso.org/obp/ui/#search,ISO 3166-2 subdivisions via pycountry/isocodes,REFERENCE_DATA_IMPORTED,NEEDS_AR_TRANSLATION,2026-08-05,Administrative subdivision only; cities are imported in later city files.
UPSERT,reg_kr_31,KR,KOR,"Korea, Republic of",كوريا الجنوبية,,Asia,آسيا,Eastern Asia,شرق آسيا,KR-31,,,1,metropolitan_city,Metropolitan city,Ulsan-gwangyeoksi,,Ulsan-gwangyeoksi,true,ISO_3166_2,https://www.iso.org/obp/ui/#search,ISO 3166-2 subdivisions via pycountry/isocodes,REFERENCE_DATA_IMPORTED,NEEDS_AR_TRANSLATION,2026-08-05,Administrative subdivision only; cities are imported in later city files.
UPSERT,reg_kr_41,KR,KOR,"Korea, Republic of",كوريا الجنوبية,,Asia,آسيا,Eastern Asia,شرق آسيا,KR-41,,,1,province,Province,Gyeonggi-do,,Gyeonggi-do,true,ISO_3166_2,https://www.iso.org/obp/ui/#search,ISO 3166-2 subdivisions via pycountry/isocodes,REFERENCE_DATA_IMPORTED,NEEDS_AR_TRANSLATION,2026-08-05,Administrative subdivision only; cities are imported in later city files.
UPSERT,reg_kr_42,KR,KOR,"Korea, Republic of",كوريا الجنوبية,,Asia,آسيا,Eastern Asia,شرق آسيا,KR-42,,,1,special_self_governing_province,Special self-governing province,Gangwon-teukbyeoljachido,,Gangwon-teukbyeoljachido,true,ISO_3166_2,https://www.iso.org/obp/ui/#search,ISO 3166-2 subdivisions via pycountry/isocodes,REFERENCE_DATA_IMPORTED,NEEDS_AR_TRANSLATION,2026-08-05,Administrative subdivision only; cities are imported in later city files.
UPSERT,reg_kr_43,KR,KOR,"Korea, Republic of",كوريا الجنوبية,,Asia,آسيا,Eastern Asia,شرق آسيا,KR-43,,,1,province,Province,Chungcheongbuk-do,,Chungcheongbuk-do,true,ISO_3166_2,https://www.iso.org/obp/ui/#search,ISO 3166-2 subdivisions via pycountry/isocodes,REFERENCE_DATA_IMPORTED,NEEDS_AR_TRANSLATION,2026-08-05,Administrative subdivision only; cities are imported in later city files.
UPSERT,reg_kr_44,KR,KOR,"Korea, Republic of",كوريا الجنوبية,,Asia,آسيا,Eastern Asia,شرق آسيا,KR-44,,,1,province,Province,Chungcheongnam-do,,Chungcheongnam-do,true,ISO_3166_2,https://www.iso.org/obp/ui/#search,ISO 3166-2 subdivisions via pycountry/isocodes,REFERENCE_DATA_IMPORTED,NEEDS_AR_TRANSLATION,2026-08-05,Administrative subdivision only; cities are imported in later city files.
UPSERT,reg_kr_45,KR,KOR,"Korea, Republic of",كوريا الجنوبية,,Asia,آسيا,Eastern Asia,شرق آسيا,KR-45,,,1,province,Province,Jeollabuk-do,,Jeollabuk-do,true,ISO_3166_2,https://www.iso.org/obp/ui/#search,ISO 3166-2 subdivisions via pycountry/isocodes,REFERENCE_DATA_IMPORTED,NEEDS_AR_TRANSLATION,2026-08-05,Administrative subdivision only; cities are imported in later city files.
UPSERT,reg_kr_46,KR,KOR,"Korea, Republic of",كوريا الجنوبية,,Asia,آسيا,Eastern Asia,شرق آسيا,KR-46,,,1,province,Province,Jeollanam-do,,Jeollanam-do,true,ISO_3166_2,https://www.iso.org/obp/ui/#search,ISO 3166-2 subdivisions via pycountry/isocodes,REFERENCE_DATA_IMPORTED,NEEDS_AR_TRANSLATION,2026-08-05,Administrative subdivision only; cities are imported in later city files.
UPSERT,reg_kr_47,KR,KOR,"Korea, Republic of",كوريا الجنوبية,,Asia,آسيا,Eastern Asia,شرق آسيا,KR-47,,,1,province,Province,Gyeongsangbuk-do,,Gyeongsangbuk-do,true,ISO_3166_2,https://www.iso.org/obp/ui/#search,ISO 3166-2 subdivisions via pycountry/isocodes,REFERENCE_DATA_IMPORTED,NEEDS_AR_TRANSLATION,2026-08-05,Administrative subdivision only; cities are imported in later city files.
UPSERT,reg_kr_48,KR,KOR,"Korea, Republic of",كوريا الجنوبية,,Asia,آسيا,Eastern Asia,شرق آسيا,KR-48,,,1,province,Province,Gyeongsangnam-do,,Gyeongsangnam-do,true,ISO_3166_2,https://www.iso.org/obp/ui/#search,ISO 3166-2 subdivisions via pycountry/isocodes,REFERENCE_DATA_IMPORTED,NEEDS_AR_TRANSLATION,2026-08-05,Administrative subdivision only; cities are imported in later city files.
UPSERT,reg_kr_49,KR,KOR,"Korea, Republic of",كوريا الجنوبية,,Asia,آسيا,Eastern Asia,شرق آسيا,KR-49,,,1,special_self_governing_province,Special self-governing province,Jeju-teukbyeoljachido,,Jeju-teukbyeoljachido,true,ISO_3166_2,https://www.iso.org/obp/ui/#search,ISO 3166-2 subdivisions via pycountry/isocodes,REFERENCE_DATA_IMPORTED,NEEDS_AR_TRANSLATION,2026-08-05,Administrative subdivision only; cities are imported in later city files.
UPSERT,reg_kr_50,KR,KOR,"Korea, Republic of",كوريا الجنوبية,,Asia,آسيا,Eastern Asia,شرق آسيا,KR-50,,,1,special_self_governing_city,Special self-governing city,Sejong,,Sejong,true,ISO_3166_2,https://www.iso.org/obp/ui/#search,ISO 3166-2 subdivisions via pycountry/isocodes,REFERENCE_DATA_IMPORTED,NEEDS_AR_TRANSLATION,2026-08-05,Administrative subdivision only; cities are imported in later city files.
UPSERT,reg_kw_ah,KW,KWT,Kuwait,الكويت,State of Kuwait,Asia,آسيا,Western Asia,غرب آسيا,KW-AH,,,1,governorate,Governorate,Al Aḩmadī,,Al Aḩmadī,true,ISO_3166_2,https://www.iso.org/obp/ui/#search,ISO 3166-2 subdivisions via pycountry/isocodes,REFERENCE_DATA_IMPORTED,NEEDS_AR_TRANSLATION,2026-08-05,Administrative subdivision only; cities are imported in later city files.
UPSERT,reg_kw_fa,KW,KWT,Kuwait,الكويت,State of Kuwait,Asia,آسيا,Western Asia,غرب آسيا,KW-FA,,,1,governorate,Governorate,Al Farwānīyah,,Al Farwānīyah,true,ISO_3166_2,https://www.iso.org/obp/ui/#search,ISO 3166-2 subdivisions via pycountry/isocodes,REFERENCE_DATA_IMPORTED,NEEDS_AR_TRANSLATION,2026-08-05,Administrative subdivision only; cities are imported in later city files.
UPSERT,reg_kw_ha,KW,KWT,Kuwait,الكويت,State of Kuwait,Asia,آسيا,Western Asia,غرب آسيا,KW-HA,,,1,governorate,Governorate,Ḩawallī,,Ḩawallī,true,ISO_3166_2,https://www.iso.org/obp/ui/#search,ISO 3166-2 subdivisions via pycountry/isocodes,REFERENCE_DATA_IMPORTED,NEEDS_AR_TRANSLATION,2026-08-05,Administrative subdivision only; cities are imported in later city files.
UPSERT,reg_kw_ja,KW,KWT,Kuwait,الكويت,State of Kuwait,Asia,آسيا,Western Asia,غرب آسيا,KW-JA,,,1,governorate,Governorate,Al Jahrā’,,Al Jahrā’,true,ISO_3166_2,https://www.iso.org/obp/ui/#search,ISO 3166-2 subdivisions via pycountry/isocodes,REFERENCE_DATA_IMPORTED,NEEDS_AR_TRANSLATION,2026-08-05,Administrative subdivision only; cities are imported in later city files.
UPSERT,reg_kw_ku,KW,KWT,Kuwait,الكويت,State of Kuwait,Asia,آسيا,Western Asia,غرب آسيا,KW-KU,,,1,governorate,Governorate,Al ‘Āşimah,,Al ‘Āşimah,true,ISO_3166_2,https://www.iso.org/obp/ui/#search,ISO 3166-2 subdivisions via pycountry/isocodes,REFERENCE_DATA_IMPORTED,NEEDS_AR_TRANSLATION,2026-08-05,Administrative subdivision only; cities are imported in later city files.
UPSERT,reg_kw_mu,KW,KWT,Kuwait,الكويت,State of Kuwait,Asia,آسيا,Western Asia,غرب آسيا,KW-MU,,,1,governorate,Governorate,Mubārak al Kabīr,,Mubārak al Kabīr,true,ISO_3166_2,https://www.iso.org/obp/ui/#search,ISO 3166-2 subdivisions via pycountry/isocodes,REFERENCE_DATA_IMPORTED,NEEDS_AR_TRANSLATION,2026-08-05,Administrative subdivision only; cities are imported in later city files.
UPSERT,reg_kz_10,KZ,KAZ,Kazakhstan,كازاخستان,Republic of Kazakhstan,Asia,آسيا,Central Asia,آسيا الوسطى,KZ-10,,,1,region,Region,Abajskaja oblast’,,Abajskaja oblast’,true,ISO_3166_2,https://www.iso.org/obp/ui/#search,ISO 3166-2 subdivisions via pycountry/isocodes,REFERENCE_DATA_IMPORTED,NEEDS_AR_TRANSLATION,2026-08-05,Administrative subdivision only; cities are imported in later city files.
UPSERT,reg_kz_11,KZ,KAZ,Kazakhstan,كازاخستان,Republic of Kazakhstan,Asia,آسيا,Central Asia,آسيا الوسطى,KZ-11,,,1,region,Region,Akmolinskaja oblast',,Akmolinskaja oblast',true,ISO_3166_2,https://www.iso.org/obp/ui/#search,ISO 3166-2 subdivisions via pycountry/isocodes,REFERENCE_DATA_IMPORTED,NEEDS_AR_TRANSLATION,2026-08-05,Administrative subdivision only; cities are imported in later city files.
UPSERT,reg_kz_15,KZ,KAZ,Kazakhstan,كازاخستان,Republic of Kazakhstan,Asia,آسيا,Central Asia,آسيا الوسطى,KZ-15,,,1,region,Region,Aktjubinskaja oblast',,Aktjubinskaja oblast',true,ISO_3166_2,https://www.iso.org/obp/ui/#search,ISO 3166-2 subdivisions via pycountry/isocodes,REFERENCE_DATA_IMPORTED,NEEDS_AR_TRANSLATION,2026-08-05,Administrative subdivision only; cities are imported in later city files.
UPSERT,reg_kz_19,KZ,KAZ,Kazakhstan,كازاخستان,Republic of Kazakhstan,Asia,آسيا,Central Asia,آسيا الوسطى,KZ-19,,,1,region,Region,Almatinskaja oblast',,Almatinskaja oblast',true,ISO_3166_2,https://www.iso.org/obp/ui/#search,ISO 3166-2 subdivisions via pycountry/isocodes,REFERENCE_DATA_IMPORTED,NEEDS_AR_TRANSLATION,2026-08-05,Administrative subdivision only; cities are imported in later city files.
UPSERT,reg_kz_23,KZ,KAZ,Kazakhstan,كازاخستان,Republic of Kazakhstan,Asia,آسيا,Central Asia,آسيا الوسطى,KZ-23,,,1,region,Region,Atyrauskaja oblast',,Atyrauskaja oblast',true,ISO_3166_2,https://www.iso.org/obp/ui/#search,ISO 3166-2 subdivisions via pycountry/isocodes,REFERENCE_DATA_IMPORTED,NEEDS_AR_TRANSLATION,2026-08-05,Administrative subdivision only; cities are imported in later city files.
UPSERT,reg_kz_27,KZ,KAZ,Kazakhstan,كازاخستان,Republic of Kazakhstan,Asia,آسيا,Central Asia,آسيا الوسطى,KZ-27,,,1,region,Region,Batys Qazaqstan oblysy,,Batys Qazaqstan oblysy,true,ISO_3166_2,https://www.iso.org/obp/ui/#search,ISO 3166-2 subdivisions via pycountry/isocodes,REFERENCE_DATA_IMPORTED,NEEDS_AR_TRANSLATION,2026-08-05,Administrative subdivision only; cities are imported in later city files.
UPSERT,reg_kz_31,KZ,KAZ,Kazakhstan,كازاخستان,Republic of Kazakhstan,Asia,آسيا,Central Asia,آسيا الوسطى,KZ-31,,,1,region,Region,Zhambyl oblysy,,Zhambyl oblysy,true,ISO_3166_2,https://www.iso.org/obp/ui/#search,ISO 3166-2 subdivisions via pycountry/isocodes,REFERENCE_DATA_IMPORTED,NEEDS_AR_TRANSLATION,2026-08-05,Administrative subdivision only; cities are imported in later city files.
UPSERT,reg_kz_33,KZ,KAZ,Kazakhstan,كازاخستان,Republic of Kazakhstan,Asia,آسيا,Central Asia,آسيا الوسطى,KZ-33,,,1,region,Region,Zhetisū oblysy,,Zhetisū oblysy,true,ISO_3166_2,https://www.iso.org/obp/ui/#search,ISO 3166-2 subdivisions via pycountry/isocodes,REFERENCE_DATA_IMPORTED,NEEDS_AR_TRANSLATION,2026-08-05,Administrative subdivision only; cities are imported in later city files.
UPSERT,reg_kz_35,KZ,KAZ,Kazakhstan,كازاخستان,Republic of Kazakhstan,Asia,آسيا,Central Asia,آسيا الوسطى,KZ-35,,,1,region,Region,Karagandinskaja oblast',,Karagandinskaja oblast',true,ISO_3166_2,https://www.iso.org/obp/ui/#search,ISO 3166-2 subdivisions via pycountry/isocodes,REFERENCE_DATA_IMPORTED,NEEDS_AR_TRANSLATION,2026-08-05,Administrative subdivision only; cities are imported in later city files.
UPSERT,reg_kz_39,KZ,KAZ,Kazakhstan,كازاخستان,Republic of Kazakhstan,Asia,آسيا,Central Asia,آسيا الوسطى,KZ-39,,,1,region,Region,Kostanajskaja oblast',,Kostanajskaja oblast',true,ISO_3166_2,https://www.iso.org/obp/ui/#search,ISO 3166-2 subdivisions via pycountry/isocodes,REFERENCE_DATA_IMPORTED,NEEDS_AR_TRANSLATION,2026-08-05,Administrative subdivision only; cities are imported in later city files.
UPSERT,reg_kz_43,KZ,KAZ,Kazakhstan,كازاخستان,Republic of Kazakhstan,Asia,آسيا,Central Asia,آسيا الوسطى,KZ-43,,,1,region,Region,Kyzylordinskaja oblast',,Kyzylordinskaja oblast',true,ISO_3166_2,https://www.iso.org/obp/ui/#search,ISO 3166-2 subdivisions via pycountry/isocodes,REFERENCE_DATA_IMPORTED,NEEDS_AR_TRANSLATION,2026-08-05,Administrative subdivision only; cities are imported in later city files.
UPSERT,reg_kz_47,KZ,KAZ,Kazakhstan,كازاخستان,Republic of Kazakhstan,Asia,آسيا,Central Asia,آسيا الوسطى,KZ-47,,,1,region,Region,Mangghystaū oblysy,,Mangghystaū oblysy,true,ISO_3166_2,https://www.iso.org/obp/ui/#search,ISO 3166-2 subdivisions via pycountry/isocodes,REFERENCE_DATA_IMPORTED,NEEDS_AR_TRANSLATION,2026-08-05,Administrative subdivision only; cities are imported in later city files.
UPSERT,reg_kz_55,KZ,KAZ,Kazakhstan,كازاخستان,Republic of Kazakhstan,Asia,آسيا,Central Asia,آسيا الوسطى,KZ-55,,,1,region,Region,Pavlodar oblysy,,Pavlodar oblysy,true,ISO_3166_2,https://www.iso.org/obp/ui/#search,ISO 3166-2 subdivisions via pycountry/isocodes,REFERENCE_DATA_IMPORTED,NEEDS_AR_TRANSLATION,2026-08-05,Administrative subdivision only; cities are imported in later city files.
UPSERT,reg_kz_59,KZ,KAZ,Kazakhstan,كازاخستان,Republic of Kazakhstan,Asia,آسيا,Central Asia,آسيا الوسطى,KZ-59,,,1,region,Region,Severo-Kazahstanskaja oblast',,Severo-Kazahstanskaja oblast',true,ISO_3166_2,https://www.iso.org/obp/ui/#search,ISO 3166-2 subdivisions via pycountry/isocodes,REFERENCE_DATA_IMPORTED,NEEDS_AR_TRANSLATION,2026-08-05,Administrative subdivision only; cities are imported in later city files.
UPSERT,reg_kz_61,KZ,KAZ,Kazakhstan,كازاخستان,Republic of Kazakhstan,Asia,آسيا,Central Asia,آسيا الوسطى,KZ-61,,,1,region,Region,Turkestankaya oblast',,Turkestankaya oblast',true,ISO_3166_2,https://www.iso.org/obp/ui/#search,ISO 3166-2 subdivisions via pycountry/isocodes,REFERENCE_DATA_IMPORTED,NEEDS_AR_TRANSLATION,2026-08-05,Administrative subdivision only; cities are imported in later city files.
UPSERT,reg_kz_62,KZ,KAZ,Kazakhstan,كازاخستان,Republic of Kazakhstan,Asia,آسيا,Central Asia,آسيا الوسطى,KZ-62,,,1,region,Region,Ulytauskaja oblast’,,Ulytauskaja oblast’,true,ISO_3166_2,https://www.iso.org/obp/ui/#search,ISO 3166-2 subdivisions via pycountry/isocodes,REFERENCE_DATA_IMPORTED,NEEDS_AR_TRANSLATION,2026-08-05,Administrative subdivision only; cities are imported in later city files.
UPSERT,reg_kz_63,KZ,KAZ,Kazakhstan,كازاخستان,Republic of Kazakhstan,Asia,آسيا,Central Asia,آسيا الوسطى,KZ-63,,,1,region,Region,Shyghys Qazaqstan oblysy,,Shyghys Qazaqstan oblysy,true,ISO_3166_2,https://www.iso.org/obp/ui/#search,ISO 3166-2 subdivisions via pycountry/isocodes,REFERENCE_DATA_IMPORTED,NEEDS_AR_TRANSLATION,2026-08-05,Administrative subdivision only; cities are imported in later city files.
UPSERT,reg_kz_71,KZ,KAZ,Kazakhstan,كازاخستان,Republic of Kazakhstan,Asia,آسيا,Central Asia,آسيا الوسطى,KZ-71,,,1,city,City,Astana,,Astana,true,ISO_3166_2,https://www.iso.org/obp/ui/#search,ISO 3166-2 subdivisions via pycountry/isocodes,REFERENCE_DATA_IMPORTED,NEEDS_AR_TRANSLATION,2026-08-05,Administrative subdivision only; cities are imported in later city files.
UPSERT,reg_kz_75,KZ,KAZ,Kazakhstan,كازاخستان,Republic of Kazakhstan,Asia,آسيا,Central Asia,آسيا الوسطى,KZ-75,,,1,city,City,Almaty,,Almaty,true,ISO_3166_2,https://www.iso.org/obp/ui/#search,ISO 3166-2 subdivisions via pycountry/isocodes,REFERENCE_DATA_IMPORTED,NEEDS_AR_TRANSLATION,2026-08-05,Administrative subdivision only; cities are imported in later city files.
UPSERT,reg_kz_79,KZ,KAZ,Kazakhstan,كازاخستان,Republic of Kazakhstan,Asia,آسيا,Central Asia,آسيا الوسطى,KZ-79,,,1,city,City,Shymkent,,Shymkent,true,ISO_3166_2,https://www.iso.org/obp/ui/#search,ISO 3166-2 subdivisions via pycountry/isocodes,REFERENCE_DATA_IMPORTED,NEEDS_AR_TRANSLATION,2026-08-05,Administrative subdivision only; cities are imported in later city files.
UPSERT,reg_la_at,LA,LAO,Lao People's Democratic Republic,لاوس,,Asia,آسيا,South-Eastern Asia,جنوب شرق آسيا,LA-AT,,,1,province,Province,Attapu,,Attapu,true,ISO_3166_2,https://www.iso.org/obp/ui/#search,ISO 3166-2 subdivisions via pycountry/isocodes,REFERENCE_DATA_IMPORTED,NEEDS_AR_TRANSLATION,2026-08-05,Administrative subdivision only; cities are imported in later city files.
UPSERT,reg_la_bk,LA,LAO,Lao People's Democratic Republic,لاوس,,Asia,آسيا,South-Eastern Asia,جنوب شرق آسيا,LA-BK,,,1,province,Province,Bokèo,,Bokèo,true,ISO_3166_2,https://www.iso.org/obp/ui/#search,ISO 3166-2 subdivisions via pycountry/isocodes,REFERENCE_DATA_IMPORTED,NEEDS_AR_TRANSLATION,2026-08-05,Administrative subdivision only; cities are imported in later city files.
UPSERT,reg_la_bl,LA,LAO,Lao People's Democratic Republic,لاوس,,Asia,آسيا,South-Eastern Asia,جنوب شرق آسيا,LA-BL,,,1,province,Province,Bolikhamxai,,Bolikhamxai,true,ISO_3166_2,https://www.iso.org/obp/ui/#search,ISO 3166-2 subdivisions via pycountry/isocodes,REFERENCE_DATA_IMPORTED,NEEDS_AR_TRANSLATION,2026-08-05,Administrative subdivision only; cities are imported in later city files.
UPSERT,reg_la_ch,LA,LAO,Lao People's Democratic Republic,لاوس,,Asia,آسيا,South-Eastern Asia,جنوب شرق آسيا,LA-CH,,,1,province,Province,Champasak,,Champasak,true,ISO_3166_2,https://www.iso.org/obp/ui/#search,ISO 3166-2 subdivisions via pycountry/isocodes,REFERENCE_DATA_IMPORTED,NEEDS_AR_TRANSLATION,2026-08-05,Administrative subdivision only; cities are imported in later city files.
UPSERT,reg_la_ho,LA,LAO,Lao People's Democratic Republic,لاوس,,Asia,آسيا,South-Eastern Asia,جنوب شرق آسيا,LA-HO,,,1,province,Province,Houaphan,,Houaphan,true,ISO_3166_2,https://www.iso.org/obp/ui/#search,ISO 3166-2 subdivisions via pycountry/isocodes,REFERENCE_DATA_IMPORTED,NEEDS_AR_TRANSLATION,2026-08-05,Administrative subdivision only; cities are imported in later city files.
UPSERT,reg_la_kh,LA,LAO,Lao People's Democratic Republic,لاوس,,Asia,آسيا,South-Eastern Asia,جنوب شرق آسيا,LA-KH,,,1,province,Province,Khammouan,,Khammouan,true,ISO_3166_2,https://www.iso.org/obp/ui/#search,ISO 3166-2 subdivisions via pycountry/isocodes,REFERENCE_DATA_IMPORTED,NEEDS_AR_TRANSLATION,2026-08-05,Administrative subdivision only; cities are imported in later city files.
UPSERT,reg_la_lm,LA,LAO,Lao People's Democratic Republic,لاوس,,Asia,آسيا,South-Eastern Asia,جنوب شرق آسيا,LA-LM,,,1,province,Province,Louang Namtha,,Louang Namtha,true,ISO_3166_2,https://www.iso.org/obp/ui/#search,ISO 3166-2 subdivisions via pycountry/isocodes,REFERENCE_DATA_IMPORTED,NEEDS_AR_TRANSLATION,2026-08-05,Administrative subdivision only; cities are imported in later city files.
UPSERT,reg_la_lp,LA,LAO,Lao People's Democratic Republic,لاوس,,Asia,آسيا,South-Eastern Asia,جنوب شرق آسيا,LA-LP,,,1,province,Province,Louangphabang,,Louangphabang,true,ISO_3166_2,https://www.iso.org/obp/ui/#search,ISO 3166-2 subdivisions via pycountry/isocodes,REFERENCE_DATA_IMPORTED,NEEDS_AR_TRANSLATION,2026-08-05,Administrative subdivision only; cities are imported in later city files.
UPSERT,reg_la_ou,LA,LAO,Lao People's Democratic Republic,لاوس,,Asia,آسيا,South-Eastern Asia,جنوب شرق آسيا,LA-OU,,,1,province,Province,Oudômxai,,Oudômxai,true,ISO_3166_2,https://www.iso.org/obp/ui/#search,ISO 3166-2 subdivisions via pycountry/isocodes,REFERENCE_DATA_IMPORTED,NEEDS_AR_TRANSLATION,2026-08-05,Administrative subdivision only; cities are imported in later city files.
UPSERT,reg_la_ph,LA,LAO,Lao People's Democratic Republic,لاوس,,Asia,آسيا,South-Eastern Asia,جنوب شرق آسيا,LA-PH,,,1,province,Province,Phôngsali,,Phôngsali,true,ISO_3166_2,https://www.iso.org/obp/ui/#search,ISO 3166-2 subdivisions via pycountry/isocodes,REFERENCE_DATA_IMPORTED,NEEDS_AR_TRANSLATION,2026-08-05,Administrative subdivision only; cities are imported in later city files.
UPSERT,reg_la_sl,LA,LAO,Lao People's Democratic Republic,لاوس,,Asia,آسيا,South-Eastern Asia,جنوب شرق آسيا,LA-SL,,,1,province,Province,Salavan,,Salavan,true,ISO_3166_2,https://www.iso.org/obp/ui/#search,ISO 3166-2 subdivisions via pycountry/isocodes,REFERENCE_DATA_IMPORTED,NEEDS_AR_TRANSLATION,2026-08-05,Administrative subdivision only; cities are imported in later city files.
UPSERT,reg_la_sv,LA,LAO,Lao People's Democratic Republic,لاوس,,Asia,آسيا,South-Eastern Asia,جنوب شرق آسيا,LA-SV,,,1,province,Province,Savannakhét,,Savannakhét,true,ISO_3166_2,https://www.iso.org/obp/ui/#search,ISO 3166-2 subdivisions via pycountry/isocodes,REFERENCE_DATA_IMPORTED,NEEDS_AR_TRANSLATION,2026-08-05,Administrative subdivision only; cities are imported in later city files.
UPSERT,reg_la_vi,LA,LAO,Lao People's Democratic Republic,لاوس,,Asia,آسيا,South-Eastern Asia,جنوب شرق آسيا,LA-VI,,,1,province,Province,Viangchan,,Viangchan,true,ISO_3166_2,https://www.iso.org/obp/ui/#search,ISO 3166-2 subdivisions via pycountry/isocodes,REFERENCE_DATA_IMPORTED,NEEDS_AR_TRANSLATION,2026-08-05,Administrative subdivision only; cities are imported in later city files.
UPSERT,reg_la_vt,LA,LAO,Lao People's Democratic Republic,لاوس,,Asia,آسيا,South-Eastern Asia,جنوب شرق آسيا,LA-VT,,,1,prefecture,Prefecture,Viangchan,,Viangchan,true,ISO_3166_2,https://www.iso.org/obp/ui/#search,ISO 3166-2 subdivisions via pycountry/isocodes,REFERENCE_DATA_IMPORTED,NEEDS_AR_TRANSLATION,2026-08-05,Administrative subdivision only; cities are imported in later city files.
UPSERT,reg_la_xa,LA,LAO,Lao People's Democratic Republic,لاوس,,Asia,آسيا,South-Eastern Asia,جنوب شرق آسيا,LA-XA,,,1,province,Province,Xaignabouli,,Xaignabouli,true,ISO_3166_2,https://www.iso.org/obp/ui/#search,ISO 3166-2 subdivisions via pycountry/isocodes,REFERENCE_DATA_IMPORTED,NEEDS_AR_TRANSLATION,2026-08-05,Administrative subdivision only; cities are imported in later city files.
UPSERT,reg_la_xe,LA,LAO,Lao People's Democratic Republic,لاوس,,Asia,آسيا,South-Eastern Asia,جنوب شرق آسيا,LA-XE,,,1,province,Province,Xékong,,Xékong,true,ISO_3166_2,https://www.iso.org/obp/ui/#search,ISO 3166-2 subdivisions via pycountry/isocodes,REFERENCE_DATA_IMPORTED,NEEDS_AR_TRANSLATION,2026-08-05,Administrative subdivision only; cities are imported in later city files.
UPSERT,reg_la_xi,LA,LAO,Lao People's Democratic Republic,لاوس,,Asia,آسيا,South-Eastern Asia,جنوب شرق آسيا,LA-XI,,,1,province,Province,Xiangkhouang,,Xiangkhouang,true,ISO_3166_2,https://www.iso.org/obp/ui/#search,ISO 3166-2 subdivisions via pycountry/isocodes,REFERENCE_DATA_IMPORTED,NEEDS_AR_TRANSLATION,2026-08-05,Administrative subdivision only; cities are imported in later city files.
UPSERT,reg_la_xs,LA,LAO,Lao People's Democratic Republic,لاوس,,Asia,آسيا,South-Eastern Asia,جنوب شرق آسيا,LA-XS,,,1,province,Province,Xaisômboun,,Xaisômboun,true,ISO_3166_2,https://www.iso.org/obp/ui/#search,ISO 3166-2 subdivisions via pycountry/isocodes,REFERENCE_DATA_IMPORTED,NEEDS_AR_TRANSLATION,2026-08-05,Administrative subdivision only; cities are imported in later city files.
UPSERT,reg_lb_ak,LB,LBN,Lebanon,لبنان,Lebanese Republic,Asia,آسيا,Western Asia,غرب آسيا,LB-AK,,,1,governorate,Governorate,Aakkâr,,Aakkâr,true,ISO_3166_2,https://www.iso.org/obp/ui/#search,ISO 3166-2 subdivisions via pycountry/isocodes,REFERENCE_DATA_IMPORTED,NEEDS_AR_TRANSLATION,2026-08-05,Administrative subdivision only; cities are imported in later city files.
UPSERT,reg_lb_as,LB,LBN,Lebanon,لبنان,Lebanese Republic,Asia,آسيا,Western Asia,غرب آسيا,LB-AS,,,1,governorate,Governorate,Ash Shimāl,,Ash Shimāl,true,ISO_3166_2,https://www.iso.org/obp/ui/#search,ISO 3166-2 subdivisions via pycountry/isocodes,REFERENCE_DATA_IMPORTED,NEEDS_AR_TRANSLATION,2026-08-05,Administrative subdivision only; cities are imported in later city files.
UPSERT,reg_lb_ba,LB,LBN,Lebanon,لبنان,Lebanese Republic,Asia,آسيا,Western Asia,غرب آسيا,LB-BA,,,1,governorate,Governorate,Bayrūt,,Bayrūt,true,ISO_3166_2,https://www.iso.org/obp/ui/#search,ISO 3166-2 subdivisions via pycountry/isocodes,REFERENCE_DATA_IMPORTED,NEEDS_AR_TRANSLATION,2026-08-05,Administrative subdivision only; cities are imported in later city files.
UPSERT,reg_lb_bh,LB,LBN,Lebanon,لبنان,Lebanese Republic,Asia,آسيا,Western Asia,غرب آسيا,LB-BH,,,1,governorate,Governorate,Baalbek-Hermel,,Baalbek-Hermel,true,ISO_3166_2,https://www.iso.org/obp/ui/#search,ISO 3166-2 subdivisions via pycountry/isocodes,REFERENCE_DATA_IMPORTED,NEEDS_AR_TRANSLATION,2026-08-05,Administrative subdivision only; cities are imported in later city files.
UPSERT,reg_lb_bi,LB,LBN,Lebanon,لبنان,Lebanese Republic,Asia,آسيا,Western Asia,غرب آسيا,LB-BI,,,1,governorate,Governorate,Al Biqā‘,,Al Biqā‘,true,ISO_3166_2,https://www.iso.org/obp/ui/#search,ISO 3166-2 subdivisions via pycountry/isocodes,REFERENCE_DATA_IMPORTED,NEEDS_AR_TRANSLATION,2026-08-05,Administrative subdivision only; cities are imported in later city files.
UPSERT,reg_lb_ja,LB,LBN,Lebanon,لبنان,Lebanese Republic,Asia,آسيا,Western Asia,غرب آسيا,LB-JA,,,1,governorate,Governorate,Al Janūb,,Al Janūb,true,ISO_3166_2,https://www.iso.org/obp/ui/#search,ISO 3166-2 subdivisions via pycountry/isocodes,REFERENCE_DATA_IMPORTED,NEEDS_AR_TRANSLATION,2026-08-05,Administrative subdivision only; cities are imported in later city files.
UPSERT,reg_lb_jl,LB,LBN,Lebanon,لبنان,Lebanese Republic,Asia,آسيا,Western Asia,غرب آسيا,LB-JL,,,1,governorate,Governorate,Jabal Lubnān,,Jabal Lubnān,true,ISO_3166_2,https://www.iso.org/obp/ui/#search,ISO 3166-2 subdivisions via pycountry/isocodes,REFERENCE_DATA_IMPORTED,NEEDS_AR_TRANSLATION,2026-08-05,Administrative subdivision only; cities are imported in later city files.
UPSERT,reg_lb_na,LB,LBN,Lebanon,لبنان,Lebanese Republic,Asia,آسيا,Western Asia,غرب آسيا,LB-NA,,,1,governorate,Governorate,An Nabaţīyah,,An Nabaţīyah,true,ISO_3166_2,https://www.iso.org/obp/ui/#search,ISO 3166-2 subdivisions via pycountry/isocodes,REFERENCE_DATA_IMPORTED,NEEDS_AR_TRANSLATION,2026-08-05,Administrative subdivision only; cities are imported in later city files.
UPSERT,reg_lk_1,LK,LKA,Sri Lanka,سريلانكا,Democratic Socialist Republic of Sri Lanka,Asia,آسيا,Southern Asia,جنوب آسيا,LK-1,,,1,province,Province,Western Province,,Western Province,true,ISO_3166_2,https://www.iso.org/obp/ui/#search,ISO 3166-2 subdivisions via pycountry/isocodes,REFERENCE_DATA_IMPORTED,NEEDS_AR_TRANSLATION,2026-08-05,Administrative subdivision only; cities are imported in later city files.
UPSERT,reg_lk_11,LK,LKA,Sri Lanka,سريلانكا,Democratic Socialist Republic of Sri Lanka,Asia,آسيا,Southern Asia,جنوب آسيا,LK-11,LK-1,Western Province,2,district,District,Colombo,,Colombo,true,ISO_3166_2,https://www.iso.org/obp/ui/#search,ISO 3166-2 subdivisions via pycountry/isocodes,REFERENCE_DATA_IMPORTED,NEEDS_AR_TRANSLATION,2026-08-05,Administrative subdivision only; cities are imported in later city files.
UPSERT,reg_lk_12,LK,LKA,Sri Lanka,سريلانكا,Democratic Socialist Republic of Sri Lanka,Asia,آسيا,Southern Asia,جنوب آسيا,LK-12,LK-1,Western Province,2,district,District,Gampaha,,Gampaha,true,ISO_3166_2,https://www.iso.org/obp/ui/#search,ISO 3166-2 subdivisions via pycountry/isocodes,REFERENCE_DATA_IMPORTED,NEEDS_AR_TRANSLATION,2026-08-05,Administrative subdivision only; cities are imported in later city files.
UPSERT,reg_lk_13,LK,LKA,Sri Lanka,سريلانكا,Democratic Socialist Republic of Sri Lanka,Asia,آسيا,Southern Asia,جنوب آسيا,LK-13,LK-1,Western Province,2,district,District,Kalutara,,Kalutara,true,ISO_3166_2,https://www.iso.org/obp/ui/#search,ISO 3166-2 subdivisions via pycountry/isocodes,REFERENCE_DATA_IMPORTED,NEEDS_AR_TRANSLATION,2026-08-05,Administrative subdivision only; cities are imported in later city files.
UPSERT,reg_lk_2,LK,LKA,Sri Lanka,سريلانكا,Democratic Socialist Republic of Sri Lanka,Asia,آسيا,Southern Asia,جنوب آسيا,LK-2,,,1,province,Province,Central Province,,Central Province,true,ISO_3166_2,https://www.iso.org/obp/ui/#search,ISO 3166-2 subdivisions via pycountry/isocodes,REFERENCE_DATA_IMPORTED,NEEDS_AR_TRANSLATION,2026-08-05,Administrative subdivision only; cities are imported in later city files.
UPSERT,reg_lk_21,LK,LKA,Sri Lanka,سريلانكا,Democratic Socialist Republic of Sri Lanka,Asia,آسيا,Southern Asia,جنوب آسيا,LK-21,LK-2,Central Province,2,district,District,Kandy,,Kandy,true,ISO_3166_2,https://www.iso.org/obp/ui/#search,ISO 3166-2 subdivisions via pycountry/isocodes,REFERENCE_DATA_IMPORTED,NEEDS_AR_TRANSLATION,2026-08-05,Administrative subdivision only; cities are imported in later city files.
UPSERT,reg_lk_22,LK,LKA,Sri Lanka,سريلانكا,Democratic Socialist Republic of Sri Lanka,Asia,آسيا,Southern Asia,جنوب آسيا,LK-22,LK-2,Central Province,2,district,District,Matale,,Matale,true,ISO_3166_2,https://www.iso.org/obp/ui/#search,ISO 3166-2 subdivisions via pycountry/isocodes,REFERENCE_DATA_IMPORTED,NEEDS_AR_TRANSLATION,2026-08-05,Administrative subdivision only; cities are imported in later city files.
UPSERT,reg_lk_23,LK,LKA,Sri Lanka,سريلانكا,Democratic Socialist Republic of Sri Lanka,Asia,آسيا,Southern Asia,جنوب آسيا,LK-23,LK-2,Central Province,2,district,District,Nuwara Eliya,,Nuwara Eliya,true,ISO_3166_2,https://www.iso.org/obp/ui/#search,ISO 3166-2 subdivisions via pycountry/isocodes,REFERENCE_DATA_IMPORTED,NEEDS_AR_TRANSLATION,2026-08-05,Administrative subdivision only; cities are imported in later city files.
UPSERT,reg_lk_3,LK,LKA,Sri Lanka,سريلانكا,Democratic Socialist Republic of Sri Lanka,Asia,آسيا,Southern Asia,جنوب آسيا,LK-3,,,1,province,Province,Southern Province,,Southern Province,true,ISO_3166_2,https://www.iso.org/obp/ui/#search,ISO 3166-2 subdivisions via pycountry/isocodes,REFERENCE_DATA_IMPORTED,NEEDS_AR_TRANSLATION,2026-08-05,Administrative subdivision only; cities are imported in later city files.
UPSERT,reg_lk_31,LK,LKA,Sri Lanka,سريلانكا,Democratic Socialist Republic of Sri Lanka,Asia,آسيا,Southern Asia,جنوب آسيا,LK-31,LK-3,Southern Province,2,district,District,Galle,,Galle,true,ISO_3166_2,https://www.iso.org/obp/ui/#search,ISO 3166-2 subdivisions via pycountry/isocodes,REFERENCE_DATA_IMPORTED,NEEDS_AR_TRANSLATION,2026-08-05,Administrative subdivision only; cities are imported in later city files.
UPSERT,reg_lk_32,LK,LKA,Sri Lanka,سريلانكا,Democratic Socialist Republic of Sri Lanka,Asia,آسيا,Southern Asia,جنوب آسيا,LK-32,LK-3,Southern Province,2,district,District,Matara,,Matara,true,ISO_3166_2,https://www.iso.org/obp/ui/#search,ISO 3166-2 subdivisions via pycountry/isocodes,REFERENCE_DATA_IMPORTED,NEEDS_AR_TRANSLATION,2026-08-05,Administrative subdivision only; cities are imported in later city files.
UPSERT,reg_lk_33,LK,LKA,Sri Lanka,سريلانكا,Democratic Socialist Republic of Sri Lanka,Asia,آسيا,Southern Asia,جنوب آسيا,LK-33,LK-3,Southern Province,2,district,District,Hambantota,,Hambantota,true,ISO_3166_2,https://www.iso.org/obp/ui/#search,ISO 3166-2 subdivisions via pycountry/isocodes,REFERENCE_DATA_IMPORTED,NEEDS_AR_TRANSLATION,2026-08-05,Administrative subdivision only; cities are imported in later city files.
UPSERT,reg_lk_4,LK,LKA,Sri Lanka,سريلانكا,Democratic Socialist Republic of Sri Lanka,Asia,آسيا,Southern Asia,جنوب آسيا,LK-4,,,1,province,Province,Northern Province,,Northern Province,true,ISO_3166_2,https://www.iso.org/obp/ui/#search,ISO 3166-2 subdivisions via pycountry/isocodes,REFERENCE_DATA_IMPORTED,NEEDS_AR_TRANSLATION,2026-08-05,Administrative subdivision only; cities are imported in later city files.
UPSERT,reg_lk_41,LK,LKA,Sri Lanka,سريلانكا,Democratic Socialist Republic of Sri Lanka,Asia,آسيا,Southern Asia,جنوب آسيا,LK-41,LK-4,Northern Province,2,district,District,Jaffna,,Jaffna,true,ISO_3166_2,https://www.iso.org/obp/ui/#search,ISO 3166-2 subdivisions via pycountry/isocodes,REFERENCE_DATA_IMPORTED,NEEDS_AR_TRANSLATION,2026-08-05,Administrative subdivision only; cities are imported in later city files.
UPSERT,reg_lk_42,LK,LKA,Sri Lanka,سريلانكا,Democratic Socialist Republic of Sri Lanka,Asia,آسيا,Southern Asia,جنوب آسيا,LK-42,LK-4,Northern Province,2,district,District,Kilinochchi,,Kilinochchi,true,ISO_3166_2,https://www.iso.org/obp/ui/#search,ISO 3166-2 subdivisions via pycountry/isocodes,REFERENCE_DATA_IMPORTED,NEEDS_AR_TRANSLATION,2026-08-05,Administrative subdivision only; cities are imported in later city files.
UPSERT,reg_lk_43,LK,LKA,Sri Lanka,سريلانكا,Democratic Socialist Republic of Sri Lanka,Asia,آسيا,Southern Asia,جنوب آسيا,LK-43,LK-4,Northern Province,2,district,District,Mannar,,Mannar,true,ISO_3166_2,https://www.iso.org/obp/ui/#search,ISO 3166-2 subdivisions via pycountry/isocodes,REFERENCE_DATA_IMPORTED,NEEDS_AR_TRANSLATION,2026-08-05,Administrative subdivision only; cities are imported in later city files.
UPSERT,reg_lk_44,LK,LKA,Sri Lanka,سريلانكا,Democratic Socialist Republic of Sri Lanka,Asia,آسيا,Southern Asia,جنوب آسيا,LK-44,LK-4,Northern Province,2,district,District,Vavuniya,,Vavuniya,true,ISO_3166_2,https://www.iso.org/obp/ui/#search,ISO 3166-2 subdivisions via pycountry/isocodes,REFERENCE_DATA_IMPORTED,NEEDS_AR_TRANSLATION,2026-08-05,Administrative subdivision only; cities are imported in later city files.
UPSERT,reg_lk_45,LK,LKA,Sri Lanka,سريلانكا,Democratic Socialist Republic of Sri Lanka,Asia,آسيا,Southern Asia,جنوب آسيا,LK-45,LK-4,Northern Province,2,district,District,Mullaittivu,,Mullaittivu,true,ISO_3166_2,https://www.iso.org/obp/ui/#search,ISO 3166-2 subdivisions via pycountry/isocodes,REFERENCE_DATA_IMPORTED,NEEDS_AR_TRANSLATION,2026-08-05,Administrative subdivision only; cities are imported in later city files.
UPSERT,reg_lk_5,LK,LKA,Sri Lanka,سريلانكا,Democratic Socialist Republic of Sri Lanka,Asia,آسيا,Southern Asia,جنوب آسيا,LK-5,,,1,province,Province,Eastern Province,,Eastern Province,true,ISO_3166_2,https://www.iso.org/obp/ui/#search,ISO 3166-2 subdivisions via pycountry/isocodes,REFERENCE_DATA_IMPORTED,NEEDS_AR_TRANSLATION,2026-08-05,Administrative subdivision only; cities are imported in later city files.
UPSERT,reg_lk_51,LK,LKA,Sri Lanka,سريلانكا,Democratic Socialist Republic of Sri Lanka,Asia,آسيا,Southern Asia,جنوب آسيا,LK-51,LK-5,Eastern Province,2,district,District,Batticaloa,,Batticaloa,true,ISO_3166_2,https://www.iso.org/obp/ui/#search,ISO 3166-2 subdivisions via pycountry/isocodes,REFERENCE_DATA_IMPORTED,NEEDS_AR_TRANSLATION,2026-08-05,Administrative subdivision only; cities are imported in later city files.
UPSERT,reg_lk_52,LK,LKA,Sri Lanka,سريلانكا,Democratic Socialist Republic of Sri Lanka,Asia,آسيا,Southern Asia,جنوب آسيا,LK-52,LK-5,Eastern Province,2,district,District,Ampara,,Ampara,true,ISO_3166_2,https://www.iso.org/obp/ui/#search,ISO 3166-2 subdivisions via pycountry/isocodes,REFERENCE_DATA_IMPORTED,NEEDS_AR_TRANSLATION,2026-08-05,Administrative subdivision only; cities are imported in later city files.
UPSERT,reg_lk_53,LK,LKA,Sri Lanka,سريلانكا,Democratic Socialist Republic of Sri Lanka,Asia,آسيا,Southern Asia,جنوب آسيا,LK-53,LK-5,Eastern Province,2,district,District,Trincomalee,,Trincomalee,true,ISO_3166_2,https://www.iso.org/obp/ui/#search,ISO 3166-2 subdivisions via pycountry/isocodes,REFERENCE_DATA_IMPORTED,NEEDS_AR_TRANSLATION,2026-08-05,Administrative subdivision only; cities are imported in later city files.
UPSERT,reg_lk_6,LK,LKA,Sri Lanka,سريلانكا,Democratic Socialist Republic of Sri Lanka,Asia,آسيا,Southern Asia,جنوب آسيا,LK-6,,,1,province,Province,North Western Province,,North Western Province,true,ISO_3166_2,https://www.iso.org/obp/ui/#search,ISO 3166-2 subdivisions via pycountry/isocodes,REFERENCE_DATA_IMPORTED,NEEDS_AR_TRANSLATION,2026-08-05,Administrative subdivision only; cities are imported in later city files.
UPSERT,reg_lk_61,LK,LKA,Sri Lanka,سريلانكا,Democratic Socialist Republic of Sri Lanka,Asia,آسيا,Southern Asia,جنوب آسيا,LK-61,LK-6,North Western Province,2,district,District,Kurunegala,,Kurunegala,true,ISO_3166_2,https://www.iso.org/obp/ui/#search,ISO 3166-2 subdivisions via pycountry/isocodes,REFERENCE_DATA_IMPORTED,NEEDS_AR_TRANSLATION,2026-08-05,Administrative subdivision only; cities are imported in later city files.
UPSERT,reg_lk_62,LK,LKA,Sri Lanka,سريلانكا,Democratic Socialist Republic of Sri Lanka,Asia,آسيا,Southern Asia,جنوب آسيا,LK-62,LK-6,North Western Province,2,district,District,Puttalam,,Puttalam,true,ISO_3166_2,https://www.iso.org/obp/ui/#search,ISO 3166-2 subdivisions via pycountry/isocodes,REFERENCE_DATA_IMPORTED,NEEDS_AR_TRANSLATION,2026-08-05,Administrative subdivision only; cities are imported in later city files.
UPSERT,reg_lk_7,LK,LKA,Sri Lanka,سريلانكا,Democratic Socialist Republic of Sri Lanka,Asia,آسيا,Southern Asia,جنوب آسيا,LK-7,,,1,province,Province,North Central Province,,North Central Province,true,ISO_3166_2,https://www.iso.org/obp/ui/#search,ISO 3166-2 subdivisions via pycountry/isocodes,REFERENCE_DATA_IMPORTED,NEEDS_AR_TRANSLATION,2026-08-05,Administrative subdivision only; cities are imported in later city files.
UPSERT,reg_lk_71,LK,LKA,Sri Lanka,سريلانكا,Democratic Socialist Republic of Sri Lanka,Asia,آسيا,Southern Asia,جنوب آسيا,LK-71,LK-7,North Central Province,2,district,District,Anuradhapura,,Anuradhapura,true,ISO_3166_2,https://www.iso.org/obp/ui/#search,ISO 3166-2 subdivisions via pycountry/isocodes,REFERENCE_DATA_IMPORTED,NEEDS_AR_TRANSLATION,2026-08-05,Administrative subdivision only; cities are imported in later city files.
UPSERT,reg_lk_72,LK,LKA,Sri Lanka,سريلانكا,Democratic Socialist Republic of Sri Lanka,Asia,آسيا,Southern Asia,جنوب آسيا,LK-72,LK-7,North Central Province,2,district,District,Polonnaruwa,,Polonnaruwa,true,ISO_3166_2,https://www.iso.org/obp/ui/#search,ISO 3166-2 subdivisions via pycountry/isocodes,REFERENCE_DATA_IMPORTED,NEEDS_AR_TRANSLATION,2026-08-05,Administrative subdivision only; cities are imported in later city files.
UPSERT,reg_lk_8,LK,LKA,Sri Lanka,سريلانكا,Democratic Socialist Republic of Sri Lanka,Asia,آسيا,Southern Asia,جنوب آسيا,LK-8,,,1,province,Province,Uva Province,,Uva Province,true,ISO_3166_2,https://www.iso.org/obp/ui/#search,ISO 3166-2 subdivisions via pycountry/isocodes,REFERENCE_DATA_IMPORTED,NEEDS_AR_TRANSLATION,2026-08-05,Administrative subdivision only; cities are imported in later city files.
UPSERT,reg_lk_81,LK,LKA,Sri Lanka,سريلانكا,Democratic Socialist Republic of Sri Lanka,Asia,آسيا,Southern Asia,جنوب آسيا,LK-81,LK-8,Uva Province,2,district,District,Badulla,,Badulla,true,ISO_3166_2,https://www.iso.org/obp/ui/#search,ISO 3166-2 subdivisions via pycountry/isocodes,REFERENCE_DATA_IMPORTED,NEEDS_AR_TRANSLATION,2026-08-05,Administrative subdivision only; cities are imported in later city files.
UPSERT,reg_lk_82,LK,LKA,Sri Lanka,سريلانكا,Democratic Socialist Republic of Sri Lanka,Asia,آسيا,Southern Asia,جنوب آسيا,LK-82,LK-8,Uva Province,2,district,District,Monaragala,,Monaragala,true,ISO_3166_2,https://www.iso.org/obp/ui/#search,ISO 3166-2 subdivisions via pycountry/isocodes,REFERENCE_DATA_IMPORTED,NEEDS_AR_TRANSLATION,2026-08-05,Administrative subdivision only; cities are imported in later city files.
UPSERT,reg_lk_9,LK,LKA,Sri Lanka,سريلانكا,Democratic Socialist Republic of Sri Lanka,Asia,آسيا,Southern Asia,جنوب آسيا,LK-9,,,1,province,Province,Sabaragamuwa Province,,Sabaragamuwa Province,true,ISO_3166_2,https://www.iso.org/obp/ui/#search,ISO 3166-2 subdivisions via pycountry/isocodes,REFERENCE_DATA_IMPORTED,NEEDS_AR_TRANSLATION,2026-08-05,Administrative subdivision only; cities are imported in later city files.
UPSERT,reg_lk_91,LK,LKA,Sri Lanka,سريلانكا,Democratic Socialist Republic of Sri Lanka,Asia,آسيا,Southern Asia,جنوب آسيا,LK-91,LK-9,Sabaragamuwa Province,2,district,District,Ratnapura,,Ratnapura,true,ISO_3166_2,https://www.iso.org/obp/ui/#search,ISO 3166-2 subdivisions via pycountry/isocodes,REFERENCE_DATA_IMPORTED,NEEDS_AR_TRANSLATION,2026-08-05,Administrative subdivision only; cities are imported in later city files.
UPSERT,reg_lk_92,LK,LKA,Sri Lanka,سريلانكا,Democratic Socialist Republic of Sri Lanka,Asia,آسيا,Southern Asia,جنوب آسيا,LK-92,LK-9,Sabaragamuwa Province,2,district,District,Kegalla,,Kegalla,true,ISO_3166_2,https://www.iso.org/obp/ui/#search,ISO 3166-2 subdivisions via pycountry/isocodes,REFERENCE_DATA_IMPORTED,NEEDS_AR_TRANSLATION,2026-08-05,Administrative subdivision only; cities are imported in later city files.
UPSERT,reg_mm_01,MM,MMR,Myanmar,ميانمار (بورما),Republic of Myanmar,Asia,آسيا,South-Eastern Asia,جنوب شرق آسيا,MM-01,,,1,region,Region,Sagaing,,Sagaing,true,ISO_3166_2,https://www.iso.org/obp/ui/#search,ISO 3166-2 subdivisions via pycountry/isocodes,REFERENCE_DATA_IMPORTED,NEEDS_AR_TRANSLATION,2026-08-05,Administrative subdivision only; cities are imported in later city files.
UPSERT,reg_mm_02,MM,MMR,Myanmar,ميانمار (بورما),Republic of Myanmar,Asia,آسيا,South-Eastern Asia,جنوب شرق آسيا,MM-02,,,1,region,Region,Bago,,Bago,true,ISO_3166_2,https://www.iso.org/obp/ui/#search,ISO 3166-2 subdivisions via pycountry/isocodes,REFERENCE_DATA_IMPORTED,NEEDS_AR_TRANSLATION,2026-08-05,Administrative subdivision only; cities are imported in later city files.
UPSERT,reg_mm_03,MM,MMR,Myanmar,ميانمار (بورما),Republic of Myanmar,Asia,آسيا,South-Eastern Asia,جنوب شرق آسيا,MM-03,,,1,region,Region,Magway,,Magway,true,ISO_3166_2,https://www.iso.org/obp/ui/#search,ISO 3166-2 subdivisions via pycountry/isocodes,REFERENCE_DATA_IMPORTED,NEEDS_AR_TRANSLATION,2026-08-05,Administrative subdivision only; cities are imported in later city files.
UPSERT,reg_mm_04,MM,MMR,Myanmar,ميانمار (بورما),Republic of Myanmar,Asia,آسيا,South-Eastern Asia,جنوب شرق آسيا,MM-04,,,1,region,Region,Mandalay,,Mandalay,true,ISO_3166_2,https://www.iso.org/obp/ui/#search,ISO 3166-2 subdivisions via pycountry/isocodes,REFERENCE_DATA_IMPORTED,NEEDS_AR_TRANSLATION,2026-08-05,Administrative subdivision only; cities are imported in later city files.
UPSERT,reg_mm_05,MM,MMR,Myanmar,ميانمار (بورما),Republic of Myanmar,Asia,آسيا,South-Eastern Asia,جنوب شرق آسيا,MM-05,,,1,region,Region,Tanintharyi,,Tanintharyi,true,ISO_3166_2,https://www.iso.org/obp/ui/#search,ISO 3166-2 subdivisions via pycountry/isocodes,REFERENCE_DATA_IMPORTED,NEEDS_AR_TRANSLATION,2026-08-05,Administrative subdivision only; cities are imported in later city files.
UPSERT,reg_mm_06,MM,MMR,Myanmar,ميانمار (بورما),Republic of Myanmar,Asia,آسيا,South-Eastern Asia,جنوب شرق آسيا,MM-06,,,1,region,Region,Yangon,,Yangon,true,ISO_3166_2,https://www.iso.org/obp/ui/#search,ISO 3166-2 subdivisions via pycountry/isocodes,REFERENCE_DATA_IMPORTED,NEEDS_AR_TRANSLATION,2026-08-05,Administrative subdivision only; cities are imported in later city files.
UPSERT,reg_mm_07,MM,MMR,Myanmar,ميانمار (بورما),Republic of Myanmar,Asia,آسيا,South-Eastern Asia,جنوب شرق آسيا,MM-07,,,1,region,Region,Ayeyarwady,,Ayeyarwady,true,ISO_3166_2,https://www.iso.org/obp/ui/#search,ISO 3166-2 subdivisions via pycountry/isocodes,REFERENCE_DATA_IMPORTED,NEEDS_AR_TRANSLATION,2026-08-05,Administrative subdivision only; cities are imported in later city files.
UPSERT,reg_mm_11,MM,MMR,Myanmar,ميانمار (بورما),Republic of Myanmar,Asia,آسيا,South-Eastern Asia,جنوب شرق آسيا,MM-11,,,1,state,State,Kachin,,Kachin,true,ISO_3166_2,https://www.iso.org/obp/ui/#search,ISO 3166-2 subdivisions via pycountry/isocodes,REFERENCE_DATA_IMPORTED,NEEDS_AR_TRANSLATION,2026-08-05,Administrative subdivision only; cities are imported in later city files.
UPSERT,reg_mm_12,MM,MMR,Myanmar,ميانمار (بورما),Republic of Myanmar,Asia,آسيا,South-Eastern Asia,جنوب شرق آسيا,MM-12,,,1,state,State,Kayah,,Kayah,true,ISO_3166_2,https://www.iso.org/obp/ui/#search,ISO 3166-2 subdivisions via pycountry/isocodes,REFERENCE_DATA_IMPORTED,NEEDS_AR_TRANSLATION,2026-08-05,Administrative subdivision only; cities are imported in later city files.
UPSERT,reg_mm_13,MM,MMR,Myanmar,ميانمار (بورما),Republic of Myanmar,Asia,آسيا,South-Eastern Asia,جنوب شرق آسيا,MM-13,,,1,state,State,Kayin,,Kayin,true,ISO_3166_2,https://www.iso.org/obp/ui/#search,ISO 3166-2 subdivisions via pycountry/isocodes,REFERENCE_DATA_IMPORTED,NEEDS_AR_TRANSLATION,2026-08-05,Administrative subdivision only; cities are imported in later city files.
UPSERT,reg_mm_14,MM,MMR,Myanmar,ميانمار (بورما),Republic of Myanmar,Asia,آسيا,South-Eastern Asia,جنوب شرق آسيا,MM-14,,,1,state,State,Chin,,Chin,true,ISO_3166_2,https://www.iso.org/obp/ui/#search,ISO 3166-2 subdivisions via pycountry/isocodes,REFERENCE_DATA_IMPORTED,NEEDS_AR_TRANSLATION,2026-08-05,Administrative subdivision only; cities are imported in later city files.
UPSERT,reg_mm_15,MM,MMR,Myanmar,ميانمار (بورما),Republic of Myanmar,Asia,آسيا,South-Eastern Asia,جنوب شرق آسيا,MM-15,,,1,state,State,Mon,,Mon,true,ISO_3166_2,https://www.iso.org/obp/ui/#search,ISO 3166-2 subdivisions via pycountry/isocodes,REFERENCE_DATA_IMPORTED,NEEDS_AR_TRANSLATION,2026-08-05,Administrative subdivision only; cities are imported in later city files.
UPSERT,reg_mm_16,MM,MMR,Myanmar,ميانمار (بورما),Republic of Myanmar,Asia,آسيا,South-Eastern Asia,جنوب شرق آسيا,MM-16,,,1,state,State,Rakhine,,Rakhine,true,ISO_3166_2,https://www.iso.org/obp/ui/#search,ISO 3166-2 subdivisions via pycountry/isocodes,REFERENCE_DATA_IMPORTED,NEEDS_AR_TRANSLATION,2026-08-05,Administrative subdivision only; cities are imported in later city files.
UPSERT,reg_mm_17,MM,MMR,Myanmar,ميانمار (بورما),Republic of Myanmar,Asia,آسيا,South-Eastern Asia,جنوب شرق آسيا,MM-17,,,1,state,State,Shan,,Shan,true,ISO_3166_2,https://www.iso.org/obp/ui/#search,ISO 3166-2 subdivisions via pycountry/isocodes,REFERENCE_DATA_IMPORTED,NEEDS_AR_TRANSLATION,2026-08-05,Administrative subdivision only; cities are imported in later city files.
UPSERT,reg_mm_18,MM,MMR,Myanmar,ميانمار (بورما),Republic of Myanmar,Asia,آسيا,South-Eastern Asia,جنوب شرق آسيا,MM-18,,,1,union_territory,Union territory,Nay Pyi Taw,,Nay Pyi Taw,true,ISO_3166_2,https://www.iso.org/obp/ui/#search,ISO 3166-2 subdivisions via pycountry/isocodes,REFERENCE_DATA_IMPORTED,NEEDS_AR_TRANSLATION,2026-08-05,Administrative subdivision only; cities are imported in later city files.
UPSERT,reg_mn_035,MN,MNG,Mongolia,منغوليا,,Asia,آسيا,Eastern Asia,شرق آسيا,MN-035,,,1,province,Province,Orhon,,Orhon,true,ISO_3166_2,https://www.iso.org/obp/ui/#search,ISO 3166-2 subdivisions via pycountry/isocodes,REFERENCE_DATA_IMPORTED,NEEDS_AR_TRANSLATION,2026-08-05,Administrative subdivision only; cities are imported in later city files.
UPSERT,reg_mn_037,MN,MNG,Mongolia,منغوليا,,Asia,آسيا,Eastern Asia,شرق آسيا,MN-037,,,1,province,Province,Darhan uul,,Darhan uul,true,ISO_3166_2,https://www.iso.org/obp/ui/#search,ISO 3166-2 subdivisions via pycountry/isocodes,REFERENCE_DATA_IMPORTED,NEEDS_AR_TRANSLATION,2026-08-05,Administrative subdivision only; cities are imported in later city files.
UPSERT,reg_mn_039,MN,MNG,Mongolia,منغوليا,,Asia,آسيا,Eastern Asia,شرق آسيا,MN-039,,,1,province,Province,Hentiy,,Hentiy,true,ISO_3166_2,https://www.iso.org/obp/ui/#search,ISO 3166-2 subdivisions via pycountry/isocodes,REFERENCE_DATA_IMPORTED,NEEDS_AR_TRANSLATION,2026-08-05,Administrative subdivision only; cities are imported in later city files.
UPSERT,reg_mn_041,MN,MNG,Mongolia,منغوليا,,Asia,آسيا,Eastern Asia,شرق آسيا,MN-041,,,1,province,Province,Hövsgöl,,Hövsgöl,true,ISO_3166_2,https://www.iso.org/obp/ui/#search,ISO 3166-2 subdivisions via pycountry/isocodes,REFERENCE_DATA_IMPORTED,NEEDS_AR_TRANSLATION,2026-08-05,Administrative subdivision only; cities are imported in later city files.
UPSERT,reg_mn_043,MN,MNG,Mongolia,منغوليا,,Asia,آسيا,Eastern Asia,شرق آسيا,MN-043,,,1,province,Province,Hovd,,Hovd,true,ISO_3166_2,https://www.iso.org/obp/ui/#search,ISO 3166-2 subdivisions via pycountry/isocodes,REFERENCE_DATA_IMPORTED,NEEDS_AR_TRANSLATION,2026-08-05,Administrative subdivision only; cities are imported in later city files.
UPSERT,reg_mn_046,MN,MNG,Mongolia,منغوليا,,Asia,آسيا,Eastern Asia,شرق آسيا,MN-046,,,1,province,Province,Uvs,,Uvs,true,ISO_3166_2,https://www.iso.org/obp/ui/#search,ISO 3166-2 subdivisions via pycountry/isocodes,REFERENCE_DATA_IMPORTED,NEEDS_AR_TRANSLATION,2026-08-05,Administrative subdivision only; cities are imported in later city files.
UPSERT,reg_mn_047,MN,MNG,Mongolia,منغوليا,,Asia,آسيا,Eastern Asia,شرق آسيا,MN-047,,,1,province,Province,Töv,,Töv,true,ISO_3166_2,https://www.iso.org/obp/ui/#search,ISO 3166-2 subdivisions via pycountry/isocodes,REFERENCE_DATA_IMPORTED,NEEDS_AR_TRANSLATION,2026-08-05,Administrative subdivision only; cities are imported in later city files.
UPSERT,reg_mn_049,MN,MNG,Mongolia,منغوليا,,Asia,آسيا,Eastern Asia,شرق آسيا,MN-049,,,1,province,Province,Selenge,,Selenge,true,ISO_3166_2,https://www.iso.org/obp/ui/#search,ISO 3166-2 subdivisions via pycountry/isocodes,REFERENCE_DATA_IMPORTED,NEEDS_AR_TRANSLATION,2026-08-05,Administrative subdivision only; cities are imported in later city files.
UPSERT,reg_mn_051,MN,MNG,Mongolia,منغوليا,,Asia,آسيا,Eastern Asia,شرق آسيا,MN-051,,,1,province,Province,Sühbaatar,,Sühbaatar,true,ISO_3166_2,https://www.iso.org/obp/ui/#search,ISO 3166-2 subdivisions via pycountry/isocodes,REFERENCE_DATA_IMPORTED,NEEDS_AR_TRANSLATION,2026-08-05,Administrative subdivision only; cities are imported in later city files.
UPSERT,reg_mn_053,MN,MNG,Mongolia,منغوليا,,Asia,آسيا,Eastern Asia,شرق آسيا,MN-053,,,1,province,Province,Ömnögovĭ,,Ömnögovĭ,true,ISO_3166_2,https://www.iso.org/obp/ui/#search,ISO 3166-2 subdivisions via pycountry/isocodes,REFERENCE_DATA_IMPORTED,NEEDS_AR_TRANSLATION,2026-08-05,Administrative subdivision only; cities are imported in later city files.
UPSERT,reg_mn_055,MN,MNG,Mongolia,منغوليا,,Asia,آسيا,Eastern Asia,شرق آسيا,MN-055,,,1,province,Province,Övörhangay,,Övörhangay,true,ISO_3166_2,https://www.iso.org/obp/ui/#search,ISO 3166-2 subdivisions via pycountry/isocodes,REFERENCE_DATA_IMPORTED,NEEDS_AR_TRANSLATION,2026-08-05,Administrative subdivision only; cities are imported in later city files.
UPSERT,reg_mn_057,MN,MNG,Mongolia,منغوليا,,Asia,آسيا,Eastern Asia,شرق آسيا,MN-057,,,1,province,Province,Dzavhan,,Dzavhan,true,ISO_3166_2,https://www.iso.org/obp/ui/#search,ISO 3166-2 subdivisions via pycountry/isocodes,REFERENCE_DATA_IMPORTED,NEEDS_AR_TRANSLATION,2026-08-05,Administrative subdivision only; cities are imported in later city files.
UPSERT,reg_mn_059,MN,MNG,Mongolia,منغوليا,,Asia,آسيا,Eastern Asia,شرق آسيا,MN-059,,,1,province,Province,Dundgovĭ,,Dundgovĭ,true,ISO_3166_2,https://www.iso.org/obp/ui/#search,ISO 3166-2 subdivisions via pycountry/isocodes,REFERENCE_DATA_IMPORTED,NEEDS_AR_TRANSLATION,2026-08-05,Administrative subdivision only; cities are imported in later city files.
UPSERT,reg_mn_061,MN,MNG,Mongolia,منغوليا,,Asia,آسيا,Eastern Asia,شرق آسيا,MN-061,,,1,province,Province,Dornod,,Dornod,true,ISO_3166_2,https://www.iso.org/obp/ui/#search,ISO 3166-2 subdivisions via pycountry/isocodes,REFERENCE_DATA_IMPORTED,NEEDS_AR_TRANSLATION,2026-08-05,Administrative subdivision only; cities are imported in later city files.
UPSERT,reg_mn_063,MN,MNG,Mongolia,منغوليا,,Asia,آسيا,Eastern Asia,شرق آسيا,MN-063,,,1,province,Province,Dornogovĭ,,Dornogovĭ,true,ISO_3166_2,https://www.iso.org/obp/ui/#search,ISO 3166-2 subdivisions via pycountry/isocodes,REFERENCE_DATA_IMPORTED,NEEDS_AR_TRANSLATION,2026-08-05,Administrative subdivision only; cities are imported in later city files.
UPSERT,reg_mn_064,MN,MNG,Mongolia,منغوليا,,Asia,آسيا,Eastern Asia,شرق آسيا,MN-064,,,1,province,Province,Govĭ-Sümber,,Govĭ-Sümber,true,ISO_3166_2,https://www.iso.org/obp/ui/#search,ISO 3166-2 subdivisions via pycountry/isocodes,REFERENCE_DATA_IMPORTED,NEEDS_AR_TRANSLATION,2026-08-05,Administrative subdivision only; cities are imported in later city files.
UPSERT,reg_mn_065,MN,MNG,Mongolia,منغوليا,,Asia,آسيا,Eastern Asia,شرق آسيا,MN-065,,,1,province,Province,Govĭ-Altay,,Govĭ-Altay,true,ISO_3166_2,https://www.iso.org/obp/ui/#search,ISO 3166-2 subdivisions via pycountry/isocodes,REFERENCE_DATA_IMPORTED,NEEDS_AR_TRANSLATION,2026-08-05,Administrative subdivision only; cities are imported in later city files.
UPSERT,reg_mn_067,MN,MNG,Mongolia,منغوليا,,Asia,آسيا,Eastern Asia,شرق آسيا,MN-067,,,1,province,Province,Bulgan,,Bulgan,true,ISO_3166_2,https://www.iso.org/obp/ui/#search,ISO 3166-2 subdivisions via pycountry/isocodes,REFERENCE_DATA_IMPORTED,NEEDS_AR_TRANSLATION,2026-08-05,Administrative subdivision only; cities are imported in later city files.
UPSERT,reg_mn_069,MN,MNG,Mongolia,منغوليا,,Asia,آسيا,Eastern Asia,شرق آسيا,MN-069,,,1,province,Province,Bayanhongor,,Bayanhongor,true,ISO_3166_2,https://www.iso.org/obp/ui/#search,ISO 3166-2 subdivisions via pycountry/isocodes,REFERENCE_DATA_IMPORTED,NEEDS_AR_TRANSLATION,2026-08-05,Administrative subdivision only; cities are imported in later city files.
UPSERT,reg_mn_071,MN,MNG,Mongolia,منغوليا,,Asia,آسيا,Eastern Asia,شرق آسيا,MN-071,,,1,province,Province,Bayan-Ölgiy,,Bayan-Ölgiy,true,ISO_3166_2,https://www.iso.org/obp/ui/#search,ISO 3166-2 subdivisions via pycountry/isocodes,REFERENCE_DATA_IMPORTED,NEEDS_AR_TRANSLATION,2026-08-05,Administrative subdivision only; cities are imported in later city files.
UPSERT,reg_mn_073,MN,MNG,Mongolia,منغوليا,,Asia,آسيا,Eastern Asia,شرق آسيا,MN-073,,,1,province,Province,Arhangay,,Arhangay,true,ISO_3166_2,https://www.iso.org/obp/ui/#search,ISO 3166-2 subdivisions via pycountry/isocodes,REFERENCE_DATA_IMPORTED,NEEDS_AR_TRANSLATION,2026-08-05,Administrative subdivision only; cities are imported in later city files.
UPSERT,reg_mn_1,MN,MNG,Mongolia,منغوليا,,Asia,آسيا,Eastern Asia,شرق آسيا,MN-1,,,1,capital_city,Capital city,Ulaanbaatar,,Ulaanbaatar,true,ISO_3166_2,https://www.iso.org/obp/ui/#search,ISO 3166-2 subdivisions via pycountry/isocodes,REFERENCE_DATA_IMPORTED,NEEDS_AR_TRANSLATION,2026-08-05,Administrative subdivision only; cities are imported in later city files.
UPSERT,reg_mv_00,MV,MDV,Maldives,جزر المالديف,Republic of Maldives,Asia,آسيا,Southern Asia,جنوب آسيا,MV-00,,,1,administrative_atoll,Administrative atoll,South Ari Atoll,,South Ari Atoll,true,ISO_3166_2,https://www.iso.org/obp/ui/#search,ISO 3166-2 subdivisions via pycountry/isocodes,REFERENCE_DATA_IMPORTED,NEEDS_AR_TRANSLATION,2026-08-05,Administrative subdivision only; cities are imported in later city files.
UPSERT,reg_mv_01,MV,MDV,Maldives,جزر المالديف,Republic of Maldives,Asia,آسيا,Southern Asia,جنوب آسيا,MV-01,,,1,city,City,Addu City,,Addu City,true,ISO_3166_2,https://www.iso.org/obp/ui/#search,ISO 3166-2 subdivisions via pycountry/isocodes,REFERENCE_DATA_IMPORTED,NEEDS_AR_TRANSLATION,2026-08-05,Administrative subdivision only; cities are imported in later city files.
UPSERT,reg_mv_02,MV,MDV,Maldives,جزر المالديف,Republic of Maldives,Asia,آسيا,Southern Asia,جنوب آسيا,MV-02,,,1,administrative_atoll,Administrative atoll,North Ari Atoll,,North Ari Atoll,true,ISO_3166_2,https://www.iso.org/obp/ui/#search,ISO 3166-2 subdivisions via pycountry/isocodes,REFERENCE_DATA_IMPORTED,NEEDS_AR_TRANSLATION,2026-08-05,Administrative subdivision only; cities are imported in later city files.
UPSERT,reg_mv_03,MV,MDV,Maldives,جزر المالديف,Republic of Maldives,Asia,آسيا,Southern Asia,جنوب آسيا,MV-03,,,1,administrative_atoll,Administrative atoll,Faadhippolhu,,Faadhippolhu,true,ISO_3166_2,https://www.iso.org/obp/ui/#search,ISO 3166-2 subdivisions via pycountry/isocodes,REFERENCE_DATA_IMPORTED,NEEDS_AR_TRANSLATION,2026-08-05,Administrative subdivision only; cities are imported in later city files.
UPSERT,reg_mv_04,MV,MDV,Maldives,جزر المالديف,Republic of Maldives,Asia,آسيا,Southern Asia,جنوب آسيا,MV-04,,,1,administrative_atoll,Administrative atoll,Felidhu Atoll,,Felidhu Atoll,true,ISO_3166_2,https://www.iso.org/obp/ui/#search,ISO 3166-2 subdivisions via pycountry/isocodes,REFERENCE_DATA_IMPORTED,NEEDS_AR_TRANSLATION,2026-08-05,Administrative subdivision only; cities are imported in later city files.
UPSERT,reg_mv_05,MV,MDV,Maldives,جزر المالديف,Republic of Maldives,Asia,آسيا,Southern Asia,جنوب آسيا,MV-05,,,1,administrative_atoll,Administrative atoll,Hahdhunmathi,,Hahdhunmathi,true,ISO_3166_2,https://www.iso.org/obp/ui/#search,ISO 3166-2 subdivisions via pycountry/isocodes,REFERENCE_DATA_IMPORTED,NEEDS_AR_TRANSLATION,2026-08-05,Administrative subdivision only; cities are imported in later city files.
UPSERT,reg_mv_07,MV,MDV,Maldives,جزر المالديف,Republic of Maldives,Asia,آسيا,Southern Asia,جنوب آسيا,MV-07,,,1,administrative_atoll,Administrative atoll,North Thiladhunmathi,,North Thiladhunmathi,true,ISO_3166_2,https://www.iso.org/obp/ui/#search,ISO 3166-2 subdivisions via pycountry/isocodes,REFERENCE_DATA_IMPORTED,NEEDS_AR_TRANSLATION,2026-08-05,Administrative subdivision only; cities are imported in later city files.
UPSERT,reg_mv_08,MV,MDV,Maldives,جزر المالديف,Republic of Maldives,Asia,آسيا,Southern Asia,جنوب آسيا,MV-08,,,1,administrative_atoll,Administrative atoll,Kolhumadulu,,Kolhumadulu,true,ISO_3166_2,https://www.iso.org/obp/ui/#search,ISO 3166-2 subdivisions via pycountry/isocodes,REFERENCE_DATA_IMPORTED,NEEDS_AR_TRANSLATION,2026-08-05,Administrative subdivision only; cities are imported in later city files.
UPSERT,reg_mv_12,MV,MDV,Maldives,جزر المالديف,Republic of Maldives,Asia,آسيا,Southern Asia,جنوب آسيا,MV-12,,,1,administrative_atoll,Administrative atoll,Mulaku Atoll,,Mulaku Atoll,true,ISO_3166_2,https://www.iso.org/obp/ui/#search,ISO 3166-2 subdivisions via pycountry/isocodes,REFERENCE_DATA_IMPORTED,NEEDS_AR_TRANSLATION,2026-08-05,Administrative subdivision only; cities are imported in later city files.
UPSERT,reg_mv_13,MV,MDV,Maldives,جزر المالديف,Republic of Maldives,Asia,آسيا,Southern Asia,جنوب آسيا,MV-13,,,1,administrative_atoll,Administrative atoll,North Maalhosmadulu,,North Maalhosmadulu,true,ISO_3166_2,https://www.iso.org/obp/ui/#search,ISO 3166-2 subdivisions via pycountry/isocodes,REFERENCE_DATA_IMPORTED,NEEDS_AR_TRANSLATION,2026-08-05,Administrative subdivision only; cities are imported in later city files.
UPSERT,reg_mv_14,MV,MDV,Maldives,جزر المالديف,Republic of Maldives,Asia,آسيا,Southern Asia,جنوب آسيا,MV-14,,,1,administrative_atoll,Administrative atoll,North Nilandhe Atoll,,North Nilandhe Atoll,true,ISO_3166_2,https://www.iso.org/obp/ui/#search,ISO 3166-2 subdivisions via pycountry/isocodes,REFERENCE_DATA_IMPORTED,NEEDS_AR_TRANSLATION,2026-08-05,Administrative subdivision only; cities are imported in later city files.
UPSERT,reg_mv_17,MV,MDV,Maldives,جزر المالديف,Republic of Maldives,Asia,آسيا,Southern Asia,جنوب آسيا,MV-17,,,1,administrative_atoll,Administrative atoll,South Nilandhe Atoll,,South Nilandhe Atoll,true,ISO_3166_2,https://www.iso.org/obp/ui/#search,ISO 3166-2 subdivisions via pycountry/isocodes,REFERENCE_DATA_IMPORTED,NEEDS_AR_TRANSLATION,2026-08-05,Administrative subdivision only; cities are imported in later city files.
UPSERT,reg_mv_20,MV,MDV,Maldives,جزر المالديف,Republic of Maldives,Asia,آسيا,Southern Asia,جنوب آسيا,MV-20,,,1,administrative_atoll,Administrative atoll,South Maalhosmadulu,,South Maalhosmadulu,true,ISO_3166_2,https://www.iso.org/obp/ui/#search,ISO 3166-2 subdivisions via pycountry/isocodes,REFERENCE_DATA_IMPORTED,NEEDS_AR_TRANSLATION,2026-08-05,Administrative subdivision only; cities are imported in later city files.
UPSERT,reg_mv_23,MV,MDV,Maldives,جزر المالديف,Republic of Maldives,Asia,آسيا,Southern Asia,جنوب آسيا,MV-23,,,1,administrative_atoll,Administrative atoll,South Thiladhunmathi,,South Thiladhunmathi,true,ISO_3166_2,https://www.iso.org/obp/ui/#search,ISO 3166-2 subdivisions via pycountry/isocodes,REFERENCE_DATA_IMPORTED,NEEDS_AR_TRANSLATION,2026-08-05,Administrative subdivision only; cities are imported in later city files.
UPSERT,reg_mv_24,MV,MDV,Maldives,جزر المالديف,Republic of Maldives,Asia,آسيا,Southern Asia,جنوب آسيا,MV-24,,,1,administrative_atoll,Administrative atoll,North Miladhunmadulu,,North Miladhunmadulu,true,ISO_3166_2,https://www.iso.org/obp/ui/#search,ISO 3166-2 subdivisions via pycountry/isocodes,REFERENCE_DATA_IMPORTED,NEEDS_AR_TRANSLATION,2026-08-05,Administrative subdivision only; cities are imported in later city files.
UPSERT,reg_mv_25,MV,MDV,Maldives,جزر المالديف,Republic of Maldives,Asia,آسيا,Southern Asia,جنوب آسيا,MV-25,,,1,administrative_atoll,Administrative atoll,South Miladhunmadulu,,South Miladhunmadulu,true,ISO_3166_2,https://www.iso.org/obp/ui/#search,ISO 3166-2 subdivisions via pycountry/isocodes,REFERENCE_DATA_IMPORTED,NEEDS_AR_TRANSLATION,2026-08-05,Administrative subdivision only; cities are imported in later city files.
UPSERT,reg_mv_26,MV,MDV,Maldives,جزر المالديف,Republic of Maldives,Asia,آسيا,Southern Asia,جنوب آسيا,MV-26,,,1,administrative_atoll,Administrative atoll,Male Atoll,,Male Atoll,true,ISO_3166_2,https://www.iso.org/obp/ui/#search,ISO 3166-2 subdivisions via pycountry/isocodes,REFERENCE_DATA_IMPORTED,NEEDS_AR_TRANSLATION,2026-08-05,Administrative subdivision only; cities are imported in later city files.
UPSERT,reg_mv_27,MV,MDV,Maldives,جزر المالديف,Republic of Maldives,Asia,آسيا,Southern Asia,جنوب آسيا,MV-27,,,1,administrative_atoll,Administrative atoll,North Huvadhu Atoll,,North Huvadhu Atoll,true,ISO_3166_2,https://www.iso.org/obp/ui/#search,ISO 3166-2 subdivisions via pycountry/isocodes,REFERENCE_DATA_IMPORTED,NEEDS_AR_TRANSLATION,2026-08-05,Administrative subdivision only; cities are imported in later city files.
UPSERT,reg_mv_28,MV,MDV,Maldives,جزر المالديف,Republic of Maldives,Asia,آسيا,Southern Asia,جنوب آسيا,MV-28,,,1,administrative_atoll,Administrative atoll,South Huvadhu Atoll,,South Huvadhu Atoll,true,ISO_3166_2,https://www.iso.org/obp/ui/#search,ISO 3166-2 subdivisions via pycountry/isocodes,REFERENCE_DATA_IMPORTED,NEEDS_AR_TRANSLATION,2026-08-05,Administrative subdivision only; cities are imported in later city files.
UPSERT,reg_mv_29,MV,MDV,Maldives,جزر المالديف,Republic of Maldives,Asia,آسيا,Southern Asia,جنوب آسيا,MV-29,,,1,administrative_atoll,Administrative atoll,Fuvammulah,,Fuvammulah,true,ISO_3166_2,https://www.iso.org/obp/ui/#search,ISO 3166-2 subdivisions via pycountry/isocodes,REFERENCE_DATA_IMPORTED,NEEDS_AR_TRANSLATION,2026-08-05,Administrative subdivision only; cities are imported in later city files.
UPSERT,reg_mv_mle,MV,MDV,Maldives,جزر المالديف,Republic of Maldives,Asia,آسيا,Southern Asia,جنوب آسيا,MV-MLE,,,1,city,City,Male,,Male,true,ISO_3166_2,https://www.iso.org/obp/ui/#search,ISO 3166-2 subdivisions via pycountry/isocodes,REFERENCE_DATA_IMPORTED,NEEDS_AR_TRANSLATION,2026-08-05,Administrative subdivision only; cities are imported in later city files.
UPSERT,reg_my_01,MY,MYS,Malaysia,ماليزيا,,Asia,آسيا,South-Eastern Asia,جنوب شرق آسيا,MY-01,,,1,state,State,Johor,,Johor,true,ISO_3166_2,https://www.iso.org/obp/ui/#search,ISO 3166-2 subdivisions via pycountry/isocodes,REFERENCE_DATA_IMPORTED,NEEDS_AR_TRANSLATION,2026-08-05,Administrative subdivision only; cities are imported in later city files.
UPSERT,reg_my_02,MY,MYS,Malaysia,ماليزيا,,Asia,آسيا,South-Eastern Asia,جنوب شرق آسيا,MY-02,,,1,state,State,Kedah,,Kedah,true,ISO_3166_2,https://www.iso.org/obp/ui/#search,ISO 3166-2 subdivisions via pycountry/isocodes,REFERENCE_DATA_IMPORTED,NEEDS_AR_TRANSLATION,2026-08-05,Administrative subdivision only; cities are imported in later city files.
UPSERT,reg_my_03,MY,MYS,Malaysia,ماليزيا,,Asia,آسيا,South-Eastern Asia,جنوب شرق آسيا,MY-03,,,1,state,State,Kelantan,,Kelantan,true,ISO_3166_2,https://www.iso.org/obp/ui/#search,ISO 3166-2 subdivisions via pycountry/isocodes,REFERENCE_DATA_IMPORTED,NEEDS_AR_TRANSLATION,2026-08-05,Administrative subdivision only; cities are imported in later city files.
UPSERT,reg_my_04,MY,MYS,Malaysia,ماليزيا,,Asia,آسيا,South-Eastern Asia,جنوب شرق آسيا,MY-04,,,1,state,State,Melaka,,Melaka,true,ISO_3166_2,https://www.iso.org/obp/ui/#search,ISO 3166-2 subdivisions via pycountry/isocodes,REFERENCE_DATA_IMPORTED,NEEDS_AR_TRANSLATION,2026-08-05,Administrative subdivision only; cities are imported in later city files.
UPSERT,reg_my_05,MY,MYS,Malaysia,ماليزيا,,Asia,آسيا,South-Eastern Asia,جنوب شرق آسيا,MY-05,,,1,state,State,Negeri Sembilan,,Negeri Sembilan,true,ISO_3166_2,https://www.iso.org/obp/ui/#search,ISO 3166-2 subdivisions via pycountry/isocodes,REFERENCE_DATA_IMPORTED,NEEDS_AR_TRANSLATION,2026-08-05,Administrative subdivision only; cities are imported in later city files.
UPSERT,reg_my_06,MY,MYS,Malaysia,ماليزيا,,Asia,آسيا,South-Eastern Asia,جنوب شرق آسيا,MY-06,,,1,state,State,Pahang,,Pahang,true,ISO_3166_2,https://www.iso.org/obp/ui/#search,ISO 3166-2 subdivisions via pycountry/isocodes,REFERENCE_DATA_IMPORTED,NEEDS_AR_TRANSLATION,2026-08-05,Administrative subdivision only; cities are imported in later city files.
UPSERT,reg_my_07,MY,MYS,Malaysia,ماليزيا,,Asia,آسيا,South-Eastern Asia,جنوب شرق آسيا,MY-07,,,1,state,State,Pulau Pinang,,Pulau Pinang,true,ISO_3166_2,https://www.iso.org/obp/ui/#search,ISO 3166-2 subdivisions via pycountry/isocodes,REFERENCE_DATA_IMPORTED,NEEDS_AR_TRANSLATION,2026-08-05,Administrative subdivision only; cities are imported in later city files.
UPSERT,reg_my_08,MY,MYS,Malaysia,ماليزيا,,Asia,آسيا,South-Eastern Asia,جنوب شرق آسيا,MY-08,,,1,state,State,Perak,,Perak,true,ISO_3166_2,https://www.iso.org/obp/ui/#search,ISO 3166-2 subdivisions via pycountry/isocodes,REFERENCE_DATA_IMPORTED,NEEDS_AR_TRANSLATION,2026-08-05,Administrative subdivision only; cities are imported in later city files.
UPSERT,reg_my_09,MY,MYS,Malaysia,ماليزيا,,Asia,آسيا,South-Eastern Asia,جنوب شرق آسيا,MY-09,,,1,state,State,Perlis,,Perlis,true,ISO_3166_2,https://www.iso.org/obp/ui/#search,ISO 3166-2 subdivisions via pycountry/isocodes,REFERENCE_DATA_IMPORTED,NEEDS_AR_TRANSLATION,2026-08-05,Administrative subdivision only; cities are imported in later city files.
UPSERT,reg_my_10,MY,MYS,Malaysia,ماليزيا,,Asia,آسيا,South-Eastern Asia,جنوب شرق آسيا,MY-10,,,1,state,State,Selangor,,Selangor,true,ISO_3166_2,https://www.iso.org/obp/ui/#search,ISO 3166-2 subdivisions via pycountry/isocodes,REFERENCE_DATA_IMPORTED,NEEDS_AR_TRANSLATION,2026-08-05,Administrative subdivision only; cities are imported in later city files.
UPSERT,reg_my_11,MY,MYS,Malaysia,ماليزيا,,Asia,آسيا,South-Eastern Asia,جنوب شرق آسيا,MY-11,,,1,state,State,Terengganu,,Terengganu,true,ISO_3166_2,https://www.iso.org/obp/ui/#search,ISO 3166-2 subdivisions via pycountry/isocodes,REFERENCE_DATA_IMPORTED,NEEDS_AR_TRANSLATION,2026-08-05,Administrative subdivision only; cities are imported in later city files.
UPSERT,reg_my_12,MY,MYS,Malaysia,ماليزيا,,Asia,آسيا,South-Eastern Asia,جنوب شرق آسيا,MY-12,,,1,state,State,Sabah,,Sabah,true,ISO_3166_2,https://www.iso.org/obp/ui/#search,ISO 3166-2 subdivisions via pycountry/isocodes,REFERENCE_DATA_IMPORTED,NEEDS_AR_TRANSLATION,2026-08-05,Administrative subdivision only; cities are imported in later city files.
UPSERT,reg_my_13,MY,MYS,Malaysia,ماليزيا,,Asia,آسيا,South-Eastern Asia,جنوب شرق آسيا,MY-13,,,1,state,State,Sarawak,,Sarawak,true,ISO_3166_2,https://www.iso.org/obp/ui/#search,ISO 3166-2 subdivisions via pycountry/isocodes,REFERENCE_DATA_IMPORTED,NEEDS_AR_TRANSLATION,2026-08-05,Administrative subdivision only; cities are imported in later city files.
UPSERT,reg_my_14,MY,MYS,Malaysia,ماليزيا,,Asia,آسيا,South-Eastern Asia,جنوب شرق آسيا,MY-14,,,1,federal_territory,Federal territory,Wilayah Persekutuan Kuala Lumpur,,Wilayah Persekutuan Kuala Lumpur,true,ISO_3166_2,https://www.iso.org/obp/ui/#search,ISO 3166-2 subdivisions via pycountry/isocodes,REFERENCE_DATA_IMPORTED,NEEDS_AR_TRANSLATION,2026-08-05,Administrative subdivision only; cities are imported in later city files.
UPSERT,reg_my_15,MY,MYS,Malaysia,ماليزيا,,Asia,آسيا,South-Eastern Asia,جنوب شرق آسيا,MY-15,,,1,federal_territory,Federal territory,Wilayah Persekutuan Labuan,,Wilayah Persekutuan Labuan,true,ISO_3166_2,https://www.iso.org/obp/ui/#search,ISO 3166-2 subdivisions via pycountry/isocodes,REFERENCE_DATA_IMPORTED,NEEDS_AR_TRANSLATION,2026-08-05,Administrative subdivision only; cities are imported in later city files.
UPSERT,reg_my_16,MY,MYS,Malaysia,ماليزيا,,Asia,آسيا,South-Eastern Asia,جنوب شرق آسيا,MY-16,,,1,federal_territory,Federal territory,Wilayah Persekutuan Putrajaya,,Wilayah Persekutuan Putrajaya,true,ISO_3166_2,https://www.iso.org/obp/ui/#search,ISO 3166-2 subdivisions via pycountry/isocodes,REFERENCE_DATA_IMPORTED,NEEDS_AR_TRANSLATION,2026-08-05,Administrative subdivision only; cities are imported in later city files.
UPSERT,reg_np_p1,NP,NPL,Nepal,نيبال,Federal Democratic Republic of Nepal,Asia,آسيا,Southern Asia,جنوب آسيا,NP-P1,,,1,province,Province,Koshi,,Koshi,true,ISO_3166_2,https://www.iso.org/obp/ui/#search,ISO 3166-2 subdivisions via pycountry/isocodes,REFERENCE_DATA_IMPORTED,NEEDS_AR_TRANSLATION,2026-08-05,Administrative subdivision only; cities are imported in later city files.
UPSERT,reg_np_p2,NP,NPL,Nepal,نيبال,Federal Democratic Republic of Nepal,Asia,آسيا,Southern Asia,جنوب آسيا,NP-P2,,,1,province,Province,Madhesh,,Madhesh,true,ISO_3166_2,https://www.iso.org/obp/ui/#search,ISO 3166-2 subdivisions via pycountry/isocodes,REFERENCE_DATA_IMPORTED,NEEDS_AR_TRANSLATION,2026-08-05,Administrative subdivision only; cities are imported in later city files.
UPSERT,reg_np_p3,NP,NPL,Nepal,نيبال,Federal Democratic Republic of Nepal,Asia,آسيا,Southern Asia,جنوب آسيا,NP-P3,,,1,province,Province,Bagmati,,Bagmati,true,ISO_3166_2,https://www.iso.org/obp/ui/#search,ISO 3166-2 subdivisions via pycountry/isocodes,REFERENCE_DATA_IMPORTED,NEEDS_AR_TRANSLATION,2026-08-05,Administrative subdivision only; cities are imported in later city files.
UPSERT,reg_np_p4,NP,NPL,Nepal,نيبال,Federal Democratic Republic of Nepal,Asia,آسيا,Southern Asia,جنوب آسيا,NP-P4,,,1,province,Province,Gandaki,,Gandaki,true,ISO_3166_2,https://www.iso.org/obp/ui/#search,ISO 3166-2 subdivisions via pycountry/isocodes,REFERENCE_DATA_IMPORTED,NEEDS_AR_TRANSLATION,2026-08-05,Administrative subdivision only; cities are imported in later city files.
UPSERT,reg_np_p5,NP,NPL,Nepal,نيبال,Federal Democratic Republic of Nepal,Asia,آسيا,Southern Asia,جنوب آسيا,NP-P5,,,1,province,Province,Lumbini,,Lumbini,true,ISO_3166_2,https://www.iso.org/obp/ui/#search,ISO 3166-2 subdivisions via pycountry/isocodes,REFERENCE_DATA_IMPORTED,NEEDS_AR_TRANSLATION,2026-08-05,Administrative subdivision only; cities are imported in later city files.
UPSERT,reg_np_p6,NP,NPL,Nepal,نيبال,Federal Democratic Republic of Nepal,Asia,آسيا,Southern Asia,جنوب آسيا,NP-P6,,,1,province,Province,Karnali,,Karnali,true,ISO_3166_2,https://www.iso.org/obp/ui/#search,ISO 3166-2 subdivisions via pycountry/isocodes,REFERENCE_DATA_IMPORTED,NEEDS_AR_TRANSLATION,2026-08-05,Administrative subdivision only; cities are imported in later city files.
UPSERT,reg_np_p7,NP,NPL,Nepal,نيبال,Federal Democratic Republic of Nepal,Asia,آسيا,Southern Asia,جنوب آسيا,NP-P7,,,1,province,Province,Sudurpashchim,,Sudurpashchim,true,ISO_3166_2,https://www.iso.org/obp/ui/#search,ISO 3166-2 subdivisions via pycountry/isocodes,REFERENCE_DATA_IMPORTED,NEEDS_AR_TRANSLATION,2026-08-05,Administrative subdivision only; cities are imported in later city files.
UPSERT,reg_om_bj,OM,OMN,Oman,عُمان,Sultanate of Oman,Asia,آسيا,Western Asia,غرب آسيا,OM-BJ,,,1,governorate,Governorate,Janūb al Bāţinah,,Janūb al Bāţinah,true,ISO_3166_2,https://www.iso.org/obp/ui/#search,ISO 3166-2 subdivisions via pycountry/isocodes,REFERENCE_DATA_IMPORTED,NEEDS_AR_TRANSLATION,2026-08-05,Administrative subdivision only; cities are imported in later city files.
UPSERT,reg_om_bs,OM,OMN,Oman,عُمان,Sultanate of Oman,Asia,آسيا,Western Asia,غرب آسيا,OM-BS,,,1,governorate,Governorate,Shamāl al Bāţinah,,Shamāl al Bāţinah,true,ISO_3166_2,https://www.iso.org/obp/ui/#search,ISO 3166-2 subdivisions via pycountry/isocodes,REFERENCE_DATA_IMPORTED,NEEDS_AR_TRANSLATION,2026-08-05,Administrative subdivision only; cities are imported in later city files.
UPSERT,reg_om_bu,OM,OMN,Oman,عُمان,Sultanate of Oman,Asia,آسيا,Western Asia,غرب آسيا,OM-BU,,,1,governorate,Governorate,Al Buraymī,,Al Buraymī,true,ISO_3166_2,https://www.iso.org/obp/ui/#search,ISO 3166-2 subdivisions via pycountry/isocodes,REFERENCE_DATA_IMPORTED,NEEDS_AR_TRANSLATION,2026-08-05,Administrative subdivision only; cities are imported in later city files.
UPSERT,reg_om_da,OM,OMN,Oman,عُمان,Sultanate of Oman,Asia,آسيا,Western Asia,غرب آسيا,OM-DA,,,1,governorate,Governorate,Ad Dākhilīyah,,Ad Dākhilīyah,true,ISO_3166_2,https://www.iso.org/obp/ui/#search,ISO 3166-2 subdivisions via pycountry/isocodes,REFERENCE_DATA_IMPORTED,NEEDS_AR_TRANSLATION,2026-08-05,Administrative subdivision only; cities are imported in later city files.
UPSERT,reg_om_ma,OM,OMN,Oman,عُمان,Sultanate of Oman,Asia,آسيا,Western Asia,غرب آسيا,OM-MA,,,1,governorate,Governorate,Masqaţ,,Masqaţ,true,ISO_3166_2,https://www.iso.org/obp/ui/#search,ISO 3166-2 subdivisions via pycountry/isocodes,REFERENCE_DATA_IMPORTED,NEEDS_AR_TRANSLATION,2026-08-05,Administrative subdivision only; cities are imported in later city files.
UPSERT,reg_om_mu,OM,OMN,Oman,عُمان,Sultanate of Oman,Asia,آسيا,Western Asia,غرب آسيا,OM-MU,,,1,governorate,Governorate,Musandam,,Musandam,true,ISO_3166_2,https://www.iso.org/obp/ui/#search,ISO 3166-2 subdivisions via pycountry/isocodes,REFERENCE_DATA_IMPORTED,NEEDS_AR_TRANSLATION,2026-08-05,Administrative subdivision only; cities are imported in later city files.
UPSERT,reg_om_sj,OM,OMN,Oman,عُمان,Sultanate of Oman,Asia,آسيا,Western Asia,غرب آسيا,OM-SJ,,,1,governorate,Governorate,Janūb ash Sharqīyah,,Janūb ash Sharqīyah,true,ISO_3166_2,https://www.iso.org/obp/ui/#search,ISO 3166-2 subdivisions via pycountry/isocodes,REFERENCE_DATA_IMPORTED,NEEDS_AR_TRANSLATION,2026-08-05,Administrative subdivision only; cities are imported in later city files.
UPSERT,reg_om_ss,OM,OMN,Oman,عُمان,Sultanate of Oman,Asia,آسيا,Western Asia,غرب آسيا,OM-SS,,,1,governorate,Governorate,Shamāl ash Sharqīyah,,Shamāl ash Sharqīyah,true,ISO_3166_2,https://www.iso.org/obp/ui/#search,ISO 3166-2 subdivisions via pycountry/isocodes,REFERENCE_DATA_IMPORTED,NEEDS_AR_TRANSLATION,2026-08-05,Administrative subdivision only; cities are imported in later city files.
UPSERT,reg_om_wu,OM,OMN,Oman,عُمان,Sultanate of Oman,Asia,آسيا,Western Asia,غرب آسيا,OM-WU,,,1,governorate,Governorate,Al Wusţá,,Al Wusţá,true,ISO_3166_2,https://www.iso.org/obp/ui/#search,ISO 3166-2 subdivisions via pycountry/isocodes,REFERENCE_DATA_IMPORTED,NEEDS_AR_TRANSLATION,2026-08-05,Administrative subdivision only; cities are imported in later city files.
UPSERT,reg_om_za,OM,OMN,Oman,عُمان,Sultanate of Oman,Asia,آسيا,Western Asia,غرب آسيا,OM-ZA,,,1,governorate,Governorate,Az̧ Z̧āhirah,,Az̧ Z̧āhirah,true,ISO_3166_2,https://www.iso.org/obp/ui/#search,ISO 3166-2 subdivisions via pycountry/isocodes,REFERENCE_DATA_IMPORTED,NEEDS_AR_TRANSLATION,2026-08-05,Administrative subdivision only; cities are imported in later city files.
UPSERT,reg_om_zu,OM,OMN,Oman,عُمان,Sultanate of Oman,Asia,آسيا,Western Asia,غرب آسيا,OM-ZU,,,1,governorate,Governorate,Z̧ufār,,Z̧ufār,true,ISO_3166_2,https://www.iso.org/obp/ui/#search,ISO 3166-2 subdivisions via pycountry/isocodes,REFERENCE_DATA_IMPORTED,NEEDS_AR_TRANSLATION,2026-08-05,Administrative subdivision only; cities are imported in later city files.
UPSERT,reg_ph_00,PH,PHL,Philippines,الفلبين,Republic of the Philippines,Asia,آسيا,South-Eastern Asia,جنوب شرق آسيا,PH-00,,,1,region,Region,National Capital Region,,National Capital Region,true,ISO_3166_2,https://www.iso.org/obp/ui/#search,ISO 3166-2 subdivisions via pycountry/isocodes,REFERENCE_DATA_IMPORTED,NEEDS_AR_TRANSLATION,2026-08-05,Administrative subdivision only; cities are imported in later city files.
UPSERT,reg_ph_01,PH,PHL,Philippines,الفلبين,Republic of the Philippines,Asia,آسيا,South-Eastern Asia,جنوب شرق آسيا,PH-01,,,1,region,Region,Ilocos (Region I),,Ilocos (Region I),true,ISO_3166_2,https://www.iso.org/obp/ui/#search,ISO 3166-2 subdivisions via pycountry/isocodes,REFERENCE_DATA_IMPORTED,NEEDS_AR_TRANSLATION,2026-08-05,Administrative subdivision only; cities are imported in later city files.
UPSERT,reg_ph_02,PH,PHL,Philippines,الفلبين,Republic of the Philippines,Asia,آسيا,South-Eastern Asia,جنوب شرق آسيا,PH-02,,,1,region,Region,Cagayan Valley (Region II),,Cagayan Valley (Region II),true,ISO_3166_2,https://www.iso.org/obp/ui/#search,ISO 3166-2 subdivisions via pycountry/isocodes,REFERENCE_DATA_IMPORTED,NEEDS_AR_TRANSLATION,2026-08-05,Administrative subdivision only; cities are imported in later city files.
UPSERT,reg_ph_03,PH,PHL,Philippines,الفلبين,Republic of the Philippines,Asia,آسيا,South-Eastern Asia,جنوب شرق آسيا,PH-03,,,1,region,Region,Central Luzon (Region III),,Central Luzon (Region III),true,ISO_3166_2,https://www.iso.org/obp/ui/#search,ISO 3166-2 subdivisions via pycountry/isocodes,REFERENCE_DATA_IMPORTED,NEEDS_AR_TRANSLATION,2026-08-05,Administrative subdivision only; cities are imported in later city files.
UPSERT,reg_ph_05,PH,PHL,Philippines,الفلبين,Republic of the Philippines,Asia,آسيا,South-Eastern Asia,جنوب شرق آسيا,PH-05,,,1,region,Region,Bicol (Region V),,Bicol (Region V),true,ISO_3166_2,https://www.iso.org/obp/ui/#search,ISO 3166-2 subdivisions via pycountry/isocodes,REFERENCE_DATA_IMPORTED,NEEDS_AR_TRANSLATION,2026-08-05,Administrative subdivision only; cities are imported in later city files.
UPSERT,reg_ph_06,PH,PHL,Philippines,الفلبين,Republic of the Philippines,Asia,آسيا,South-Eastern Asia,جنوب شرق آسيا,PH-06,,,1,region,Region,Western Visayas (Region VI),,Western Visayas (Region VI),true,ISO_3166_2,https://www.iso.org/obp/ui/#search,ISO 3166-2 subdivisions via pycountry/isocodes,REFERENCE_DATA_IMPORTED,NEEDS_AR_TRANSLATION,2026-08-05,Administrative subdivision only; cities are imported in later city files.
UPSERT,reg_ph_07,PH,PHL,Philippines,الفلبين,Republic of the Philippines,Asia,آسيا,South-Eastern Asia,جنوب شرق آسيا,PH-07,,,1,region,Region,Central Visayas (Region VII),,Central Visayas (Region VII),true,ISO_3166_2,https://www.iso.org/obp/ui/#search,ISO 3166-2 subdivisions via pycountry/isocodes,REFERENCE_DATA_IMPORTED,NEEDS_AR_TRANSLATION,2026-08-05,Administrative subdivision only; cities are imported in later city files.
UPSERT,reg_ph_08,PH,PHL,Philippines,الفلبين,Republic of the Philippines,Asia,آسيا,South-Eastern Asia,جنوب شرق آسيا,PH-08,,,1,region,Region,Eastern Visayas (Region VIII),,Eastern Visayas (Region VIII),true,ISO_3166_2,https://www.iso.org/obp/ui/#search,ISO 3166-2 subdivisions via pycountry/isocodes,REFERENCE_DATA_IMPORTED,NEEDS_AR_TRANSLATION,2026-08-05,Administrative subdivision only; cities are imported in later city files.
UPSERT,reg_ph_09,PH,PHL,Philippines,الفلبين,Republic of the Philippines,Asia,آسيا,South-Eastern Asia,جنوب شرق آسيا,PH-09,,,1,region,Region,Zamboanga Peninsula (Region IX),,Zamboanga Peninsula (Region IX),true,ISO_3166_2,https://www.iso.org/obp/ui/#search,ISO 3166-2 subdivisions via pycountry/isocodes,REFERENCE_DATA_IMPORTED,NEEDS_AR_TRANSLATION,2026-08-05,Administrative subdivision only; cities are imported in later city files.
UPSERT,reg_ph_10,PH,PHL,Philippines,الفلبين,Republic of the Philippines,Asia,آسيا,South-Eastern Asia,جنوب شرق آسيا,PH-10,,,1,region,Region,Northern Mindanao (Region X),,Northern Mindanao (Region X),true,ISO_3166_2,https://www.iso.org/obp/ui/#search,ISO 3166-2 subdivisions via pycountry/isocodes,REFERENCE_DATA_IMPORTED,NEEDS_AR_TRANSLATION,2026-08-05,Administrative subdivision only; cities are imported in later city files.
UPSERT,reg_ph_11,PH,PHL,Philippines,الفلبين,Republic of the Philippines,Asia,آسيا,South-Eastern Asia,جنوب شرق آسيا,PH-11,,,1,region,Region,Davao (Region XI),,Davao (Region XI),true,ISO_3166_2,https://www.iso.org/obp/ui/#search,ISO 3166-2 subdivisions via pycountry/isocodes,REFERENCE_DATA_IMPORTED,NEEDS_AR_TRANSLATION,2026-08-05,Administrative subdivision only; cities are imported in later city files.
UPSERT,reg_ph_12,PH,PHL,Philippines,الفلبين,Republic of the Philippines,Asia,آسيا,South-Eastern Asia,جنوب شرق آسيا,PH-12,,,1,region,Region,Soccsksargen (Region XII),,Soccsksargen (Region XII),true,ISO_3166_2,https://www.iso.org/obp/ui/#search,ISO 3166-2 subdivisions via pycountry/isocodes,REFERENCE_DATA_IMPORTED,NEEDS_AR_TRANSLATION,2026-08-05,Administrative subdivision only; cities are imported in later city files.
UPSERT,reg_ph_13,PH,PHL,Philippines,الفلبين,Republic of the Philippines,Asia,آسيا,South-Eastern Asia,جنوب شرق آسيا,PH-13,,,1,region,Region,Caraga (Region XIII),,Caraga (Region XIII),true,ISO_3166_2,https://www.iso.org/obp/ui/#search,ISO 3166-2 subdivisions via pycountry/isocodes,REFERENCE_DATA_IMPORTED,NEEDS_AR_TRANSLATION,2026-08-05,Administrative subdivision only; cities are imported in later city files.
UPSERT,reg_ph_14,PH,PHL,Philippines,الفلبين,Republic of the Philippines,Asia,آسيا,South-Eastern Asia,جنوب شرق آسيا,PH-14,,,1,region,Region,Autonomous Region in Muslim Mindanao (ARMM),,Autonomous Region in Muslim Mindanao (ARMM),true,ISO_3166_2,https://www.iso.org/obp/ui/#search,ISO 3166-2 subdivisions via pycountry/isocodes,REFERENCE_DATA_IMPORTED,NEEDS_AR_TRANSLATION,2026-08-05,Administrative subdivision only; cities are imported in later city files.
UPSERT,reg_ph_15,PH,PHL,Philippines,الفلبين,Republic of the Philippines,Asia,آسيا,South-Eastern Asia,جنوب شرق آسيا,PH-15,,,1,region,Region,Cordillera Administrative Region (CAR),,Cordillera Administrative Region (CAR),true,ISO_3166_2,https://www.iso.org/obp/ui/#search,ISO 3166-2 subdivisions via pycountry/isocodes,REFERENCE_DATA_IMPORTED,NEEDS_AR_TRANSLATION,2026-08-05,Administrative subdivision only; cities are imported in later city files.
UPSERT,reg_ph_40,PH,PHL,Philippines,الفلبين,Republic of the Philippines,Asia,آسيا,South-Eastern Asia,جنوب شرق آسيا,PH-40,,,1,region,Region,Calabarzon (Region IV-A),,Calabarzon (Region IV-A),true,ISO_3166_2,https://www.iso.org/obp/ui/#search,ISO 3166-2 subdivisions via pycountry/isocodes,REFERENCE_DATA_IMPORTED,NEEDS_AR_TRANSLATION,2026-08-05,Administrative subdivision only; cities are imported in later city files.
UPSERT,reg_ph_41,PH,PHL,Philippines,الفلبين,Republic of the Philippines,Asia,آسيا,South-Eastern Asia,جنوب شرق آسيا,PH-41,,,1,region,Region,Mimaropa (Region IV-B),,Mimaropa (Region IV-B),true,ISO_3166_2,https://www.iso.org/obp/ui/#search,ISO 3166-2 subdivisions via pycountry/isocodes,REFERENCE_DATA_IMPORTED,NEEDS_AR_TRANSLATION,2026-08-05,Administrative subdivision only; cities are imported in later city files.
UPSERT,reg_ph_abr,PH,PHL,Philippines,الفلبين,Republic of the Philippines,Asia,آسيا,South-Eastern Asia,جنوب شرق آسيا,PH-ABR,PH-15,Cordillera Administrative Region (CAR),2,province,Province,Abra,,Abra,true,ISO_3166_2,https://www.iso.org/obp/ui/#search,ISO 3166-2 subdivisions via pycountry/isocodes,REFERENCE_DATA_IMPORTED,NEEDS_AR_TRANSLATION,2026-08-05,Administrative subdivision only; cities are imported in later city files.
UPSERT,reg_ph_agn,PH,PHL,Philippines,الفلبين,Republic of the Philippines,Asia,آسيا,South-Eastern Asia,جنوب شرق آسيا,PH-AGN,PH-13,Caraga (Region XIII),2,province,Province,Agusan del Norte,,Agusan del Norte,true,ISO_3166_2,https://www.iso.org/obp/ui/#search,ISO 3166-2 subdivisions via pycountry/isocodes,REFERENCE_DATA_IMPORTED,NEEDS_AR_TRANSLATION,2026-08-05,Administrative subdivision only; cities are imported in later city files.
UPSERT,reg_ph_ags,PH,PHL,Philippines,الفلبين,Republic of the Philippines,Asia,آسيا,South-Eastern Asia,جنوب شرق آسيا,PH-AGS,PH-13,Caraga (Region XIII),2,province,Province,Agusan del Sur,,Agusan del Sur,true,ISO_3166_2,https://www.iso.org/obp/ui/#search,ISO 3166-2 subdivisions via pycountry/isocodes,REFERENCE_DATA_IMPORTED,NEEDS_AR_TRANSLATION,2026-08-05,Administrative subdivision only; cities are imported in later city files.
UPSERT,reg_ph_akl,PH,PHL,Philippines,الفلبين,Republic of the Philippines,Asia,آسيا,South-Eastern Asia,جنوب شرق آسيا,PH-AKL,PH-06,Western Visayas (Region VI),2,province,Province,Aklan,,Aklan,true,ISO_3166_2,https://www.iso.org/obp/ui/#search,ISO 3166-2 subdivisions via pycountry/isocodes,REFERENCE_DATA_IMPORTED,NEEDS_AR_TRANSLATION,2026-08-05,Administrative subdivision only; cities are imported in later city files.
UPSERT,reg_ph_alb,PH,PHL,Philippines,الفلبين,Republic of the Philippines,Asia,آسيا,South-Eastern Asia,جنوب شرق آسيا,PH-ALB,PH-05,Bicol (Region V),2,province,Province,Albay,,Albay,true,ISO_3166_2,https://www.iso.org/obp/ui/#search,ISO 3166-2 subdivisions via pycountry/isocodes,REFERENCE_DATA_IMPORTED,NEEDS_AR_TRANSLATION,2026-08-05,Administrative subdivision only; cities are imported in later city files.
UPSERT,reg_ph_ant,PH,PHL,Philippines,الفلبين,Republic of the Philippines,Asia,آسيا,South-Eastern Asia,جنوب شرق آسيا,PH-ANT,PH-06,Western Visayas (Region VI),2,province,Province,Antique,,Antique,true,ISO_3166_2,https://www.iso.org/obp/ui/#search,ISO 3166-2 subdivisions via pycountry/isocodes,REFERENCE_DATA_IMPORTED,NEEDS_AR_TRANSLATION,2026-08-05,Administrative subdivision only; cities are imported in later city files.
UPSERT,reg_ph_apa,PH,PHL,Philippines,الفلبين,Republic of the Philippines,Asia,آسيا,South-Eastern Asia,جنوب شرق آسيا,PH-APA,PH-15,Cordillera Administrative Region (CAR),2,province,Province,Apayao,,Apayao,true,ISO_3166_2,https://www.iso.org/obp/ui/#search,ISO 3166-2 subdivisions via pycountry/isocodes,REFERENCE_DATA_IMPORTED,NEEDS_AR_TRANSLATION,2026-08-05,Administrative subdivision only; cities are imported in later city files.
UPSERT,reg_ph_aur,PH,PHL,Philippines,الفلبين,Republic of the Philippines,Asia,آسيا,South-Eastern Asia,جنوب شرق آسيا,PH-AUR,PH-03,Central Luzon (Region III),2,province,Province,Aurora,,Aurora,true,ISO_3166_2,https://www.iso.org/obp/ui/#search,ISO 3166-2 subdivisions via pycountry/isocodes,REFERENCE_DATA_IMPORTED,NEEDS_AR_TRANSLATION,2026-08-05,Administrative subdivision only; cities are imported in later city files.
UPSERT,reg_ph_ban,PH,PHL,Philippines,الفلبين,Republic of the Philippines,Asia,آسيا,South-Eastern Asia,جنوب شرق آسيا,PH-BAN,PH-03,Central Luzon (Region III),2,province,Province,Bataan,,Bataan,true,ISO_3166_2,https://www.iso.org/obp/ui/#search,ISO 3166-2 subdivisions via pycountry/isocodes,REFERENCE_DATA_IMPORTED,NEEDS_AR_TRANSLATION,2026-08-05,Administrative subdivision only; cities are imported in later city files.
UPSERT,reg_ph_bas,PH,PHL,Philippines,الفلبين,Republic of the Philippines,Asia,آسيا,South-Eastern Asia,جنوب شرق آسيا,PH-BAS,PH-09,Zamboanga Peninsula (Region IX),2,province,Province,Basilan,,Basilan,true,ISO_3166_2,https://www.iso.org/obp/ui/#search,ISO 3166-2 subdivisions via pycountry/isocodes,REFERENCE_DATA_IMPORTED,NEEDS_AR_TRANSLATION,2026-08-05,Administrative subdivision only; cities are imported in later city files.
UPSERT,reg_ph_ben,PH,PHL,Philippines,الفلبين,Republic of the Philippines,Asia,آسيا,South-Eastern Asia,جنوب شرق آسيا,PH-BEN,PH-15,Cordillera Administrative Region (CAR),2,province,Province,Benguet,,Benguet,true,ISO_3166_2,https://www.iso.org/obp/ui/#search,ISO 3166-2 subdivisions via pycountry/isocodes,REFERENCE_DATA_IMPORTED,NEEDS_AR_TRANSLATION,2026-08-05,Administrative subdivision only; cities are imported in later city files.
UPSERT,reg_ph_bil,PH,PHL,Philippines,الفلبين,Republic of the Philippines,Asia,آسيا,South-Eastern Asia,جنوب شرق آسيا,PH-BIL,PH-08,Eastern Visayas (Region VIII),2,province,Province,Biliran,,Biliran,true,ISO_3166_2,https://www.iso.org/obp/ui/#search,ISO 3166-2 subdivisions via pycountry/isocodes,REFERENCE_DATA_IMPORTED,NEEDS_AR_TRANSLATION,2026-08-05,Administrative subdivision only; cities are imported in later city files.
UPSERT,reg_ph_boh,PH,PHL,Philippines,الفلبين,Republic of the Philippines,Asia,آسيا,South-Eastern Asia,جنوب شرق آسيا,PH-BOH,PH-07,Central Visayas (Region VII),2,province,Province,Bohol,,Bohol,true,ISO_3166_2,https://www.iso.org/obp/ui/#search,ISO 3166-2 subdivisions via pycountry/isocodes,REFERENCE_DATA_IMPORTED,NEEDS_AR_TRANSLATION,2026-08-05,Administrative subdivision only; cities are imported in later city files.
UPSERT,reg_ph_btg,PH,PHL,Philippines,الفلبين,Republic of the Philippines,Asia,آسيا,South-Eastern Asia,جنوب شرق آسيا,PH-BTG,PH-40,Calabarzon (Region IV-A),2,province,Province,Batangas,,Batangas,true,ISO_3166_2,https://www.iso.org/obp/ui/#search,ISO 3166-2 subdivisions via pycountry/isocodes,REFERENCE_DATA_IMPORTED,NEEDS_AR_TRANSLATION,2026-08-05,Administrative subdivision only; cities are imported in later city files.
UPSERT,reg_ph_btn,PH,PHL,Philippines,الفلبين,Republic of the Philippines,Asia,آسيا,South-Eastern Asia,جنوب شرق آسيا,PH-BTN,PH-02,Cagayan Valley (Region II),2,province,Province,Batanes,,Batanes,true,ISO_3166_2,https://www.iso.org/obp/ui/#search,ISO 3166-2 subdivisions via pycountry/isocodes,REFERENCE_DATA_IMPORTED,NEEDS_AR_TRANSLATION,2026-08-05,Administrative subdivision only; cities are imported in later city files.
UPSERT,reg_ph_buk,PH,PHL,Philippines,الفلبين,Republic of the Philippines,Asia,آسيا,South-Eastern Asia,جنوب شرق آسيا,PH-BUK,PH-10,Northern Mindanao (Region X),2,province,Province,Bukidnon,,Bukidnon,true,ISO_3166_2,https://www.iso.org/obp/ui/#search,ISO 3166-2 subdivisions via pycountry/isocodes,REFERENCE_DATA_IMPORTED,NEEDS_AR_TRANSLATION,2026-08-05,Administrative subdivision only; cities are imported in later city files.
UPSERT,reg_ph_bul,PH,PHL,Philippines,الفلبين,Republic of the Philippines,Asia,آسيا,South-Eastern Asia,جنوب شرق آسيا,PH-BUL,PH-03,Central Luzon (Region III),2,province,Province,Bulacan,,Bulacan,true,ISO_3166_2,https://www.iso.org/obp/ui/#search,ISO 3166-2 subdivisions via pycountry/isocodes,REFERENCE_DATA_IMPORTED,NEEDS_AR_TRANSLATION,2026-08-05,Administrative subdivision only; cities are imported in later city files.
UPSERT,reg_ph_cag,PH,PHL,Philippines,الفلبين,Republic of the Philippines,Asia,آسيا,South-Eastern Asia,جنوب شرق آسيا,PH-CAG,PH-02,Cagayan Valley (Region II),2,province,Province,Cagayan,,Cagayan,true,ISO_3166_2,https://www.iso.org/obp/ui/#search,ISO 3166-2 subdivisions via pycountry/isocodes,REFERENCE_DATA_IMPORTED,NEEDS_AR_TRANSLATION,2026-08-05,Administrative subdivision only; cities are imported in later city files.
UPSERT,reg_ph_cam,PH,PHL,Philippines,الفلبين,Republic of the Philippines,Asia,آسيا,South-Eastern Asia,جنوب شرق آسيا,PH-CAM,PH-10,Northern Mindanao (Region X),2,province,Province,Camiguin,,Camiguin,true,ISO_3166_2,https://www.iso.org/obp/ui/#search,ISO 3166-2 subdivisions via pycountry/isocodes,REFERENCE_DATA_IMPORTED,NEEDS_AR_TRANSLATION,2026-08-05,Administrative subdivision only; cities are imported in later city files.
UPSERT,reg_ph_can,PH,PHL,Philippines,الفلبين,Republic of the Philippines,Asia,آسيا,South-Eastern Asia,جنوب شرق آسيا,PH-CAN,PH-05,Bicol (Region V),2,province,Province,Camarines Norte,,Camarines Norte,true,ISO_3166_2,https://www.iso.org/obp/ui/#search,ISO 3166-2 subdivisions via pycountry/isocodes,REFERENCE_DATA_IMPORTED,NEEDS_AR_TRANSLATION,2026-08-05,Administrative subdivision only; cities are imported in later city files.
UPSERT,reg_ph_cap,PH,PHL,Philippines,الفلبين,Republic of the Philippines,Asia,آسيا,South-Eastern Asia,جنوب شرق آسيا,PH-CAP,PH-06,Western Visayas (Region VI),2,province,Province,Capiz,,Capiz,true,ISO_3166_2,https://www.iso.org/obp/ui/#search,ISO 3166-2 subdivisions via pycountry/isocodes,REFERENCE_DATA_IMPORTED,NEEDS_AR_TRANSLATION,2026-08-05,Administrative subdivision only; cities are imported in later city files.
UPSERT,reg_ph_cas,PH,PHL,Philippines,الفلبين,Republic of the Philippines,Asia,آسيا,South-Eastern Asia,جنوب شرق آسيا,PH-CAS,PH-05,Bicol (Region V),2,province,Province,Camarines Sur,,Camarines Sur,true,ISO_3166_2,https://www.iso.org/obp/ui/#search,ISO 3166-2 subdivisions via pycountry/isocodes,REFERENCE_DATA_IMPORTED,NEEDS_AR_TRANSLATION,2026-08-05,Administrative subdivision only; cities are imported in later city files.
UPSERT,reg_ph_cat,PH,PHL,Philippines,الفلبين,Republic of the Philippines,Asia,آسيا,South-Eastern Asia,جنوب شرق آسيا,PH-CAT,PH-05,Bicol (Region V),2,province,Province,Catanduanes,,Catanduanes,true,ISO_3166_2,https://www.iso.org/obp/ui/#search,ISO 3166-2 subdivisions via pycountry/isocodes,REFERENCE_DATA_IMPORTED,NEEDS_AR_TRANSLATION,2026-08-05,Administrative subdivision only; cities are imported in later city files.
UPSERT,reg_ph_cav,PH,PHL,Philippines,الفلبين,Republic of the Philippines,Asia,آسيا,South-Eastern Asia,جنوب شرق آسيا,PH-CAV,PH-40,Calabarzon (Region IV-A),2,province,Province,Cavite,,Cavite,true,ISO_3166_2,https://www.iso.org/obp/ui/#search,ISO 3166-2 subdivisions via pycountry/isocodes,REFERENCE_DATA_IMPORTED,NEEDS_AR_TRANSLATION,2026-08-05,Administrative subdivision only; cities are imported in later city files.
UPSERT,reg_ph_ceb,PH,PHL,Philippines,الفلبين,Republic of the Philippines,Asia,آسيا,South-Eastern Asia,جنوب شرق آسيا,PH-CEB,PH-07,Central Visayas (Region VII),2,province,Province,Cebu,,Cebu,true,ISO_3166_2,https://www.iso.org/obp/ui/#search,ISO 3166-2 subdivisions via pycountry/isocodes,REFERENCE_DATA_IMPORTED,NEEDS_AR_TRANSLATION,2026-08-05,Administrative subdivision only; cities are imported in later city files.
UPSERT,reg_ph_com,PH,PHL,Philippines,الفلبين,Republic of the Philippines,Asia,آسيا,South-Eastern Asia,جنوب شرق آسيا,PH-COM,PH-11,Davao (Region XI),2,province,Province,Davao de Oro,,Davao de Oro,true,ISO_3166_2,https://www.iso.org/obp/ui/#search,ISO 3166-2 subdivisions via pycountry/isocodes,REFERENCE_DATA_IMPORTED,NEEDS_AR_TRANSLATION,2026-08-05,Administrative subdivision only; cities are imported in later city files.
UPSERT,reg_ph_dao,PH,PHL,Philippines,الفلبين,Republic of the Philippines,Asia,آسيا,South-Eastern Asia,جنوب شرق آسيا,PH-DAO,PH-11,Davao (Region XI),2,province,Province,Davao Oriental,,Davao Oriental,true,ISO_3166_2,https://www.iso.org/obp/ui/#search,ISO 3166-2 subdivisions via pycountry/isocodes,REFERENCE_DATA_IMPORTED,NEEDS_AR_TRANSLATION,2026-08-05,Administrative subdivision only; cities are imported in later city files.
UPSERT,reg_ph_das,PH,PHL,Philippines,الفلبين,Republic of the Philippines,Asia,آسيا,South-Eastern Asia,جنوب شرق آسيا,PH-DAS,PH-11,Davao (Region XI),2,province,Province,Davao del Sur,,Davao del Sur,true,ISO_3166_2,https://www.iso.org/obp/ui/#search,ISO 3166-2 subdivisions via pycountry/isocodes,REFERENCE_DATA_IMPORTED,NEEDS_AR_TRANSLATION,2026-08-05,Administrative subdivision only; cities are imported in later city files.
UPSERT,reg_ph_dav,PH,PHL,Philippines,الفلبين,Republic of the Philippines,Asia,آسيا,South-Eastern Asia,جنوب شرق آسيا,PH-DAV,PH-11,Davao (Region XI),2,province,Province,Davao del Norte,,Davao del Norte,true,ISO_3166_2,https://www.iso.org/obp/ui/#search,ISO 3166-2 subdivisions via pycountry/isocodes,REFERENCE_DATA_IMPORTED,NEEDS_AR_TRANSLATION,2026-08-05,Administrative subdivision only; cities are imported in later city files.
UPSERT,reg_ph_din,PH,PHL,Philippines,الفلبين,Republic of the Philippines,Asia,آسيا,South-Eastern Asia,جنوب شرق آسيا,PH-DIN,PH-13,Caraga (Region XIII),2,province,Province,Dinagat Islands,,Dinagat Islands,true,ISO_3166_2,https://www.iso.org/obp/ui/#search,ISO 3166-2 subdivisions via pycountry/isocodes,REFERENCE_DATA_IMPORTED,NEEDS_AR_TRANSLATION,2026-08-05,Administrative subdivision only; cities are imported in later city files.
UPSERT,reg_ph_dvo,PH,PHL,Philippines,الفلبين,Republic of the Philippines,Asia,آسيا,South-Eastern Asia,جنوب شرق آسيا,PH-DVO,PH-11,Davao (Region XI),2,province,Province,Davao Occidental,,Davao Occidental,true,ISO_3166_2,https://www.iso.org/obp/ui/#search,ISO 3166-2 subdivisions via pycountry/isocodes,REFERENCE_DATA_IMPORTED,NEEDS_AR_TRANSLATION,2026-08-05,Administrative subdivision only; cities are imported in later city files.
UPSERT,reg_ph_eas,PH,PHL,Philippines,الفلبين,Republic of the Philippines,Asia,آسيا,South-Eastern Asia,جنوب شرق آسيا,PH-EAS,PH-08,Eastern Visayas (Region VIII),2,province,Province,Eastern Samar,,Eastern Samar,true,ISO_3166_2,https://www.iso.org/obp/ui/#search,ISO 3166-2 subdivisions via pycountry/isocodes,REFERENCE_DATA_IMPORTED,NEEDS_AR_TRANSLATION,2026-08-05,Administrative subdivision only; cities are imported in later city files.
UPSERT,reg_ph_gui,PH,PHL,Philippines,الفلبين,Republic of the Philippines,Asia,آسيا,South-Eastern Asia,جنوب شرق آسيا,PH-GUI,PH-06,Western Visayas (Region VI),2,province,Province,Guimaras,,Guimaras,true,ISO_3166_2,https://www.iso.org/obp/ui/#search,ISO 3166-2 subdivisions via pycountry/isocodes,REFERENCE_DATA_IMPORTED,NEEDS_AR_TRANSLATION,2026-08-05,Administrative subdivision only; cities are imported in later city files.
UPSERT,reg_ph_ifu,PH,PHL,Philippines,الفلبين,Republic of the Philippines,Asia,آسيا,South-Eastern Asia,جنوب شرق آسيا,PH-IFU,PH-15,Cordillera Administrative Region (CAR),2,province,Province,Ifugao,,Ifugao,true,ISO_3166_2,https://www.iso.org/obp/ui/#search,ISO 3166-2 subdivisions via pycountry/isocodes,REFERENCE_DATA_IMPORTED,NEEDS_AR_TRANSLATION,2026-08-05,Administrative subdivision only; cities are imported in later city files.
UPSERT,reg_ph_ili,PH,PHL,Philippines,الفلبين,Republic of the Philippines,Asia,آسيا,South-Eastern Asia,جنوب شرق آسيا,PH-ILI,PH-06,Western Visayas (Region VI),2,province,Province,Iloilo,,Iloilo,true,ISO_3166_2,https://www.iso.org/obp/ui/#search,ISO 3166-2 subdivisions via pycountry/isocodes,REFERENCE_DATA_IMPORTED,NEEDS_AR_TRANSLATION,2026-08-05,Administrative subdivision only; cities are imported in later city files.
UPSERT,reg_ph_iln,PH,PHL,Philippines,الفلبين,Republic of the Philippines,Asia,آسيا,South-Eastern Asia,جنوب شرق آسيا,PH-ILN,PH-01,Ilocos (Region I),2,province,Province,Ilocos Norte,,Ilocos Norte,true,ISO_3166_2,https://www.iso.org/obp/ui/#search,ISO 3166-2 subdivisions via pycountry/isocodes,REFERENCE_DATA_IMPORTED,NEEDS_AR_TRANSLATION,2026-08-05,Administrative subdivision only; cities are imported in later city files.
UPSERT,reg_ph_ils,PH,PHL,Philippines,الفلبين,Republic of the Philippines,Asia,آسيا,South-Eastern Asia,جنوب شرق آسيا,PH-ILS,PH-01,Ilocos (Region I),2,province,Province,Ilocos Sur,,Ilocos Sur,true,ISO_3166_2,https://www.iso.org/obp/ui/#search,ISO 3166-2 subdivisions via pycountry/isocodes,REFERENCE_DATA_IMPORTED,NEEDS_AR_TRANSLATION,2026-08-05,Administrative subdivision only; cities are imported in later city files.
UPSERT,reg_ph_isa,PH,PHL,Philippines,الفلبين,Republic of the Philippines,Asia,آسيا,South-Eastern Asia,جنوب شرق آسيا,PH-ISA,PH-02,Cagayan Valley (Region II),2,province,Province,Isabela,,Isabela,true,ISO_3166_2,https://www.iso.org/obp/ui/#search,ISO 3166-2 subdivisions via pycountry/isocodes,REFERENCE_DATA_IMPORTED,NEEDS_AR_TRANSLATION,2026-08-05,Administrative subdivision only; cities are imported in later city files.
UPSERT,reg_ph_kal,PH,PHL,Philippines,الفلبين,Republic of the Philippines,Asia,آسيا,South-Eastern Asia,جنوب شرق آسيا,PH-KAL,PH-15,Cordillera Administrative Region (CAR),2,province,Province,Kalinga,,Kalinga,true,ISO_3166_2,https://www.iso.org/obp/ui/#search,ISO 3166-2 subdivisions via pycountry/isocodes,REFERENCE_DATA_IMPORTED,NEEDS_AR_TRANSLATION,2026-08-05,Administrative subdivision only; cities are imported in later city files.
UPSERT,reg_ph_lag,PH,PHL,Philippines,الفلبين,Republic of the Philippines,Asia,آسيا,South-Eastern Asia,جنوب شرق آسيا,PH-LAG,PH-40,Calabarzon (Region IV-A),2,province,Province,Laguna,,Laguna,true,ISO_3166_2,https://www.iso.org/obp/ui/#search,ISO 3166-2 subdivisions via pycountry/isocodes,REFERENCE_DATA_IMPORTED,NEEDS_AR_TRANSLATION,2026-08-05,Administrative subdivision only; cities are imported in later city files.
UPSERT,reg_ph_lan,PH,PHL,Philippines,الفلبين,Republic of the Philippines,Asia,آسيا,South-Eastern Asia,جنوب شرق آسيا,PH-LAN,PH-12,Soccsksargen (Region XII),2,province,Province,Lanao del Norte,,Lanao del Norte,true,ISO_3166_2,https://www.iso.org/obp/ui/#search,ISO 3166-2 subdivisions via pycountry/isocodes,REFERENCE_DATA_IMPORTED,NEEDS_AR_TRANSLATION,2026-08-05,Administrative subdivision only; cities are imported in later city files.
UPSERT,reg_ph_las,PH,PHL,Philippines,الفلبين,Republic of the Philippines,Asia,آسيا,South-Eastern Asia,جنوب شرق آسيا,PH-LAS,PH-14,Autonomous Region in Muslim Mindanao (ARMM),2,province,Province,Lanao del Sur,,Lanao del Sur,true,ISO_3166_2,https://www.iso.org/obp/ui/#search,ISO 3166-2 subdivisions via pycountry/isocodes,REFERENCE_DATA_IMPORTED,NEEDS_AR_TRANSLATION,2026-08-05,Administrative subdivision only; cities are imported in later city files.
UPSERT,reg_ph_ley,PH,PHL,Philippines,الفلبين,Republic of the Philippines,Asia,آسيا,South-Eastern Asia,جنوب شرق آسيا,PH-LEY,PH-08,Eastern Visayas (Region VIII),2,province,Province,Leyte,,Leyte,true,ISO_3166_2,https://www.iso.org/obp/ui/#search,ISO 3166-2 subdivisions via pycountry/isocodes,REFERENCE_DATA_IMPORTED,NEEDS_AR_TRANSLATION,2026-08-05,Administrative subdivision only; cities are imported in later city files.
UPSERT,reg_ph_lun,PH,PHL,Philippines,الفلبين,Republic of the Philippines,Asia,آسيا,South-Eastern Asia,جنوب شرق آسيا,PH-LUN,PH-01,Ilocos (Region I),2,province,Province,La Union,,La Union,true,ISO_3166_2,https://www.iso.org/obp/ui/#search,ISO 3166-2 subdivisions via pycountry/isocodes,REFERENCE_DATA_IMPORTED,NEEDS_AR_TRANSLATION,2026-08-05,Administrative subdivision only; cities are imported in later city files.
UPSERT,reg_ph_mad,PH,PHL,Philippines,الفلبين,Republic of the Philippines,Asia,آسيا,South-Eastern Asia,جنوب شرق آسيا,PH-MAD,PH-41,Mimaropa (Region IV-B),2,province,Province,Marinduque,,Marinduque,true,ISO_3166_2,https://www.iso.org/obp/ui/#search,ISO 3166-2 subdivisions via pycountry/isocodes,REFERENCE_DATA_IMPORTED,NEEDS_AR_TRANSLATION,2026-08-05,Administrative subdivision only; cities are imported in later city files.
UPSERT,reg_ph_mas,PH,PHL,Philippines,الفلبين,Republic of the Philippines,Asia,آسيا,South-Eastern Asia,جنوب شرق آسيا,PH-MAS,PH-05,Bicol (Region V),2,province,Province,Masbate,,Masbate,true,ISO_3166_2,https://www.iso.org/obp/ui/#search,ISO 3166-2 subdivisions via pycountry/isocodes,REFERENCE_DATA_IMPORTED,NEEDS_AR_TRANSLATION,2026-08-05,Administrative subdivision only; cities are imported in later city files.
UPSERT,reg_ph_mdc,PH,PHL,Philippines,الفلبين,Republic of the Philippines,Asia,آسيا,South-Eastern Asia,جنوب شرق آسيا,PH-MDC,PH-41,Mimaropa (Region IV-B),2,province,Province,Mindoro Occidental,,Mindoro Occidental,true,ISO_3166_2,https://www.iso.org/obp/ui/#search,ISO 3166-2 subdivisions via pycountry/isocodes,REFERENCE_DATA_IMPORTED,NEEDS_AR_TRANSLATION,2026-08-05,Administrative subdivision only; cities are imported in later city files.
UPSERT,reg_ph_mdr,PH,PHL,Philippines,الفلبين,Republic of the Philippines,Asia,آسيا,South-Eastern Asia,جنوب شرق آسيا,PH-MDR,PH-41,Mimaropa (Region IV-B),2,province,Province,Mindoro Oriental,,Mindoro Oriental,true,ISO_3166_2,https://www.iso.org/obp/ui/#search,ISO 3166-2 subdivisions via pycountry/isocodes,REFERENCE_DATA_IMPORTED,NEEDS_AR_TRANSLATION,2026-08-05,Administrative subdivision only; cities are imported in later city files.
UPSERT,reg_ph_mgn,PH,PHL,Philippines,الفلبين,Republic of the Philippines,Asia,آسيا,South-Eastern Asia,جنوب شرق آسيا,PH-MGN,PH-14,Autonomous Region in Muslim Mindanao (ARMM),2,province,Province,Maguindanao del Norte,,Maguindanao del Norte,true,ISO_3166_2,https://www.iso.org/obp/ui/#search,ISO 3166-2 subdivisions via pycountry/isocodes,REFERENCE_DATA_IMPORTED,NEEDS_AR_TRANSLATION,2026-08-05,Administrative subdivision only; cities are imported in later city files.
UPSERT,reg_ph_mgs,PH,PHL,Philippines,الفلبين,Republic of the Philippines,Asia,آسيا,South-Eastern Asia,جنوب شرق آسيا,PH-MGS,PH-14,Autonomous Region in Muslim Mindanao (ARMM),2,province,Province,Maguindanao del Sur,,Maguindanao del Sur,true,ISO_3166_2,https://www.iso.org/obp/ui/#search,ISO 3166-2 subdivisions via pycountry/isocodes,REFERENCE_DATA_IMPORTED,NEEDS_AR_TRANSLATION,2026-08-05,Administrative subdivision only; cities are imported in later city files.
UPSERT,reg_ph_mou,PH,PHL,Philippines,الفلبين,Republic of the Philippines,Asia,آسيا,South-Eastern Asia,جنوب شرق آسيا,PH-MOU,PH-15,Cordillera Administrative Region (CAR),2,province,Province,Mountain Province,,Mountain Province,true,ISO_3166_2,https://www.iso.org/obp/ui/#search,ISO 3166-2 subdivisions via pycountry/isocodes,REFERENCE_DATA_IMPORTED,NEEDS_AR_TRANSLATION,2026-08-05,Administrative subdivision only; cities are imported in later city files.
UPSERT,reg_ph_msc,PH,PHL,Philippines,الفلبين,Republic of the Philippines,Asia,آسيا,South-Eastern Asia,جنوب شرق آسيا,PH-MSC,PH-10,Northern Mindanao (Region X),2,province,Province,Misamis Occidental,,Misamis Occidental,true,ISO_3166_2,https://www.iso.org/obp/ui/#search,ISO 3166-2 subdivisions via pycountry/isocodes,REFERENCE_DATA_IMPORTED,NEEDS_AR_TRANSLATION,2026-08-05,Administrative subdivision only; cities are imported in later city files.
UPSERT,reg_ph_msr,PH,PHL,Philippines,الفلبين,Republic of the Philippines,Asia,آسيا,South-Eastern Asia,جنوب شرق آسيا,PH-MSR,PH-10,Northern Mindanao (Region X),2,province,Province,Misamis Oriental,,Misamis Oriental,true,ISO_3166_2,https://www.iso.org/obp/ui/#search,ISO 3166-2 subdivisions via pycountry/isocodes,REFERENCE_DATA_IMPORTED,NEEDS_AR_TRANSLATION,2026-08-05,Administrative subdivision only; cities are imported in later city files.
UPSERT,reg_ph_nco,PH,PHL,Philippines,الفلبين,Republic of the Philippines,Asia,آسيا,South-Eastern Asia,جنوب شرق آسيا,PH-NCO,PH-12,Soccsksargen (Region XII),2,province,Province,Cotabato,,Cotabato,true,ISO_3166_2,https://www.iso.org/obp/ui/#search,ISO 3166-2 subdivisions via pycountry/isocodes,REFERENCE_DATA_IMPORTED,NEEDS_AR_TRANSLATION,2026-08-05,Administrative subdivision only; cities are imported in later city files.
UPSERT,reg_ph_nec,PH,PHL,Philippines,الفلبين,Republic of the Philippines,Asia,آسيا,South-Eastern Asia,جنوب شرق آسيا,PH-NEC,PH-06,Western Visayas (Region VI),2,province,Province,Negros Occidental,,Negros Occidental,true,ISO_3166_2,https://www.iso.org/obp/ui/#search,ISO 3166-2 subdivisions via pycountry/isocodes,REFERENCE_DATA_IMPORTED,NEEDS_AR_TRANSLATION,2026-08-05,Administrative subdivision only; cities are imported in later city files.
UPSERT,reg_ph_ner,PH,PHL,Philippines,الفلبين,Republic of the Philippines,Asia,آسيا,South-Eastern Asia,جنوب شرق آسيا,PH-NER,PH-07,Central Visayas (Region VII),2,province,Province,Negros Oriental,,Negros Oriental,true,ISO_3166_2,https://www.iso.org/obp/ui/#search,ISO 3166-2 subdivisions via pycountry/isocodes,REFERENCE_DATA_IMPORTED,NEEDS_AR_TRANSLATION,2026-08-05,Administrative subdivision only; cities are imported in later city files.
UPSERT,reg_ph_nsa,PH,PHL,Philippines,الفلبين,Republic of the Philippines,Asia,آسيا,South-Eastern Asia,جنوب شرق آسيا,PH-NSA,PH-08,Eastern Visayas (Region VIII),2,province,Province,Northern Samar,,Northern Samar,true,ISO_3166_2,https://www.iso.org/obp/ui/#search,ISO 3166-2 subdivisions via pycountry/isocodes,REFERENCE_DATA_IMPORTED,NEEDS_AR_TRANSLATION,2026-08-05,Administrative subdivision only; cities are imported in later city files.
UPSERT,reg_ph_nue,PH,PHL,Philippines,الفلبين,Republic of the Philippines,Asia,آسيا,South-Eastern Asia,جنوب شرق آسيا,PH-NUE,PH-03,Central Luzon (Region III),2,province,Province,Nueva Ecija,,Nueva Ecija,true,ISO_3166_2,https://www.iso.org/obp/ui/#search,ISO 3166-2 subdivisions via pycountry/isocodes,REFERENCE_DATA_IMPORTED,NEEDS_AR_TRANSLATION,2026-08-05,Administrative subdivision only; cities are imported in later city files.
UPSERT,reg_ph_nuv,PH,PHL,Philippines,الفلبين,Republic of the Philippines,Asia,آسيا,South-Eastern Asia,جنوب شرق آسيا,PH-NUV,PH-02,Cagayan Valley (Region II),2,province,Province,Nueva Vizcaya,,Nueva Vizcaya,true,ISO_3166_2,https://www.iso.org/obp/ui/#search,ISO 3166-2 subdivisions via pycountry/isocodes,REFERENCE_DATA_IMPORTED,NEEDS_AR_TRANSLATION,2026-08-05,Administrative subdivision only; cities are imported in later city files.
UPSERT,reg_ph_pam,PH,PHL,Philippines,الفلبين,Republic of the Philippines,Asia,آسيا,South-Eastern Asia,جنوب شرق آسيا,PH-PAM,PH-03,Central Luzon (Region III),2,province,Province,Pampanga,,Pampanga,true,ISO_3166_2,https://www.iso.org/obp/ui/#search,ISO 3166-2 subdivisions via pycountry/isocodes,REFERENCE_DATA_IMPORTED,NEEDS_AR_TRANSLATION,2026-08-05,Administrative subdivision only; cities are imported in later city files.
UPSERT,reg_ph_pan,PH,PHL,Philippines,الفلبين,Republic of the Philippines,Asia,آسيا,South-Eastern Asia,جنوب شرق آسيا,PH-PAN,PH-01,Ilocos (Region I),2,province,Province,Pangasinan,,Pangasinan,true,ISO_3166_2,https://www.iso.org/obp/ui/#search,ISO 3166-2 subdivisions via pycountry/isocodes,REFERENCE_DATA_IMPORTED,NEEDS_AR_TRANSLATION,2026-08-05,Administrative subdivision only; cities are imported in later city files.
UPSERT,reg_ph_plw,PH,PHL,Philippines,الفلبين,Republic of the Philippines,Asia,آسيا,South-Eastern Asia,جنوب شرق آسيا,PH-PLW,PH-41,Mimaropa (Region IV-B),2,province,Province,Palawan,,Palawan,true,ISO_3166_2,https://www.iso.org/obp/ui/#search,ISO 3166-2 subdivisions via pycountry/isocodes,REFERENCE_DATA_IMPORTED,NEEDS_AR_TRANSLATION,2026-08-05,Administrative subdivision only; cities are imported in later city files.
UPSERT,reg_ph_que,PH,PHL,Philippines,الفلبين,Republic of the Philippines,Asia,آسيا,South-Eastern Asia,جنوب شرق آسيا,PH-QUE,PH-40,Calabarzon (Region IV-A),2,province,Province,Quezon,,Quezon,true,ISO_3166_2,https://www.iso.org/obp/ui/#search,ISO 3166-2 subdivisions via pycountry/isocodes,REFERENCE_DATA_IMPORTED,NEEDS_AR_TRANSLATION,2026-08-05,Administrative subdivision only; cities are imported in later city files.
UPSERT,reg_ph_qui,PH,PHL,Philippines,الفلبين,Republic of the Philippines,Asia,آسيا,South-Eastern Asia,جنوب شرق آسيا,PH-QUI,PH-02,Cagayan Valley (Region II),2,province,Province,Quirino,,Quirino,true,ISO_3166_2,https://www.iso.org/obp/ui/#search,ISO 3166-2 subdivisions via pycountry/isocodes,REFERENCE_DATA_IMPORTED,NEEDS_AR_TRANSLATION,2026-08-05,Administrative subdivision only; cities are imported in later city files.
UPSERT,reg_ph_riz,PH,PHL,Philippines,الفلبين,Republic of the Philippines,Asia,آسيا,South-Eastern Asia,جنوب شرق آسيا,PH-RIZ,PH-40,Calabarzon (Region IV-A),2,province,Province,Rizal,,Rizal,true,ISO_3166_2,https://www.iso.org/obp/ui/#search,ISO 3166-2 subdivisions via pycountry/isocodes,REFERENCE_DATA_IMPORTED,NEEDS_AR_TRANSLATION,2026-08-05,Administrative subdivision only; cities are imported in later city files.
UPSERT,reg_ph_rom,PH,PHL,Philippines,الفلبين,Republic of the Philippines,Asia,آسيا,South-Eastern Asia,جنوب شرق آسيا,PH-ROM,PH-41,Mimaropa (Region IV-B),2,province,Province,Romblon,,Romblon,true,ISO_3166_2,https://www.iso.org/obp/ui/#search,ISO 3166-2 subdivisions via pycountry/isocodes,REFERENCE_DATA_IMPORTED,NEEDS_AR_TRANSLATION,2026-08-05,Administrative subdivision only; cities are imported in later city files.
UPSERT,reg_ph_sar,PH,PHL,Philippines,الفلبين,Republic of the Philippines,Asia,آسيا,South-Eastern Asia,جنوب شرق آسيا,PH-SAR,PH-11,Davao (Region XI),2,province,Province,Sarangani,,Sarangani,true,ISO_3166_2,https://www.iso.org/obp/ui/#search,ISO 3166-2 subdivisions via pycountry/isocodes,REFERENCE_DATA_IMPORTED,NEEDS_AR_TRANSLATION,2026-08-05,Administrative subdivision only; cities are imported in later city files.
UPSERT,reg_ph_sco,PH,PHL,Philippines,الفلبين,Republic of the Philippines,Asia,آسيا,South-Eastern Asia,جنوب شرق آسيا,PH-SCO,PH-11,Davao (Region XI),2,province,Province,South Cotabato,,South Cotabato,true,ISO_3166_2,https://www.iso.org/obp/ui/#search,ISO 3166-2 subdivisions via pycountry/isocodes,REFERENCE_DATA_IMPORTED,NEEDS_AR_TRANSLATION,2026-08-05,Administrative subdivision only; cities are imported in later city files.
UPSERT,reg_ph_sig,PH,PHL,Philippines,الفلبين,Republic of the Philippines,Asia,آسيا,South-Eastern Asia,جنوب شرق آسيا,PH-SIG,PH-07,Central Visayas (Region VII),2,province,Province,Siquijor,,Siquijor,true,ISO_3166_2,https://www.iso.org/obp/ui/#search,ISO 3166-2 subdivisions via pycountry/isocodes,REFERENCE_DATA_IMPORTED,NEEDS_AR_TRANSLATION,2026-08-05,Administrative subdivision only; cities are imported in later city files.
UPSERT,reg_ph_sle,PH,PHL,Philippines,الفلبين,Republic of the Philippines,Asia,آسيا,South-Eastern Asia,جنوب شرق آسيا,PH-SLE,PH-08,Eastern Visayas (Region VIII),2,province,Province,Southern Leyte,,Southern Leyte,true,ISO_3166_2,https://www.iso.org/obp/ui/#search,ISO 3166-2 subdivisions via pycountry/isocodes,REFERENCE_DATA_IMPORTED,NEEDS_AR_TRANSLATION,2026-08-05,Administrative subdivision only; cities are imported in later city files.
UPSERT,reg_ph_slu,PH,PHL,Philippines,الفلبين,Republic of the Philippines,Asia,آسيا,South-Eastern Asia,جنوب شرق آسيا,PH-SLU,PH-14,Autonomous Region in Muslim Mindanao (ARMM),2,province,Province,Sulu,,Sulu,true,ISO_3166_2,https://www.iso.org/obp/ui/#search,ISO 3166-2 subdivisions via pycountry/isocodes,REFERENCE_DATA_IMPORTED,NEEDS_AR_TRANSLATION,2026-08-05,Administrative subdivision only; cities are imported in later city files.
UPSERT,reg_ph_sor,PH,PHL,Philippines,الفلبين,Republic of the Philippines,Asia,آسيا,South-Eastern Asia,جنوب شرق آسيا,PH-SOR,PH-05,Bicol (Region V),2,province,Province,Sorsogon,,Sorsogon,true,ISO_3166_2,https://www.iso.org/obp/ui/#search,ISO 3166-2 subdivisions via pycountry/isocodes,REFERENCE_DATA_IMPORTED,NEEDS_AR_TRANSLATION,2026-08-05,Administrative subdivision only; cities are imported in later city files.
UPSERT,reg_ph_suk,PH,PHL,Philippines,الفلبين,Republic of the Philippines,Asia,آسيا,South-Eastern Asia,جنوب شرق آسيا,PH-SUK,PH-12,Soccsksargen (Region XII),2,province,Province,Sultan Kudarat,,Sultan Kudarat,true,ISO_3166_2,https://www.iso.org/obp/ui/#search,ISO 3166-2 subdivisions via pycountry/isocodes,REFERENCE_DATA_IMPORTED,NEEDS_AR_TRANSLATION,2026-08-05,Administrative subdivision only; cities are imported in later city files.
UPSERT,reg_ph_sun,PH,PHL,Philippines,الفلبين,Republic of the Philippines,Asia,آسيا,South-Eastern Asia,جنوب شرق آسيا,PH-SUN,PH-13,Caraga (Region XIII),2,province,Province,Surigao del Norte,,Surigao del Norte,true,ISO_3166_2,https://www.iso.org/obp/ui/#search,ISO 3166-2 subdivisions via pycountry/isocodes,REFERENCE_DATA_IMPORTED,NEEDS_AR_TRANSLATION,2026-08-05,Administrative subdivision only; cities are imported in later city files.
UPSERT,reg_ph_sur,PH,PHL,Philippines,الفلبين,Republic of the Philippines,Asia,آسيا,South-Eastern Asia,جنوب شرق آسيا,PH-SUR,PH-13,Caraga (Region XIII),2,province,Province,Surigao del Sur,,Surigao del Sur,true,ISO_3166_2,https://www.iso.org/obp/ui/#search,ISO 3166-2 subdivisions via pycountry/isocodes,REFERENCE_DATA_IMPORTED,NEEDS_AR_TRANSLATION,2026-08-05,Administrative subdivision only; cities are imported in later city files.
UPSERT,reg_ph_tar,PH,PHL,Philippines,الفلبين,Republic of the Philippines,Asia,آسيا,South-Eastern Asia,جنوب شرق آسيا,PH-TAR,PH-03,Central Luzon (Region III),2,province,Province,Tarlac,,Tarlac,true,ISO_3166_2,https://www.iso.org/obp/ui/#search,ISO 3166-2 subdivisions via pycountry/isocodes,REFERENCE_DATA_IMPORTED,NEEDS_AR_TRANSLATION,2026-08-05,Administrative subdivision only; cities are imported in later city files.
UPSERT,reg_ph_taw,PH,PHL,Philippines,الفلبين,Republic of the Philippines,Asia,آسيا,South-Eastern Asia,جنوب شرق آسيا,PH-TAW,PH-14,Autonomous Region in Muslim Mindanao (ARMM),2,province,Province,Tawi-Tawi,,Tawi-Tawi,true,ISO_3166_2,https://www.iso.org/obp/ui/#search,ISO 3166-2 subdivisions via pycountry/isocodes,REFERENCE_DATA_IMPORTED,NEEDS_AR_TRANSLATION,2026-08-05,Administrative subdivision only; cities are imported in later city files.
UPSERT,reg_ph_wsa,PH,PHL,Philippines,الفلبين,Republic of the Philippines,Asia,آسيا,South-Eastern Asia,جنوب شرق آسيا,PH-WSA,PH-08,Eastern Visayas (Region VIII),2,province,Province,Samar,,Samar,true,ISO_3166_2,https://www.iso.org/obp/ui/#search,ISO 3166-2 subdivisions via pycountry/isocodes,REFERENCE_DATA_IMPORTED,NEEDS_AR_TRANSLATION,2026-08-05,Administrative subdivision only; cities are imported in later city files.
UPSERT,reg_ph_zan,PH,PHL,Philippines,الفلبين,Republic of the Philippines,Asia,آسيا,South-Eastern Asia,جنوب شرق آسيا,PH-ZAN,PH-09,Zamboanga Peninsula (Region IX),2,province,Province,Zamboanga del Norte,,Zamboanga del Norte,true,ISO_3166_2,https://www.iso.org/obp/ui/#search,ISO 3166-2 subdivisions via pycountry/isocodes,REFERENCE_DATA_IMPORTED,NEEDS_AR_TRANSLATION,2026-08-05,Administrative subdivision only; cities are imported in later city files.
UPSERT,reg_ph_zas,PH,PHL,Philippines,الفلبين,Republic of the Philippines,Asia,آسيا,South-Eastern Asia,جنوب شرق آسيا,PH-ZAS,PH-09,Zamboanga Peninsula (Region IX),2,province,Province,Zamboanga del Sur,,Zamboanga del Sur,true,ISO_3166_2,https://www.iso.org/obp/ui/#search,ISO 3166-2 subdivisions via pycountry/isocodes,REFERENCE_DATA_IMPORTED,NEEDS_AR_TRANSLATION,2026-08-05,Administrative subdivision only; cities are imported in later city files.
UPSERT,reg_ph_zmb,PH,PHL,Philippines,الفلبين,Republic of the Philippines,Asia,آسيا,South-Eastern Asia,جنوب شرق آسيا,PH-ZMB,PH-03,Central Luzon (Region III),2,province,Province,Zambales,,Zambales,true,ISO_3166_2,https://www.iso.org/obp/ui/#search,ISO 3166-2 subdivisions via pycountry/isocodes,REFERENCE_DATA_IMPORTED,NEEDS_AR_TRANSLATION,2026-08-05,Administrative subdivision only; cities are imported in later city files.
UPSERT,reg_ph_zsi,PH,PHL,Philippines,الفلبين,Republic of the Philippines,Asia,آسيا,South-Eastern Asia,جنوب شرق آسيا,PH-ZSI,PH-09,Zamboanga Peninsula (Region IX),2,province,Province,Zamboanga Sibugay,,Zamboanga Sibugay,true,ISO_3166_2,https://www.iso.org/obp/ui/#search,ISO 3166-2 subdivisions via pycountry/isocodes,REFERENCE_DATA_IMPORTED,NEEDS_AR_TRANSLATION,2026-08-05,Administrative subdivision only; cities are imported in later city files.
UPSERT,reg_pk_ba,PK,PAK,Pakistan,باكستان,Islamic Republic of Pakistan,Asia,آسيا,Southern Asia,جنوب آسيا,PK-BA,,,1,province,Province,Balochistan,,Balochistan,true,ISO_3166_2,https://www.iso.org/obp/ui/#search,ISO 3166-2 subdivisions via pycountry/isocodes,REFERENCE_DATA_IMPORTED,NEEDS_AR_TRANSLATION,2026-08-05,Administrative subdivision only; cities are imported in later city files.
UPSERT,reg_pk_gb,PK,PAK,Pakistan,باكستان,Islamic Republic of Pakistan,Asia,آسيا,Southern Asia,جنوب آسيا,PK-GB,,,1,pakistan_administered_area,Pakistan administered area,Gilgit-Baltistan,,Gilgit-Baltistan,true,ISO_3166_2,https://www.iso.org/obp/ui/#search,ISO 3166-2 subdivisions via pycountry/isocodes,REFERENCE_DATA_IMPORTED,NEEDS_AR_TRANSLATION,2026-08-05,Administrative subdivision only; cities are imported in later city files.
UPSERT,reg_pk_is,PK,PAK,Pakistan,باكستان,Islamic Republic of Pakistan,Asia,آسيا,Southern Asia,جنوب آسيا,PK-IS,,,1,federal_capital_territory,Federal capital territory,Islamabad,,Islamabad,true,ISO_3166_2,https://www.iso.org/obp/ui/#search,ISO 3166-2 subdivisions via pycountry/isocodes,REFERENCE_DATA_IMPORTED,NEEDS_AR_TRANSLATION,2026-08-05,Administrative subdivision only; cities are imported in later city files.
UPSERT,reg_pk_jk,PK,PAK,Pakistan,باكستان,Islamic Republic of Pakistan,Asia,آسيا,Southern Asia,جنوب آسيا,PK-JK,,,1,pakistan_administered_area,Pakistan administered area,Azad Jammu and Kashmir,,Azad Jammu and Kashmir,true,ISO_3166_2,https://www.iso.org/obp/ui/#search,ISO 3166-2 subdivisions via pycountry/isocodes,REFERENCE_DATA_IMPORTED,NEEDS_AR_TRANSLATION,2026-08-05,Administrative subdivision only; cities are imported in later city files.
UPSERT,reg_pk_kp,PK,PAK,Pakistan,باكستان,Islamic Republic of Pakistan,Asia,آسيا,Southern Asia,جنوب آسيا,PK-KP,,,1,province,Province,Khyber Pakhtunkhwa,,Khyber Pakhtunkhwa,true,ISO_3166_2,https://www.iso.org/obp/ui/#search,ISO 3166-2 subdivisions via pycountry/isocodes,REFERENCE_DATA_IMPORTED,NEEDS_AR_TRANSLATION,2026-08-05,Administrative subdivision only; cities are imported in later city files.
UPSERT,reg_pk_pb,PK,PAK,Pakistan,باكستان,Islamic Republic of Pakistan,Asia,آسيا,Southern Asia,جنوب آسيا,PK-PB,,,1,province,Province,Punjab,,Punjab,true,ISO_3166_2,https://www.iso.org/obp/ui/#search,ISO 3166-2 subdivisions via pycountry/isocodes,REFERENCE_DATA_IMPORTED,NEEDS_AR_TRANSLATION,2026-08-05,Administrative subdivision only; cities are imported in later city files.
UPSERT,reg_pk_sd,PK,PAK,Pakistan,باكستان,Islamic Republic of Pakistan,Asia,آسيا,Southern Asia,جنوب آسيا,PK-SD,,,1,province,Province,Sindh,,Sindh,true,ISO_3166_2,https://www.iso.org/obp/ui/#search,ISO 3166-2 subdivisions via pycountry/isocodes,REFERENCE_DATA_IMPORTED,NEEDS_AR_TRANSLATION,2026-08-05,Administrative subdivision only; cities are imported in later city files.
UPSERT,reg_ps_bth,PS,PSE,"Palestine, State of",الأراضي الفلسطينية,the State of Palestine,Asia,آسيا,Western Asia,غرب آسيا,PS-BTH,,,1,governorate,Governorate,Bethlehem,,Bethlehem,true,ISO_3166_2,https://www.iso.org/obp/ui/#search,ISO 3166-2 subdivisions via pycountry/isocodes,REFERENCE_DATA_IMPORTED,NEEDS_AR_TRANSLATION,2026-08-05,Administrative subdivision only; cities are imported in later city files.
UPSERT,reg_ps_deb,PS,PSE,"Palestine, State of",الأراضي الفلسطينية,the State of Palestine,Asia,آسيا,Western Asia,غرب آسيا,PS-DEB,,,1,governorate,Governorate,Deir El Balah,,Deir El Balah,true,ISO_3166_2,https://www.iso.org/obp/ui/#search,ISO 3166-2 subdivisions via pycountry/isocodes,REFERENCE_DATA_IMPORTED,NEEDS_AR_TRANSLATION,2026-08-05,Administrative subdivision only; cities are imported in later city files.
UPSERT,reg_ps_gza,PS,PSE,"Palestine, State of",الأراضي الفلسطينية,the State of Palestine,Asia,آسيا,Western Asia,غرب آسيا,PS-GZA,,,1,governorate,Governorate,Gaza,,Gaza,true,ISO_3166_2,https://www.iso.org/obp/ui/#search,ISO 3166-2 subdivisions via pycountry/isocodes,REFERENCE_DATA_IMPORTED,NEEDS_AR_TRANSLATION,2026-08-05,Administrative subdivision only; cities are imported in later city files.
UPSERT,reg_ps_hbn,PS,PSE,"Palestine, State of",الأراضي الفلسطينية,the State of Palestine,Asia,آسيا,Western Asia,غرب آسيا,PS-HBN,,,1,governorate,Governorate,Hebron,,Hebron,true,ISO_3166_2,https://www.iso.org/obp/ui/#search,ISO 3166-2 subdivisions via pycountry/isocodes,REFERENCE_DATA_IMPORTED,NEEDS_AR_TRANSLATION,2026-08-05,Administrative subdivision only; cities are imported in later city files.
UPSERT,reg_ps_jem,PS,PSE,"Palestine, State of",الأراضي الفلسطينية,the State of Palestine,Asia,آسيا,Western Asia,غرب آسيا,PS-JEM,,,1,governorate,Governorate,Jerusalem,,Jerusalem,true,ISO_3166_2,https://www.iso.org/obp/ui/#search,ISO 3166-2 subdivisions via pycountry/isocodes,REFERENCE_DATA_IMPORTED,NEEDS_AR_TRANSLATION,2026-08-05,Administrative subdivision only; cities are imported in later city files.
UPSERT,reg_ps_jen,PS,PSE,"Palestine, State of",الأراضي الفلسطينية,the State of Palestine,Asia,آسيا,Western Asia,غرب آسيا,PS-JEN,,,1,governorate,Governorate,Jenin,,Jenin,true,ISO_3166_2,https://www.iso.org/obp/ui/#search,ISO 3166-2 subdivisions via pycountry/isocodes,REFERENCE_DATA_IMPORTED,NEEDS_AR_TRANSLATION,2026-08-05,Administrative subdivision only; cities are imported in later city files.
UPSERT,reg_ps_jrh,PS,PSE,"Palestine, State of",الأراضي الفلسطينية,the State of Palestine,Asia,آسيا,Western Asia,غرب آسيا,PS-JRH,,,1,governorate,Governorate,Jericho and Al Aghwar,,Jericho and Al Aghwar,true,ISO_3166_2,https://www.iso.org/obp/ui/#search,ISO 3166-2 subdivisions via pycountry/isocodes,REFERENCE_DATA_IMPORTED,NEEDS_AR_TRANSLATION,2026-08-05,Administrative subdivision only; cities are imported in later city files.
UPSERT,reg_ps_kys,PS,PSE,"Palestine, State of",الأراضي الفلسطينية,the State of Palestine,Asia,آسيا,Western Asia,غرب آسيا,PS-KYS,,,1,governorate,Governorate,Khan Yunis,,Khan Yunis,true,ISO_3166_2,https://www.iso.org/obp/ui/#search,ISO 3166-2 subdivisions via pycountry/isocodes,REFERENCE_DATA_IMPORTED,NEEDS_AR_TRANSLATION,2026-08-05,Administrative subdivision only; cities are imported in later city files.
UPSERT,reg_ps_nbs,PS,PSE,"Palestine, State of",الأراضي الفلسطينية,the State of Palestine,Asia,آسيا,Western Asia,غرب آسيا,PS-NBS,,,1,governorate,Governorate,Nablus,,Nablus,true,ISO_3166_2,https://www.iso.org/obp/ui/#search,ISO 3166-2 subdivisions via pycountry/isocodes,REFERENCE_DATA_IMPORTED,NEEDS_AR_TRANSLATION,2026-08-05,Administrative subdivision only; cities are imported in later city files.
UPSERT,reg_ps_ngz,PS,PSE,"Palestine, State of",الأراضي الفلسطينية,the State of Palestine,Asia,آسيا,Western Asia,غرب آسيا,PS-NGZ,,,1,governorate,Governorate,North Gaza,,North Gaza,true,ISO_3166_2,https://www.iso.org/obp/ui/#search,ISO 3166-2 subdivisions via pycountry/isocodes,REFERENCE_DATA_IMPORTED,NEEDS_AR_TRANSLATION,2026-08-05,Administrative subdivision only; cities are imported in later city files.
UPSERT,reg_ps_qqa,PS,PSE,"Palestine, State of",الأراضي الفلسطينية,the State of Palestine,Asia,آسيا,Western Asia,غرب آسيا,PS-QQA,,,1,governorate,Governorate,Qalqilya,,Qalqilya,true,ISO_3166_2,https://www.iso.org/obp/ui/#search,ISO 3166-2 subdivisions via pycountry/isocodes,REFERENCE_DATA_IMPORTED,NEEDS_AR_TRANSLATION,2026-08-05,Administrative subdivision only; cities are imported in later city files.
UPSERT,reg_ps_rbh,PS,PSE,"Palestine, State of",الأراضي الفلسطينية,the State of Palestine,Asia,آسيا,Western Asia,غرب آسيا,PS-RBH,,,1,governorate,Governorate,Ramallah,,Ramallah,true,ISO_3166_2,https://www.iso.org/obp/ui/#search,ISO 3166-2 subdivisions via pycountry/isocodes,REFERENCE_DATA_IMPORTED,NEEDS_AR_TRANSLATION,2026-08-05,Administrative subdivision only; cities are imported in later city files.
UPSERT,reg_ps_rfh,PS,PSE,"Palestine, State of",الأراضي الفلسطينية,the State of Palestine,Asia,آسيا,Western Asia,غرب آسيا,PS-RFH,,,1,governorate,Governorate,Rafah,,Rafah,true,ISO_3166_2,https://www.iso.org/obp/ui/#search,ISO 3166-2 subdivisions via pycountry/isocodes,REFERENCE_DATA_IMPORTED,NEEDS_AR_TRANSLATION,2026-08-05,Administrative subdivision only; cities are imported in later city files.
UPSERT,reg_ps_slt,PS,PSE,"Palestine, State of",الأراضي الفلسطينية,the State of Palestine,Asia,آسيا,Western Asia,غرب آسيا,PS-SLT,,,1,governorate,Governorate,Salfit,,Salfit,true,ISO_3166_2,https://www.iso.org/obp/ui/#search,ISO 3166-2 subdivisions via pycountry/isocodes,REFERENCE_DATA_IMPORTED,NEEDS_AR_TRANSLATION,2026-08-05,Administrative subdivision only; cities are imported in later city files.
UPSERT,reg_ps_tbs,PS,PSE,"Palestine, State of",الأراضي الفلسطينية,the State of Palestine,Asia,آسيا,Western Asia,غرب آسيا,PS-TBS,,,1,governorate,Governorate,Tubas,,Tubas,true,ISO_3166_2,https://www.iso.org/obp/ui/#search,ISO 3166-2 subdivisions via pycountry/isocodes,REFERENCE_DATA_IMPORTED,NEEDS_AR_TRANSLATION,2026-08-05,Administrative subdivision only; cities are imported in later city files.
UPSERT,reg_ps_tkm,PS,PSE,"Palestine, State of",الأراضي الفلسطينية,the State of Palestine,Asia,آسيا,Western Asia,غرب آسيا,PS-TKM,,,1,governorate,Governorate,Tulkarm,,Tulkarm,true,ISO_3166_2,https://www.iso.org/obp/ui/#search,ISO 3166-2 subdivisions via pycountry/isocodes,REFERENCE_DATA_IMPORTED,NEEDS_AR_TRANSLATION,2026-08-05,Administrative subdivision only; cities are imported in later city files.
UPSERT,reg_qa_da,QA,QAT,Qatar,قطر,State of Qatar,Asia,آسيا,Western Asia,غرب آسيا,QA-DA,,,1,municipality,Municipality,Ad Dawḩah,,Ad Dawḩah,true,ISO_3166_2,https://www.iso.org/obp/ui/#search,ISO 3166-2 subdivisions via pycountry/isocodes,REFERENCE_DATA_IMPORTED,NEEDS_AR_TRANSLATION,2026-08-05,Administrative subdivision only; cities are imported in later city files.
UPSERT,reg_qa_kh,QA,QAT,Qatar,قطر,State of Qatar,Asia,آسيا,Western Asia,غرب آسيا,QA-KH,,,1,municipality,Municipality,Al Khawr wa adh Dhakhīrah,,Al Khawr wa adh Dhakhīrah,true,ISO_3166_2,https://www.iso.org/obp/ui/#search,ISO 3166-2 subdivisions via pycountry/isocodes,REFERENCE_DATA_IMPORTED,NEEDS_AR_TRANSLATION,2026-08-05,Administrative subdivision only; cities are imported in later city files.
UPSERT,reg_qa_ms,QA,QAT,Qatar,قطر,State of Qatar,Asia,آسيا,Western Asia,غرب آسيا,QA-MS,,,1,municipality,Municipality,Ash Shamāl,,Ash Shamāl,true,ISO_3166_2,https://www.iso.org/obp/ui/#search,ISO 3166-2 subdivisions via pycountry/isocodes,REFERENCE_DATA_IMPORTED,NEEDS_AR_TRANSLATION,2026-08-05,Administrative subdivision only; cities are imported in later city files.
UPSERT,reg_qa_ra,QA,QAT,Qatar,قطر,State of Qatar,Asia,آسيا,Western Asia,غرب آسيا,QA-RA,,,1,municipality,Municipality,Ar Rayyān,,Ar Rayyān,true,ISO_3166_2,https://www.iso.org/obp/ui/#search,ISO 3166-2 subdivisions via pycountry/isocodes,REFERENCE_DATA_IMPORTED,NEEDS_AR_TRANSLATION,2026-08-05,Administrative subdivision only; cities are imported in later city files.
UPSERT,reg_qa_sh,QA,QAT,Qatar,قطر,State of Qatar,Asia,آسيا,Western Asia,غرب آسيا,QA-SH,,,1,municipality,Municipality,Ash Shīḩānīyah,,Ash Shīḩānīyah,true,ISO_3166_2,https://www.iso.org/obp/ui/#search,ISO 3166-2 subdivisions via pycountry/isocodes,REFERENCE_DATA_IMPORTED,NEEDS_AR_TRANSLATION,2026-08-05,Administrative subdivision only; cities are imported in later city files.
UPSERT,reg_qa_us,QA,QAT,Qatar,قطر,State of Qatar,Asia,آسيا,Western Asia,غرب آسيا,QA-US,,,1,municipality,Municipality,Umm Şalāl,,Umm Şalāl,true,ISO_3166_2,https://www.iso.org/obp/ui/#search,ISO 3166-2 subdivisions via pycountry/isocodes,REFERENCE_DATA_IMPORTED,NEEDS_AR_TRANSLATION,2026-08-05,Administrative subdivision only; cities are imported in later city files.
UPSERT,reg_qa_wa,QA,QAT,Qatar,قطر,State of Qatar,Asia,آسيا,Western Asia,غرب آسيا,QA-WA,,,1,municipality,Municipality,Al Wakrah,,Al Wakrah,true,ISO_3166_2,https://www.iso.org/obp/ui/#search,ISO 3166-2 subdivisions via pycountry/isocodes,REFERENCE_DATA_IMPORTED,NEEDS_AR_TRANSLATION,2026-08-05,Administrative subdivision only; cities are imported in later city files.
UPSERT,reg_qa_za,QA,QAT,Qatar,قطر,State of Qatar,Asia,آسيا,Western Asia,غرب آسيا,QA-ZA,,,1,municipality,Municipality,Az̧ Z̧a‘āyin,,Az̧ Z̧a‘āyin,true,ISO_3166_2,https://www.iso.org/obp/ui/#search,ISO 3166-2 subdivisions via pycountry/isocodes,REFERENCE_DATA_IMPORTED,NEEDS_AR_TRANSLATION,2026-08-05,Administrative subdivision only; cities are imported in later city files.
UPSERT,reg_sa_01,SA,SAU,Saudi Arabia,المملكة العربية السعودية,Kingdom of Saudi Arabia,Asia,آسيا,Western Asia,غرب آسيا,SA-01,,,1,region,Region,Ar Riyāḑ,,Ar Riyāḑ,true,ISO_3166_2,https://www.iso.org/obp/ui/#search,ISO 3166-2 subdivisions via pycountry/isocodes,REFERENCE_DATA_IMPORTED,NEEDS_AR_TRANSLATION,2026-08-05,Administrative subdivision only; cities are imported in later city files.
UPSERT,reg_sa_02,SA,SAU,Saudi Arabia,المملكة العربية السعودية,Kingdom of Saudi Arabia,Asia,آسيا,Western Asia,غرب آسيا,SA-02,,,1,region,Region,Makkah al Mukarramah,,Makkah al Mukarramah,true,ISO_3166_2,https://www.iso.org/obp/ui/#search,ISO 3166-2 subdivisions via pycountry/isocodes,REFERENCE_DATA_IMPORTED,NEEDS_AR_TRANSLATION,2026-08-05,Administrative subdivision only; cities are imported in later city files.
UPSERT,reg_sa_03,SA,SAU,Saudi Arabia,المملكة العربية السعودية,Kingdom of Saudi Arabia,Asia,آسيا,Western Asia,غرب آسيا,SA-03,,,1,region,Region,Al Madīnah al Munawwarah,,Al Madīnah al Munawwarah,true,ISO_3166_2,https://www.iso.org/obp/ui/#search,ISO 3166-2 subdivisions via pycountry/isocodes,REFERENCE_DATA_IMPORTED,NEEDS_AR_TRANSLATION,2026-08-05,Administrative subdivision only; cities are imported in later city files.
UPSERT,reg_sa_04,SA,SAU,Saudi Arabia,المملكة العربية السعودية,Kingdom of Saudi Arabia,Asia,آسيا,Western Asia,غرب آسيا,SA-04,,,1,region,Region,Ash Sharqīyah,,Ash Sharqīyah,true,ISO_3166_2,https://www.iso.org/obp/ui/#search,ISO 3166-2 subdivisions via pycountry/isocodes,REFERENCE_DATA_IMPORTED,NEEDS_AR_TRANSLATION,2026-08-05,Administrative subdivision only; cities are imported in later city files.
UPSERT,reg_sa_05,SA,SAU,Saudi Arabia,المملكة العربية السعودية,Kingdom of Saudi Arabia,Asia,آسيا,Western Asia,غرب آسيا,SA-05,,,1,region,Region,Al Qaşīm,,Al Qaşīm,true,ISO_3166_2,https://www.iso.org/obp/ui/#search,ISO 3166-2 subdivisions via pycountry/isocodes,REFERENCE_DATA_IMPORTED,NEEDS_AR_TRANSLATION,2026-08-05,Administrative subdivision only; cities are imported in later city files.
UPSERT,reg_sa_06,SA,SAU,Saudi Arabia,المملكة العربية السعودية,Kingdom of Saudi Arabia,Asia,آسيا,Western Asia,غرب آسيا,SA-06,,,1,region,Region,Ḩā'il,,Ḩā'il,true,ISO_3166_2,https://www.iso.org/obp/ui/#search,ISO 3166-2 subdivisions via pycountry/isocodes,REFERENCE_DATA_IMPORTED,NEEDS_AR_TRANSLATION,2026-08-05,Administrative subdivision only; cities are imported in later city files.
UPSERT,reg_sa_07,SA,SAU,Saudi Arabia,المملكة العربية السعودية,Kingdom of Saudi Arabia,Asia,آسيا,Western Asia,غرب آسيا,SA-07,,,1,region,Region,Tabūk,,Tabūk,true,ISO_3166_2,https://www.iso.org/obp/ui/#search,ISO 3166-2 subdivisions via pycountry/isocodes,REFERENCE_DATA_IMPORTED,NEEDS_AR_TRANSLATION,2026-08-05,Administrative subdivision only; cities are imported in later city files.
UPSERT,reg_sa_08,SA,SAU,Saudi Arabia,المملكة العربية السعودية,Kingdom of Saudi Arabia,Asia,آسيا,Western Asia,غرب آسيا,SA-08,,,1,region,Region,Al Ḩudūd ash Shamālīyah,,Al Ḩudūd ash Shamālīyah,true,ISO_3166_2,https://www.iso.org/obp/ui/#search,ISO 3166-2 subdivisions via pycountry/isocodes,REFERENCE_DATA_IMPORTED,NEEDS_AR_TRANSLATION,2026-08-05,Administrative subdivision only; cities are imported in later city files.
UPSERT,reg_sa_09,SA,SAU,Saudi Arabia,المملكة العربية السعودية,Kingdom of Saudi Arabia,Asia,آسيا,Western Asia,غرب آسيا,SA-09,,,1,region,Region,Jāzān,,Jāzān,true,ISO_3166_2,https://www.iso.org/obp/ui/#search,ISO 3166-2 subdivisions via pycountry/isocodes,REFERENCE_DATA_IMPORTED,NEEDS_AR_TRANSLATION,2026-08-05,Administrative subdivision only; cities are imported in later city files.
UPSERT,reg_sa_10,SA,SAU,Saudi Arabia,المملكة العربية السعودية,Kingdom of Saudi Arabia,Asia,آسيا,Western Asia,غرب آسيا,SA-10,,,1,region,Region,Najrān,,Najrān,true,ISO_3166_2,https://www.iso.org/obp/ui/#search,ISO 3166-2 subdivisions via pycountry/isocodes,REFERENCE_DATA_IMPORTED,NEEDS_AR_TRANSLATION,2026-08-05,Administrative subdivision only; cities are imported in later city files.
UPSERT,reg_sa_11,SA,SAU,Saudi Arabia,المملكة العربية السعودية,Kingdom of Saudi Arabia,Asia,آسيا,Western Asia,غرب آسيا,SA-11,,,1,region,Region,Al Bāḩah,,Al Bāḩah,true,ISO_3166_2,https://www.iso.org/obp/ui/#search,ISO 3166-2 subdivisions via pycountry/isocodes,REFERENCE_DATA_IMPORTED,NEEDS_AR_TRANSLATION,2026-08-05,Administrative subdivision only; cities are imported in later city files.
UPSERT,reg_sa_12,SA,SAU,Saudi Arabia,المملكة العربية السعودية,Kingdom of Saudi Arabia,Asia,آسيا,Western Asia,غرب آسيا,SA-12,,,1,region,Region,Al Jawf,,Al Jawf,true,ISO_3166_2,https://www.iso.org/obp/ui/#search,ISO 3166-2 subdivisions via pycountry/isocodes,REFERENCE_DATA_IMPORTED,NEEDS_AR_TRANSLATION,2026-08-05,Administrative subdivision only; cities are imported in later city files.
UPSERT,reg_sa_14,SA,SAU,Saudi Arabia,المملكة العربية السعودية,Kingdom of Saudi Arabia,Asia,آسيا,Western Asia,غرب آسيا,SA-14,,,1,region,Region,'Asīr,,'Asīr,true,ISO_3166_2,https://www.iso.org/obp/ui/#search,ISO 3166-2 subdivisions via pycountry/isocodes,REFERENCE_DATA_IMPORTED,NEEDS_AR_TRANSLATION,2026-08-05,Administrative subdivision only; cities are imported in later city files.
UPSERT,reg_sg_01,SG,SGP,Singapore,سنغافورة,Republic of Singapore,Asia,آسيا,South-Eastern Asia,جنوب شرق آسيا,SG-01,,,1,district,District,Central Singapore,,Central Singapore,true,ISO_3166_2,https://www.iso.org/obp/ui/#search,ISO 3166-2 subdivisions via pycountry/isocodes,REFERENCE_DATA_IMPORTED,NEEDS_AR_TRANSLATION,2026-08-05,Administrative subdivision only; cities are imported in later city files.
UPSERT,reg_sg_02,SG,SGP,Singapore,سنغافورة,Republic of Singapore,Asia,آسيا,South-Eastern Asia,جنوب شرق آسيا,SG-02,,,1,district,District,North East,,North East,true,ISO_3166_2,https://www.iso.org/obp/ui/#search,ISO 3166-2 subdivisions via pycountry/isocodes,REFERENCE_DATA_IMPORTED,NEEDS_AR_TRANSLATION,2026-08-05,Administrative subdivision only; cities are imported in later city files.
UPSERT,reg_sg_03,SG,SGP,Singapore,سنغافورة,Republic of Singapore,Asia,آسيا,South-Eastern Asia,جنوب شرق آسيا,SG-03,,,1,district,District,North West,,North West,true,ISO_3166_2,https://www.iso.org/obp/ui/#search,ISO 3166-2 subdivisions via pycountry/isocodes,REFERENCE_DATA_IMPORTED,NEEDS_AR_TRANSLATION,2026-08-05,Administrative subdivision only; cities are imported in later city files.
UPSERT,reg_sg_04,SG,SGP,Singapore,سنغافورة,Republic of Singapore,Asia,آسيا,South-Eastern Asia,جنوب شرق آسيا,SG-04,,,1,district,District,South East,,South East,true,ISO_3166_2,https://www.iso.org/obp/ui/#search,ISO 3166-2 subdivisions via pycountry/isocodes,REFERENCE_DATA_IMPORTED,NEEDS_AR_TRANSLATION,2026-08-05,Administrative subdivision only; cities are imported in later city files.
UPSERT,reg_sg_05,SG,SGP,Singapore,سنغافورة,Republic of Singapore,Asia,آسيا,South-Eastern Asia,جنوب شرق آسيا,SG-05,,,1,district,District,South West,,South West,true,ISO_3166_2,https://www.iso.org/obp/ui/#search,ISO 3166-2 subdivisions via pycountry/isocodes,REFERENCE_DATA_IMPORTED,NEEDS_AR_TRANSLATION,2026-08-05,Administrative subdivision only; cities are imported in later city files.
UPSERT,reg_sy_di,SY,SYR,Syrian Arab Republic,سوريا,,Asia,آسيا,Western Asia,غرب آسيا,SY-DI,,,1,province,Province,Dimashq,,Dimashq,true,ISO_3166_2,https://www.iso.org/obp/ui/#search,ISO 3166-2 subdivisions via pycountry/isocodes,REFERENCE_DATA_IMPORTED,NEEDS_AR_TRANSLATION,2026-08-05,Administrative subdivision only; cities are imported in later city files.
UPSERT,reg_sy_dr,SY,SYR,Syrian Arab Republic,سوريا,,Asia,آسيا,Western Asia,غرب آسيا,SY-DR,,,1,province,Province,Dar'ā,,Dar'ā,true,ISO_3166_2,https://www.iso.org/obp/ui/#search,ISO 3166-2 subdivisions via pycountry/isocodes,REFERENCE_DATA_IMPORTED,NEEDS_AR_TRANSLATION,2026-08-05,Administrative subdivision only; cities are imported in later city files.
UPSERT,reg_sy_dy,SY,SYR,Syrian Arab Republic,سوريا,,Asia,آسيا,Western Asia,غرب آسيا,SY-DY,,,1,province,Province,Dayr az Zawr,,Dayr az Zawr,true,ISO_3166_2,https://www.iso.org/obp/ui/#search,ISO 3166-2 subdivisions via pycountry/isocodes,REFERENCE_DATA_IMPORTED,NEEDS_AR_TRANSLATION,2026-08-05,Administrative subdivision only; cities are imported in later city files.
UPSERT,reg_sy_ha,SY,SYR,Syrian Arab Republic,سوريا,,Asia,آسيا,Western Asia,غرب آسيا,SY-HA,,,1,province,Province,Al Ḩasakah,,Al Ḩasakah,true,ISO_3166_2,https://www.iso.org/obp/ui/#search,ISO 3166-2 subdivisions via pycountry/isocodes,REFERENCE_DATA_IMPORTED,NEEDS_AR_TRANSLATION,2026-08-05,Administrative subdivision only; cities are imported in later city files.
UPSERT,reg_sy_hi,SY,SYR,Syrian Arab Republic,سوريا,,Asia,آسيا,Western Asia,غرب آسيا,SY-HI,,,1,province,Province,Ḩimş,,Ḩimş,true,ISO_3166_2,https://www.iso.org/obp/ui/#search,ISO 3166-2 subdivisions via pycountry/isocodes,REFERENCE_DATA_IMPORTED,NEEDS_AR_TRANSLATION,2026-08-05,Administrative subdivision only; cities are imported in later city files.
UPSERT,reg_sy_hl,SY,SYR,Syrian Arab Republic,سوريا,,Asia,آسيا,Western Asia,غرب آسيا,SY-HL,,,1,province,Province,Ḩalab,,Ḩalab,true,ISO_3166_2,https://www.iso.org/obp/ui/#search,ISO 3166-2 subdivisions via pycountry/isocodes,REFERENCE_DATA_IMPORTED,NEEDS_AR_TRANSLATION,2026-08-05,Administrative subdivision only; cities are imported in later city files.
UPSERT,reg_sy_hm,SY,SYR,Syrian Arab Republic,سوريا,,Asia,آسيا,Western Asia,غرب آسيا,SY-HM,,,1,province,Province,Ḩamāh,,Ḩamāh,true,ISO_3166_2,https://www.iso.org/obp/ui/#search,ISO 3166-2 subdivisions via pycountry/isocodes,REFERENCE_DATA_IMPORTED,NEEDS_AR_TRANSLATION,2026-08-05,Administrative subdivision only; cities are imported in later city files.
UPSERT,reg_sy_id,SY,SYR,Syrian Arab Republic,سوريا,,Asia,آسيا,Western Asia,غرب آسيا,SY-ID,,,1,province,Province,Idlib,,Idlib,true,ISO_3166_2,https://www.iso.org/obp/ui/#search,ISO 3166-2 subdivisions via pycountry/isocodes,REFERENCE_DATA_IMPORTED,NEEDS_AR_TRANSLATION,2026-08-05,Administrative subdivision only; cities are imported in later city files.
UPSERT,reg_sy_la,SY,SYR,Syrian Arab Republic,سوريا,,Asia,آسيا,Western Asia,غرب آسيا,SY-LA,,,1,province,Province,Al Lādhiqīyah,,Al Lādhiqīyah,true,ISO_3166_2,https://www.iso.org/obp/ui/#search,ISO 3166-2 subdivisions via pycountry/isocodes,REFERENCE_DATA_IMPORTED,NEEDS_AR_TRANSLATION,2026-08-05,Administrative subdivision only; cities are imported in later city files.
UPSERT,reg_sy_qu,SY,SYR,Syrian Arab Republic,سوريا,,Asia,آسيا,Western Asia,غرب آسيا,SY-QU,,,1,province,Province,Al Qunayţirah,,Al Qunayţirah,true,ISO_3166_2,https://www.iso.org/obp/ui/#search,ISO 3166-2 subdivisions via pycountry/isocodes,REFERENCE_DATA_IMPORTED,NEEDS_AR_TRANSLATION,2026-08-05,Administrative subdivision only; cities are imported in later city files.
UPSERT,reg_sy_ra,SY,SYR,Syrian Arab Republic,سوريا,,Asia,آسيا,Western Asia,غرب آسيا,SY-RA,,,1,province,Province,Ar Raqqah,,Ar Raqqah,true,ISO_3166_2,https://www.iso.org/obp/ui/#search,ISO 3166-2 subdivisions via pycountry/isocodes,REFERENCE_DATA_IMPORTED,NEEDS_AR_TRANSLATION,2026-08-05,Administrative subdivision only; cities are imported in later city files.
UPSERT,reg_sy_rd,SY,SYR,Syrian Arab Republic,سوريا,,Asia,آسيا,Western Asia,غرب آسيا,SY-RD,,,1,province,Province,Rīf Dimashq,,Rīf Dimashq,true,ISO_3166_2,https://www.iso.org/obp/ui/#search,ISO 3166-2 subdivisions via pycountry/isocodes,REFERENCE_DATA_IMPORTED,NEEDS_AR_TRANSLATION,2026-08-05,Administrative subdivision only; cities are imported in later city files.
UPSERT,reg_sy_su,SY,SYR,Syrian Arab Republic,سوريا,,Asia,آسيا,Western Asia,غرب آسيا,SY-SU,,,1,province,Province,As Suwaydā',,As Suwaydā',true,ISO_3166_2,https://www.iso.org/obp/ui/#search,ISO 3166-2 subdivisions via pycountry/isocodes,REFERENCE_DATA_IMPORTED,NEEDS_AR_TRANSLATION,2026-08-05,Administrative subdivision only; cities are imported in later city files.
UPSERT,reg_sy_ta,SY,SYR,Syrian Arab Republic,سوريا,,Asia,آسيا,Western Asia,غرب آسيا,SY-TA,,,1,province,Province,Ţarţūs,,Ţarţūs,true,ISO_3166_2,https://www.iso.org/obp/ui/#search,ISO 3166-2 subdivisions via pycountry/isocodes,REFERENCE_DATA_IMPORTED,NEEDS_AR_TRANSLATION,2026-08-05,Administrative subdivision only; cities are imported in later city files.
UPSERT,reg_th_10,TH,THA,Thailand,تايلاند,Kingdom of Thailand,Asia,آسيا,South-Eastern Asia,جنوب شرق آسيا,TH-10,,,1,metropolitan_administration,Metropolitan administration,Krung Thep Maha Nakhon,,Krung Thep Maha Nakhon,true,ISO_3166_2,https://www.iso.org/obp/ui/#search,ISO 3166-2 subdivisions via pycountry/isocodes,REFERENCE_DATA_IMPORTED,NEEDS_AR_TRANSLATION,2026-08-05,Administrative subdivision only; cities are imported in later city files.
UPSERT,reg_th_11,TH,THA,Thailand,تايلاند,Kingdom of Thailand,Asia,آسيا,South-Eastern Asia,جنوب شرق آسيا,TH-11,,,1,province,Province,Samut Prakan,,Samut Prakan,true,ISO_3166_2,https://www.iso.org/obp/ui/#search,ISO 3166-2 subdivisions via pycountry/isocodes,REFERENCE_DATA_IMPORTED,NEEDS_AR_TRANSLATION,2026-08-05,Administrative subdivision only; cities are imported in later city files.
UPSERT,reg_th_12,TH,THA,Thailand,تايلاند,Kingdom of Thailand,Asia,آسيا,South-Eastern Asia,جنوب شرق آسيا,TH-12,,,1,province,Province,Nonthaburi,,Nonthaburi,true,ISO_3166_2,https://www.iso.org/obp/ui/#search,ISO 3166-2 subdivisions via pycountry/isocodes,REFERENCE_DATA_IMPORTED,NEEDS_AR_TRANSLATION,2026-08-05,Administrative subdivision only; cities are imported in later city files.
UPSERT,reg_th_13,TH,THA,Thailand,تايلاند,Kingdom of Thailand,Asia,آسيا,South-Eastern Asia,جنوب شرق آسيا,TH-13,,,1,province,Province,Pathum Thani,,Pathum Thani,true,ISO_3166_2,https://www.iso.org/obp/ui/#search,ISO 3166-2 subdivisions via pycountry/isocodes,REFERENCE_DATA_IMPORTED,NEEDS_AR_TRANSLATION,2026-08-05,Administrative subdivision only; cities are imported in later city files.
UPSERT,reg_th_14,TH,THA,Thailand,تايلاند,Kingdom of Thailand,Asia,آسيا,South-Eastern Asia,جنوب شرق آسيا,TH-14,,,1,province,Province,Phra Nakhon Si Ayutthaya,,Phra Nakhon Si Ayutthaya,true,ISO_3166_2,https://www.iso.org/obp/ui/#search,ISO 3166-2 subdivisions via pycountry/isocodes,REFERENCE_DATA_IMPORTED,NEEDS_AR_TRANSLATION,2026-08-05,Administrative subdivision only; cities are imported in later city files.
UPSERT,reg_th_15,TH,THA,Thailand,تايلاند,Kingdom of Thailand,Asia,آسيا,South-Eastern Asia,جنوب شرق آسيا,TH-15,,,1,province,Province,Ang Thong,,Ang Thong,true,ISO_3166_2,https://www.iso.org/obp/ui/#search,ISO 3166-2 subdivisions via pycountry/isocodes,REFERENCE_DATA_IMPORTED,NEEDS_AR_TRANSLATION,2026-08-05,Administrative subdivision only; cities are imported in later city files.
UPSERT,reg_th_16,TH,THA,Thailand,تايلاند,Kingdom of Thailand,Asia,آسيا,South-Eastern Asia,جنوب شرق آسيا,TH-16,,,1,province,Province,Lop Buri,,Lop Buri,true,ISO_3166_2,https://www.iso.org/obp/ui/#search,ISO 3166-2 subdivisions via pycountry/isocodes,REFERENCE_DATA_IMPORTED,NEEDS_AR_TRANSLATION,2026-08-05,Administrative subdivision only; cities are imported in later city files.
UPSERT,reg_th_17,TH,THA,Thailand,تايلاند,Kingdom of Thailand,Asia,آسيا,South-Eastern Asia,جنوب شرق آسيا,TH-17,,,1,province,Province,Sing Buri,,Sing Buri,true,ISO_3166_2,https://www.iso.org/obp/ui/#search,ISO 3166-2 subdivisions via pycountry/isocodes,REFERENCE_DATA_IMPORTED,NEEDS_AR_TRANSLATION,2026-08-05,Administrative subdivision only; cities are imported in later city files.
UPSERT,reg_th_18,TH,THA,Thailand,تايلاند,Kingdom of Thailand,Asia,آسيا,South-Eastern Asia,جنوب شرق آسيا,TH-18,,,1,province,Province,Chai Nat,,Chai Nat,true,ISO_3166_2,https://www.iso.org/obp/ui/#search,ISO 3166-2 subdivisions via pycountry/isocodes,REFERENCE_DATA_IMPORTED,NEEDS_AR_TRANSLATION,2026-08-05,Administrative subdivision only; cities are imported in later city files.
UPSERT,reg_th_19,TH,THA,Thailand,تايلاند,Kingdom of Thailand,Asia,آسيا,South-Eastern Asia,جنوب شرق آسيا,TH-19,,,1,province,Province,Saraburi,,Saraburi,true,ISO_3166_2,https://www.iso.org/obp/ui/#search,ISO 3166-2 subdivisions via pycountry/isocodes,REFERENCE_DATA_IMPORTED,NEEDS_AR_TRANSLATION,2026-08-05,Administrative subdivision only; cities are imported in later city files.
UPSERT,reg_th_20,TH,THA,Thailand,تايلاند,Kingdom of Thailand,Asia,آسيا,South-Eastern Asia,جنوب شرق آسيا,TH-20,,,1,province,Province,Chon Buri,,Chon Buri,true,ISO_3166_2,https://www.iso.org/obp/ui/#search,ISO 3166-2 subdivisions via pycountry/isocodes,REFERENCE_DATA_IMPORTED,NEEDS_AR_TRANSLATION,2026-08-05,Administrative subdivision only; cities are imported in later city files.
UPSERT,reg_th_21,TH,THA,Thailand,تايلاند,Kingdom of Thailand,Asia,آسيا,South-Eastern Asia,جنوب شرق آسيا,TH-21,,,1,province,Province,Rayong,,Rayong,true,ISO_3166_2,https://www.iso.org/obp/ui/#search,ISO 3166-2 subdivisions via pycountry/isocodes,REFERENCE_DATA_IMPORTED,NEEDS_AR_TRANSLATION,2026-08-05,Administrative subdivision only; cities are imported in later city files.
UPSERT,reg_th_22,TH,THA,Thailand,تايلاند,Kingdom of Thailand,Asia,آسيا,South-Eastern Asia,جنوب شرق آسيا,TH-22,,,1,province,Province,Chanthaburi,,Chanthaburi,true,ISO_3166_2,https://www.iso.org/obp/ui/#search,ISO 3166-2 subdivisions via pycountry/isocodes,REFERENCE_DATA_IMPORTED,NEEDS_AR_TRANSLATION,2026-08-05,Administrative subdivision only; cities are imported in later city files.
UPSERT,reg_th_23,TH,THA,Thailand,تايلاند,Kingdom of Thailand,Asia,آسيا,South-Eastern Asia,جنوب شرق آسيا,TH-23,,,1,province,Province,Trat,,Trat,true,ISO_3166_2,https://www.iso.org/obp/ui/#search,ISO 3166-2 subdivisions via pycountry/isocodes,REFERENCE_DATA_IMPORTED,NEEDS_AR_TRANSLATION,2026-08-05,Administrative subdivision only; cities are imported in later city files.
UPSERT,reg_th_24,TH,THA,Thailand,تايلاند,Kingdom of Thailand,Asia,آسيا,South-Eastern Asia,جنوب شرق آسيا,TH-24,,,1,province,Province,Chachoengsao,,Chachoengsao,true,ISO_3166_2,https://www.iso.org/obp/ui/#search,ISO 3166-2 subdivisions via pycountry/isocodes,REFERENCE_DATA_IMPORTED,NEEDS_AR_TRANSLATION,2026-08-05,Administrative subdivision only; cities are imported in later city files.
UPSERT,reg_th_25,TH,THA,Thailand,تايلاند,Kingdom of Thailand,Asia,آسيا,South-Eastern Asia,جنوب شرق آسيا,TH-25,,,1,province,Province,Prachin Buri,,Prachin Buri,true,ISO_3166_2,https://www.iso.org/obp/ui/#search,ISO 3166-2 subdivisions via pycountry/isocodes,REFERENCE_DATA_IMPORTED,NEEDS_AR_TRANSLATION,2026-08-05,Administrative subdivision only; cities are imported in later city files.
UPSERT,reg_th_26,TH,THA,Thailand,تايلاند,Kingdom of Thailand,Asia,آسيا,South-Eastern Asia,جنوب شرق آسيا,TH-26,,,1,province,Province,Nakhon Nayok,,Nakhon Nayok,true,ISO_3166_2,https://www.iso.org/obp/ui/#search,ISO 3166-2 subdivisions via pycountry/isocodes,REFERENCE_DATA_IMPORTED,NEEDS_AR_TRANSLATION,2026-08-05,Administrative subdivision only; cities are imported in later city files.
UPSERT,reg_th_27,TH,THA,Thailand,تايلاند,Kingdom of Thailand,Asia,آسيا,South-Eastern Asia,جنوب شرق آسيا,TH-27,,,1,province,Province,Sa Kaeo,,Sa Kaeo,true,ISO_3166_2,https://www.iso.org/obp/ui/#search,ISO 3166-2 subdivisions via pycountry/isocodes,REFERENCE_DATA_IMPORTED,NEEDS_AR_TRANSLATION,2026-08-05,Administrative subdivision only; cities are imported in later city files.
UPSERT,reg_th_30,TH,THA,Thailand,تايلاند,Kingdom of Thailand,Asia,آسيا,South-Eastern Asia,جنوب شرق آسيا,TH-30,,,1,province,Province,Nakhon Ratchasima,,Nakhon Ratchasima,true,ISO_3166_2,https://www.iso.org/obp/ui/#search,ISO 3166-2 subdivisions via pycountry/isocodes,REFERENCE_DATA_IMPORTED,NEEDS_AR_TRANSLATION,2026-08-05,Administrative subdivision only; cities are imported in later city files.
UPSERT,reg_th_31,TH,THA,Thailand,تايلاند,Kingdom of Thailand,Asia,آسيا,South-Eastern Asia,جنوب شرق آسيا,TH-31,,,1,province,Province,Buri Ram,,Buri Ram,true,ISO_3166_2,https://www.iso.org/obp/ui/#search,ISO 3166-2 subdivisions via pycountry/isocodes,REFERENCE_DATA_IMPORTED,NEEDS_AR_TRANSLATION,2026-08-05,Administrative subdivision only; cities are imported in later city files.
UPSERT,reg_th_32,TH,THA,Thailand,تايلاند,Kingdom of Thailand,Asia,آسيا,South-Eastern Asia,جنوب شرق آسيا,TH-32,,,1,province,Province,Surin,,Surin,true,ISO_3166_2,https://www.iso.org/obp/ui/#search,ISO 3166-2 subdivisions via pycountry/isocodes,REFERENCE_DATA_IMPORTED,NEEDS_AR_TRANSLATION,2026-08-05,Administrative subdivision only; cities are imported in later city files.
UPSERT,reg_th_33,TH,THA,Thailand,تايلاند,Kingdom of Thailand,Asia,آسيا,South-Eastern Asia,جنوب شرق آسيا,TH-33,,,1,province,Province,Si Sa Ket,,Si Sa Ket,true,ISO_3166_2,https://www.iso.org/obp/ui/#search,ISO 3166-2 subdivisions via pycountry/isocodes,REFERENCE_DATA_IMPORTED,NEEDS_AR_TRANSLATION,2026-08-05,Administrative subdivision only; cities are imported in later city files.
UPSERT,reg_th_34,TH,THA,Thailand,تايلاند,Kingdom of Thailand,Asia,آسيا,South-Eastern Asia,جنوب شرق آسيا,TH-34,,,1,province,Province,Ubon Ratchathani,,Ubon Ratchathani,true,ISO_3166_2,https://www.iso.org/obp/ui/#search,ISO 3166-2 subdivisions via pycountry/isocodes,REFERENCE_DATA_IMPORTED,NEEDS_AR_TRANSLATION,2026-08-05,Administrative subdivision only; cities are imported in later city files.
UPSERT,reg_th_35,TH,THA,Thailand,تايلاند,Kingdom of Thailand,Asia,آسيا,South-Eastern Asia,جنوب شرق آسيا,TH-35,,,1,province,Province,Yasothon,,Yasothon,true,ISO_3166_2,https://www.iso.org/obp/ui/#search,ISO 3166-2 subdivisions via pycountry/isocodes,REFERENCE_DATA_IMPORTED,NEEDS_AR_TRANSLATION,2026-08-05,Administrative subdivision only; cities are imported in later city files.
UPSERT,reg_th_36,TH,THA,Thailand,تايلاند,Kingdom of Thailand,Asia,آسيا,South-Eastern Asia,جنوب شرق آسيا,TH-36,,,1,province,Province,Chaiyaphum,,Chaiyaphum,true,ISO_3166_2,https://www.iso.org/obp/ui/#search,ISO 3166-2 subdivisions via pycountry/isocodes,REFERENCE_DATA_IMPORTED,NEEDS_AR_TRANSLATION,2026-08-05,Administrative subdivision only; cities are imported in later city files.
UPSERT,reg_th_37,TH,THA,Thailand,تايلاند,Kingdom of Thailand,Asia,آسيا,South-Eastern Asia,جنوب شرق آسيا,TH-37,,,1,province,Province,Amnat Charoen,,Amnat Charoen,true,ISO_3166_2,https://www.iso.org/obp/ui/#search,ISO 3166-2 subdivisions via pycountry/isocodes,REFERENCE_DATA_IMPORTED,NEEDS_AR_TRANSLATION,2026-08-05,Administrative subdivision only; cities are imported in later city files.
UPSERT,reg_th_38,TH,THA,Thailand,تايلاند,Kingdom of Thailand,Asia,آسيا,South-Eastern Asia,جنوب شرق آسيا,TH-38,,,1,province,Province,Bueng Kan,,Bueng Kan,true,ISO_3166_2,https://www.iso.org/obp/ui/#search,ISO 3166-2 subdivisions via pycountry/isocodes,REFERENCE_DATA_IMPORTED,NEEDS_AR_TRANSLATION,2026-08-05,Administrative subdivision only; cities are imported in later city files.
UPSERT,reg_th_39,TH,THA,Thailand,تايلاند,Kingdom of Thailand,Asia,آسيا,South-Eastern Asia,جنوب شرق آسيا,TH-39,,,1,province,Province,Nong Bua Lam Phu,,Nong Bua Lam Phu,true,ISO_3166_2,https://www.iso.org/obp/ui/#search,ISO 3166-2 subdivisions via pycountry/isocodes,REFERENCE_DATA_IMPORTED,NEEDS_AR_TRANSLATION,2026-08-05,Administrative subdivision only; cities are imported in later city files.
UPSERT,reg_th_40,TH,THA,Thailand,تايلاند,Kingdom of Thailand,Asia,آسيا,South-Eastern Asia,جنوب شرق آسيا,TH-40,,,1,province,Province,Khon Kaen,,Khon Kaen,true,ISO_3166_2,https://www.iso.org/obp/ui/#search,ISO 3166-2 subdivisions via pycountry/isocodes,REFERENCE_DATA_IMPORTED,NEEDS_AR_TRANSLATION,2026-08-05,Administrative subdivision only; cities are imported in later city files.
UPSERT,reg_th_41,TH,THA,Thailand,تايلاند,Kingdom of Thailand,Asia,آسيا,South-Eastern Asia,جنوب شرق آسيا,TH-41,,,1,province,Province,Udon Thani,,Udon Thani,true,ISO_3166_2,https://www.iso.org/obp/ui/#search,ISO 3166-2 subdivisions via pycountry/isocodes,REFERENCE_DATA_IMPORTED,NEEDS_AR_TRANSLATION,2026-08-05,Administrative subdivision only; cities are imported in later city files.
UPSERT,reg_th_42,TH,THA,Thailand,تايلاند,Kingdom of Thailand,Asia,آسيا,South-Eastern Asia,جنوب شرق آسيا,TH-42,,,1,province,Province,Loei,,Loei,true,ISO_3166_2,https://www.iso.org/obp/ui/#search,ISO 3166-2 subdivisions via pycountry/isocodes,REFERENCE_DATA_IMPORTED,NEEDS_AR_TRANSLATION,2026-08-05,Administrative subdivision only; cities are imported in later city files.
UPSERT,reg_th_43,TH,THA,Thailand,تايلاند,Kingdom of Thailand,Asia,آسيا,South-Eastern Asia,جنوب شرق آسيا,TH-43,,,1,province,Province,Nong Khai,,Nong Khai,true,ISO_3166_2,https://www.iso.org/obp/ui/#search,ISO 3166-2 subdivisions via pycountry/isocodes,REFERENCE_DATA_IMPORTED,NEEDS_AR_TRANSLATION,2026-08-05,Administrative subdivision only; cities are imported in later city files.
UPSERT,reg_th_44,TH,THA,Thailand,تايلاند,Kingdom of Thailand,Asia,آسيا,South-Eastern Asia,جنوب شرق آسيا,TH-44,,,1,province,Province,Maha Sarakham,,Maha Sarakham,true,ISO_3166_2,https://www.iso.org/obp/ui/#search,ISO 3166-2 subdivisions via pycountry/isocodes,REFERENCE_DATA_IMPORTED,NEEDS_AR_TRANSLATION,2026-08-05,Administrative subdivision only; cities are imported in later city files.
UPSERT,reg_th_45,TH,THA,Thailand,تايلاند,Kingdom of Thailand,Asia,آسيا,South-Eastern Asia,جنوب شرق آسيا,TH-45,,,1,province,Province,Roi Et,,Roi Et,true,ISO_3166_2,https://www.iso.org/obp/ui/#search,ISO 3166-2 subdivisions via pycountry/isocodes,REFERENCE_DATA_IMPORTED,NEEDS_AR_TRANSLATION,2026-08-05,Administrative subdivision only; cities are imported in later city files.
UPSERT,reg_th_46,TH,THA,Thailand,تايلاند,Kingdom of Thailand,Asia,آسيا,South-Eastern Asia,جنوب شرق آسيا,TH-46,,,1,province,Province,Kalasin,,Kalasin,true,ISO_3166_2,https://www.iso.org/obp/ui/#search,ISO 3166-2 subdivisions via pycountry/isocodes,REFERENCE_DATA_IMPORTED,NEEDS_AR_TRANSLATION,2026-08-05,Administrative subdivision only; cities are imported in later city files.
UPSERT,reg_th_47,TH,THA,Thailand,تايلاند,Kingdom of Thailand,Asia,آسيا,South-Eastern Asia,جنوب شرق آسيا,TH-47,,,1,province,Province,Sakon Nakhon,,Sakon Nakhon,true,ISO_3166_2,https://www.iso.org/obp/ui/#search,ISO 3166-2 subdivisions via pycountry/isocodes,REFERENCE_DATA_IMPORTED,NEEDS_AR_TRANSLATION,2026-08-05,Administrative subdivision only; cities are imported in later city files.
UPSERT,reg_th_48,TH,THA,Thailand,تايلاند,Kingdom of Thailand,Asia,آسيا,South-Eastern Asia,جنوب شرق آسيا,TH-48,,,1,province,Province,Nakhon Phanom,,Nakhon Phanom,true,ISO_3166_2,https://www.iso.org/obp/ui/#search,ISO 3166-2 subdivisions via pycountry/isocodes,REFERENCE_DATA_IMPORTED,NEEDS_AR_TRANSLATION,2026-08-05,Administrative subdivision only; cities are imported in later city files.
UPSERT,reg_th_49,TH,THA,Thailand,تايلاند,Kingdom of Thailand,Asia,آسيا,South-Eastern Asia,جنوب شرق آسيا,TH-49,,,1,province,Province,Mukdahan,,Mukdahan,true,ISO_3166_2,https://www.iso.org/obp/ui/#search,ISO 3166-2 subdivisions via pycountry/isocodes,REFERENCE_DATA_IMPORTED,NEEDS_AR_TRANSLATION,2026-08-05,Administrative subdivision only; cities are imported in later city files.
UPSERT,reg_th_50,TH,THA,Thailand,تايلاند,Kingdom of Thailand,Asia,آسيا,South-Eastern Asia,جنوب شرق آسيا,TH-50,,,1,province,Province,Chiang Mai,,Chiang Mai,true,ISO_3166_2,https://www.iso.org/obp/ui/#search,ISO 3166-2 subdivisions via pycountry/isocodes,REFERENCE_DATA_IMPORTED,NEEDS_AR_TRANSLATION,2026-08-05,Administrative subdivision only; cities are imported in later city files.
UPSERT,reg_th_51,TH,THA,Thailand,تايلاند,Kingdom of Thailand,Asia,آسيا,South-Eastern Asia,جنوب شرق آسيا,TH-51,,,1,province,Province,Lamphun,,Lamphun,true,ISO_3166_2,https://www.iso.org/obp/ui/#search,ISO 3166-2 subdivisions via pycountry/isocodes,REFERENCE_DATA_IMPORTED,NEEDS_AR_TRANSLATION,2026-08-05,Administrative subdivision only; cities are imported in later city files.
UPSERT,reg_th_52,TH,THA,Thailand,تايلاند,Kingdom of Thailand,Asia,آسيا,South-Eastern Asia,جنوب شرق آسيا,TH-52,,,1,province,Province,Lampang,,Lampang,true,ISO_3166_2,https://www.iso.org/obp/ui/#search,ISO 3166-2 subdivisions via pycountry/isocodes,REFERENCE_DATA_IMPORTED,NEEDS_AR_TRANSLATION,2026-08-05,Administrative subdivision only; cities are imported in later city files.
UPSERT,reg_th_53,TH,THA,Thailand,تايلاند,Kingdom of Thailand,Asia,آسيا,South-Eastern Asia,جنوب شرق آسيا,TH-53,,,1,province,Province,Uttaradit,,Uttaradit,true,ISO_3166_2,https://www.iso.org/obp/ui/#search,ISO 3166-2 subdivisions via pycountry/isocodes,REFERENCE_DATA_IMPORTED,NEEDS_AR_TRANSLATION,2026-08-05,Administrative subdivision only; cities are imported in later city files.
UPSERT,reg_th_54,TH,THA,Thailand,تايلاند,Kingdom of Thailand,Asia,آسيا,South-Eastern Asia,جنوب شرق آسيا,TH-54,,,1,province,Province,Phrae,,Phrae,true,ISO_3166_2,https://www.iso.org/obp/ui/#search,ISO 3166-2 subdivisions via pycountry/isocodes,REFERENCE_DATA_IMPORTED,NEEDS_AR_TRANSLATION,2026-08-05,Administrative subdivision only; cities are imported in later city files.
UPSERT,reg_th_55,TH,THA,Thailand,تايلاند,Kingdom of Thailand,Asia,آسيا,South-Eastern Asia,جنوب شرق آسيا,TH-55,,,1,province,Province,Nan,,Nan,true,ISO_3166_2,https://www.iso.org/obp/ui/#search,ISO 3166-2 subdivisions via pycountry/isocodes,REFERENCE_DATA_IMPORTED,NEEDS_AR_TRANSLATION,2026-08-05,Administrative subdivision only; cities are imported in later city files.
UPSERT,reg_th_56,TH,THA,Thailand,تايلاند,Kingdom of Thailand,Asia,آسيا,South-Eastern Asia,جنوب شرق آسيا,TH-56,,,1,province,Province,Phayao,,Phayao,true,ISO_3166_2,https://www.iso.org/obp/ui/#search,ISO 3166-2 subdivisions via pycountry/isocodes,REFERENCE_DATA_IMPORTED,NEEDS_AR_TRANSLATION,2026-08-05,Administrative subdivision only; cities are imported in later city files.
UPSERT,reg_th_57,TH,THA,Thailand,تايلاند,Kingdom of Thailand,Asia,آسيا,South-Eastern Asia,جنوب شرق آسيا,TH-57,,,1,province,Province,Chiang Rai,,Chiang Rai,true,ISO_3166_2,https://www.iso.org/obp/ui/#search,ISO 3166-2 subdivisions via pycountry/isocodes,REFERENCE_DATA_IMPORTED,NEEDS_AR_TRANSLATION,2026-08-05,Administrative subdivision only; cities are imported in later city files.
UPSERT,reg_th_58,TH,THA,Thailand,تايلاند,Kingdom of Thailand,Asia,آسيا,South-Eastern Asia,جنوب شرق آسيا,TH-58,,,1,province,Province,Mae Hong Son,,Mae Hong Son,true,ISO_3166_2,https://www.iso.org/obp/ui/#search,ISO 3166-2 subdivisions via pycountry/isocodes,REFERENCE_DATA_IMPORTED,NEEDS_AR_TRANSLATION,2026-08-05,Administrative subdivision only; cities are imported in later city files.
UPSERT,reg_th_60,TH,THA,Thailand,تايلاند,Kingdom of Thailand,Asia,آسيا,South-Eastern Asia,جنوب شرق آسيا,TH-60,,,1,province,Province,Nakhon Sawan,,Nakhon Sawan,true,ISO_3166_2,https://www.iso.org/obp/ui/#search,ISO 3166-2 subdivisions via pycountry/isocodes,REFERENCE_DATA_IMPORTED,NEEDS_AR_TRANSLATION,2026-08-05,Administrative subdivision only; cities are imported in later city files.
UPSERT,reg_th_61,TH,THA,Thailand,تايلاند,Kingdom of Thailand,Asia,آسيا,South-Eastern Asia,جنوب شرق آسيا,TH-61,,,1,province,Province,Uthai Thani,,Uthai Thani,true,ISO_3166_2,https://www.iso.org/obp/ui/#search,ISO 3166-2 subdivisions via pycountry/isocodes,REFERENCE_DATA_IMPORTED,NEEDS_AR_TRANSLATION,2026-08-05,Administrative subdivision only; cities are imported in later city files.
UPSERT,reg_th_62,TH,THA,Thailand,تايلاند,Kingdom of Thailand,Asia,آسيا,South-Eastern Asia,جنوب شرق آسيا,TH-62,,,1,province,Province,Kamphaeng Phet,,Kamphaeng Phet,true,ISO_3166_2,https://www.iso.org/obp/ui/#search,ISO 3166-2 subdivisions via pycountry/isocodes,REFERENCE_DATA_IMPORTED,NEEDS_AR_TRANSLATION,2026-08-05,Administrative subdivision only; cities are imported in later city files.
UPSERT,reg_th_63,TH,THA,Thailand,تايلاند,Kingdom of Thailand,Asia,آسيا,South-Eastern Asia,جنوب شرق آسيا,TH-63,,,1,province,Province,Tak,,Tak,true,ISO_3166_2,https://www.iso.org/obp/ui/#search,ISO 3166-2 subdivisions via pycountry/isocodes,REFERENCE_DATA_IMPORTED,NEEDS_AR_TRANSLATION,2026-08-05,Administrative subdivision only; cities are imported in later city files.
UPSERT,reg_th_64,TH,THA,Thailand,تايلاند,Kingdom of Thailand,Asia,آسيا,South-Eastern Asia,جنوب شرق آسيا,TH-64,,,1,province,Province,Sukhothai,,Sukhothai,true,ISO_3166_2,https://www.iso.org/obp/ui/#search,ISO 3166-2 subdivisions via pycountry/isocodes,REFERENCE_DATA_IMPORTED,NEEDS_AR_TRANSLATION,2026-08-05,Administrative subdivision only; cities are imported in later city files.
UPSERT,reg_th_65,TH,THA,Thailand,تايلاند,Kingdom of Thailand,Asia,آسيا,South-Eastern Asia,جنوب شرق آسيا,TH-65,,,1,province,Province,Phitsanulok,,Phitsanulok,true,ISO_3166_2,https://www.iso.org/obp/ui/#search,ISO 3166-2 subdivisions via pycountry/isocodes,REFERENCE_DATA_IMPORTED,NEEDS_AR_TRANSLATION,2026-08-05,Administrative subdivision only; cities are imported in later city files.
UPSERT,reg_th_66,TH,THA,Thailand,تايلاند,Kingdom of Thailand,Asia,آسيا,South-Eastern Asia,جنوب شرق آسيا,TH-66,,,1,province,Province,Phichit,,Phichit,true,ISO_3166_2,https://www.iso.org/obp/ui/#search,ISO 3166-2 subdivisions via pycountry/isocodes,REFERENCE_DATA_IMPORTED,NEEDS_AR_TRANSLATION,2026-08-05,Administrative subdivision only; cities are imported in later city files.
UPSERT,reg_th_67,TH,THA,Thailand,تايلاند,Kingdom of Thailand,Asia,آسيا,South-Eastern Asia,جنوب شرق آسيا,TH-67,,,1,province,Province,Phetchabun,,Phetchabun,true,ISO_3166_2,https://www.iso.org/obp/ui/#search,ISO 3166-2 subdivisions via pycountry/isocodes,REFERENCE_DATA_IMPORTED,NEEDS_AR_TRANSLATION,2026-08-05,Administrative subdivision only; cities are imported in later city files.
UPSERT,reg_th_70,TH,THA,Thailand,تايلاند,Kingdom of Thailand,Asia,آسيا,South-Eastern Asia,جنوب شرق آسيا,TH-70,,,1,province,Province,Ratchaburi,,Ratchaburi,true,ISO_3166_2,https://www.iso.org/obp/ui/#search,ISO 3166-2 subdivisions via pycountry/isocodes,REFERENCE_DATA_IMPORTED,NEEDS_AR_TRANSLATION,2026-08-05,Administrative subdivision only; cities are imported in later city files.
UPSERT,reg_th_71,TH,THA,Thailand,تايلاند,Kingdom of Thailand,Asia,آسيا,South-Eastern Asia,جنوب شرق آسيا,TH-71,,,1,province,Province,Kanchanaburi,,Kanchanaburi,true,ISO_3166_2,https://www.iso.org/obp/ui/#search,ISO 3166-2 subdivisions via pycountry/isocodes,REFERENCE_DATA_IMPORTED,NEEDS_AR_TRANSLATION,2026-08-05,Administrative subdivision only; cities are imported in later city files.
UPSERT,reg_th_72,TH,THA,Thailand,تايلاند,Kingdom of Thailand,Asia,آسيا,South-Eastern Asia,جنوب شرق آسيا,TH-72,,,1,province,Province,Suphan Buri,,Suphan Buri,true,ISO_3166_2,https://www.iso.org/obp/ui/#search,ISO 3166-2 subdivisions via pycountry/isocodes,REFERENCE_DATA_IMPORTED,NEEDS_AR_TRANSLATION,2026-08-05,Administrative subdivision only; cities are imported in later city files.
UPSERT,reg_th_73,TH,THA,Thailand,تايلاند,Kingdom of Thailand,Asia,آسيا,South-Eastern Asia,جنوب شرق آسيا,TH-73,,,1,province,Province,Nakhon Pathom,,Nakhon Pathom,true,ISO_3166_2,https://www.iso.org/obp/ui/#search,ISO 3166-2 subdivisions via pycountry/isocodes,REFERENCE_DATA_IMPORTED,NEEDS_AR_TRANSLATION,2026-08-05,Administrative subdivision only; cities are imported in later city files.
UPSERT,reg_th_74,TH,THA,Thailand,تايلاند,Kingdom of Thailand,Asia,آسيا,South-Eastern Asia,جنوب شرق آسيا,TH-74,,,1,province,Province,Samut Sakhon,,Samut Sakhon,true,ISO_3166_2,https://www.iso.org/obp/ui/#search,ISO 3166-2 subdivisions via pycountry/isocodes,REFERENCE_DATA_IMPORTED,NEEDS_AR_TRANSLATION,2026-08-05,Administrative subdivision only; cities are imported in later city files.
UPSERT,reg_th_75,TH,THA,Thailand,تايلاند,Kingdom of Thailand,Asia,آسيا,South-Eastern Asia,جنوب شرق آسيا,TH-75,,,1,province,Province,Samut Songkhram,,Samut Songkhram,true,ISO_3166_2,https://www.iso.org/obp/ui/#search,ISO 3166-2 subdivisions via pycountry/isocodes,REFERENCE_DATA_IMPORTED,NEEDS_AR_TRANSLATION,2026-08-05,Administrative subdivision only; cities are imported in later city files.
UPSERT,reg_th_76,TH,THA,Thailand,تايلاند,Kingdom of Thailand,Asia,آسيا,South-Eastern Asia,جنوب شرق آسيا,TH-76,,,1,province,Province,Phetchaburi,,Phetchaburi,true,ISO_3166_2,https://www.iso.org/obp/ui/#search,ISO 3166-2 subdivisions via pycountry/isocodes,REFERENCE_DATA_IMPORTED,NEEDS_AR_TRANSLATION,2026-08-05,Administrative subdivision only; cities are imported in later city files.
UPSERT,reg_th_77,TH,THA,Thailand,تايلاند,Kingdom of Thailand,Asia,آسيا,South-Eastern Asia,جنوب شرق آسيا,TH-77,,,1,province,Province,Prachuap Khiri Khan,,Prachuap Khiri Khan,true,ISO_3166_2,https://www.iso.org/obp/ui/#search,ISO 3166-2 subdivisions via pycountry/isocodes,REFERENCE_DATA_IMPORTED,NEEDS_AR_TRANSLATION,2026-08-05,Administrative subdivision only; cities are imported in later city files.
UPSERT,reg_th_80,TH,THA,Thailand,تايلاند,Kingdom of Thailand,Asia,آسيا,South-Eastern Asia,جنوب شرق آسيا,TH-80,,,1,province,Province,Nakhon Si Thammarat,,Nakhon Si Thammarat,true,ISO_3166_2,https://www.iso.org/obp/ui/#search,ISO 3166-2 subdivisions via pycountry/isocodes,REFERENCE_DATA_IMPORTED,NEEDS_AR_TRANSLATION,2026-08-05,Administrative subdivision only; cities are imported in later city files.
UPSERT,reg_th_81,TH,THA,Thailand,تايلاند,Kingdom of Thailand,Asia,آسيا,South-Eastern Asia,جنوب شرق آسيا,TH-81,,,1,province,Province,Krabi,,Krabi,true,ISO_3166_2,https://www.iso.org/obp/ui/#search,ISO 3166-2 subdivisions via pycountry/isocodes,REFERENCE_DATA_IMPORTED,NEEDS_AR_TRANSLATION,2026-08-05,Administrative subdivision only; cities are imported in later city files.
UPSERT,reg_th_82,TH,THA,Thailand,تايلاند,Kingdom of Thailand,Asia,آسيا,South-Eastern Asia,جنوب شرق آسيا,TH-82,,,1,province,Province,Phangnga,,Phangnga,true,ISO_3166_2,https://www.iso.org/obp/ui/#search,ISO 3166-2 subdivisions via pycountry/isocodes,REFERENCE_DATA_IMPORTED,NEEDS_AR_TRANSLATION,2026-08-05,Administrative subdivision only; cities are imported in later city files.
UPSERT,reg_th_83,TH,THA,Thailand,تايلاند,Kingdom of Thailand,Asia,آسيا,South-Eastern Asia,جنوب شرق آسيا,TH-83,,,1,province,Province,Phuket,,Phuket,true,ISO_3166_2,https://www.iso.org/obp/ui/#search,ISO 3166-2 subdivisions via pycountry/isocodes,REFERENCE_DATA_IMPORTED,NEEDS_AR_TRANSLATION,2026-08-05,Administrative subdivision only; cities are imported in later city files.
UPSERT,reg_th_84,TH,THA,Thailand,تايلاند,Kingdom of Thailand,Asia,آسيا,South-Eastern Asia,جنوب شرق آسيا,TH-84,,,1,province,Province,Surat Thani,,Surat Thani,true,ISO_3166_2,https://www.iso.org/obp/ui/#search,ISO 3166-2 subdivisions via pycountry/isocodes,REFERENCE_DATA_IMPORTED,NEEDS_AR_TRANSLATION,2026-08-05,Administrative subdivision only; cities are imported in later city files.
UPSERT,reg_th_85,TH,THA,Thailand,تايلاند,Kingdom of Thailand,Asia,آسيا,South-Eastern Asia,جنوب شرق آسيا,TH-85,,,1,province,Province,Ranong,,Ranong,true,ISO_3166_2,https://www.iso.org/obp/ui/#search,ISO 3166-2 subdivisions via pycountry/isocodes,REFERENCE_DATA_IMPORTED,NEEDS_AR_TRANSLATION,2026-08-05,Administrative subdivision only; cities are imported in later city files.
UPSERT,reg_th_86,TH,THA,Thailand,تايلاند,Kingdom of Thailand,Asia,آسيا,South-Eastern Asia,جنوب شرق آسيا,TH-86,,,1,province,Province,Chumphon,,Chumphon,true,ISO_3166_2,https://www.iso.org/obp/ui/#search,ISO 3166-2 subdivisions via pycountry/isocodes,REFERENCE_DATA_IMPORTED,NEEDS_AR_TRANSLATION,2026-08-05,Administrative subdivision only; cities are imported in later city files.
UPSERT,reg_th_90,TH,THA,Thailand,تايلاند,Kingdom of Thailand,Asia,آسيا,South-Eastern Asia,جنوب شرق آسيا,TH-90,,,1,province,Province,Songkhla,,Songkhla,true,ISO_3166_2,https://www.iso.org/obp/ui/#search,ISO 3166-2 subdivisions via pycountry/isocodes,REFERENCE_DATA_IMPORTED,NEEDS_AR_TRANSLATION,2026-08-05,Administrative subdivision only; cities are imported in later city files.
UPSERT,reg_th_91,TH,THA,Thailand,تايلاند,Kingdom of Thailand,Asia,آسيا,South-Eastern Asia,جنوب شرق آسيا,TH-91,,,1,province,Province,Satun,,Satun,true,ISO_3166_2,https://www.iso.org/obp/ui/#search,ISO 3166-2 subdivisions via pycountry/isocodes,REFERENCE_DATA_IMPORTED,NEEDS_AR_TRANSLATION,2026-08-05,Administrative subdivision only; cities are imported in later city files.
UPSERT,reg_th_92,TH,THA,Thailand,تايلاند,Kingdom of Thailand,Asia,آسيا,South-Eastern Asia,جنوب شرق آسيا,TH-92,,,1,province,Province,Trang,,Trang,true,ISO_3166_2,https://www.iso.org/obp/ui/#search,ISO 3166-2 subdivisions via pycountry/isocodes,REFERENCE_DATA_IMPORTED,NEEDS_AR_TRANSLATION,2026-08-05,Administrative subdivision only; cities are imported in later city files.
UPSERT,reg_th_93,TH,THA,Thailand,تايلاند,Kingdom of Thailand,Asia,آسيا,South-Eastern Asia,جنوب شرق آسيا,TH-93,,,1,province,Province,Phatthalung,,Phatthalung,true,ISO_3166_2,https://www.iso.org/obp/ui/#search,ISO 3166-2 subdivisions via pycountry/isocodes,REFERENCE_DATA_IMPORTED,NEEDS_AR_TRANSLATION,2026-08-05,Administrative subdivision only; cities are imported in later city files.
UPSERT,reg_th_94,TH,THA,Thailand,تايلاند,Kingdom of Thailand,Asia,آسيا,South-Eastern Asia,جنوب شرق آسيا,TH-94,,,1,province,Province,Pattani,,Pattani,true,ISO_3166_2,https://www.iso.org/obp/ui/#search,ISO 3166-2 subdivisions via pycountry/isocodes,REFERENCE_DATA_IMPORTED,NEEDS_AR_TRANSLATION,2026-08-05,Administrative subdivision only; cities are imported in later city files.
UPSERT,reg_th_95,TH,THA,Thailand,تايلاند,Kingdom of Thailand,Asia,آسيا,South-Eastern Asia,جنوب شرق آسيا,TH-95,,,1,province,Province,Yala,,Yala,true,ISO_3166_2,https://www.iso.org/obp/ui/#search,ISO 3166-2 subdivisions via pycountry/isocodes,REFERENCE_DATA_IMPORTED,NEEDS_AR_TRANSLATION,2026-08-05,Administrative subdivision only; cities are imported in later city files.
UPSERT,reg_th_96,TH,THA,Thailand,تايلاند,Kingdom of Thailand,Asia,آسيا,South-Eastern Asia,جنوب شرق آسيا,TH-96,,,1,province,Province,Narathiwat,,Narathiwat,true,ISO_3166_2,https://www.iso.org/obp/ui/#search,ISO 3166-2 subdivisions via pycountry/isocodes,REFERENCE_DATA_IMPORTED,NEEDS_AR_TRANSLATION,2026-08-05,Administrative subdivision only; cities are imported in later city files.
UPSERT,reg_th_s,TH,THA,Thailand,تايلاند,Kingdom of Thailand,Asia,آسيا,South-Eastern Asia,جنوب شرق آسيا,TH-S,,,1,special_administrative_city,Special administrative city,Phatthaya,,Phatthaya,true,ISO_3166_2,https://www.iso.org/obp/ui/#search,ISO 3166-2 subdivisions via pycountry/isocodes,REFERENCE_DATA_IMPORTED,NEEDS_AR_TRANSLATION,2026-08-05,Administrative subdivision only; cities are imported in later city files.
UPSERT,reg_tj_du,TJ,TJK,Tajikistan,طاجيكستان,Republic of Tajikistan,Asia,آسيا,Central Asia,آسيا الوسطى,TJ-DU,,,1,capital_territory,Capital territory,Dushanbe,,Dushanbe,true,ISO_3166_2,https://www.iso.org/obp/ui/#search,ISO 3166-2 subdivisions via pycountry/isocodes,REFERENCE_DATA_IMPORTED,NEEDS_AR_TRANSLATION,2026-08-05,Administrative subdivision only; cities are imported in later city files.
UPSERT,reg_tj_gb,TJ,TJK,Tajikistan,طاجيكستان,Republic of Tajikistan,Asia,آسيا,Central Asia,آسيا الوسطى,TJ-GB,,,1,autonomous_region,Autonomous region,Kŭhistoni Badakhshon,,Kŭhistoni Badakhshon,true,ISO_3166_2,https://www.iso.org/obp/ui/#search,ISO 3166-2 subdivisions via pycountry/isocodes,REFERENCE_DATA_IMPORTED,NEEDS_AR_TRANSLATION,2026-08-05,Administrative subdivision only; cities are imported in later city files.
UPSERT,reg_tj_kt,TJ,TJK,Tajikistan,طاجيكستان,Republic of Tajikistan,Asia,آسيا,Central Asia,آسيا الوسطى,TJ-KT,,,1,region,Region,Khatlon,,Khatlon,true,ISO_3166_2,https://www.iso.org/obp/ui/#search,ISO 3166-2 subdivisions via pycountry/isocodes,REFERENCE_DATA_IMPORTED,NEEDS_AR_TRANSLATION,2026-08-05,Administrative subdivision only; cities are imported in later city files.
UPSERT,reg_tj_ra,TJ,TJK,Tajikistan,طاجيكستان,Republic of Tajikistan,Asia,آسيا,Central Asia,آسيا الوسطى,TJ-RA,,,1,districts_under_republic_administration,Districts under republic administration,nohiyahoi tobei jumhurí,,nohiyahoi tobei jumhurí,true,ISO_3166_2,https://www.iso.org/obp/ui/#search,ISO 3166-2 subdivisions via pycountry/isocodes,REFERENCE_DATA_IMPORTED,NEEDS_AR_TRANSLATION,2026-08-05,Administrative subdivision only; cities are imported in later city files.
UPSERT,reg_tj_su,TJ,TJK,Tajikistan,طاجيكستان,Republic of Tajikistan,Asia,آسيا,Central Asia,آسيا الوسطى,TJ-SU,,,1,region,Region,Sughd,,Sughd,true,ISO_3166_2,https://www.iso.org/obp/ui/#search,ISO 3166-2 subdivisions via pycountry/isocodes,REFERENCE_DATA_IMPORTED,NEEDS_AR_TRANSLATION,2026-08-05,Administrative subdivision only; cities are imported in later city files.
UPSERT,reg_tl_al,TL,TLS,Timor-Leste,تيمور - ليشتي,Democratic Republic of Timor-Leste,Asia,آسيا,South-Eastern Asia,جنوب شرق آسيا,TL-AL,,,1,municipality,Municipality,Aileu,,Aileu,true,ISO_3166_2,https://www.iso.org/obp/ui/#search,ISO 3166-2 subdivisions via pycountry/isocodes,REFERENCE_DATA_IMPORTED,NEEDS_AR_TRANSLATION,2026-08-05,Administrative subdivision only; cities are imported in later city files.
UPSERT,reg_tl_an,TL,TLS,Timor-Leste,تيمور - ليشتي,Democratic Republic of Timor-Leste,Asia,آسيا,South-Eastern Asia,جنوب شرق آسيا,TL-AN,,,1,municipality,Municipality,Ainaro,,Ainaro,true,ISO_3166_2,https://www.iso.org/obp/ui/#search,ISO 3166-2 subdivisions via pycountry/isocodes,REFERENCE_DATA_IMPORTED,NEEDS_AR_TRANSLATION,2026-08-05,Administrative subdivision only; cities are imported in later city files.
UPSERT,reg_tl_ba,TL,TLS,Timor-Leste,تيمور - ليشتي,Democratic Republic of Timor-Leste,Asia,آسيا,South-Eastern Asia,جنوب شرق آسيا,TL-BA,,,1,municipality,Municipality,Baucau,,Baucau,true,ISO_3166_2,https://www.iso.org/obp/ui/#search,ISO 3166-2 subdivisions via pycountry/isocodes,REFERENCE_DATA_IMPORTED,NEEDS_AR_TRANSLATION,2026-08-05,Administrative subdivision only; cities are imported in later city files.
UPSERT,reg_tl_bo,TL,TLS,Timor-Leste,تيمور - ليشتي,Democratic Republic of Timor-Leste,Asia,آسيا,South-Eastern Asia,جنوب شرق آسيا,TL-BO,,,1,municipality,Municipality,Bobonaro,,Bobonaro,true,ISO_3166_2,https://www.iso.org/obp/ui/#search,ISO 3166-2 subdivisions via pycountry/isocodes,REFERENCE_DATA_IMPORTED,NEEDS_AR_TRANSLATION,2026-08-05,Administrative subdivision only; cities are imported in later city files.
UPSERT,reg_tl_co,TL,TLS,Timor-Leste,تيمور - ليشتي,Democratic Republic of Timor-Leste,Asia,آسيا,South-Eastern Asia,جنوب شرق آسيا,TL-CO,,,1,municipality,Municipality,Cova Lima,,Cova Lima,true,ISO_3166_2,https://www.iso.org/obp/ui/#search,ISO 3166-2 subdivisions via pycountry/isocodes,REFERENCE_DATA_IMPORTED,NEEDS_AR_TRANSLATION,2026-08-05,Administrative subdivision only; cities are imported in later city files.
UPSERT,reg_tl_di,TL,TLS,Timor-Leste,تيمور - ليشتي,Democratic Republic of Timor-Leste,Asia,آسيا,South-Eastern Asia,جنوب شرق آسيا,TL-DI,,,1,municipality,Municipality,Díli,,Díli,true,ISO_3166_2,https://www.iso.org/obp/ui/#search,ISO 3166-2 subdivisions via pycountry/isocodes,REFERENCE_DATA_IMPORTED,NEEDS_AR_TRANSLATION,2026-08-05,Administrative subdivision only; cities are imported in later city files.
UPSERT,reg_tl_er,TL,TLS,Timor-Leste,تيمور - ليشتي,Democratic Republic of Timor-Leste,Asia,آسيا,South-Eastern Asia,جنوب شرق آسيا,TL-ER,,,1,municipality,Municipality,Ermera,,Ermera,true,ISO_3166_2,https://www.iso.org/obp/ui/#search,ISO 3166-2 subdivisions via pycountry/isocodes,REFERENCE_DATA_IMPORTED,NEEDS_AR_TRANSLATION,2026-08-05,Administrative subdivision only; cities are imported in later city files.
UPSERT,reg_tl_la,TL,TLS,Timor-Leste,تيمور - ليشتي,Democratic Republic of Timor-Leste,Asia,آسيا,South-Eastern Asia,جنوب شرق آسيا,TL-LA,,,1,municipality,Municipality,Lautein,,Lautein,true,ISO_3166_2,https://www.iso.org/obp/ui/#search,ISO 3166-2 subdivisions via pycountry/isocodes,REFERENCE_DATA_IMPORTED,NEEDS_AR_TRANSLATION,2026-08-05,Administrative subdivision only; cities are imported in later city files.
UPSERT,reg_tl_li,TL,TLS,Timor-Leste,تيمور - ليشتي,Democratic Republic of Timor-Leste,Asia,آسيا,South-Eastern Asia,جنوب شرق آسيا,TL-LI,,,1,municipality,Municipality,Likisá,,Likisá,true,ISO_3166_2,https://www.iso.org/obp/ui/#search,ISO 3166-2 subdivisions via pycountry/isocodes,REFERENCE_DATA_IMPORTED,NEEDS_AR_TRANSLATION,2026-08-05,Administrative subdivision only; cities are imported in later city files.
UPSERT,reg_tl_mf,TL,TLS,Timor-Leste,تيمور - ليشتي,Democratic Republic of Timor-Leste,Asia,آسيا,South-Eastern Asia,جنوب شرق آسيا,TL-MF,,,1,municipality,Municipality,Manufahi,,Manufahi,true,ISO_3166_2,https://www.iso.org/obp/ui/#search,ISO 3166-2 subdivisions via pycountry/isocodes,REFERENCE_DATA_IMPORTED,NEEDS_AR_TRANSLATION,2026-08-05,Administrative subdivision only; cities are imported in later city files.
UPSERT,reg_tl_mt,TL,TLS,Timor-Leste,تيمور - ليشتي,Democratic Republic of Timor-Leste,Asia,آسيا,South-Eastern Asia,جنوب شرق آسيا,TL-MT,,,1,municipality,Municipality,Manatuto,,Manatuto,true,ISO_3166_2,https://www.iso.org/obp/ui/#search,ISO 3166-2 subdivisions via pycountry/isocodes,REFERENCE_DATA_IMPORTED,NEEDS_AR_TRANSLATION,2026-08-05,Administrative subdivision only; cities are imported in later city files.
UPSERT,reg_tl_oe,TL,TLS,Timor-Leste,تيمور - ليشتي,Democratic Republic of Timor-Leste,Asia,آسيا,South-Eastern Asia,جنوب شرق آسيا,TL-OE,,,1,special_administrative_region,Special administrative region,Oekusi-Ambenu,,Oekusi-Ambenu,true,ISO_3166_2,https://www.iso.org/obp/ui/#search,ISO 3166-2 subdivisions via pycountry/isocodes,REFERENCE_DATA_IMPORTED,NEEDS_AR_TRANSLATION,2026-08-05,Administrative subdivision only; cities are imported in later city files.
UPSERT,reg_tl_vi,TL,TLS,Timor-Leste,تيمور - ليشتي,Democratic Republic of Timor-Leste,Asia,آسيا,South-Eastern Asia,جنوب شرق آسيا,TL-VI,,,1,municipality,Municipality,Vikeke,,Vikeke,true,ISO_3166_2,https://www.iso.org/obp/ui/#search,ISO 3166-2 subdivisions via pycountry/isocodes,REFERENCE_DATA_IMPORTED,NEEDS_AR_TRANSLATION,2026-08-05,Administrative subdivision only; cities are imported in later city files.
UPSERT,reg_tm_a,TM,TKM,Turkmenistan,تركمانستان,,Asia,آسيا,Central Asia,آسيا الوسطى,TM-A,,,1,region,Region,Ahal,,Ahal,true,ISO_3166_2,https://www.iso.org/obp/ui/#search,ISO 3166-2 subdivisions via pycountry/isocodes,REFERENCE_DATA_IMPORTED,NEEDS_AR_TRANSLATION,2026-08-05,Administrative subdivision only; cities are imported in later city files.
UPSERT,reg_tm_b,TM,TKM,Turkmenistan,تركمانستان,,Asia,آسيا,Central Asia,آسيا الوسطى,TM-B,,,1,region,Region,Balkan,,Balkan,true,ISO_3166_2,https://www.iso.org/obp/ui/#search,ISO 3166-2 subdivisions via pycountry/isocodes,REFERENCE_DATA_IMPORTED,NEEDS_AR_TRANSLATION,2026-08-05,Administrative subdivision only; cities are imported in later city files.
UPSERT,reg_tm_d,TM,TKM,Turkmenistan,تركمانستان,,Asia,آسيا,Central Asia,آسيا الوسطى,TM-D,,,1,region,Region,Daşoguz,,Daşoguz,true,ISO_3166_2,https://www.iso.org/obp/ui/#search,ISO 3166-2 subdivisions via pycountry/isocodes,REFERENCE_DATA_IMPORTED,NEEDS_AR_TRANSLATION,2026-08-05,Administrative subdivision only; cities are imported in later city files.
UPSERT,reg_tm_l,TM,TKM,Turkmenistan,تركمانستان,,Asia,آسيا,Central Asia,آسيا الوسطى,TM-L,,,1,region,Region,Lebap,,Lebap,true,ISO_3166_2,https://www.iso.org/obp/ui/#search,ISO 3166-2 subdivisions via pycountry/isocodes,REFERENCE_DATA_IMPORTED,NEEDS_AR_TRANSLATION,2026-08-05,Administrative subdivision only; cities are imported in later city files.
UPSERT,reg_tm_m,TM,TKM,Turkmenistan,تركمانستان,,Asia,آسيا,Central Asia,آسيا الوسطى,TM-M,,,1,region,Region,Mary,,Mary,true,ISO_3166_2,https://www.iso.org/obp/ui/#search,ISO 3166-2 subdivisions via pycountry/isocodes,REFERENCE_DATA_IMPORTED,NEEDS_AR_TRANSLATION,2026-08-05,Administrative subdivision only; cities are imported in later city files.
UPSERT,reg_tm_s,TM,TKM,Turkmenistan,تركمانستان,,Asia,آسيا,Central Asia,آسيا الوسطى,TM-S,,,1,city,City,Aşgabat,,Aşgabat,true,ISO_3166_2,https://www.iso.org/obp/ui/#search,ISO 3166-2 subdivisions via pycountry/isocodes,REFERENCE_DATA_IMPORTED,NEEDS_AR_TRANSLATION,2026-08-05,Administrative subdivision only; cities are imported in later city files.
UPSERT,reg_tr_01,TR,TUR,Türkiye,تركيا,Republic of Türkiye,Asia,آسيا,Western Asia,غرب آسيا,TR-01,,,1,province,Province,Adana,,Adana,true,ISO_3166_2,https://www.iso.org/obp/ui/#search,ISO 3166-2 subdivisions via pycountry/isocodes,REFERENCE_DATA_IMPORTED,NEEDS_AR_TRANSLATION,2026-08-05,Administrative subdivision only; cities are imported in later city files.
UPSERT,reg_tr_02,TR,TUR,Türkiye,تركيا,Republic of Türkiye,Asia,آسيا,Western Asia,غرب آسيا,TR-02,,,1,province,Province,Adıyaman,,Adıyaman,true,ISO_3166_2,https://www.iso.org/obp/ui/#search,ISO 3166-2 subdivisions via pycountry/isocodes,REFERENCE_DATA_IMPORTED,NEEDS_AR_TRANSLATION,2026-08-05,Administrative subdivision only; cities are imported in later city files.
UPSERT,reg_tr_03,TR,TUR,Türkiye,تركيا,Republic of Türkiye,Asia,آسيا,Western Asia,غرب آسيا,TR-03,,,1,province,Province,Afyonkarahisar,,Afyonkarahisar,true,ISO_3166_2,https://www.iso.org/obp/ui/#search,ISO 3166-2 subdivisions via pycountry/isocodes,REFERENCE_DATA_IMPORTED,NEEDS_AR_TRANSLATION,2026-08-05,Administrative subdivision only; cities are imported in later city files.
UPSERT,reg_tr_04,TR,TUR,Türkiye,تركيا,Republic of Türkiye,Asia,آسيا,Western Asia,غرب آسيا,TR-04,,,1,province,Province,Ağrı,,Ağrı,true,ISO_3166_2,https://www.iso.org/obp/ui/#search,ISO 3166-2 subdivisions via pycountry/isocodes,REFERENCE_DATA_IMPORTED,NEEDS_AR_TRANSLATION,2026-08-05,Administrative subdivision only; cities are imported in later city files.
UPSERT,reg_tr_05,TR,TUR,Türkiye,تركيا,Republic of Türkiye,Asia,آسيا,Western Asia,غرب آسيا,TR-05,,,1,province,Province,Amasya,,Amasya,true,ISO_3166_2,https://www.iso.org/obp/ui/#search,ISO 3166-2 subdivisions via pycountry/isocodes,REFERENCE_DATA_IMPORTED,NEEDS_AR_TRANSLATION,2026-08-05,Administrative subdivision only; cities are imported in later city files.
UPSERT,reg_tr_06,TR,TUR,Türkiye,تركيا,Republic of Türkiye,Asia,آسيا,Western Asia,غرب آسيا,TR-06,,,1,province,Province,Ankara,,Ankara,true,ISO_3166_2,https://www.iso.org/obp/ui/#search,ISO 3166-2 subdivisions via pycountry/isocodes,REFERENCE_DATA_IMPORTED,NEEDS_AR_TRANSLATION,2026-08-05,Administrative subdivision only; cities are imported in later city files.
UPSERT,reg_tr_07,TR,TUR,Türkiye,تركيا,Republic of Türkiye,Asia,آسيا,Western Asia,غرب آسيا,TR-07,,,1,province,Province,Antalya,,Antalya,true,ISO_3166_2,https://www.iso.org/obp/ui/#search,ISO 3166-2 subdivisions via pycountry/isocodes,REFERENCE_DATA_IMPORTED,NEEDS_AR_TRANSLATION,2026-08-05,Administrative subdivision only; cities are imported in later city files.
UPSERT,reg_tr_08,TR,TUR,Türkiye,تركيا,Republic of Türkiye,Asia,آسيا,Western Asia,غرب آسيا,TR-08,,,1,province,Province,Artvin,,Artvin,true,ISO_3166_2,https://www.iso.org/obp/ui/#search,ISO 3166-2 subdivisions via pycountry/isocodes,REFERENCE_DATA_IMPORTED,NEEDS_AR_TRANSLATION,2026-08-05,Administrative subdivision only; cities are imported in later city files.
UPSERT,reg_tr_09,TR,TUR,Türkiye,تركيا,Republic of Türkiye,Asia,آسيا,Western Asia,غرب آسيا,TR-09,,,1,province,Province,Aydın,,Aydın,true,ISO_3166_2,https://www.iso.org/obp/ui/#search,ISO 3166-2 subdivisions via pycountry/isocodes,REFERENCE_DATA_IMPORTED,NEEDS_AR_TRANSLATION,2026-08-05,Administrative subdivision only; cities are imported in later city files.
UPSERT,reg_tr_10,TR,TUR,Türkiye,تركيا,Republic of Türkiye,Asia,آسيا,Western Asia,غرب آسيا,TR-10,,,1,province,Province,Balıkesir,,Balıkesir,true,ISO_3166_2,https://www.iso.org/obp/ui/#search,ISO 3166-2 subdivisions via pycountry/isocodes,REFERENCE_DATA_IMPORTED,NEEDS_AR_TRANSLATION,2026-08-05,Administrative subdivision only; cities are imported in later city files.
UPSERT,reg_tr_11,TR,TUR,Türkiye,تركيا,Republic of Türkiye,Asia,آسيا,Western Asia,غرب آسيا,TR-11,,,1,province,Province,Bilecik,,Bilecik,true,ISO_3166_2,https://www.iso.org/obp/ui/#search,ISO 3166-2 subdivisions via pycountry/isocodes,REFERENCE_DATA_IMPORTED,NEEDS_AR_TRANSLATION,2026-08-05,Administrative subdivision only; cities are imported in later city files.
UPSERT,reg_tr_12,TR,TUR,Türkiye,تركيا,Republic of Türkiye,Asia,آسيا,Western Asia,غرب آسيا,TR-12,,,1,province,Province,Bingöl,,Bingöl,true,ISO_3166_2,https://www.iso.org/obp/ui/#search,ISO 3166-2 subdivisions via pycountry/isocodes,REFERENCE_DATA_IMPORTED,NEEDS_AR_TRANSLATION,2026-08-05,Administrative subdivision only; cities are imported in later city files.
UPSERT,reg_tr_13,TR,TUR,Türkiye,تركيا,Republic of Türkiye,Asia,آسيا,Western Asia,غرب آسيا,TR-13,,,1,province,Province,Bitlis,,Bitlis,true,ISO_3166_2,https://www.iso.org/obp/ui/#search,ISO 3166-2 subdivisions via pycountry/isocodes,REFERENCE_DATA_IMPORTED,NEEDS_AR_TRANSLATION,2026-08-05,Administrative subdivision only; cities are imported in later city files.
UPSERT,reg_tr_14,TR,TUR,Türkiye,تركيا,Republic of Türkiye,Asia,آسيا,Western Asia,غرب آسيا,TR-14,,,1,province,Province,Bolu,,Bolu,true,ISO_3166_2,https://www.iso.org/obp/ui/#search,ISO 3166-2 subdivisions via pycountry/isocodes,REFERENCE_DATA_IMPORTED,NEEDS_AR_TRANSLATION,2026-08-05,Administrative subdivision only; cities are imported in later city files.
UPSERT,reg_tr_15,TR,TUR,Türkiye,تركيا,Republic of Türkiye,Asia,آسيا,Western Asia,غرب آسيا,TR-15,,,1,province,Province,Burdur,,Burdur,true,ISO_3166_2,https://www.iso.org/obp/ui/#search,ISO 3166-2 subdivisions via pycountry/isocodes,REFERENCE_DATA_IMPORTED,NEEDS_AR_TRANSLATION,2026-08-05,Administrative subdivision only; cities are imported in later city files.
UPSERT,reg_tr_16,TR,TUR,Türkiye,تركيا,Republic of Türkiye,Asia,آسيا,Western Asia,غرب آسيا,TR-16,,,1,province,Province,Bursa,,Bursa,true,ISO_3166_2,https://www.iso.org/obp/ui/#search,ISO 3166-2 subdivisions via pycountry/isocodes,REFERENCE_DATA_IMPORTED,NEEDS_AR_TRANSLATION,2026-08-05,Administrative subdivision only; cities are imported in later city files.
UPSERT,reg_tr_17,TR,TUR,Türkiye,تركيا,Republic of Türkiye,Asia,آسيا,Western Asia,غرب آسيا,TR-17,,,1,province,Province,Çanakkale,,Çanakkale,true,ISO_3166_2,https://www.iso.org/obp/ui/#search,ISO 3166-2 subdivisions via pycountry/isocodes,REFERENCE_DATA_IMPORTED,NEEDS_AR_TRANSLATION,2026-08-05,Administrative subdivision only; cities are imported in later city files.
UPSERT,reg_tr_18,TR,TUR,Türkiye,تركيا,Republic of Türkiye,Asia,آسيا,Western Asia,غرب آسيا,TR-18,,,1,province,Province,Çankırı,,Çankırı,true,ISO_3166_2,https://www.iso.org/obp/ui/#search,ISO 3166-2 subdivisions via pycountry/isocodes,REFERENCE_DATA_IMPORTED,NEEDS_AR_TRANSLATION,2026-08-05,Administrative subdivision only; cities are imported in later city files.
UPSERT,reg_tr_19,TR,TUR,Türkiye,تركيا,Republic of Türkiye,Asia,آسيا,Western Asia,غرب آسيا,TR-19,,,1,province,Province,Çorum,,Çorum,true,ISO_3166_2,https://www.iso.org/obp/ui/#search,ISO 3166-2 subdivisions via pycountry/isocodes,REFERENCE_DATA_IMPORTED,NEEDS_AR_TRANSLATION,2026-08-05,Administrative subdivision only; cities are imported in later city files.
UPSERT,reg_tr_20,TR,TUR,Türkiye,تركيا,Republic of Türkiye,Asia,آسيا,Western Asia,غرب آسيا,TR-20,,,1,province,Province,Denizli,,Denizli,true,ISO_3166_2,https://www.iso.org/obp/ui/#search,ISO 3166-2 subdivisions via pycountry/isocodes,REFERENCE_DATA_IMPORTED,NEEDS_AR_TRANSLATION,2026-08-05,Administrative subdivision only; cities are imported in later city files.
UPSERT,reg_tr_21,TR,TUR,Türkiye,تركيا,Republic of Türkiye,Asia,آسيا,Western Asia,غرب آسيا,TR-21,,,1,province,Province,Diyarbakır,,Diyarbakır,true,ISO_3166_2,https://www.iso.org/obp/ui/#search,ISO 3166-2 subdivisions via pycountry/isocodes,REFERENCE_DATA_IMPORTED,NEEDS_AR_TRANSLATION,2026-08-05,Administrative subdivision only; cities are imported in later city files.
UPSERT,reg_tr_22,TR,TUR,Türkiye,تركيا,Republic of Türkiye,Asia,آسيا,Western Asia,غرب آسيا,TR-22,,,1,province,Province,Edirne,,Edirne,true,ISO_3166_2,https://www.iso.org/obp/ui/#search,ISO 3166-2 subdivisions via pycountry/isocodes,REFERENCE_DATA_IMPORTED,NEEDS_AR_TRANSLATION,2026-08-05,Administrative subdivision only; cities are imported in later city files.
UPSERT,reg_tr_23,TR,TUR,Türkiye,تركيا,Republic of Türkiye,Asia,آسيا,Western Asia,غرب آسيا,TR-23,,,1,province,Province,Elazığ,,Elazığ,true,ISO_3166_2,https://www.iso.org/obp/ui/#search,ISO 3166-2 subdivisions via pycountry/isocodes,REFERENCE_DATA_IMPORTED,NEEDS_AR_TRANSLATION,2026-08-05,Administrative subdivision only; cities are imported in later city files.
UPSERT,reg_tr_24,TR,TUR,Türkiye,تركيا,Republic of Türkiye,Asia,آسيا,Western Asia,غرب آسيا,TR-24,,,1,province,Province,Erzincan,,Erzincan,true,ISO_3166_2,https://www.iso.org/obp/ui/#search,ISO 3166-2 subdivisions via pycountry/isocodes,REFERENCE_DATA_IMPORTED,NEEDS_AR_TRANSLATION,2026-08-05,Administrative subdivision only; cities are imported in later city files.
UPSERT,reg_tr_25,TR,TUR,Türkiye,تركيا,Republic of Türkiye,Asia,آسيا,Western Asia,غرب آسيا,TR-25,,,1,province,Province,Erzurum,,Erzurum,true,ISO_3166_2,https://www.iso.org/obp/ui/#search,ISO 3166-2 subdivisions via pycountry/isocodes,REFERENCE_DATA_IMPORTED,NEEDS_AR_TRANSLATION,2026-08-05,Administrative subdivision only; cities are imported in later city files.
UPSERT,reg_tr_26,TR,TUR,Türkiye,تركيا,Republic of Türkiye,Asia,آسيا,Western Asia,غرب آسيا,TR-26,,,1,province,Province,Eskişehir,,Eskişehir,true,ISO_3166_2,https://www.iso.org/obp/ui/#search,ISO 3166-2 subdivisions via pycountry/isocodes,REFERENCE_DATA_IMPORTED,NEEDS_AR_TRANSLATION,2026-08-05,Administrative subdivision only; cities are imported in later city files.
UPSERT,reg_tr_27,TR,TUR,Türkiye,تركيا,Republic of Türkiye,Asia,آسيا,Western Asia,غرب آسيا,TR-27,,,1,province,Province,Gaziantep,,Gaziantep,true,ISO_3166_2,https://www.iso.org/obp/ui/#search,ISO 3166-2 subdivisions via pycountry/isocodes,REFERENCE_DATA_IMPORTED,NEEDS_AR_TRANSLATION,2026-08-05,Administrative subdivision only; cities are imported in later city files.
UPSERT,reg_tr_28,TR,TUR,Türkiye,تركيا,Republic of Türkiye,Asia,آسيا,Western Asia,غرب آسيا,TR-28,,,1,province,Province,Giresun,,Giresun,true,ISO_3166_2,https://www.iso.org/obp/ui/#search,ISO 3166-2 subdivisions via pycountry/isocodes,REFERENCE_DATA_IMPORTED,NEEDS_AR_TRANSLATION,2026-08-05,Administrative subdivision only; cities are imported in later city files.
UPSERT,reg_tr_29,TR,TUR,Türkiye,تركيا,Republic of Türkiye,Asia,آسيا,Western Asia,غرب آسيا,TR-29,,,1,province,Province,Gümüşhane,,Gümüşhane,true,ISO_3166_2,https://www.iso.org/obp/ui/#search,ISO 3166-2 subdivisions via pycountry/isocodes,REFERENCE_DATA_IMPORTED,NEEDS_AR_TRANSLATION,2026-08-05,Administrative subdivision only; cities are imported in later city files.
UPSERT,reg_tr_30,TR,TUR,Türkiye,تركيا,Republic of Türkiye,Asia,آسيا,Western Asia,غرب آسيا,TR-30,,,1,province,Province,Hakkâri,,Hakkâri,true,ISO_3166_2,https://www.iso.org/obp/ui/#search,ISO 3166-2 subdivisions via pycountry/isocodes,REFERENCE_DATA_IMPORTED,NEEDS_AR_TRANSLATION,2026-08-05,Administrative subdivision only; cities are imported in later city files.
UPSERT,reg_tr_31,TR,TUR,Türkiye,تركيا,Republic of Türkiye,Asia,آسيا,Western Asia,غرب آسيا,TR-31,,,1,province,Province,Hatay,,Hatay,true,ISO_3166_2,https://www.iso.org/obp/ui/#search,ISO 3166-2 subdivisions via pycountry/isocodes,REFERENCE_DATA_IMPORTED,NEEDS_AR_TRANSLATION,2026-08-05,Administrative subdivision only; cities are imported in later city files.
UPSERT,reg_tr_32,TR,TUR,Türkiye,تركيا,Republic of Türkiye,Asia,آسيا,Western Asia,غرب آسيا,TR-32,,,1,province,Province,Isparta,,Isparta,true,ISO_3166_2,https://www.iso.org/obp/ui/#search,ISO 3166-2 subdivisions via pycountry/isocodes,REFERENCE_DATA_IMPORTED,NEEDS_AR_TRANSLATION,2026-08-05,Administrative subdivision only; cities are imported in later city files.
UPSERT,reg_tr_33,TR,TUR,Türkiye,تركيا,Republic of Türkiye,Asia,آسيا,Western Asia,غرب آسيا,TR-33,,,1,province,Province,Mersin,,Mersin,true,ISO_3166_2,https://www.iso.org/obp/ui/#search,ISO 3166-2 subdivisions via pycountry/isocodes,REFERENCE_DATA_IMPORTED,NEEDS_AR_TRANSLATION,2026-08-05,Administrative subdivision only; cities are imported in later city files.
UPSERT,reg_tr_34,TR,TUR,Türkiye,تركيا,Republic of Türkiye,Asia,آسيا,Western Asia,غرب آسيا,TR-34,,,1,province,Province,İstanbul,,İstanbul,true,ISO_3166_2,https://www.iso.org/obp/ui/#search,ISO 3166-2 subdivisions via pycountry/isocodes,REFERENCE_DATA_IMPORTED,NEEDS_AR_TRANSLATION,2026-08-05,Administrative subdivision only; cities are imported in later city files.
UPSERT,reg_tr_35,TR,TUR,Türkiye,تركيا,Republic of Türkiye,Asia,آسيا,Western Asia,غرب آسيا,TR-35,,,1,province,Province,İzmir,,İzmir,true,ISO_3166_2,https://www.iso.org/obp/ui/#search,ISO 3166-2 subdivisions via pycountry/isocodes,REFERENCE_DATA_IMPORTED,NEEDS_AR_TRANSLATION,2026-08-05,Administrative subdivision only; cities are imported in later city files.
UPSERT,reg_tr_36,TR,TUR,Türkiye,تركيا,Republic of Türkiye,Asia,آسيا,Western Asia,غرب آسيا,TR-36,,,1,province,Province,Kars,,Kars,true,ISO_3166_2,https://www.iso.org/obp/ui/#search,ISO 3166-2 subdivisions via pycountry/isocodes,REFERENCE_DATA_IMPORTED,NEEDS_AR_TRANSLATION,2026-08-05,Administrative subdivision only; cities are imported in later city files.
UPSERT,reg_tr_37,TR,TUR,Türkiye,تركيا,Republic of Türkiye,Asia,آسيا,Western Asia,غرب آسيا,TR-37,,,1,province,Province,Kastamonu,,Kastamonu,true,ISO_3166_2,https://www.iso.org/obp/ui/#search,ISO 3166-2 subdivisions via pycountry/isocodes,REFERENCE_DATA_IMPORTED,NEEDS_AR_TRANSLATION,2026-08-05,Administrative subdivision only; cities are imported in later city files.
UPSERT,reg_tr_38,TR,TUR,Türkiye,تركيا,Republic of Türkiye,Asia,آسيا,Western Asia,غرب آسيا,TR-38,,,1,province,Province,Kayseri,,Kayseri,true,ISO_3166_2,https://www.iso.org/obp/ui/#search,ISO 3166-2 subdivisions via pycountry/isocodes,REFERENCE_DATA_IMPORTED,NEEDS_AR_TRANSLATION,2026-08-05,Administrative subdivision only; cities are imported in later city files.
UPSERT,reg_tr_39,TR,TUR,Türkiye,تركيا,Republic of Türkiye,Asia,آسيا,Western Asia,غرب آسيا,TR-39,,,1,province,Province,Kırklareli,,Kırklareli,true,ISO_3166_2,https://www.iso.org/obp/ui/#search,ISO 3166-2 subdivisions via pycountry/isocodes,REFERENCE_DATA_IMPORTED,NEEDS_AR_TRANSLATION,2026-08-05,Administrative subdivision only; cities are imported in later city files.
UPSERT,reg_tr_40,TR,TUR,Türkiye,تركيا,Republic of Türkiye,Asia,آسيا,Western Asia,غرب آسيا,TR-40,,,1,province,Province,Kırşehir,,Kırşehir,true,ISO_3166_2,https://www.iso.org/obp/ui/#search,ISO 3166-2 subdivisions via pycountry/isocodes,REFERENCE_DATA_IMPORTED,NEEDS_AR_TRANSLATION,2026-08-05,Administrative subdivision only; cities are imported in later city files.
UPSERT,reg_tr_41,TR,TUR,Türkiye,تركيا,Republic of Türkiye,Asia,آسيا,Western Asia,غرب آسيا,TR-41,,,1,province,Province,Kocaeli,,Kocaeli,true,ISO_3166_2,https://www.iso.org/obp/ui/#search,ISO 3166-2 subdivisions via pycountry/isocodes,REFERENCE_DATA_IMPORTED,NEEDS_AR_TRANSLATION,2026-08-05,Administrative subdivision only; cities are imported in later city files.
UPSERT,reg_tr_42,TR,TUR,Türkiye,تركيا,Republic of Türkiye,Asia,آسيا,Western Asia,غرب آسيا,TR-42,,,1,province,Province,Konya,,Konya,true,ISO_3166_2,https://www.iso.org/obp/ui/#search,ISO 3166-2 subdivisions via pycountry/isocodes,REFERENCE_DATA_IMPORTED,NEEDS_AR_TRANSLATION,2026-08-05,Administrative subdivision only; cities are imported in later city files.
UPSERT,reg_tr_43,TR,TUR,Türkiye,تركيا,Republic of Türkiye,Asia,آسيا,Western Asia,غرب آسيا,TR-43,,,1,province,Province,Kütahya,,Kütahya,true,ISO_3166_2,https://www.iso.org/obp/ui/#search,ISO 3166-2 subdivisions via pycountry/isocodes,REFERENCE_DATA_IMPORTED,NEEDS_AR_TRANSLATION,2026-08-05,Administrative subdivision only; cities are imported in later city files.
UPSERT,reg_tr_44,TR,TUR,Türkiye,تركيا,Republic of Türkiye,Asia,آسيا,Western Asia,غرب آسيا,TR-44,,,1,province,Province,Malatya,,Malatya,true,ISO_3166_2,https://www.iso.org/obp/ui/#search,ISO 3166-2 subdivisions via pycountry/isocodes,REFERENCE_DATA_IMPORTED,NEEDS_AR_TRANSLATION,2026-08-05,Administrative subdivision only; cities are imported in later city files.
UPSERT,reg_tr_45,TR,TUR,Türkiye,تركيا,Republic of Türkiye,Asia,آسيا,Western Asia,غرب آسيا,TR-45,,,1,province,Province,Manisa,,Manisa,true,ISO_3166_2,https://www.iso.org/obp/ui/#search,ISO 3166-2 subdivisions via pycountry/isocodes,REFERENCE_DATA_IMPORTED,NEEDS_AR_TRANSLATION,2026-08-05,Administrative subdivision only; cities are imported in later city files.
UPSERT,reg_tr_46,TR,TUR,Türkiye,تركيا,Republic of Türkiye,Asia,آسيا,Western Asia,غرب آسيا,TR-46,,,1,province,Province,Kahramanmaraş,,Kahramanmaraş,true,ISO_3166_2,https://www.iso.org/obp/ui/#search,ISO 3166-2 subdivisions via pycountry/isocodes,REFERENCE_DATA_IMPORTED,NEEDS_AR_TRANSLATION,2026-08-05,Administrative subdivision only; cities are imported in later city files.
UPSERT,reg_tr_47,TR,TUR,Türkiye,تركيا,Republic of Türkiye,Asia,آسيا,Western Asia,غرب آسيا,TR-47,,,1,province,Province,Mardin,,Mardin,true,ISO_3166_2,https://www.iso.org/obp/ui/#search,ISO 3166-2 subdivisions via pycountry/isocodes,REFERENCE_DATA_IMPORTED,NEEDS_AR_TRANSLATION,2026-08-05,Administrative subdivision only; cities are imported in later city files.
UPSERT,reg_tr_48,TR,TUR,Türkiye,تركيا,Republic of Türkiye,Asia,آسيا,Western Asia,غرب آسيا,TR-48,,,1,province,Province,Muğla,,Muğla,true,ISO_3166_2,https://www.iso.org/obp/ui/#search,ISO 3166-2 subdivisions via pycountry/isocodes,REFERENCE_DATA_IMPORTED,NEEDS_AR_TRANSLATION,2026-08-05,Administrative subdivision only; cities are imported in later city files.
UPSERT,reg_tr_49,TR,TUR,Türkiye,تركيا,Republic of Türkiye,Asia,آسيا,Western Asia,غرب آسيا,TR-49,,,1,province,Province,Muş,,Muş,true,ISO_3166_2,https://www.iso.org/obp/ui/#search,ISO 3166-2 subdivisions via pycountry/isocodes,REFERENCE_DATA_IMPORTED,NEEDS_AR_TRANSLATION,2026-08-05,Administrative subdivision only; cities are imported in later city files.
UPSERT,reg_tr_50,TR,TUR,Türkiye,تركيا,Republic of Türkiye,Asia,آسيا,Western Asia,غرب آسيا,TR-50,,,1,province,Province,Nevşehir,,Nevşehir,true,ISO_3166_2,https://www.iso.org/obp/ui/#search,ISO 3166-2 subdivisions via pycountry/isocodes,REFERENCE_DATA_IMPORTED,NEEDS_AR_TRANSLATION,2026-08-05,Administrative subdivision only; cities are imported in later city files.
UPSERT,reg_tr_51,TR,TUR,Türkiye,تركيا,Republic of Türkiye,Asia,آسيا,Western Asia,غرب آسيا,TR-51,,,1,province,Province,Niğde,,Niğde,true,ISO_3166_2,https://www.iso.org/obp/ui/#search,ISO 3166-2 subdivisions via pycountry/isocodes,REFERENCE_DATA_IMPORTED,NEEDS_AR_TRANSLATION,2026-08-05,Administrative subdivision only; cities are imported in later city files.
UPSERT,reg_tr_52,TR,TUR,Türkiye,تركيا,Republic of Türkiye,Asia,آسيا,Western Asia,غرب آسيا,TR-52,,,1,province,Province,Ordu,,Ordu,true,ISO_3166_2,https://www.iso.org/obp/ui/#search,ISO 3166-2 subdivisions via pycountry/isocodes,REFERENCE_DATA_IMPORTED,NEEDS_AR_TRANSLATION,2026-08-05,Administrative subdivision only; cities are imported in later city files.
UPSERT,reg_tr_53,TR,TUR,Türkiye,تركيا,Republic of Türkiye,Asia,آسيا,Western Asia,غرب آسيا,TR-53,,,1,province,Province,Rize,,Rize,true,ISO_3166_2,https://www.iso.org/obp/ui/#search,ISO 3166-2 subdivisions via pycountry/isocodes,REFERENCE_DATA_IMPORTED,NEEDS_AR_TRANSLATION,2026-08-05,Administrative subdivision only; cities are imported in later city files.
UPSERT,reg_tr_54,TR,TUR,Türkiye,تركيا,Republic of Türkiye,Asia,آسيا,Western Asia,غرب آسيا,TR-54,,,1,province,Province,Sakarya,,Sakarya,true,ISO_3166_2,https://www.iso.org/obp/ui/#search,ISO 3166-2 subdivisions via pycountry/isocodes,REFERENCE_DATA_IMPORTED,NEEDS_AR_TRANSLATION,2026-08-05,Administrative subdivision only; cities are imported in later city files.
UPSERT,reg_tr_55,TR,TUR,Türkiye,تركيا,Republic of Türkiye,Asia,آسيا,Western Asia,غرب آسيا,TR-55,,,1,province,Province,Samsun,,Samsun,true,ISO_3166_2,https://www.iso.org/obp/ui/#search,ISO 3166-2 subdivisions via pycountry/isocodes,REFERENCE_DATA_IMPORTED,NEEDS_AR_TRANSLATION,2026-08-05,Administrative subdivision only; cities are imported in later city files.
UPSERT,reg_tr_56,TR,TUR,Türkiye,تركيا,Republic of Türkiye,Asia,آسيا,Western Asia,غرب آسيا,TR-56,,,1,province,Province,Siirt,,Siirt,true,ISO_3166_2,https://www.iso.org/obp/ui/#search,ISO 3166-2 subdivisions via pycountry/isocodes,REFERENCE_DATA_IMPORTED,NEEDS_AR_TRANSLATION,2026-08-05,Administrative subdivision only; cities are imported in later city files.
UPSERT,reg_tr_57,TR,TUR,Türkiye,تركيا,Republic of Türkiye,Asia,آسيا,Western Asia,غرب آسيا,TR-57,,,1,province,Province,Sinop,,Sinop,true,ISO_3166_2,https://www.iso.org/obp/ui/#search,ISO 3166-2 subdivisions via pycountry/isocodes,REFERENCE_DATA_IMPORTED,NEEDS_AR_TRANSLATION,2026-08-05,Administrative subdivision only; cities are imported in later city files.
UPSERT,reg_tr_58,TR,TUR,Türkiye,تركيا,Republic of Türkiye,Asia,آسيا,Western Asia,غرب آسيا,TR-58,,,1,province,Province,Sivas,,Sivas,true,ISO_3166_2,https://www.iso.org/obp/ui/#search,ISO 3166-2 subdivisions via pycountry/isocodes,REFERENCE_DATA_IMPORTED,NEEDS_AR_TRANSLATION,2026-08-05,Administrative subdivision only; cities are imported in later city files.
UPSERT,reg_tr_59,TR,TUR,Türkiye,تركيا,Republic of Türkiye,Asia,آسيا,Western Asia,غرب آسيا,TR-59,,,1,province,Province,Tekirdağ,,Tekirdağ,true,ISO_3166_2,https://www.iso.org/obp/ui/#search,ISO 3166-2 subdivisions via pycountry/isocodes,REFERENCE_DATA_IMPORTED,NEEDS_AR_TRANSLATION,2026-08-05,Administrative subdivision only; cities are imported in later city files.
UPSERT,reg_tr_60,TR,TUR,Türkiye,تركيا,Republic of Türkiye,Asia,آسيا,Western Asia,غرب آسيا,TR-60,,,1,province,Province,Tokat,,Tokat,true,ISO_3166_2,https://www.iso.org/obp/ui/#search,ISO 3166-2 subdivisions via pycountry/isocodes,REFERENCE_DATA_IMPORTED,NEEDS_AR_TRANSLATION,2026-08-05,Administrative subdivision only; cities are imported in later city files.
UPSERT,reg_tr_61,TR,TUR,Türkiye,تركيا,Republic of Türkiye,Asia,آسيا,Western Asia,غرب آسيا,TR-61,,,1,province,Province,Trabzon,,Trabzon,true,ISO_3166_2,https://www.iso.org/obp/ui/#search,ISO 3166-2 subdivisions via pycountry/isocodes,REFERENCE_DATA_IMPORTED,NEEDS_AR_TRANSLATION,2026-08-05,Administrative subdivision only; cities are imported in later city files.
UPSERT,reg_tr_62,TR,TUR,Türkiye,تركيا,Republic of Türkiye,Asia,آسيا,Western Asia,غرب آسيا,TR-62,,,1,province,Province,Tunceli,,Tunceli,true,ISO_3166_2,https://www.iso.org/obp/ui/#search,ISO 3166-2 subdivisions via pycountry/isocodes,REFERENCE_DATA_IMPORTED,NEEDS_AR_TRANSLATION,2026-08-05,Administrative subdivision only; cities are imported in later city files.
UPSERT,reg_tr_63,TR,TUR,Türkiye,تركيا,Republic of Türkiye,Asia,آسيا,Western Asia,غرب آسيا,TR-63,,,1,province,Province,Şanlıurfa,,Şanlıurfa,true,ISO_3166_2,https://www.iso.org/obp/ui/#search,ISO 3166-2 subdivisions via pycountry/isocodes,REFERENCE_DATA_IMPORTED,NEEDS_AR_TRANSLATION,2026-08-05,Administrative subdivision only; cities are imported in later city files.
UPSERT,reg_tr_64,TR,TUR,Türkiye,تركيا,Republic of Türkiye,Asia,آسيا,Western Asia,غرب آسيا,TR-64,,,1,province,Province,Uşak,,Uşak,true,ISO_3166_2,https://www.iso.org/obp/ui/#search,ISO 3166-2 subdivisions via pycountry/isocodes,REFERENCE_DATA_IMPORTED,NEEDS_AR_TRANSLATION,2026-08-05,Administrative subdivision only; cities are imported in later city files.
UPSERT,reg_tr_65,TR,TUR,Türkiye,تركيا,Republic of Türkiye,Asia,آسيا,Western Asia,غرب آسيا,TR-65,,,1,province,Province,Van,,Van,true,ISO_3166_2,https://www.iso.org/obp/ui/#search,ISO 3166-2 subdivisions via pycountry/isocodes,REFERENCE_DATA_IMPORTED,NEEDS_AR_TRANSLATION,2026-08-05,Administrative subdivision only; cities are imported in later city files.
UPSERT,reg_tr_66,TR,TUR,Türkiye,تركيا,Republic of Türkiye,Asia,آسيا,Western Asia,غرب آسيا,TR-66,,,1,province,Province,Yozgat,,Yozgat,true,ISO_3166_2,https://www.iso.org/obp/ui/#search,ISO 3166-2 subdivisions via pycountry/isocodes,REFERENCE_DATA_IMPORTED,NEEDS_AR_TRANSLATION,2026-08-05,Administrative subdivision only; cities are imported in later city files.
UPSERT,reg_tr_67,TR,TUR,Türkiye,تركيا,Republic of Türkiye,Asia,آسيا,Western Asia,غرب آسيا,TR-67,,,1,province,Province,Zonguldak,,Zonguldak,true,ISO_3166_2,https://www.iso.org/obp/ui/#search,ISO 3166-2 subdivisions via pycountry/isocodes,REFERENCE_DATA_IMPORTED,NEEDS_AR_TRANSLATION,2026-08-05,Administrative subdivision only; cities are imported in later city files.
UPSERT,reg_tr_68,TR,TUR,Türkiye,تركيا,Republic of Türkiye,Asia,آسيا,Western Asia,غرب آسيا,TR-68,,,1,province,Province,Aksaray,,Aksaray,true,ISO_3166_2,https://www.iso.org/obp/ui/#search,ISO 3166-2 subdivisions via pycountry/isocodes,REFERENCE_DATA_IMPORTED,NEEDS_AR_TRANSLATION,2026-08-05,Administrative subdivision only; cities are imported in later city files.
UPSERT,reg_tr_69,TR,TUR,Türkiye,تركيا,Republic of Türkiye,Asia,آسيا,Western Asia,غرب آسيا,TR-69,,,1,province,Province,Bayburt,,Bayburt,true,ISO_3166_2,https://www.iso.org/obp/ui/#search,ISO 3166-2 subdivisions via pycountry/isocodes,REFERENCE_DATA_IMPORTED,NEEDS_AR_TRANSLATION,2026-08-05,Administrative subdivision only; cities are imported in later city files.
UPSERT,reg_tr_70,TR,TUR,Türkiye,تركيا,Republic of Türkiye,Asia,آسيا,Western Asia,غرب آسيا,TR-70,,,1,province,Province,Karaman,,Karaman,true,ISO_3166_2,https://www.iso.org/obp/ui/#search,ISO 3166-2 subdivisions via pycountry/isocodes,REFERENCE_DATA_IMPORTED,NEEDS_AR_TRANSLATION,2026-08-05,Administrative subdivision only; cities are imported in later city files.
UPSERT,reg_tr_71,TR,TUR,Türkiye,تركيا,Republic of Türkiye,Asia,آسيا,Western Asia,غرب آسيا,TR-71,,,1,province,Province,Kırıkkale,,Kırıkkale,true,ISO_3166_2,https://www.iso.org/obp/ui/#search,ISO 3166-2 subdivisions via pycountry/isocodes,REFERENCE_DATA_IMPORTED,NEEDS_AR_TRANSLATION,2026-08-05,Administrative subdivision only; cities are imported in later city files.
UPSERT,reg_tr_72,TR,TUR,Türkiye,تركيا,Republic of Türkiye,Asia,آسيا,Western Asia,غرب آسيا,TR-72,,,1,province,Province,Batman,,Batman,true,ISO_3166_2,https://www.iso.org/obp/ui/#search,ISO 3166-2 subdivisions via pycountry/isocodes,REFERENCE_DATA_IMPORTED,NEEDS_AR_TRANSLATION,2026-08-05,Administrative subdivision only; cities are imported in later city files.
UPSERT,reg_tr_73,TR,TUR,Türkiye,تركيا,Republic of Türkiye,Asia,آسيا,Western Asia,غرب آسيا,TR-73,,,1,province,Province,Şırnak,,Şırnak,true,ISO_3166_2,https://www.iso.org/obp/ui/#search,ISO 3166-2 subdivisions via pycountry/isocodes,REFERENCE_DATA_IMPORTED,NEEDS_AR_TRANSLATION,2026-08-05,Administrative subdivision only; cities are imported in later city files.
UPSERT,reg_tr_74,TR,TUR,Türkiye,تركيا,Republic of Türkiye,Asia,آسيا,Western Asia,غرب آسيا,TR-74,,,1,province,Province,Bartın,,Bartın,true,ISO_3166_2,https://www.iso.org/obp/ui/#search,ISO 3166-2 subdivisions via pycountry/isocodes,REFERENCE_DATA_IMPORTED,NEEDS_AR_TRANSLATION,2026-08-05,Administrative subdivision only; cities are imported in later city files.
UPSERT,reg_tr_75,TR,TUR,Türkiye,تركيا,Republic of Türkiye,Asia,آسيا,Western Asia,غرب آسيا,TR-75,,,1,province,Province,Ardahan,,Ardahan,true,ISO_3166_2,https://www.iso.org/obp/ui/#search,ISO 3166-2 subdivisions via pycountry/isocodes,REFERENCE_DATA_IMPORTED,NEEDS_AR_TRANSLATION,2026-08-05,Administrative subdivision only; cities are imported in later city files.
UPSERT,reg_tr_76,TR,TUR,Türkiye,تركيا,Republic of Türkiye,Asia,آسيا,Western Asia,غرب آسيا,TR-76,,,1,province,Province,Iğdır,,Iğdır,true,ISO_3166_2,https://www.iso.org/obp/ui/#search,ISO 3166-2 subdivisions via pycountry/isocodes,REFERENCE_DATA_IMPORTED,NEEDS_AR_TRANSLATION,2026-08-05,Administrative subdivision only; cities are imported in later city files.
UPSERT,reg_tr_77,TR,TUR,Türkiye,تركيا,Republic of Türkiye,Asia,آسيا,Western Asia,غرب آسيا,TR-77,,,1,province,Province,Yalova,,Yalova,true,ISO_3166_2,https://www.iso.org/obp/ui/#search,ISO 3166-2 subdivisions via pycountry/isocodes,REFERENCE_DATA_IMPORTED,NEEDS_AR_TRANSLATION,2026-08-05,Administrative subdivision only; cities are imported in later city files.
UPSERT,reg_tr_78,TR,TUR,Türkiye,تركيا,Republic of Türkiye,Asia,آسيا,Western Asia,غرب آسيا,TR-78,,,1,province,Province,Karabük,,Karabük,true,ISO_3166_2,https://www.iso.org/obp/ui/#search,ISO 3166-2 subdivisions via pycountry/isocodes,REFERENCE_DATA_IMPORTED,NEEDS_AR_TRANSLATION,2026-08-05,Administrative subdivision only; cities are imported in later city files.
UPSERT,reg_tr_79,TR,TUR,Türkiye,تركيا,Republic of Türkiye,Asia,آسيا,Western Asia,غرب آسيا,TR-79,,,1,province,Province,Kilis,,Kilis,true,ISO_3166_2,https://www.iso.org/obp/ui/#search,ISO 3166-2 subdivisions via pycountry/isocodes,REFERENCE_DATA_IMPORTED,NEEDS_AR_TRANSLATION,2026-08-05,Administrative subdivision only; cities are imported in later city files.
UPSERT,reg_tr_80,TR,TUR,Türkiye,تركيا,Republic of Türkiye,Asia,آسيا,Western Asia,غرب آسيا,TR-80,,,1,province,Province,Osmaniye,,Osmaniye,true,ISO_3166_2,https://www.iso.org/obp/ui/#search,ISO 3166-2 subdivisions via pycountry/isocodes,REFERENCE_DATA_IMPORTED,NEEDS_AR_TRANSLATION,2026-08-05,Administrative subdivision only; cities are imported in later city files.
UPSERT,reg_tr_81,TR,TUR,Türkiye,تركيا,Republic of Türkiye,Asia,آسيا,Western Asia,غرب آسيا,TR-81,,,1,province,Province,Düzce,,Düzce,true,ISO_3166_2,https://www.iso.org/obp/ui/#search,ISO 3166-2 subdivisions via pycountry/isocodes,REFERENCE_DATA_IMPORTED,NEEDS_AR_TRANSLATION,2026-08-05,Administrative subdivision only; cities are imported in later city files.
UPSERT,reg_uz_an,UZ,UZB,Uzbekistan,أوزبكستان,Republic of Uzbekistan,Asia,آسيا,Central Asia,آسيا الوسطى,UZ-AN,,,1,region,Region,Andijon,,Andijon,true,ISO_3166_2,https://www.iso.org/obp/ui/#search,ISO 3166-2 subdivisions via pycountry/isocodes,REFERENCE_DATA_IMPORTED,NEEDS_AR_TRANSLATION,2026-08-05,Administrative subdivision only; cities are imported in later city files.
UPSERT,reg_uz_bu,UZ,UZB,Uzbekistan,أوزبكستان,Republic of Uzbekistan,Asia,آسيا,Central Asia,آسيا الوسطى,UZ-BU,,,1,region,Region,Buxoro,,Buxoro,true,ISO_3166_2,https://www.iso.org/obp/ui/#search,ISO 3166-2 subdivisions via pycountry/isocodes,REFERENCE_DATA_IMPORTED,NEEDS_AR_TRANSLATION,2026-08-05,Administrative subdivision only; cities are imported in later city files.
UPSERT,reg_uz_fa,UZ,UZB,Uzbekistan,أوزبكستان,Republic of Uzbekistan,Asia,آسيا,Central Asia,آسيا الوسطى,UZ-FA,,,1,region,Region,Farg‘ona,,Farg‘ona,true,ISO_3166_2,https://www.iso.org/obp/ui/#search,ISO 3166-2 subdivisions via pycountry/isocodes,REFERENCE_DATA_IMPORTED,NEEDS_AR_TRANSLATION,2026-08-05,Administrative subdivision only; cities are imported in later city files.
UPSERT,reg_uz_ji,UZ,UZB,Uzbekistan,أوزبكستان,Republic of Uzbekistan,Asia,آسيا,Central Asia,آسيا الوسطى,UZ-JI,,,1,region,Region,Jizzax,,Jizzax,true,ISO_3166_2,https://www.iso.org/obp/ui/#search,ISO 3166-2 subdivisions via pycountry/isocodes,REFERENCE_DATA_IMPORTED,NEEDS_AR_TRANSLATION,2026-08-05,Administrative subdivision only; cities are imported in later city files.
UPSERT,reg_uz_ng,UZ,UZB,Uzbekistan,أوزبكستان,Republic of Uzbekistan,Asia,آسيا,Central Asia,آسيا الوسطى,UZ-NG,,,1,region,Region,Namangan,,Namangan,true,ISO_3166_2,https://www.iso.org/obp/ui/#search,ISO 3166-2 subdivisions via pycountry/isocodes,REFERENCE_DATA_IMPORTED,NEEDS_AR_TRANSLATION,2026-08-05,Administrative subdivision only; cities are imported in later city files.
UPSERT,reg_uz_nw,UZ,UZB,Uzbekistan,أوزبكستان,Republic of Uzbekistan,Asia,آسيا,Central Asia,آسيا الوسطى,UZ-NW,,,1,region,Region,Navoiy,,Navoiy,true,ISO_3166_2,https://www.iso.org/obp/ui/#search,ISO 3166-2 subdivisions via pycountry/isocodes,REFERENCE_DATA_IMPORTED,NEEDS_AR_TRANSLATION,2026-08-05,Administrative subdivision only; cities are imported in later city files.
UPSERT,reg_uz_qa,UZ,UZB,Uzbekistan,أوزبكستان,Republic of Uzbekistan,Asia,آسيا,Central Asia,آسيا الوسطى,UZ-QA,,,1,region,Region,Qashqadaryo,,Qashqadaryo,true,ISO_3166_2,https://www.iso.org/obp/ui/#search,ISO 3166-2 subdivisions via pycountry/isocodes,REFERENCE_DATA_IMPORTED,NEEDS_AR_TRANSLATION,2026-08-05,Administrative subdivision only; cities are imported in later city files.
UPSERT,reg_uz_qr,UZ,UZB,Uzbekistan,أوزبكستان,Republic of Uzbekistan,Asia,آسيا,Central Asia,آسيا الوسطى,UZ-QR,,,1,republic,Republic,Qoraqalpog‘iston Respublikasi,,Qoraqalpog‘iston Respublikasi,true,ISO_3166_2,https://www.iso.org/obp/ui/#search,ISO 3166-2 subdivisions via pycountry/isocodes,REFERENCE_DATA_IMPORTED,NEEDS_AR_TRANSLATION,2026-08-05,Administrative subdivision only; cities are imported in later city files.
UPSERT,reg_uz_sa,UZ,UZB,Uzbekistan,أوزبكستان,Republic of Uzbekistan,Asia,آسيا,Central Asia,آسيا الوسطى,UZ-SA,,,1,region,Region,Samarqand,,Samarqand,true,ISO_3166_2,https://www.iso.org/obp/ui/#search,ISO 3166-2 subdivisions via pycountry/isocodes,REFERENCE_DATA_IMPORTED,NEEDS_AR_TRANSLATION,2026-08-05,Administrative subdivision only; cities are imported in later city files.
UPSERT,reg_uz_si,UZ,UZB,Uzbekistan,أوزبكستان,Republic of Uzbekistan,Asia,آسيا,Central Asia,آسيا الوسطى,UZ-SI,,,1,region,Region,Sirdaryo,,Sirdaryo,true,ISO_3166_2,https://www.iso.org/obp/ui/#search,ISO 3166-2 subdivisions via pycountry/isocodes,REFERENCE_DATA_IMPORTED,NEEDS_AR_TRANSLATION,2026-08-05,Administrative subdivision only; cities are imported in later city files.
UPSERT,reg_uz_su,UZ,UZB,Uzbekistan,أوزبكستان,Republic of Uzbekistan,Asia,آسيا,Central Asia,آسيا الوسطى,UZ-SU,,,1,region,Region,Surxondaryo,,Surxondaryo,true,ISO_3166_2,https://www.iso.org/obp/ui/#search,ISO 3166-2 subdivisions via pycountry/isocodes,REFERENCE_DATA_IMPORTED,NEEDS_AR_TRANSLATION,2026-08-05,Administrative subdivision only; cities are imported in later city files.
UPSERT,reg_uz_tk,UZ,UZB,Uzbekistan,أوزبكستان,Republic of Uzbekistan,Asia,آسيا,Central Asia,آسيا الوسطى,UZ-TK,,,1,city,City,Toshkent,,Toshkent,true,ISO_3166_2,https://www.iso.org/obp/ui/#search,ISO 3166-2 subdivisions via pycountry/isocodes,REFERENCE_DATA_IMPORTED,NEEDS_AR_TRANSLATION,2026-08-05,Administrative subdivision only; cities are imported in later city files.
UPSERT,reg_uz_to,UZ,UZB,Uzbekistan,أوزبكستان,Republic of Uzbekistan,Asia,آسيا,Central Asia,آسيا الوسطى,UZ-TO,,,1,region,Region,Toshkent,,Toshkent,true,ISO_3166_2,https://www.iso.org/obp/ui/#search,ISO 3166-2 subdivisions via pycountry/isocodes,REFERENCE_DATA_IMPORTED,NEEDS_AR_TRANSLATION,2026-08-05,Administrative subdivision only; cities are imported in later city files.
UPSERT,reg_uz_xo,UZ,UZB,Uzbekistan,أوزبكستان,Republic of Uzbekistan,Asia,آسيا,Central Asia,آسيا الوسطى,UZ-XO,,,1,region,Region,Xorazm,,Xorazm,true,ISO_3166_2,https://www.iso.org/obp/ui/#search,ISO 3166-2 subdivisions via pycountry/isocodes,REFERENCE_DATA_IMPORTED,NEEDS_AR_TRANSLATION,2026-08-05,Administrative subdivision only; cities are imported in later city files.
UPSERT,reg_vn_01,VN,VNM,Viet Nam,فيتنام,Socialist Republic of Viet Nam,Asia,آسيا,South-Eastern Asia,جنوب شرق آسيا,VN-01,,,1,province,Province,Lai Châu,,Lai Châu,true,ISO_3166_2,https://www.iso.org/obp/ui/#search,ISO 3166-2 subdivisions via pycountry/isocodes,REFERENCE_DATA_IMPORTED,NEEDS_AR_TRANSLATION,2026-08-05,Administrative subdivision only; cities are imported in later city files.
UPSERT,reg_vn_02,VN,VNM,Viet Nam,فيتنام,Socialist Republic of Viet Nam,Asia,آسيا,South-Eastern Asia,جنوب شرق آسيا,VN-02,,,1,province,Province,Lào Cai,,Lào Cai,true,ISO_3166_2,https://www.iso.org/obp/ui/#search,ISO 3166-2 subdivisions via pycountry/isocodes,REFERENCE_DATA_IMPORTED,NEEDS_AR_TRANSLATION,2026-08-05,Administrative subdivision only; cities are imported in later city files.
UPSERT,reg_vn_03,VN,VNM,Viet Nam,فيتنام,Socialist Republic of Viet Nam,Asia,آسيا,South-Eastern Asia,جنوب شرق آسيا,VN-03,,,1,province,Province,Hà Giang,,Hà Giang,true,ISO_3166_2,https://www.iso.org/obp/ui/#search,ISO 3166-2 subdivisions via pycountry/isocodes,REFERENCE_DATA_IMPORTED,NEEDS_AR_TRANSLATION,2026-08-05,Administrative subdivision only; cities are imported in later city files.
UPSERT,reg_vn_04,VN,VNM,Viet Nam,فيتنام,Socialist Republic of Viet Nam,Asia,آسيا,South-Eastern Asia,جنوب شرق آسيا,VN-04,,,1,province,Province,Cao Bằng,,Cao Bằng,true,ISO_3166_2,https://www.iso.org/obp/ui/#search,ISO 3166-2 subdivisions via pycountry/isocodes,REFERENCE_DATA_IMPORTED,NEEDS_AR_TRANSLATION,2026-08-05,Administrative subdivision only; cities are imported in later city files.
UPSERT,reg_vn_05,VN,VNM,Viet Nam,فيتنام,Socialist Republic of Viet Nam,Asia,آسيا,South-Eastern Asia,جنوب شرق آسيا,VN-05,,,1,province,Province,Sơn La,,Sơn La,true,ISO_3166_2,https://www.iso.org/obp/ui/#search,ISO 3166-2 subdivisions via pycountry/isocodes,REFERENCE_DATA_IMPORTED,NEEDS_AR_TRANSLATION,2026-08-05,Administrative subdivision only; cities are imported in later city files.
UPSERT,reg_vn_06,VN,VNM,Viet Nam,فيتنام,Socialist Republic of Viet Nam,Asia,آسيا,South-Eastern Asia,جنوب شرق آسيا,VN-06,,,1,province,Province,Yên Bái,,Yên Bái,true,ISO_3166_2,https://www.iso.org/obp/ui/#search,ISO 3166-2 subdivisions via pycountry/isocodes,REFERENCE_DATA_IMPORTED,NEEDS_AR_TRANSLATION,2026-08-05,Administrative subdivision only; cities are imported in later city files.
UPSERT,reg_vn_07,VN,VNM,Viet Nam,فيتنام,Socialist Republic of Viet Nam,Asia,آسيا,South-Eastern Asia,جنوب شرق آسيا,VN-07,,,1,province,Province,Tuyên Quang,,Tuyên Quang,true,ISO_3166_2,https://www.iso.org/obp/ui/#search,ISO 3166-2 subdivisions via pycountry/isocodes,REFERENCE_DATA_IMPORTED,NEEDS_AR_TRANSLATION,2026-08-05,Administrative subdivision only; cities are imported in later city files.
UPSERT,reg_vn_09,VN,VNM,Viet Nam,فيتنام,Socialist Republic of Viet Nam,Asia,آسيا,South-Eastern Asia,جنوب شرق آسيا,VN-09,,,1,province,Province,Lạng Sơn,,Lạng Sơn,true,ISO_3166_2,https://www.iso.org/obp/ui/#search,ISO 3166-2 subdivisions via pycountry/isocodes,REFERENCE_DATA_IMPORTED,NEEDS_AR_TRANSLATION,2026-08-05,Administrative subdivision only; cities are imported in later city files.
UPSERT,reg_vn_13,VN,VNM,Viet Nam,فيتنام,Socialist Republic of Viet Nam,Asia,آسيا,South-Eastern Asia,جنوب شرق آسيا,VN-13,,,1,province,Province,Quảng Ninh,,Quảng Ninh,true,ISO_3166_2,https://www.iso.org/obp/ui/#search,ISO 3166-2 subdivisions via pycountry/isocodes,REFERENCE_DATA_IMPORTED,NEEDS_AR_TRANSLATION,2026-08-05,Administrative subdivision only; cities are imported in later city files.
UPSERT,reg_vn_14,VN,VNM,Viet Nam,فيتنام,Socialist Republic of Viet Nam,Asia,آسيا,South-Eastern Asia,جنوب شرق آسيا,VN-14,,,1,province,Province,Hòa Bình,,Hòa Bình,true,ISO_3166_2,https://www.iso.org/obp/ui/#search,ISO 3166-2 subdivisions via pycountry/isocodes,REFERENCE_DATA_IMPORTED,NEEDS_AR_TRANSLATION,2026-08-05,Administrative subdivision only; cities are imported in later city files.
UPSERT,reg_vn_18,VN,VNM,Viet Nam,فيتنام,Socialist Republic of Viet Nam,Asia,آسيا,South-Eastern Asia,جنوب شرق آسيا,VN-18,,,1,province,Province,Ninh Bình,,Ninh Bình,true,ISO_3166_2,https://www.iso.org/obp/ui/#search,ISO 3166-2 subdivisions via pycountry/isocodes,REFERENCE_DATA_IMPORTED,NEEDS_AR_TRANSLATION,2026-08-05,Administrative subdivision only; cities are imported in later city files.
UPSERT,reg_vn_20,VN,VNM,Viet Nam,فيتنام,Socialist Republic of Viet Nam,Asia,آسيا,South-Eastern Asia,جنوب شرق آسيا,VN-20,,,1,province,Province,Thái Bình,,Thái Bình,true,ISO_3166_2,https://www.iso.org/obp/ui/#search,ISO 3166-2 subdivisions via pycountry/isocodes,REFERENCE_DATA_IMPORTED,NEEDS_AR_TRANSLATION,2026-08-05,Administrative subdivision only; cities are imported in later city files.
UPSERT,reg_vn_21,VN,VNM,Viet Nam,فيتنام,Socialist Republic of Viet Nam,Asia,آسيا,South-Eastern Asia,جنوب شرق آسيا,VN-21,,,1,province,Province,Thanh Hóa,,Thanh Hóa,true,ISO_3166_2,https://www.iso.org/obp/ui/#search,ISO 3166-2 subdivisions via pycountry/isocodes,REFERENCE_DATA_IMPORTED,NEEDS_AR_TRANSLATION,2026-08-05,Administrative subdivision only; cities are imported in later city files.
UPSERT,reg_vn_22,VN,VNM,Viet Nam,فيتنام,Socialist Republic of Viet Nam,Asia,آسيا,South-Eastern Asia,جنوب شرق آسيا,VN-22,,,1,province,Province,Nghệ An,,Nghệ An,true,ISO_3166_2,https://www.iso.org/obp/ui/#search,ISO 3166-2 subdivisions via pycountry/isocodes,REFERENCE_DATA_IMPORTED,NEEDS_AR_TRANSLATION,2026-08-05,Administrative subdivision only; cities are imported in later city files.
UPSERT,reg_vn_23,VN,VNM,Viet Nam,فيتنام,Socialist Republic of Viet Nam,Asia,آسيا,South-Eastern Asia,جنوب شرق آسيا,VN-23,,,1,province,Province,Hà Tĩnh,,Hà Tĩnh,true,ISO_3166_2,https://www.iso.org/obp/ui/#search,ISO 3166-2 subdivisions via pycountry/isocodes,REFERENCE_DATA_IMPORTED,NEEDS_AR_TRANSLATION,2026-08-05,Administrative subdivision only; cities are imported in later city files.
UPSERT,reg_vn_24,VN,VNM,Viet Nam,فيتنام,Socialist Republic of Viet Nam,Asia,آسيا,South-Eastern Asia,جنوب شرق آسيا,VN-24,,,1,province,Province,Quảng Bình,,Quảng Bình,true,ISO_3166_2,https://www.iso.org/obp/ui/#search,ISO 3166-2 subdivisions via pycountry/isocodes,REFERENCE_DATA_IMPORTED,NEEDS_AR_TRANSLATION,2026-08-05,Administrative subdivision only; cities are imported in later city files.
UPSERT,reg_vn_25,VN,VNM,Viet Nam,فيتنام,Socialist Republic of Viet Nam,Asia,آسيا,South-Eastern Asia,جنوب شرق آسيا,VN-25,,,1,province,Province,Quảng Trị,,Quảng Trị,true,ISO_3166_2,https://www.iso.org/obp/ui/#search,ISO 3166-2 subdivisions via pycountry/isocodes,REFERENCE_DATA_IMPORTED,NEEDS_AR_TRANSLATION,2026-08-05,Administrative subdivision only; cities are imported in later city files.
UPSERT,reg_vn_26,VN,VNM,Viet Nam,فيتنام,Socialist Republic of Viet Nam,Asia,آسيا,South-Eastern Asia,جنوب شرق آسيا,VN-26,,,1,province,Province,Thừa Thiên-Huế,,Thừa Thiên-Huế,true,ISO_3166_2,https://www.iso.org/obp/ui/#search,ISO 3166-2 subdivisions via pycountry/isocodes,REFERENCE_DATA_IMPORTED,NEEDS_AR_TRANSLATION,2026-08-05,Administrative subdivision only; cities are imported in later city files.
UPSERT,reg_vn_27,VN,VNM,Viet Nam,فيتنام,Socialist Republic of Viet Nam,Asia,آسيا,South-Eastern Asia,جنوب شرق آسيا,VN-27,,,1,province,Province,Quảng Nam,,Quảng Nam,true,ISO_3166_2,https://www.iso.org/obp/ui/#search,ISO 3166-2 subdivisions via pycountry/isocodes,REFERENCE_DATA_IMPORTED,NEEDS_AR_TRANSLATION,2026-08-05,Administrative subdivision only; cities are imported in later city files.
UPSERT,reg_vn_28,VN,VNM,Viet Nam,فيتنام,Socialist Republic of Viet Nam,Asia,آسيا,South-Eastern Asia,جنوب شرق آسيا,VN-28,,,1,province,Province,Kon Tum,,Kon Tum,true,ISO_3166_2,https://www.iso.org/obp/ui/#search,ISO 3166-2 subdivisions via pycountry/isocodes,REFERENCE_DATA_IMPORTED,NEEDS_AR_TRANSLATION,2026-08-05,Administrative subdivision only; cities are imported in later city files.
UPSERT,reg_vn_29,VN,VNM,Viet Nam,فيتنام,Socialist Republic of Viet Nam,Asia,آسيا,South-Eastern Asia,جنوب شرق آسيا,VN-29,,,1,province,Province,Quảng Ngãi,,Quảng Ngãi,true,ISO_3166_2,https://www.iso.org/obp/ui/#search,ISO 3166-2 subdivisions via pycountry/isocodes,REFERENCE_DATA_IMPORTED,NEEDS_AR_TRANSLATION,2026-08-05,Administrative subdivision only; cities are imported in later city files.
UPSERT,reg_vn_30,VN,VNM,Viet Nam,فيتنام,Socialist Republic of Viet Nam,Asia,آسيا,South-Eastern Asia,جنوب شرق آسيا,VN-30,,,1,province,Province,Gia Lai,,Gia Lai,true,ISO_3166_2,https://www.iso.org/obp/ui/#search,ISO 3166-2 subdivisions via pycountry/isocodes,REFERENCE_DATA_IMPORTED,NEEDS_AR_TRANSLATION,2026-08-05,Administrative subdivision only; cities are imported in later city files.
UPSERT,reg_vn_31,VN,VNM,Viet Nam,فيتنام,Socialist Republic of Viet Nam,Asia,آسيا,South-Eastern Asia,جنوب شرق آسيا,VN-31,,,1,province,Province,Bình Định,,Bình Định,true,ISO_3166_2,https://www.iso.org/obp/ui/#search,ISO 3166-2 subdivisions via pycountry/isocodes,REFERENCE_DATA_IMPORTED,NEEDS_AR_TRANSLATION,2026-08-05,Administrative subdivision only; cities are imported in later city files.
UPSERT,reg_vn_32,VN,VNM,Viet Nam,فيتنام,Socialist Republic of Viet Nam,Asia,آسيا,South-Eastern Asia,جنوب شرق آسيا,VN-32,,,1,province,Province,Phú Yên,,Phú Yên,true,ISO_3166_2,https://www.iso.org/obp/ui/#search,ISO 3166-2 subdivisions via pycountry/isocodes,REFERENCE_DATA_IMPORTED,NEEDS_AR_TRANSLATION,2026-08-05,Administrative subdivision only; cities are imported in later city files.
UPSERT,reg_vn_33,VN,VNM,Viet Nam,فيتنام,Socialist Republic of Viet Nam,Asia,آسيا,South-Eastern Asia,جنوب شرق آسيا,VN-33,,,1,province,Province,Đắk Lắk,,Đắk Lắk,true,ISO_3166_2,https://www.iso.org/obp/ui/#search,ISO 3166-2 subdivisions via pycountry/isocodes,REFERENCE_DATA_IMPORTED,NEEDS_AR_TRANSLATION,2026-08-05,Administrative subdivision only; cities are imported in later city files.
UPSERT,reg_vn_34,VN,VNM,Viet Nam,فيتنام,Socialist Republic of Viet Nam,Asia,آسيا,South-Eastern Asia,جنوب شرق آسيا,VN-34,,,1,province,Province,Khánh Hòa,,Khánh Hòa,true,ISO_3166_2,https://www.iso.org/obp/ui/#search,ISO 3166-2 subdivisions via pycountry/isocodes,REFERENCE_DATA_IMPORTED,NEEDS_AR_TRANSLATION,2026-08-05,Administrative subdivision only; cities are imported in later city files.
UPSERT,reg_vn_35,VN,VNM,Viet Nam,فيتنام,Socialist Republic of Viet Nam,Asia,آسيا,South-Eastern Asia,جنوب شرق آسيا,VN-35,,,1,province,Province,Lâm Đồng,,Lâm Đồng,true,ISO_3166_2,https://www.iso.org/obp/ui/#search,ISO 3166-2 subdivisions via pycountry/isocodes,REFERENCE_DATA_IMPORTED,NEEDS_AR_TRANSLATION,2026-08-05,Administrative subdivision only; cities are imported in later city files.
UPSERT,reg_vn_36,VN,VNM,Viet Nam,فيتنام,Socialist Republic of Viet Nam,Asia,آسيا,South-Eastern Asia,جنوب شرق آسيا,VN-36,,,1,province,Province,Ninh Thuận,,Ninh Thuận,true,ISO_3166_2,https://www.iso.org/obp/ui/#search,ISO 3166-2 subdivisions via pycountry/isocodes,REFERENCE_DATA_IMPORTED,NEEDS_AR_TRANSLATION,2026-08-05,Administrative subdivision only; cities are imported in later city files.
UPSERT,reg_vn_37,VN,VNM,Viet Nam,فيتنام,Socialist Republic of Viet Nam,Asia,آسيا,South-Eastern Asia,جنوب شرق آسيا,VN-37,,,1,province,Province,Tây Ninh,,Tây Ninh,true,ISO_3166_2,https://www.iso.org/obp/ui/#search,ISO 3166-2 subdivisions via pycountry/isocodes,REFERENCE_DATA_IMPORTED,NEEDS_AR_TRANSLATION,2026-08-05,Administrative subdivision only; cities are imported in later city files.
UPSERT,reg_vn_39,VN,VNM,Viet Nam,فيتنام,Socialist Republic of Viet Nam,Asia,آسيا,South-Eastern Asia,جنوب شرق آسيا,VN-39,,,1,province,Province,Đồng Nai,,Đồng Nai,true,ISO_3166_2,https://www.iso.org/obp/ui/#search,ISO 3166-2 subdivisions via pycountry/isocodes,REFERENCE_DATA_IMPORTED,NEEDS_AR_TRANSLATION,2026-08-05,Administrative subdivision only; cities are imported in later city files.
UPSERT,reg_vn_40,VN,VNM,Viet Nam,فيتنام,Socialist Republic of Viet Nam,Asia,آسيا,South-Eastern Asia,جنوب شرق آسيا,VN-40,,,1,province,Province,Bình Thuận,,Bình Thuận,true,ISO_3166_2,https://www.iso.org/obp/ui/#search,ISO 3166-2 subdivisions via pycountry/isocodes,REFERENCE_DATA_IMPORTED,NEEDS_AR_TRANSLATION,2026-08-05,Administrative subdivision only; cities are imported in later city files.
UPSERT,reg_vn_41,VN,VNM,Viet Nam,فيتنام,Socialist Republic of Viet Nam,Asia,آسيا,South-Eastern Asia,جنوب شرق آسيا,VN-41,,,1,province,Province,Long An,,Long An,true,ISO_3166_2,https://www.iso.org/obp/ui/#search,ISO 3166-2 subdivisions via pycountry/isocodes,REFERENCE_DATA_IMPORTED,NEEDS_AR_TRANSLATION,2026-08-05,Administrative subdivision only; cities are imported in later city files.
UPSERT,reg_vn_43,VN,VNM,Viet Nam,فيتنام,Socialist Republic of Viet Nam,Asia,آسيا,South-Eastern Asia,جنوب شرق آسيا,VN-43,,,1,province,Province,Bà Rịa - Vũng Tàu,,Bà Rịa - Vũng Tàu,true,ISO_3166_2,https://www.iso.org/obp/ui/#search,ISO 3166-2 subdivisions via pycountry/isocodes,REFERENCE_DATA_IMPORTED,NEEDS_AR_TRANSLATION,2026-08-05,Administrative subdivision only; cities are imported in later city files.
UPSERT,reg_vn_44,VN,VNM,Viet Nam,فيتنام,Socialist Republic of Viet Nam,Asia,آسيا,South-Eastern Asia,جنوب شرق آسيا,VN-44,,,1,province,Province,An Giang,,An Giang,true,ISO_3166_2,https://www.iso.org/obp/ui/#search,ISO 3166-2 subdivisions via pycountry/isocodes,REFERENCE_DATA_IMPORTED,NEEDS_AR_TRANSLATION,2026-08-05,Administrative subdivision only; cities are imported in later city files.
UPSERT,reg_vn_45,VN,VNM,Viet Nam,فيتنام,Socialist Republic of Viet Nam,Asia,آسيا,South-Eastern Asia,جنوب شرق آسيا,VN-45,,,1,province,Province,Đồng Tháp,,Đồng Tháp,true,ISO_3166_2,https://www.iso.org/obp/ui/#search,ISO 3166-2 subdivisions via pycountry/isocodes,REFERENCE_DATA_IMPORTED,NEEDS_AR_TRANSLATION,2026-08-05,Administrative subdivision only; cities are imported in later city files.
UPSERT,reg_vn_46,VN,VNM,Viet Nam,فيتنام,Socialist Republic of Viet Nam,Asia,آسيا,South-Eastern Asia,جنوب شرق آسيا,VN-46,,,1,province,Province,Tiền Giang,,Tiền Giang,true,ISO_3166_2,https://www.iso.org/obp/ui/#search,ISO 3166-2 subdivisions via pycountry/isocodes,REFERENCE_DATA_IMPORTED,NEEDS_AR_TRANSLATION,2026-08-05,Administrative subdivision only; cities are imported in later city files.
UPSERT,reg_vn_47,VN,VNM,Viet Nam,فيتنام,Socialist Republic of Viet Nam,Asia,آسيا,South-Eastern Asia,جنوب شرق آسيا,VN-47,,,1,province,Province,Kiến Giang,,Kiến Giang,true,ISO_3166_2,https://www.iso.org/obp/ui/#search,ISO 3166-2 subdivisions via pycountry/isocodes,REFERENCE_DATA_IMPORTED,NEEDS_AR_TRANSLATION,2026-08-05,Administrative subdivision only; cities are imported in later city files.
UPSERT,reg_vn_49,VN,VNM,Viet Nam,فيتنام,Socialist Republic of Viet Nam,Asia,آسيا,South-Eastern Asia,جنوب شرق آسيا,VN-49,,,1,province,Province,Vĩnh Long,,Vĩnh Long,true,ISO_3166_2,https://www.iso.org/obp/ui/#search,ISO 3166-2 subdivisions via pycountry/isocodes,REFERENCE_DATA_IMPORTED,NEEDS_AR_TRANSLATION,2026-08-05,Administrative subdivision only; cities are imported in later city files.
UPSERT,reg_vn_50,VN,VNM,Viet Nam,فيتنام,Socialist Republic of Viet Nam,Asia,آسيا,South-Eastern Asia,جنوب شرق آسيا,VN-50,,,1,province,Province,Bến Tre,,Bến Tre,true,ISO_3166_2,https://www.iso.org/obp/ui/#search,ISO 3166-2 subdivisions via pycountry/isocodes,REFERENCE_DATA_IMPORTED,NEEDS_AR_TRANSLATION,2026-08-05,Administrative subdivision only; cities are imported in later city files.
UPSERT,reg_vn_51,VN,VNM,Viet Nam,فيتنام,Socialist Republic of Viet Nam,Asia,آسيا,South-Eastern Asia,جنوب شرق آسيا,VN-51,,,1,province,Province,Trà Vinh,,Trà Vinh,true,ISO_3166_2,https://www.iso.org/obp/ui/#search,ISO 3166-2 subdivisions via pycountry/isocodes,REFERENCE_DATA_IMPORTED,NEEDS_AR_TRANSLATION,2026-08-05,Administrative subdivision only; cities are imported in later city files.
UPSERT,reg_vn_52,VN,VNM,Viet Nam,فيتنام,Socialist Republic of Viet Nam,Asia,آسيا,South-Eastern Asia,جنوب شرق آسيا,VN-52,,,1,province,Province,Sóc Trăng,,Sóc Trăng,true,ISO_3166_2,https://www.iso.org/obp/ui/#search,ISO 3166-2 subdivisions via pycountry/isocodes,REFERENCE_DATA_IMPORTED,NEEDS_AR_TRANSLATION,2026-08-05,Administrative subdivision only; cities are imported in later city files.
UPSERT,reg_vn_53,VN,VNM,Viet Nam,فيتنام,Socialist Republic of Viet Nam,Asia,آسيا,South-Eastern Asia,جنوب شرق آسيا,VN-53,,,1,province,Province,Bắc Kạn,,Bắc Kạn,true,ISO_3166_2,https://www.iso.org/obp/ui/#search,ISO 3166-2 subdivisions via pycountry/isocodes,REFERENCE_DATA_IMPORTED,NEEDS_AR_TRANSLATION,2026-08-05,Administrative subdivision only; cities are imported in later city files.
UPSERT,reg_vn_54,VN,VNM,Viet Nam,فيتنام,Socialist Republic of Viet Nam,Asia,آسيا,South-Eastern Asia,جنوب شرق آسيا,VN-54,,,1,province,Province,Bắc Giang,,Bắc Giang,true,ISO_3166_2,https://www.iso.org/obp/ui/#search,ISO 3166-2 subdivisions via pycountry/isocodes,REFERENCE_DATA_IMPORTED,NEEDS_AR_TRANSLATION,2026-08-05,Administrative subdivision only; cities are imported in later city files.
UPSERT,reg_vn_55,VN,VNM,Viet Nam,فيتنام,Socialist Republic of Viet Nam,Asia,آسيا,South-Eastern Asia,جنوب شرق آسيا,VN-55,,,1,province,Province,Bạc Liêu,,Bạc Liêu,true,ISO_3166_2,https://www.iso.org/obp/ui/#search,ISO 3166-2 subdivisions via pycountry/isocodes,REFERENCE_DATA_IMPORTED,NEEDS_AR_TRANSLATION,2026-08-05,Administrative subdivision only; cities are imported in later city files.
UPSERT,reg_vn_56,VN,VNM,Viet Nam,فيتنام,Socialist Republic of Viet Nam,Asia,آسيا,South-Eastern Asia,جنوب شرق آسيا,VN-56,,,1,province,Province,Bắc Ninh,,Bắc Ninh,true,ISO_3166_2,https://www.iso.org/obp/ui/#search,ISO 3166-2 subdivisions via pycountry/isocodes,REFERENCE_DATA_IMPORTED,NEEDS_AR_TRANSLATION,2026-08-05,Administrative subdivision only; cities are imported in later city files.
UPSERT,reg_vn_57,VN,VNM,Viet Nam,فيتنام,Socialist Republic of Viet Nam,Asia,آسيا,South-Eastern Asia,جنوب شرق آسيا,VN-57,,,1,province,Province,Bình Dương,,Bình Dương,true,ISO_3166_2,https://www.iso.org/obp/ui/#search,ISO 3166-2 subdivisions via pycountry/isocodes,REFERENCE_DATA_IMPORTED,NEEDS_AR_TRANSLATION,2026-08-05,Administrative subdivision only; cities are imported in later city files.
UPSERT,reg_vn_58,VN,VNM,Viet Nam,فيتنام,Socialist Republic of Viet Nam,Asia,آسيا,South-Eastern Asia,جنوب شرق آسيا,VN-58,,,1,province,Province,Bình Phước,,Bình Phước,true,ISO_3166_2,https://www.iso.org/obp/ui/#search,ISO 3166-2 subdivisions via pycountry/isocodes,REFERENCE_DATA_IMPORTED,NEEDS_AR_TRANSLATION,2026-08-05,Administrative subdivision only; cities are imported in later city files.
UPSERT,reg_vn_59,VN,VNM,Viet Nam,فيتنام,Socialist Republic of Viet Nam,Asia,آسيا,South-Eastern Asia,جنوب شرق آسيا,VN-59,,,1,province,Province,Cà Mau,,Cà Mau,true,ISO_3166_2,https://www.iso.org/obp/ui/#search,ISO 3166-2 subdivisions via pycountry/isocodes,REFERENCE_DATA_IMPORTED,NEEDS_AR_TRANSLATION,2026-08-05,Administrative subdivision only; cities are imported in later city files.
UPSERT,reg_vn_61,VN,VNM,Viet Nam,فيتنام,Socialist Republic of Viet Nam,Asia,آسيا,South-Eastern Asia,جنوب شرق آسيا,VN-61,,,1,province,Province,Hải Dương,,Hải Dương,true,ISO_3166_2,https://www.iso.org/obp/ui/#search,ISO 3166-2 subdivisions via pycountry/isocodes,REFERENCE_DATA_IMPORTED,NEEDS_AR_TRANSLATION,2026-08-05,Administrative subdivision only; cities are imported in later city files.
UPSERT,reg_vn_63,VN,VNM,Viet Nam,فيتنام,Socialist Republic of Viet Nam,Asia,آسيا,South-Eastern Asia,جنوب شرق آسيا,VN-63,,,1,province,Province,Hà Nam,,Hà Nam,true,ISO_3166_2,https://www.iso.org/obp/ui/#search,ISO 3166-2 subdivisions via pycountry/isocodes,REFERENCE_DATA_IMPORTED,NEEDS_AR_TRANSLATION,2026-08-05,Administrative subdivision only; cities are imported in later city files.
UPSERT,reg_vn_66,VN,VNM,Viet Nam,فيتنام,Socialist Republic of Viet Nam,Asia,آسيا,South-Eastern Asia,جنوب شرق آسيا,VN-66,,,1,province,Province,Hưng Yên,,Hưng Yên,true,ISO_3166_2,https://www.iso.org/obp/ui/#search,ISO 3166-2 subdivisions via pycountry/isocodes,REFERENCE_DATA_IMPORTED,NEEDS_AR_TRANSLATION,2026-08-05,Administrative subdivision only; cities are imported in later city files.
UPSERT,reg_vn_67,VN,VNM,Viet Nam,فيتنام,Socialist Republic of Viet Nam,Asia,آسيا,South-Eastern Asia,جنوب شرق آسيا,VN-67,,,1,province,Province,Nam Định,,Nam Định,true,ISO_3166_2,https://www.iso.org/obp/ui/#search,ISO 3166-2 subdivisions via pycountry/isocodes,REFERENCE_DATA_IMPORTED,NEEDS_AR_TRANSLATION,2026-08-05,Administrative subdivision only; cities are imported in later city files.
UPSERT,reg_vn_68,VN,VNM,Viet Nam,فيتنام,Socialist Republic of Viet Nam,Asia,آسيا,South-Eastern Asia,جنوب شرق آسيا,VN-68,,,1,province,Province,Phú Thọ,,Phú Thọ,true,ISO_3166_2,https://www.iso.org/obp/ui/#search,ISO 3166-2 subdivisions via pycountry/isocodes,REFERENCE_DATA_IMPORTED,NEEDS_AR_TRANSLATION,2026-08-05,Administrative subdivision only; cities are imported in later city files.
UPSERT,reg_vn_69,VN,VNM,Viet Nam,فيتنام,Socialist Republic of Viet Nam,Asia,آسيا,South-Eastern Asia,جنوب شرق آسيا,VN-69,,,1,province,Province,Thái Nguyên,,Thái Nguyên,true,ISO_3166_2,https://www.iso.org/obp/ui/#search,ISO 3166-2 subdivisions via pycountry/isocodes,REFERENCE_DATA_IMPORTED,NEEDS_AR_TRANSLATION,2026-08-05,Administrative subdivision only; cities are imported in later city files.
UPSERT,reg_vn_70,VN,VNM,Viet Nam,فيتنام,Socialist Republic of Viet Nam,Asia,آسيا,South-Eastern Asia,جنوب شرق آسيا,VN-70,,,1,province,Province,Vĩnh Phúc,,Vĩnh Phúc,true,ISO_3166_2,https://www.iso.org/obp/ui/#search,ISO 3166-2 subdivisions via pycountry/isocodes,REFERENCE_DATA_IMPORTED,NEEDS_AR_TRANSLATION,2026-08-05,Administrative subdivision only; cities are imported in later city files.
UPSERT,reg_vn_71,VN,VNM,Viet Nam,فيتنام,Socialist Republic of Viet Nam,Asia,آسيا,South-Eastern Asia,جنوب شرق آسيا,VN-71,,,1,province,Province,Điện Biên,,Điện Biên,true,ISO_3166_2,https://www.iso.org/obp/ui/#search,ISO 3166-2 subdivisions via pycountry/isocodes,REFERENCE_DATA_IMPORTED,NEEDS_AR_TRANSLATION,2026-08-05,Administrative subdivision only; cities are imported in later city files.
UPSERT,reg_vn_72,VN,VNM,Viet Nam,فيتنام,Socialist Republic of Viet Nam,Asia,آسيا,South-Eastern Asia,جنوب شرق آسيا,VN-72,,,1,province,Province,Đắk Nông,,Đắk Nông,true,ISO_3166_2,https://www.iso.org/obp/ui/#search,ISO 3166-2 subdivisions via pycountry/isocodes,REFERENCE_DATA_IMPORTED,NEEDS_AR_TRANSLATION,2026-08-05,Administrative subdivision only; cities are imported in later city files.
UPSERT,reg_vn_73,VN,VNM,Viet Nam,فيتنام,Socialist Republic of Viet Nam,Asia,آسيا,South-Eastern Asia,جنوب شرق آسيا,VN-73,,,1,province,Province,Hậu Giang,,Hậu Giang,true,ISO_3166_2,https://www.iso.org/obp/ui/#search,ISO 3166-2 subdivisions via pycountry/isocodes,REFERENCE_DATA_IMPORTED,NEEDS_AR_TRANSLATION,2026-08-05,Administrative subdivision only; cities are imported in later city files.
UPSERT,reg_vn_ct,VN,VNM,Viet Nam,فيتنام,Socialist Republic of Viet Nam,Asia,آسيا,South-Eastern Asia,جنوب شرق آسيا,VN-CT,,,1,municipality,Municipality,Cần Thơ,,Cần Thơ,true,ISO_3166_2,https://www.iso.org/obp/ui/#search,ISO 3166-2 subdivisions via pycountry/isocodes,REFERENCE_DATA_IMPORTED,NEEDS_AR_TRANSLATION,2026-08-05,Administrative subdivision only; cities are imported in later city files.
UPSERT,reg_vn_dn,VN,VNM,Viet Nam,فيتنام,Socialist Republic of Viet Nam,Asia,آسيا,South-Eastern Asia,جنوب شرق آسيا,VN-DN,,,1,municipality,Municipality,Đà Nẵng,,Đà Nẵng,true,ISO_3166_2,https://www.iso.org/obp/ui/#search,ISO 3166-2 subdivisions via pycountry/isocodes,REFERENCE_DATA_IMPORTED,NEEDS_AR_TRANSLATION,2026-08-05,Administrative subdivision only; cities are imported in later city files.
UPSERT,reg_vn_hn,VN,VNM,Viet Nam,فيتنام,Socialist Republic of Viet Nam,Asia,آسيا,South-Eastern Asia,جنوب شرق آسيا,VN-HN,,,1,municipality,Municipality,Hà Nội,,Hà Nội,true,ISO_3166_2,https://www.iso.org/obp/ui/#search,ISO 3166-2 subdivisions via pycountry/isocodes,REFERENCE_DATA_IMPORTED,NEEDS_AR_TRANSLATION,2026-08-05,Administrative subdivision only; cities are imported in later city files.
UPSERT,reg_vn_hp,VN,VNM,Viet Nam,فيتنام,Socialist Republic of Viet Nam,Asia,آسيا,South-Eastern Asia,جنوب شرق آسيا,VN-HP,,,1,municipality,Municipality,Hải Phòng,,Hải Phòng,true,ISO_3166_2,https://www.iso.org/obp/ui/#search,ISO 3166-2 subdivisions via pycountry/isocodes,REFERENCE_DATA_IMPORTED,NEEDS_AR_TRANSLATION,2026-08-05,Administrative subdivision only; cities are imported in later city files.
UPSERT,reg_vn_sg,VN,VNM,Viet Nam,فيتنام,Socialist Republic of Viet Nam,Asia,آسيا,South-Eastern Asia,جنوب شرق آسيا,VN-SG,,,1,municipality,Municipality,Hồ Chí Minh,,Hồ Chí Minh,true,ISO_3166_2,https://www.iso.org/obp/ui/#search,ISO 3166-2 subdivisions via pycountry/isocodes,REFERENCE_DATA_IMPORTED,NEEDS_AR_TRANSLATION,2026-08-05,Administrative subdivision only; cities are imported in later city files.
UPSERT,reg_ye_ab,YE,YEM,Yemen,اليمن,Republic of Yemen,Asia,آسيا,Western Asia,غرب آسيا,YE-AB,,,1,governorate,Governorate,Abyan,,Abyan,true,ISO_3166_2,https://www.iso.org/obp/ui/#search,ISO 3166-2 subdivisions via pycountry/isocodes,REFERENCE_DATA_IMPORTED,NEEDS_AR_TRANSLATION,2026-08-05,Administrative subdivision only; cities are imported in later city files.
UPSERT,reg_ye_ad,YE,YEM,Yemen,اليمن,Republic of Yemen,Asia,آسيا,Western Asia,غرب آسيا,YE-AD,,,1,governorate,Governorate,‘Adan,,‘Adan,true,ISO_3166_2,https://www.iso.org/obp/ui/#search,ISO 3166-2 subdivisions via pycountry/isocodes,REFERENCE_DATA_IMPORTED,NEEDS_AR_TRANSLATION,2026-08-05,Administrative subdivision only; cities are imported in later city files.
UPSERT,reg_ye_am,YE,YEM,Yemen,اليمن,Republic of Yemen,Asia,آسيا,Western Asia,غرب آسيا,YE-AM,,,1,governorate,Governorate,‘Amrān,,‘Amrān,true,ISO_3166_2,https://www.iso.org/obp/ui/#search,ISO 3166-2 subdivisions via pycountry/isocodes,REFERENCE_DATA_IMPORTED,NEEDS_AR_TRANSLATION,2026-08-05,Administrative subdivision only; cities are imported in later city files.
UPSERT,reg_ye_ba,YE,YEM,Yemen,اليمن,Republic of Yemen,Asia,آسيا,Western Asia,غرب آسيا,YE-BA,,,1,governorate,Governorate,Al Bayḑā’,,Al Bayḑā’,true,ISO_3166_2,https://www.iso.org/obp/ui/#search,ISO 3166-2 subdivisions via pycountry/isocodes,REFERENCE_DATA_IMPORTED,NEEDS_AR_TRANSLATION,2026-08-05,Administrative subdivision only; cities are imported in later city files.
UPSERT,reg_ye_da,YE,YEM,Yemen,اليمن,Republic of Yemen,Asia,آسيا,Western Asia,غرب آسيا,YE-DA,,,1,governorate,Governorate,Aḑ Ḑāli‘,,Aḑ Ḑāli‘,true,ISO_3166_2,https://www.iso.org/obp/ui/#search,ISO 3166-2 subdivisions via pycountry/isocodes,REFERENCE_DATA_IMPORTED,NEEDS_AR_TRANSLATION,2026-08-05,Administrative subdivision only; cities are imported in later city files.
UPSERT,reg_ye_dh,YE,YEM,Yemen,اليمن,Republic of Yemen,Asia,آسيا,Western Asia,غرب آسيا,YE-DH,,,1,governorate,Governorate,Dhamār,,Dhamār,true,ISO_3166_2,https://www.iso.org/obp/ui/#search,ISO 3166-2 subdivisions via pycountry/isocodes,REFERENCE_DATA_IMPORTED,NEEDS_AR_TRANSLATION,2026-08-05,Administrative subdivision only; cities are imported in later city files.
UPSERT,reg_ye_hd,YE,YEM,Yemen,اليمن,Republic of Yemen,Asia,آسيا,Western Asia,غرب آسيا,YE-HD,,,1,governorate,Governorate,Ḩaḑramawt,,Ḩaḑramawt,true,ISO_3166_2,https://www.iso.org/obp/ui/#search,ISO 3166-2 subdivisions via pycountry/isocodes,REFERENCE_DATA_IMPORTED,NEEDS_AR_TRANSLATION,2026-08-05,Administrative subdivision only; cities are imported in later city files.
UPSERT,reg_ye_hj,YE,YEM,Yemen,اليمن,Republic of Yemen,Asia,آسيا,Western Asia,غرب آسيا,YE-HJ,,,1,governorate,Governorate,Ḩajjah,,Ḩajjah,true,ISO_3166_2,https://www.iso.org/obp/ui/#search,ISO 3166-2 subdivisions via pycountry/isocodes,REFERENCE_DATA_IMPORTED,NEEDS_AR_TRANSLATION,2026-08-05,Administrative subdivision only; cities are imported in later city files.
UPSERT,reg_ye_hu,YE,YEM,Yemen,اليمن,Republic of Yemen,Asia,آسيا,Western Asia,غرب آسيا,YE-HU,,,1,governorate,Governorate,Al Ḩudaydah,,Al Ḩudaydah,true,ISO_3166_2,https://www.iso.org/obp/ui/#search,ISO 3166-2 subdivisions via pycountry/isocodes,REFERENCE_DATA_IMPORTED,NEEDS_AR_TRANSLATION,2026-08-05,Administrative subdivision only; cities are imported in later city files.
UPSERT,reg_ye_ib,YE,YEM,Yemen,اليمن,Republic of Yemen,Asia,آسيا,Western Asia,غرب آسيا,YE-IB,,,1,governorate,Governorate,Ibb,,Ibb,true,ISO_3166_2,https://www.iso.org/obp/ui/#search,ISO 3166-2 subdivisions via pycountry/isocodes,REFERENCE_DATA_IMPORTED,NEEDS_AR_TRANSLATION,2026-08-05,Administrative subdivision only; cities are imported in later city files.
UPSERT,reg_ye_ja,YE,YEM,Yemen,اليمن,Republic of Yemen,Asia,آسيا,Western Asia,غرب آسيا,YE-JA,,,1,governorate,Governorate,Al Jawf,,Al Jawf,true,ISO_3166_2,https://www.iso.org/obp/ui/#search,ISO 3166-2 subdivisions via pycountry/isocodes,REFERENCE_DATA_IMPORTED,NEEDS_AR_TRANSLATION,2026-08-05,Administrative subdivision only; cities are imported in later city files.
UPSERT,reg_ye_la,YE,YEM,Yemen,اليمن,Republic of Yemen,Asia,آسيا,Western Asia,غرب آسيا,YE-LA,,,1,governorate,Governorate,Laḩij,,Laḩij,true,ISO_3166_2,https://www.iso.org/obp/ui/#search,ISO 3166-2 subdivisions via pycountry/isocodes,REFERENCE_DATA_IMPORTED,NEEDS_AR_TRANSLATION,2026-08-05,Administrative subdivision only; cities are imported in later city files.
UPSERT,reg_ye_ma,YE,YEM,Yemen,اليمن,Republic of Yemen,Asia,آسيا,Western Asia,غرب آسيا,YE-MA,,,1,governorate,Governorate,Ma’rib,,Ma’rib,true,ISO_3166_2,https://www.iso.org/obp/ui/#search,ISO 3166-2 subdivisions via pycountry/isocodes,REFERENCE_DATA_IMPORTED,NEEDS_AR_TRANSLATION,2026-08-05,Administrative subdivision only; cities are imported in later city files.
UPSERT,reg_ye_mr,YE,YEM,Yemen,اليمن,Republic of Yemen,Asia,آسيا,Western Asia,غرب آسيا,YE-MR,,,1,governorate,Governorate,Al Mahrah,,Al Mahrah,true,ISO_3166_2,https://www.iso.org/obp/ui/#search,ISO 3166-2 subdivisions via pycountry/isocodes,REFERENCE_DATA_IMPORTED,NEEDS_AR_TRANSLATION,2026-08-05,Administrative subdivision only; cities are imported in later city files.
UPSERT,reg_ye_mw,YE,YEM,Yemen,اليمن,Republic of Yemen,Asia,آسيا,Western Asia,غرب آسيا,YE-MW,,,1,governorate,Governorate,Al Maḩwīt,,Al Maḩwīt,true,ISO_3166_2,https://www.iso.org/obp/ui/#search,ISO 3166-2 subdivisions via pycountry/isocodes,REFERENCE_DATA_IMPORTED,NEEDS_AR_TRANSLATION,2026-08-05,Administrative subdivision only; cities are imported in later city files.
UPSERT,reg_ye_ra,YE,YEM,Yemen,اليمن,Republic of Yemen,Asia,آسيا,Western Asia,غرب آسيا,YE-RA,,,1,governorate,Governorate,Raymah,,Raymah,true,ISO_3166_2,https://www.iso.org/obp/ui/#search,ISO 3166-2 subdivisions via pycountry/isocodes,REFERENCE_DATA_IMPORTED,NEEDS_AR_TRANSLATION,2026-08-05,Administrative subdivision only; cities are imported in later city files.
UPSERT,reg_ye_sa,YE,YEM,Yemen,اليمن,Republic of Yemen,Asia,آسيا,Western Asia,غرب آسيا,YE-SA,,,1,municipality,Municipality,Amānat al ‘Āşimah [city],,Amānat al ‘Āşimah [city],true,ISO_3166_2,https://www.iso.org/obp/ui/#search,ISO 3166-2 subdivisions via pycountry/isocodes,REFERENCE_DATA_IMPORTED,NEEDS_AR_TRANSLATION,2026-08-05,Administrative subdivision only; cities are imported in later city files.
UPSERT,reg_ye_sd,YE,YEM,Yemen,اليمن,Republic of Yemen,Asia,آسيا,Western Asia,غرب آسيا,YE-SD,,,1,governorate,Governorate,Şāʻdah,,Şāʻdah,true,ISO_3166_2,https://www.iso.org/obp/ui/#search,ISO 3166-2 subdivisions via pycountry/isocodes,REFERENCE_DATA_IMPORTED,NEEDS_AR_TRANSLATION,2026-08-05,Administrative subdivision only; cities are imported in later city files.
UPSERT,reg_ye_sh,YE,YEM,Yemen,اليمن,Republic of Yemen,Asia,آسيا,Western Asia,غرب آسيا,YE-SH,,,1,governorate,Governorate,Shabwah,,Shabwah,true,ISO_3166_2,https://www.iso.org/obp/ui/#search,ISO 3166-2 subdivisions via pycountry/isocodes,REFERENCE_DATA_IMPORTED,NEEDS_AR_TRANSLATION,2026-08-05,Administrative subdivision only; cities are imported in later city files.
UPSERT,reg_ye_sn,YE,YEM,Yemen,اليمن,Republic of Yemen,Asia,آسيا,Western Asia,غرب آسيا,YE-SN,,,1,governorate,Governorate,Şanʻā’,,Şanʻā’,true,ISO_3166_2,https://www.iso.org/obp/ui/#search,ISO 3166-2 subdivisions via pycountry/isocodes,REFERENCE_DATA_IMPORTED,NEEDS_AR_TRANSLATION,2026-08-05,Administrative subdivision only; cities are imported in later city files.
UPSERT,reg_ye_su,YE,YEM,Yemen,اليمن,Republic of Yemen,Asia,آسيا,Western Asia,غرب آسيا,YE-SU,,,1,governorate,Governorate,Arkhabīl Suquţrá,,Arkhabīl Suquţrá,true,ISO_3166_2,https://www.iso.org/obp/ui/#search,ISO 3166-2 subdivisions via pycountry/isocodes,REFERENCE_DATA_IMPORTED,NEEDS_AR_TRANSLATION,2026-08-05,Administrative subdivision only; cities are imported in later city files.
UPSERT,reg_ye_ta,YE,YEM,Yemen,اليمن,Republic of Yemen,Asia,آسيا,Western Asia,غرب آسيا,YE-TA,,,1,governorate,Governorate,Tāʻizz,,Tāʻizz,true,ISO_3166_2,https://www.iso.org/obp/ui/#search,ISO 3166-2 subdivisions via pycountry/isocodes,REFERENCE_DATA_IMPORTED,NEEDS_AR_TRANSLATION,2026-08-05,Administrative subdivision only; cities are imported in later city files.
