importAction,regionId,countryIso2,countryIso3,countryNameEn,countryNameAr,countryOfficialNameEn,continent,continentAr,subregion,subregionAr,regionCode,parentRegionCode,parentRegionNameEn,adminLevel,regionType,regionTypeRaw,nameEn,nameAr,localName,isActive,sourceType,sourceUrl,sourceDataset,verificationStatus,translationStatus,lastImportedAt,notes
UPSERT,reg_ao_bgo,AO,AGO,Angola,أنغولا,Republic of Angola,Africa,إفريقيا,Middle Africa,وسط إفريقيا,AO-BGO,,,1,province,Province,Bengo,,Bengo,true,ISO_3166_2,https://www.iso.org/obp/ui/#search,ISO 3166-2 subdivisions via pycountry/isocodes,REFERENCE_DATA_IMPORTED,NEEDS_AR_TRANSLATION,2026-08-05,Administrative subdivision only; cities are imported in later city files.
UPSERT,reg_ao_bgu,AO,AGO,Angola,أنغولا,Republic of Angola,Africa,إفريقيا,Middle Africa,وسط إفريقيا,AO-BGU,,,1,province,Province,Benguela,,Benguela,true,ISO_3166_2,https://www.iso.org/obp/ui/#search,ISO 3166-2 subdivisions via pycountry/isocodes,REFERENCE_DATA_IMPORTED,NEEDS_AR_TRANSLATION,2026-08-05,Administrative subdivision only; cities are imported in later city files.
UPSERT,reg_ao_bie,AO,AGO,Angola,أنغولا,Republic of Angola,Africa,إفريقيا,Middle Africa,وسط إفريقيا,AO-BIE,,,1,province,Province,Bié,,Bié,true,ISO_3166_2,https://www.iso.org/obp/ui/#search,ISO 3166-2 subdivisions via pycountry/isocodes,REFERENCE_DATA_IMPORTED,NEEDS_AR_TRANSLATION,2026-08-05,Administrative subdivision only; cities are imported in later city files.
UPSERT,reg_ao_cab,AO,AGO,Angola,أنغولا,Republic of Angola,Africa,إفريقيا,Middle Africa,وسط إفريقيا,AO-CAB,,,1,province,Province,Cabinda,,Cabinda,true,ISO_3166_2,https://www.iso.org/obp/ui/#search,ISO 3166-2 subdivisions via pycountry/isocodes,REFERENCE_DATA_IMPORTED,NEEDS_AR_TRANSLATION,2026-08-05,Administrative subdivision only; cities are imported in later city files.
UPSERT,reg_ao_ccu,AO,AGO,Angola,أنغولا,Republic of Angola,Africa,إفريقيا,Middle Africa,وسط إفريقيا,AO-CCU,,,1,province,Province,Cuando Cubango,,Cuando Cubango,true,ISO_3166_2,https://www.iso.org/obp/ui/#search,ISO 3166-2 subdivisions via pycountry/isocodes,REFERENCE_DATA_IMPORTED,NEEDS_AR_TRANSLATION,2026-08-05,Administrative subdivision only; cities are imported in later city files.
UPSERT,reg_ao_cnn,AO,AGO,Angola,أنغولا,Republic of Angola,Africa,إفريقيا,Middle Africa,وسط إفريقيا,AO-CNN,,,1,province,Province,Cunene,,Cunene,true,ISO_3166_2,https://www.iso.org/obp/ui/#search,ISO 3166-2 subdivisions via pycountry/isocodes,REFERENCE_DATA_IMPORTED,NEEDS_AR_TRANSLATION,2026-08-05,Administrative subdivision only; cities are imported in later city files.
UPSERT,reg_ao_cno,AO,AGO,Angola,أنغولا,Republic of Angola,Africa,إفريقيا,Middle Africa,وسط إفريقيا,AO-CNO,,,1,province,Province,Cuanza-Norte,,Cuanza-Norte,true,ISO_3166_2,https://www.iso.org/obp/ui/#search,ISO 3166-2 subdivisions via pycountry/isocodes,REFERENCE_DATA_IMPORTED,NEEDS_AR_TRANSLATION,2026-08-05,Administrative subdivision only; cities are imported in later city files.
UPSERT,reg_ao_cus,AO,AGO,Angola,أنغولا,Republic of Angola,Africa,إفريقيا,Middle Africa,وسط إفريقيا,AO-CUS,,,1,province,Province,Cuanza-Sul,,Cuanza-Sul,true,ISO_3166_2,https://www.iso.org/obp/ui/#search,ISO 3166-2 subdivisions via pycountry/isocodes,REFERENCE_DATA_IMPORTED,NEEDS_AR_TRANSLATION,2026-08-05,Administrative subdivision only; cities are imported in later city files.
UPSERT,reg_ao_hua,AO,AGO,Angola,أنغولا,Republic of Angola,Africa,إفريقيا,Middle Africa,وسط إفريقيا,AO-HUA,,,1,province,Province,Huambo,,Huambo,true,ISO_3166_2,https://www.iso.org/obp/ui/#search,ISO 3166-2 subdivisions via pycountry/isocodes,REFERENCE_DATA_IMPORTED,NEEDS_AR_TRANSLATION,2026-08-05,Administrative subdivision only; cities are imported in later city files.
UPSERT,reg_ao_hui,AO,AGO,Angola,أنغولا,Republic of Angola,Africa,إفريقيا,Middle Africa,وسط إفريقيا,AO-HUI,,,1,province,Province,Huíla,,Huíla,true,ISO_3166_2,https://www.iso.org/obp/ui/#search,ISO 3166-2 subdivisions via pycountry/isocodes,REFERENCE_DATA_IMPORTED,NEEDS_AR_TRANSLATION,2026-08-05,Administrative subdivision only; cities are imported in later city files.
UPSERT,reg_ao_lno,AO,AGO,Angola,أنغولا,Republic of Angola,Africa,إفريقيا,Middle Africa,وسط إفريقيا,AO-LNO,,,1,province,Province,Lunda-Norte,,Lunda-Norte,true,ISO_3166_2,https://www.iso.org/obp/ui/#search,ISO 3166-2 subdivisions via pycountry/isocodes,REFERENCE_DATA_IMPORTED,NEEDS_AR_TRANSLATION,2026-08-05,Administrative subdivision only; cities are imported in later city files.
UPSERT,reg_ao_lsu,AO,AGO,Angola,أنغولا,Republic of Angola,Africa,إفريقيا,Middle Africa,وسط إفريقيا,AO-LSU,,,1,province,Province,Lunda-Sul,,Lunda-Sul,true,ISO_3166_2,https://www.iso.org/obp/ui/#search,ISO 3166-2 subdivisions via pycountry/isocodes,REFERENCE_DATA_IMPORTED,NEEDS_AR_TRANSLATION,2026-08-05,Administrative subdivision only; cities are imported in later city files.
UPSERT,reg_ao_lua,AO,AGO,Angola,أنغولا,Republic of Angola,Africa,إفريقيا,Middle Africa,وسط إفريقيا,AO-LUA,,,1,province,Province,Luanda,,Luanda,true,ISO_3166_2,https://www.iso.org/obp/ui/#search,ISO 3166-2 subdivisions via pycountry/isocodes,REFERENCE_DATA_IMPORTED,NEEDS_AR_TRANSLATION,2026-08-05,Administrative subdivision only; cities are imported in later city files.
UPSERT,reg_ao_mal,AO,AGO,Angola,أنغولا,Republic of Angola,Africa,إفريقيا,Middle Africa,وسط إفريقيا,AO-MAL,,,1,province,Province,Malange,,Malange,true,ISO_3166_2,https://www.iso.org/obp/ui/#search,ISO 3166-2 subdivisions via pycountry/isocodes,REFERENCE_DATA_IMPORTED,NEEDS_AR_TRANSLATION,2026-08-05,Administrative subdivision only; cities are imported in later city files.
UPSERT,reg_ao_mox,AO,AGO,Angola,أنغولا,Republic of Angola,Africa,إفريقيا,Middle Africa,وسط إفريقيا,AO-MOX,,,1,province,Province,Moxico,,Moxico,true,ISO_3166_2,https://www.iso.org/obp/ui/#search,ISO 3166-2 subdivisions via pycountry/isocodes,REFERENCE_DATA_IMPORTED,NEEDS_AR_TRANSLATION,2026-08-05,Administrative subdivision only; cities are imported in later city files.
UPSERT,reg_ao_nam,AO,AGO,Angola,أنغولا,Republic of Angola,Africa,إفريقيا,Middle Africa,وسط إفريقيا,AO-NAM,,,1,province,Province,Namibe,,Namibe,true,ISO_3166_2,https://www.iso.org/obp/ui/#search,ISO 3166-2 subdivisions via pycountry/isocodes,REFERENCE_DATA_IMPORTED,NEEDS_AR_TRANSLATION,2026-08-05,Administrative subdivision only; cities are imported in later city files.
UPSERT,reg_ao_uig,AO,AGO,Angola,أنغولا,Republic of Angola,Africa,إفريقيا,Middle Africa,وسط إفريقيا,AO-UIG,,,1,province,Province,Uíge,,Uíge,true,ISO_3166_2,https://www.iso.org/obp/ui/#search,ISO 3166-2 subdivisions via pycountry/isocodes,REFERENCE_DATA_IMPORTED,NEEDS_AR_TRANSLATION,2026-08-05,Administrative subdivision only; cities are imported in later city files.
UPSERT,reg_ao_zai,AO,AGO,Angola,أنغولا,Republic of Angola,Africa,إفريقيا,Middle Africa,وسط إفريقيا,AO-ZAI,,,1,province,Province,Zaire,,Zaire,true,ISO_3166_2,https://www.iso.org/obp/ui/#search,ISO 3166-2 subdivisions via pycountry/isocodes,REFERENCE_DATA_IMPORTED,NEEDS_AR_TRANSLATION,2026-08-05,Administrative subdivision only; cities are imported in later city files.
UPSERT,reg_bf_01,BF,BFA,Burkina Faso,بوركينا فاسو,,Africa,إفريقيا,Western Africa,غرب إفريقيا,BF-01,,,1,region,Region,Boucle du Mouhoun,,Boucle du Mouhoun,true,ISO_3166_2,https://www.iso.org/obp/ui/#search,ISO 3166-2 subdivisions via pycountry/isocodes,REFERENCE_DATA_IMPORTED,NEEDS_AR_TRANSLATION,2026-08-05,Administrative subdivision only; cities are imported in later city files.
UPSERT,reg_bf_02,BF,BFA,Burkina Faso,بوركينا فاسو,,Africa,إفريقيا,Western Africa,غرب إفريقيا,BF-02,,,1,region,Region,Cascades,,Cascades,true,ISO_3166_2,https://www.iso.org/obp/ui/#search,ISO 3166-2 subdivisions via pycountry/isocodes,REFERENCE_DATA_IMPORTED,NEEDS_AR_TRANSLATION,2026-08-05,Administrative subdivision only; cities are imported in later city files.
UPSERT,reg_bf_03,BF,BFA,Burkina Faso,بوركينا فاسو,,Africa,إفريقيا,Western Africa,غرب إفريقيا,BF-03,,,1,region,Region,Centre,,Centre,true,ISO_3166_2,https://www.iso.org/obp/ui/#search,ISO 3166-2 subdivisions via pycountry/isocodes,REFERENCE_DATA_IMPORTED,NEEDS_AR_TRANSLATION,2026-08-05,Administrative subdivision only; cities are imported in later city files.
UPSERT,reg_bf_04,BF,BFA,Burkina Faso,بوركينا فاسو,,Africa,إفريقيا,Western Africa,غرب إفريقيا,BF-04,,,1,region,Region,Centre-Est,,Centre-Est,true,ISO_3166_2,https://www.iso.org/obp/ui/#search,ISO 3166-2 subdivisions via pycountry/isocodes,REFERENCE_DATA_IMPORTED,NEEDS_AR_TRANSLATION,2026-08-05,Administrative subdivision only; cities are imported in later city files.
UPSERT,reg_bf_05,BF,BFA,Burkina Faso,بوركينا فاسو,,Africa,إفريقيا,Western Africa,غرب إفريقيا,BF-05,,,1,region,Region,Centre-Nord,,Centre-Nord,true,ISO_3166_2,https://www.iso.org/obp/ui/#search,ISO 3166-2 subdivisions via pycountry/isocodes,REFERENCE_DATA_IMPORTED,NEEDS_AR_TRANSLATION,2026-08-05,Administrative subdivision only; cities are imported in later city files.
UPSERT,reg_bf_06,BF,BFA,Burkina Faso,بوركينا فاسو,,Africa,إفريقيا,Western Africa,غرب إفريقيا,BF-06,,,1,region,Region,Centre-Ouest,,Centre-Ouest,true,ISO_3166_2,https://www.iso.org/obp/ui/#search,ISO 3166-2 subdivisions via pycountry/isocodes,REFERENCE_DATA_IMPORTED,NEEDS_AR_TRANSLATION,2026-08-05,Administrative subdivision only; cities are imported in later city files.
UPSERT,reg_bf_07,BF,BFA,Burkina Faso,بوركينا فاسو,,Africa,إفريقيا,Western Africa,غرب إفريقيا,BF-07,,,1,region,Region,Centre-Sud,,Centre-Sud,true,ISO_3166_2,https://www.iso.org/obp/ui/#search,ISO 3166-2 subdivisions via pycountry/isocodes,REFERENCE_DATA_IMPORTED,NEEDS_AR_TRANSLATION,2026-08-05,Administrative subdivision only; cities are imported in later city files.
UPSERT,reg_bf_08,BF,BFA,Burkina Faso,بوركينا فاسو,,Africa,إفريقيا,Western Africa,غرب إفريقيا,BF-08,,,1,region,Region,Est,,Est,true,ISO_3166_2,https://www.iso.org/obp/ui/#search,ISO 3166-2 subdivisions via pycountry/isocodes,REFERENCE_DATA_IMPORTED,NEEDS_AR_TRANSLATION,2026-08-05,Administrative subdivision only; cities are imported in later city files.
UPSERT,reg_bf_09,BF,BFA,Burkina Faso,بوركينا فاسو,,Africa,إفريقيا,Western Africa,غرب إفريقيا,BF-09,,,1,region,Region,Hauts-Bassins,,Hauts-Bassins,true,ISO_3166_2,https://www.iso.org/obp/ui/#search,ISO 3166-2 subdivisions via pycountry/isocodes,REFERENCE_DATA_IMPORTED,NEEDS_AR_TRANSLATION,2026-08-05,Administrative subdivision only; cities are imported in later city files.
UPSERT,reg_bf_10,BF,BFA,Burkina Faso,بوركينا فاسو,,Africa,إفريقيا,Western Africa,غرب إفريقيا,BF-10,,,1,region,Region,Nord,,Nord,true,ISO_3166_2,https://www.iso.org/obp/ui/#search,ISO 3166-2 subdivisions via pycountry/isocodes,REFERENCE_DATA_IMPORTED,NEEDS_AR_TRANSLATION,2026-08-05,Administrative subdivision only; cities are imported in later city files.
UPSERT,reg_bf_11,BF,BFA,Burkina Faso,بوركينا فاسو,,Africa,إفريقيا,Western Africa,غرب إفريقيا,BF-11,,,1,region,Region,Plateau-Central,,Plateau-Central,true,ISO_3166_2,https://www.iso.org/obp/ui/#search,ISO 3166-2 subdivisions via pycountry/isocodes,REFERENCE_DATA_IMPORTED,NEEDS_AR_TRANSLATION,2026-08-05,Administrative subdivision only; cities are imported in later city files.
UPSERT,reg_bf_12,BF,BFA,Burkina Faso,بوركينا فاسو,,Africa,إفريقيا,Western Africa,غرب إفريقيا,BF-12,,,1,region,Region,Sahel,,Sahel,true,ISO_3166_2,https://www.iso.org/obp/ui/#search,ISO 3166-2 subdivisions via pycountry/isocodes,REFERENCE_DATA_IMPORTED,NEEDS_AR_TRANSLATION,2026-08-05,Administrative subdivision only; cities are imported in later city files.
UPSERT,reg_bf_13,BF,BFA,Burkina Faso,بوركينا فاسو,,Africa,إفريقيا,Western Africa,غرب إفريقيا,BF-13,,,1,region,Region,Sud-Ouest,,Sud-Ouest,true,ISO_3166_2,https://www.iso.org/obp/ui/#search,ISO 3166-2 subdivisions via pycountry/isocodes,REFERENCE_DATA_IMPORTED,NEEDS_AR_TRANSLATION,2026-08-05,Administrative subdivision only; cities are imported in later city files.
UPSERT,reg_bf_bal,BF,BFA,Burkina Faso,بوركينا فاسو,,Africa,إفريقيا,Western Africa,غرب إفريقيا,BF-BAL,BF-01,Boucle du Mouhoun,2,province,Province,Balé,,Balé,true,ISO_3166_2,https://www.iso.org/obp/ui/#search,ISO 3166-2 subdivisions via pycountry/isocodes,REFERENCE_DATA_IMPORTED,NEEDS_AR_TRANSLATION,2026-08-05,Administrative subdivision only; cities are imported in later city files.
UPSERT,reg_bf_bam,BF,BFA,Burkina Faso,بوركينا فاسو,,Africa,إفريقيا,Western Africa,غرب إفريقيا,BF-BAM,BF-05,Centre-Nord,2,province,Province,Bam,,Bam,true,ISO_3166_2,https://www.iso.org/obp/ui/#search,ISO 3166-2 subdivisions via pycountry/isocodes,REFERENCE_DATA_IMPORTED,NEEDS_AR_TRANSLATION,2026-08-05,Administrative subdivision only; cities are imported in later city files.
UPSERT,reg_bf_ban,BF,BFA,Burkina Faso,بوركينا فاسو,,Africa,إفريقيا,Western Africa,غرب إفريقيا,BF-BAN,BF-01,Boucle du Mouhoun,2,province,Province,Banwa,,Banwa,true,ISO_3166_2,https://www.iso.org/obp/ui/#search,ISO 3166-2 subdivisions via pycountry/isocodes,REFERENCE_DATA_IMPORTED,NEEDS_AR_TRANSLATION,2026-08-05,Administrative subdivision only; cities are imported in later city files.
UPSERT,reg_bf_baz,BF,BFA,Burkina Faso,بوركينا فاسو,,Africa,إفريقيا,Western Africa,غرب إفريقيا,BF-BAZ,BF-07,Centre-Sud,2,province,Province,Bazèga,,Bazèga,true,ISO_3166_2,https://www.iso.org/obp/ui/#search,ISO 3166-2 subdivisions via pycountry/isocodes,REFERENCE_DATA_IMPORTED,NEEDS_AR_TRANSLATION,2026-08-05,Administrative subdivision only; cities are imported in later city files.
UPSERT,reg_bf_bgr,BF,BFA,Burkina Faso,بوركينا فاسو,,Africa,إفريقيا,Western Africa,غرب إفريقيا,BF-BGR,BF-13,Sud-Ouest,2,province,Province,Bougouriba,,Bougouriba,true,ISO_3166_2,https://www.iso.org/obp/ui/#search,ISO 3166-2 subdivisions via pycountry/isocodes,REFERENCE_DATA_IMPORTED,NEEDS_AR_TRANSLATION,2026-08-05,Administrative subdivision only; cities are imported in later city files.
UPSERT,reg_bf_blg,BF,BFA,Burkina Faso,بوركينا فاسو,,Africa,إفريقيا,Western Africa,غرب إفريقيا,BF-BLG,BF-04,Centre-Est,2,province,Province,Boulgou,,Boulgou,true,ISO_3166_2,https://www.iso.org/obp/ui/#search,ISO 3166-2 subdivisions via pycountry/isocodes,REFERENCE_DATA_IMPORTED,NEEDS_AR_TRANSLATION,2026-08-05,Administrative subdivision only; cities are imported in later city files.
UPSERT,reg_bf_blk,BF,BFA,Burkina Faso,بوركينا فاسو,,Africa,إفريقيا,Western Africa,غرب إفريقيا,BF-BLK,BF-06,Centre-Ouest,2,province,Province,Boulkiemdé,,Boulkiemdé,true,ISO_3166_2,https://www.iso.org/obp/ui/#search,ISO 3166-2 subdivisions via pycountry/isocodes,REFERENCE_DATA_IMPORTED,NEEDS_AR_TRANSLATION,2026-08-05,Administrative subdivision only; cities are imported in later city files.
UPSERT,reg_bf_com,BF,BFA,Burkina Faso,بوركينا فاسو,,Africa,إفريقيا,Western Africa,غرب إفريقيا,BF-COM,BF-02,Cascades,2,province,Province,Comoé,,Comoé,true,ISO_3166_2,https://www.iso.org/obp/ui/#search,ISO 3166-2 subdivisions via pycountry/isocodes,REFERENCE_DATA_IMPORTED,NEEDS_AR_TRANSLATION,2026-08-05,Administrative subdivision only; cities are imported in later city files.
UPSERT,reg_bf_gan,BF,BFA,Burkina Faso,بوركينا فاسو,,Africa,إفريقيا,Western Africa,غرب إفريقيا,BF-GAN,BF-11,Plateau-Central,2,province,Province,Ganzourgou,,Ganzourgou,true,ISO_3166_2,https://www.iso.org/obp/ui/#search,ISO 3166-2 subdivisions via pycountry/isocodes,REFERENCE_DATA_IMPORTED,NEEDS_AR_TRANSLATION,2026-08-05,Administrative subdivision only; cities are imported in later city files.
UPSERT,reg_bf_gna,BF,BFA,Burkina Faso,بوركينا فاسو,,Africa,إفريقيا,Western Africa,غرب إفريقيا,BF-GNA,BF-08,Est,2,province,Province,Gnagna,,Gnagna,true,ISO_3166_2,https://www.iso.org/obp/ui/#search,ISO 3166-2 subdivisions via pycountry/isocodes,REFERENCE_DATA_IMPORTED,NEEDS_AR_TRANSLATION,2026-08-05,Administrative subdivision only; cities are imported in later city files.
UPSERT,reg_bf_gou,BF,BFA,Burkina Faso,بوركينا فاسو,,Africa,إفريقيا,Western Africa,غرب إفريقيا,BF-GOU,BF-08,Est,2,province,Province,Gourma,,Gourma,true,ISO_3166_2,https://www.iso.org/obp/ui/#search,ISO 3166-2 subdivisions via pycountry/isocodes,REFERENCE_DATA_IMPORTED,NEEDS_AR_TRANSLATION,2026-08-05,Administrative subdivision only; cities are imported in later city files.
UPSERT,reg_bf_hou,BF,BFA,Burkina Faso,بوركينا فاسو,,Africa,إفريقيا,Western Africa,غرب إفريقيا,BF-HOU,BF-09,Hauts-Bassins,2,province,Province,Houet,,Houet,true,ISO_3166_2,https://www.iso.org/obp/ui/#search,ISO 3166-2 subdivisions via pycountry/isocodes,REFERENCE_DATA_IMPORTED,NEEDS_AR_TRANSLATION,2026-08-05,Administrative subdivision only; cities are imported in later city files.
UPSERT,reg_bf_iob,BF,BFA,Burkina Faso,بوركينا فاسو,,Africa,إفريقيا,Western Africa,غرب إفريقيا,BF-IOB,BF-13,Sud-Ouest,2,province,Province,Ioba,,Ioba,true,ISO_3166_2,https://www.iso.org/obp/ui/#search,ISO 3166-2 subdivisions via pycountry/isocodes,REFERENCE_DATA_IMPORTED,NEEDS_AR_TRANSLATION,2026-08-05,Administrative subdivision only; cities are imported in later city files.
UPSERT,reg_bf_kad,BF,BFA,Burkina Faso,بوركينا فاسو,,Africa,إفريقيا,Western Africa,غرب إفريقيا,BF-KAD,BF-03,Centre,2,province,Province,Kadiogo,,Kadiogo,true,ISO_3166_2,https://www.iso.org/obp/ui/#search,ISO 3166-2 subdivisions via pycountry/isocodes,REFERENCE_DATA_IMPORTED,NEEDS_AR_TRANSLATION,2026-08-05,Administrative subdivision only; cities are imported in later city files.
UPSERT,reg_bf_ken,BF,BFA,Burkina Faso,بوركينا فاسو,,Africa,إفريقيا,Western Africa,غرب إفريقيا,BF-KEN,BF-09,Hauts-Bassins,2,province,Province,Kénédougou,,Kénédougou,true,ISO_3166_2,https://www.iso.org/obp/ui/#search,ISO 3166-2 subdivisions via pycountry/isocodes,REFERENCE_DATA_IMPORTED,NEEDS_AR_TRANSLATION,2026-08-05,Administrative subdivision only; cities are imported in later city files.
UPSERT,reg_bf_kmd,BF,BFA,Burkina Faso,بوركينا فاسو,,Africa,إفريقيا,Western Africa,غرب إفريقيا,BF-KMD,BF-08,Est,2,province,Province,Komondjari,,Komondjari,true,ISO_3166_2,https://www.iso.org/obp/ui/#search,ISO 3166-2 subdivisions via pycountry/isocodes,REFERENCE_DATA_IMPORTED,NEEDS_AR_TRANSLATION,2026-08-05,Administrative subdivision only; cities are imported in later city files.
UPSERT,reg_bf_kmp,BF,BFA,Burkina Faso,بوركينا فاسو,,Africa,إفريقيا,Western Africa,غرب إفريقيا,BF-KMP,BF-08,Est,2,province,Province,Kompienga,,Kompienga,true,ISO_3166_2,https://www.iso.org/obp/ui/#search,ISO 3166-2 subdivisions via pycountry/isocodes,REFERENCE_DATA_IMPORTED,NEEDS_AR_TRANSLATION,2026-08-05,Administrative subdivision only; cities are imported in later city files.
UPSERT,reg_bf_kop,BF,BFA,Burkina Faso,بوركينا فاسو,,Africa,إفريقيا,Western Africa,غرب إفريقيا,BF-KOP,BF-04,Centre-Est,2,province,Province,Koulpélogo,,Koulpélogo,true,ISO_3166_2,https://www.iso.org/obp/ui/#search,ISO 3166-2 subdivisions via pycountry/isocodes,REFERENCE_DATA_IMPORTED,NEEDS_AR_TRANSLATION,2026-08-05,Administrative subdivision only; cities are imported in later city files.
UPSERT,reg_bf_kos,BF,BFA,Burkina Faso,بوركينا فاسو,,Africa,إفريقيا,Western Africa,غرب إفريقيا,BF-KOS,BF-01,Boucle du Mouhoun,2,province,Province,Kossi,,Kossi,true,ISO_3166_2,https://www.iso.org/obp/ui/#search,ISO 3166-2 subdivisions via pycountry/isocodes,REFERENCE_DATA_IMPORTED,NEEDS_AR_TRANSLATION,2026-08-05,Administrative subdivision only; cities are imported in later city files.
UPSERT,reg_bf_kot,BF,BFA,Burkina Faso,بوركينا فاسو,,Africa,إفريقيا,Western Africa,غرب إفريقيا,BF-KOT,BF-04,Centre-Est,2,province,Province,Kouritenga,,Kouritenga,true,ISO_3166_2,https://www.iso.org/obp/ui/#search,ISO 3166-2 subdivisions via pycountry/isocodes,REFERENCE_DATA_IMPORTED,NEEDS_AR_TRANSLATION,2026-08-05,Administrative subdivision only; cities are imported in later city files.
UPSERT,reg_bf_kow,BF,BFA,Burkina Faso,بوركينا فاسو,,Africa,إفريقيا,Western Africa,غرب إفريقيا,BF-KOW,BF-11,Plateau-Central,2,province,Province,Kourwéogo,,Kourwéogo,true,ISO_3166_2,https://www.iso.org/obp/ui/#search,ISO 3166-2 subdivisions via pycountry/isocodes,REFERENCE_DATA_IMPORTED,NEEDS_AR_TRANSLATION,2026-08-05,Administrative subdivision only; cities are imported in later city files.
UPSERT,reg_bf_ler,BF,BFA,Burkina Faso,بوركينا فاسو,,Africa,إفريقيا,Western Africa,غرب إفريقيا,BF-LER,BF-02,Cascades,2,province,Province,Léraba,,Léraba,true,ISO_3166_2,https://www.iso.org/obp/ui/#search,ISO 3166-2 subdivisions via pycountry/isocodes,REFERENCE_DATA_IMPORTED,NEEDS_AR_TRANSLATION,2026-08-05,Administrative subdivision only; cities are imported in later city files.
UPSERT,reg_bf_lor,BF,BFA,Burkina Faso,بوركينا فاسو,,Africa,إفريقيا,Western Africa,غرب إفريقيا,BF-LOR,BF-10,Nord,2,province,Province,Loroum,,Loroum,true,ISO_3166_2,https://www.iso.org/obp/ui/#search,ISO 3166-2 subdivisions via pycountry/isocodes,REFERENCE_DATA_IMPORTED,NEEDS_AR_TRANSLATION,2026-08-05,Administrative subdivision only; cities are imported in later city files.
UPSERT,reg_bf_mou,BF,BFA,Burkina Faso,بوركينا فاسو,,Africa,إفريقيا,Western Africa,غرب إفريقيا,BF-MOU,BF-01,Boucle du Mouhoun,2,province,Province,Mouhoun,,Mouhoun,true,ISO_3166_2,https://www.iso.org/obp/ui/#search,ISO 3166-2 subdivisions via pycountry/isocodes,REFERENCE_DATA_IMPORTED,NEEDS_AR_TRANSLATION,2026-08-05,Administrative subdivision only; cities are imported in later city files.
UPSERT,reg_bf_nam,BF,BFA,Burkina Faso,بوركينا فاسو,,Africa,إفريقيا,Western Africa,غرب إفريقيا,BF-NAM,BF-05,Centre-Nord,2,province,Province,Namentenga,,Namentenga,true,ISO_3166_2,https://www.iso.org/obp/ui/#search,ISO 3166-2 subdivisions via pycountry/isocodes,REFERENCE_DATA_IMPORTED,NEEDS_AR_TRANSLATION,2026-08-05,Administrative subdivision only; cities are imported in later city files.
UPSERT,reg_bf_nao,BF,BFA,Burkina Faso,بوركينا فاسو,,Africa,إفريقيا,Western Africa,غرب إفريقيا,BF-NAO,BF-07,Centre-Sud,2,province,Province,Nahouri,,Nahouri,true,ISO_3166_2,https://www.iso.org/obp/ui/#search,ISO 3166-2 subdivisions via pycountry/isocodes,REFERENCE_DATA_IMPORTED,NEEDS_AR_TRANSLATION,2026-08-05,Administrative subdivision only; cities are imported in later city files.
UPSERT,reg_bf_nay,BF,BFA,Burkina Faso,بوركينا فاسو,,Africa,إفريقيا,Western Africa,غرب إفريقيا,BF-NAY,BF-01,Boucle du Mouhoun,2,province,Province,Nayala,,Nayala,true,ISO_3166_2,https://www.iso.org/obp/ui/#search,ISO 3166-2 subdivisions via pycountry/isocodes,REFERENCE_DATA_IMPORTED,NEEDS_AR_TRANSLATION,2026-08-05,Administrative subdivision only; cities are imported in later city files.
UPSERT,reg_bf_nou,BF,BFA,Burkina Faso,بوركينا فاسو,,Africa,إفريقيا,Western Africa,غرب إفريقيا,BF-NOU,BF-13,Sud-Ouest,2,province,Province,Noumbiel,,Noumbiel,true,ISO_3166_2,https://www.iso.org/obp/ui/#search,ISO 3166-2 subdivisions via pycountry/isocodes,REFERENCE_DATA_IMPORTED,NEEDS_AR_TRANSLATION,2026-08-05,Administrative subdivision only; cities are imported in later city files.
UPSERT,reg_bf_oub,BF,BFA,Burkina Faso,بوركينا فاسو,,Africa,إفريقيا,Western Africa,غرب إفريقيا,BF-OUB,BF-11,Plateau-Central,2,province,Province,Oubritenga,,Oubritenga,true,ISO_3166_2,https://www.iso.org/obp/ui/#search,ISO 3166-2 subdivisions via pycountry/isocodes,REFERENCE_DATA_IMPORTED,NEEDS_AR_TRANSLATION,2026-08-05,Administrative subdivision only; cities are imported in later city files.
UPSERT,reg_bf_oud,BF,BFA,Burkina Faso,بوركينا فاسو,,Africa,إفريقيا,Western Africa,غرب إفريقيا,BF-OUD,BF-12,Sahel,2,province,Province,Oudalan,,Oudalan,true,ISO_3166_2,https://www.iso.org/obp/ui/#search,ISO 3166-2 subdivisions via pycountry/isocodes,REFERENCE_DATA_IMPORTED,NEEDS_AR_TRANSLATION,2026-08-05,Administrative subdivision only; cities are imported in later city files.
UPSERT,reg_bf_pas,BF,BFA,Burkina Faso,بوركينا فاسو,,Africa,إفريقيا,Western Africa,غرب إفريقيا,BF-PAS,BF-10,Nord,2,province,Province,Passoré,,Passoré,true,ISO_3166_2,https://www.iso.org/obp/ui/#search,ISO 3166-2 subdivisions via pycountry/isocodes,REFERENCE_DATA_IMPORTED,NEEDS_AR_TRANSLATION,2026-08-05,Administrative subdivision only; cities are imported in later city files.
UPSERT,reg_bf_pon,BF,BFA,Burkina Faso,بوركينا فاسو,,Africa,إفريقيا,Western Africa,غرب إفريقيا,BF-PON,BF-13,Sud-Ouest,2,province,Province,Poni,,Poni,true,ISO_3166_2,https://www.iso.org/obp/ui/#search,ISO 3166-2 subdivisions via pycountry/isocodes,REFERENCE_DATA_IMPORTED,NEEDS_AR_TRANSLATION,2026-08-05,Administrative subdivision only; cities are imported in later city files.
UPSERT,reg_bf_sen,BF,BFA,Burkina Faso,بوركينا فاسو,,Africa,إفريقيا,Western Africa,غرب إفريقيا,BF-SEN,BF-12,Sahel,2,province,Province,Séno,,Séno,true,ISO_3166_2,https://www.iso.org/obp/ui/#search,ISO 3166-2 subdivisions via pycountry/isocodes,REFERENCE_DATA_IMPORTED,NEEDS_AR_TRANSLATION,2026-08-05,Administrative subdivision only; cities are imported in later city files.
UPSERT,reg_bf_sis,BF,BFA,Burkina Faso,بوركينا فاسو,,Africa,إفريقيا,Western Africa,غرب إفريقيا,BF-SIS,BF-06,Centre-Ouest,2,province,Province,Sissili,,Sissili,true,ISO_3166_2,https://www.iso.org/obp/ui/#search,ISO 3166-2 subdivisions via pycountry/isocodes,REFERENCE_DATA_IMPORTED,NEEDS_AR_TRANSLATION,2026-08-05,Administrative subdivision only; cities are imported in later city files.
UPSERT,reg_bf_smt,BF,BFA,Burkina Faso,بوركينا فاسو,,Africa,إفريقيا,Western Africa,غرب إفريقيا,BF-SMT,BF-05,Centre-Nord,2,province,Province,Sanmatenga,,Sanmatenga,true,ISO_3166_2,https://www.iso.org/obp/ui/#search,ISO 3166-2 subdivisions via pycountry/isocodes,REFERENCE_DATA_IMPORTED,NEEDS_AR_TRANSLATION,2026-08-05,Administrative subdivision only; cities are imported in later city files.
UPSERT,reg_bf_sng,BF,BFA,Burkina Faso,بوركينا فاسو,,Africa,إفريقيا,Western Africa,غرب إفريقيا,BF-SNG,BF-06,Centre-Ouest,2,province,Province,Sanguié,,Sanguié,true,ISO_3166_2,https://www.iso.org/obp/ui/#search,ISO 3166-2 subdivisions via pycountry/isocodes,REFERENCE_DATA_IMPORTED,NEEDS_AR_TRANSLATION,2026-08-05,Administrative subdivision only; cities are imported in later city files.
UPSERT,reg_bf_som,BF,BFA,Burkina Faso,بوركينا فاسو,,Africa,إفريقيا,Western Africa,غرب إفريقيا,BF-SOM,BF-12,Sahel,2,province,Province,Soum,,Soum,true,ISO_3166_2,https://www.iso.org/obp/ui/#search,ISO 3166-2 subdivisions via pycountry/isocodes,REFERENCE_DATA_IMPORTED,NEEDS_AR_TRANSLATION,2026-08-05,Administrative subdivision only; cities are imported in later city files.
UPSERT,reg_bf_sor,BF,BFA,Burkina Faso,بوركينا فاسو,,Africa,إفريقيا,Western Africa,غرب إفريقيا,BF-SOR,BF-01,Boucle du Mouhoun,2,province,Province,Sourou,,Sourou,true,ISO_3166_2,https://www.iso.org/obp/ui/#search,ISO 3166-2 subdivisions via pycountry/isocodes,REFERENCE_DATA_IMPORTED,NEEDS_AR_TRANSLATION,2026-08-05,Administrative subdivision only; cities are imported in later city files.
UPSERT,reg_bf_tap,BF,BFA,Burkina Faso,بوركينا فاسو,,Africa,إفريقيا,Western Africa,غرب إفريقيا,BF-TAP,BF-08,Est,2,province,Province,Tapoa,,Tapoa,true,ISO_3166_2,https://www.iso.org/obp/ui/#search,ISO 3166-2 subdivisions via pycountry/isocodes,REFERENCE_DATA_IMPORTED,NEEDS_AR_TRANSLATION,2026-08-05,Administrative subdivision only; cities are imported in later city files.
UPSERT,reg_bf_tui,BF,BFA,Burkina Faso,بوركينا فاسو,,Africa,إفريقيا,Western Africa,غرب إفريقيا,BF-TUI,BF-09,Hauts-Bassins,2,province,Province,Tuy,,Tuy,true,ISO_3166_2,https://www.iso.org/obp/ui/#search,ISO 3166-2 subdivisions via pycountry/isocodes,REFERENCE_DATA_IMPORTED,NEEDS_AR_TRANSLATION,2026-08-05,Administrative subdivision only; cities are imported in later city files.
UPSERT,reg_bf_yag,BF,BFA,Burkina Faso,بوركينا فاسو,,Africa,إفريقيا,Western Africa,غرب إفريقيا,BF-YAG,BF-12,Sahel,2,province,Province,Yagha,,Yagha,true,ISO_3166_2,https://www.iso.org/obp/ui/#search,ISO 3166-2 subdivisions via pycountry/isocodes,REFERENCE_DATA_IMPORTED,NEEDS_AR_TRANSLATION,2026-08-05,Administrative subdivision only; cities are imported in later city files.
UPSERT,reg_bf_yat,BF,BFA,Burkina Faso,بوركينا فاسو,,Africa,إفريقيا,Western Africa,غرب إفريقيا,BF-YAT,BF-10,Nord,2,province,Province,Yatenga,,Yatenga,true,ISO_3166_2,https://www.iso.org/obp/ui/#search,ISO 3166-2 subdivisions via pycountry/isocodes,REFERENCE_DATA_IMPORTED,NEEDS_AR_TRANSLATION,2026-08-05,Administrative subdivision only; cities are imported in later city files.
UPSERT,reg_bf_zir,BF,BFA,Burkina Faso,بوركينا فاسو,,Africa,إفريقيا,Western Africa,غرب إفريقيا,BF-ZIR,BF-06,Centre-Ouest,2,province,Province,Ziro,,Ziro,true,ISO_3166_2,https://www.iso.org/obp/ui/#search,ISO 3166-2 subdivisions via pycountry/isocodes,REFERENCE_DATA_IMPORTED,NEEDS_AR_TRANSLATION,2026-08-05,Administrative subdivision only; cities are imported in later city files.
UPSERT,reg_bf_zon,BF,BFA,Burkina Faso,بوركينا فاسو,,Africa,إفريقيا,Western Africa,غرب إفريقيا,BF-ZON,BF-10,Nord,2,province,Province,Zondoma,,Zondoma,true,ISO_3166_2,https://www.iso.org/obp/ui/#search,ISO 3166-2 subdivisions via pycountry/isocodes,REFERENCE_DATA_IMPORTED,NEEDS_AR_TRANSLATION,2026-08-05,Administrative subdivision only; cities are imported in later city files.
UPSERT,reg_bf_zou,BF,BFA,Burkina Faso,بوركينا فاسو,,Africa,إفريقيا,Western Africa,غرب إفريقيا,BF-ZOU,BF-07,Centre-Sud,2,province,Province,Zoundwéogo,,Zoundwéogo,true,ISO_3166_2,https://www.iso.org/obp/ui/#search,ISO 3166-2 subdivisions via pycountry/isocodes,REFERENCE_DATA_IMPORTED,NEEDS_AR_TRANSLATION,2026-08-05,Administrative subdivision only; cities are imported in later city files.
UPSERT,reg_bi_bb,BI,BDI,Burundi,بوروندي,Republic of Burundi,Africa,إفريقيا,Eastern Africa,شرق إفريقيا,BI-BB,,,1,province,Province,Bubanza,,Bubanza,true,ISO_3166_2,https://www.iso.org/obp/ui/#search,ISO 3166-2 subdivisions via pycountry/isocodes,REFERENCE_DATA_IMPORTED,NEEDS_AR_TRANSLATION,2026-08-05,Administrative subdivision only; cities are imported in later city files.
UPSERT,reg_bi_bl,BI,BDI,Burundi,بوروندي,Republic of Burundi,Africa,إفريقيا,Eastern Africa,شرق إفريقيا,BI-BL,,,1,province,Province,Bujumbura Rural,,Bujumbura Rural,true,ISO_3166_2,https://www.iso.org/obp/ui/#search,ISO 3166-2 subdivisions via pycountry/isocodes,REFERENCE_DATA_IMPORTED,NEEDS_AR_TRANSLATION,2026-08-05,Administrative subdivision only; cities are imported in later city files.
UPSERT,reg_bi_bm,BI,BDI,Burundi,بوروندي,Republic of Burundi,Africa,إفريقيا,Eastern Africa,شرق إفريقيا,BI-BM,,,1,province,Province,Bujumbura Mairie,,Bujumbura Mairie,true,ISO_3166_2,https://www.iso.org/obp/ui/#search,ISO 3166-2 subdivisions via pycountry/isocodes,REFERENCE_DATA_IMPORTED,NEEDS_AR_TRANSLATION,2026-08-05,Administrative subdivision only; cities are imported in later city files.
UPSERT,reg_bi_br,BI,BDI,Burundi,بوروندي,Republic of Burundi,Africa,إفريقيا,Eastern Africa,شرق إفريقيا,BI-BR,,,1,province,Province,Bururi,,Bururi,true,ISO_3166_2,https://www.iso.org/obp/ui/#search,ISO 3166-2 subdivisions via pycountry/isocodes,REFERENCE_DATA_IMPORTED,NEEDS_AR_TRANSLATION,2026-08-05,Administrative subdivision only; cities are imported in later city files.
UPSERT,reg_bi_ca,BI,BDI,Burundi,بوروندي,Republic of Burundi,Africa,إفريقيا,Eastern Africa,شرق إفريقيا,BI-CA,,,1,province,Province,Cankuzo,,Cankuzo,true,ISO_3166_2,https://www.iso.org/obp/ui/#search,ISO 3166-2 subdivisions via pycountry/isocodes,REFERENCE_DATA_IMPORTED,NEEDS_AR_TRANSLATION,2026-08-05,Administrative subdivision only; cities are imported in later city files.
UPSERT,reg_bi_ci,BI,BDI,Burundi,بوروندي,Republic of Burundi,Africa,إفريقيا,Eastern Africa,شرق إفريقيا,BI-CI,,,1,province,Province,Cibitoke,,Cibitoke,true,ISO_3166_2,https://www.iso.org/obp/ui/#search,ISO 3166-2 subdivisions via pycountry/isocodes,REFERENCE_DATA_IMPORTED,NEEDS_AR_TRANSLATION,2026-08-05,Administrative subdivision only; cities are imported in later city files.
UPSERT,reg_bi_gi,BI,BDI,Burundi,بوروندي,Republic of Burundi,Africa,إفريقيا,Eastern Africa,شرق إفريقيا,BI-GI,,,1,province,Province,Gitega,,Gitega,true,ISO_3166_2,https://www.iso.org/obp/ui/#search,ISO 3166-2 subdivisions via pycountry/isocodes,REFERENCE_DATA_IMPORTED,NEEDS_AR_TRANSLATION,2026-08-05,Administrative subdivision only; cities are imported in later city files.
UPSERT,reg_bi_ki,BI,BDI,Burundi,بوروندي,Republic of Burundi,Africa,إفريقيا,Eastern Africa,شرق إفريقيا,BI-KI,,,1,province,Province,Kirundo,,Kirundo,true,ISO_3166_2,https://www.iso.org/obp/ui/#search,ISO 3166-2 subdivisions via pycountry/isocodes,REFERENCE_DATA_IMPORTED,NEEDS_AR_TRANSLATION,2026-08-05,Administrative subdivision only; cities are imported in later city files.
UPSERT,reg_bi_kr,BI,BDI,Burundi,بوروندي,Republic of Burundi,Africa,إفريقيا,Eastern Africa,شرق إفريقيا,BI-KR,,,1,province,Province,Karuzi,,Karuzi,true,ISO_3166_2,https://www.iso.org/obp/ui/#search,ISO 3166-2 subdivisions via pycountry/isocodes,REFERENCE_DATA_IMPORTED,NEEDS_AR_TRANSLATION,2026-08-05,Administrative subdivision only; cities are imported in later city files.
UPSERT,reg_bi_ky,BI,BDI,Burundi,بوروندي,Republic of Burundi,Africa,إفريقيا,Eastern Africa,شرق إفريقيا,BI-KY,,,1,province,Province,Kayanza,,Kayanza,true,ISO_3166_2,https://www.iso.org/obp/ui/#search,ISO 3166-2 subdivisions via pycountry/isocodes,REFERENCE_DATA_IMPORTED,NEEDS_AR_TRANSLATION,2026-08-05,Administrative subdivision only; cities are imported in later city files.
UPSERT,reg_bi_ma,BI,BDI,Burundi,بوروندي,Republic of Burundi,Africa,إفريقيا,Eastern Africa,شرق إفريقيا,BI-MA,,,1,province,Province,Makamba,,Makamba,true,ISO_3166_2,https://www.iso.org/obp/ui/#search,ISO 3166-2 subdivisions via pycountry/isocodes,REFERENCE_DATA_IMPORTED,NEEDS_AR_TRANSLATION,2026-08-05,Administrative subdivision only; cities are imported in later city files.
UPSERT,reg_bi_mu,BI,BDI,Burundi,بوروندي,Republic of Burundi,Africa,إفريقيا,Eastern Africa,شرق إفريقيا,BI-MU,,,1,province,Province,Muramvya,,Muramvya,true,ISO_3166_2,https://www.iso.org/obp/ui/#search,ISO 3166-2 subdivisions via pycountry/isocodes,REFERENCE_DATA_IMPORTED,NEEDS_AR_TRANSLATION,2026-08-05,Administrative subdivision only; cities are imported in later city files.
UPSERT,reg_bi_mw,BI,BDI,Burundi,بوروندي,Republic of Burundi,Africa,إفريقيا,Eastern Africa,شرق إفريقيا,BI-MW,,,1,province,Province,Mwaro,,Mwaro,true,ISO_3166_2,https://www.iso.org/obp/ui/#search,ISO 3166-2 subdivisions via pycountry/isocodes,REFERENCE_DATA_IMPORTED,NEEDS_AR_TRANSLATION,2026-08-05,Administrative subdivision only; cities are imported in later city files.
UPSERT,reg_bi_my,BI,BDI,Burundi,بوروندي,Republic of Burundi,Africa,إفريقيا,Eastern Africa,شرق إفريقيا,BI-MY,,,1,province,Province,Muyinga,,Muyinga,true,ISO_3166_2,https://www.iso.org/obp/ui/#search,ISO 3166-2 subdivisions via pycountry/isocodes,REFERENCE_DATA_IMPORTED,NEEDS_AR_TRANSLATION,2026-08-05,Administrative subdivision only; cities are imported in later city files.
UPSERT,reg_bi_ng,BI,BDI,Burundi,بوروندي,Republic of Burundi,Africa,إفريقيا,Eastern Africa,شرق إفريقيا,BI-NG,,,1,province,Province,Ngozi,,Ngozi,true,ISO_3166_2,https://www.iso.org/obp/ui/#search,ISO 3166-2 subdivisions via pycountry/isocodes,REFERENCE_DATA_IMPORTED,NEEDS_AR_TRANSLATION,2026-08-05,Administrative subdivision only; cities are imported in later city files.
UPSERT,reg_bi_rm,BI,BDI,Burundi,بوروندي,Republic of Burundi,Africa,إفريقيا,Eastern Africa,شرق إفريقيا,BI-RM,,,1,province,Province,Rumonge,,Rumonge,true,ISO_3166_2,https://www.iso.org/obp/ui/#search,ISO 3166-2 subdivisions via pycountry/isocodes,REFERENCE_DATA_IMPORTED,NEEDS_AR_TRANSLATION,2026-08-05,Administrative subdivision only; cities are imported in later city files.
UPSERT,reg_bi_rt,BI,BDI,Burundi,بوروندي,Republic of Burundi,Africa,إفريقيا,Eastern Africa,شرق إفريقيا,BI-RT,,,1,province,Province,Rutana,,Rutana,true,ISO_3166_2,https://www.iso.org/obp/ui/#search,ISO 3166-2 subdivisions via pycountry/isocodes,REFERENCE_DATA_IMPORTED,NEEDS_AR_TRANSLATION,2026-08-05,Administrative subdivision only; cities are imported in later city files.
UPSERT,reg_bi_ry,BI,BDI,Burundi,بوروندي,Republic of Burundi,Africa,إفريقيا,Eastern Africa,شرق إفريقيا,BI-RY,,,1,province,Province,Ruyigi,,Ruyigi,true,ISO_3166_2,https://www.iso.org/obp/ui/#search,ISO 3166-2 subdivisions via pycountry/isocodes,REFERENCE_DATA_IMPORTED,NEEDS_AR_TRANSLATION,2026-08-05,Administrative subdivision only; cities are imported in later city files.
UPSERT,reg_bj_ak,BJ,BEN,Benin,بنين,Republic of Benin,Africa,إفريقيا,Western Africa,غرب إفريقيا,BJ-AK,,,1,department,Department,Atacora,,Atacora,true,ISO_3166_2,https://www.iso.org/obp/ui/#search,ISO 3166-2 subdivisions via pycountry/isocodes,REFERENCE_DATA_IMPORTED,NEEDS_AR_TRANSLATION,2026-08-05,Administrative subdivision only; cities are imported in later city files.
UPSERT,reg_bj_al,BJ,BEN,Benin,بنين,Republic of Benin,Africa,إفريقيا,Western Africa,غرب إفريقيا,BJ-AL,,,1,department,Department,Alibori,,Alibori,true,ISO_3166_2,https://www.iso.org/obp/ui/#search,ISO 3166-2 subdivisions via pycountry/isocodes,REFERENCE_DATA_IMPORTED,NEEDS_AR_TRANSLATION,2026-08-05,Administrative subdivision only; cities are imported in later city files.
UPSERT,reg_bj_aq,BJ,BEN,Benin,بنين,Republic of Benin,Africa,إفريقيا,Western Africa,غرب إفريقيا,BJ-AQ,,,1,department,Department,Atlantique,,Atlantique,true,ISO_3166_2,https://www.iso.org/obp/ui/#search,ISO 3166-2 subdivisions via pycountry/isocodes,REFERENCE_DATA_IMPORTED,NEEDS_AR_TRANSLATION,2026-08-05,Administrative subdivision only; cities are imported in later city files.
UPSERT,reg_bj_bo,BJ,BEN,Benin,بنين,Republic of Benin,Africa,إفريقيا,Western Africa,غرب إفريقيا,BJ-BO,,,1,department,Department,Borgou,,Borgou,true,ISO_3166_2,https://www.iso.org/obp/ui/#search,ISO 3166-2 subdivisions via pycountry/isocodes,REFERENCE_DATA_IMPORTED,NEEDS_AR_TRANSLATION,2026-08-05,Administrative subdivision only; cities are imported in later city files.
UPSERT,reg_bj_co,BJ,BEN,Benin,بنين,Republic of Benin,Africa,إفريقيا,Western Africa,غرب إفريقيا,BJ-CO,,,1,department,Department,Collines,,Collines,true,ISO_3166_2,https://www.iso.org/obp/ui/#search,ISO 3166-2 subdivisions via pycountry/isocodes,REFERENCE_DATA_IMPORTED,NEEDS_AR_TRANSLATION,2026-08-05,Administrative subdivision only; cities are imported in later city files.
UPSERT,reg_bj_do,BJ,BEN,Benin,بنين,Republic of Benin,Africa,إفريقيا,Western Africa,غرب إفريقيا,BJ-DO,,,1,department,Department,Donga,,Donga,true,ISO_3166_2,https://www.iso.org/obp/ui/#search,ISO 3166-2 subdivisions via pycountry/isocodes,REFERENCE_DATA_IMPORTED,NEEDS_AR_TRANSLATION,2026-08-05,Administrative subdivision only; cities are imported in later city files.
UPSERT,reg_bj_ko,BJ,BEN,Benin,بنين,Republic of Benin,Africa,إفريقيا,Western Africa,غرب إفريقيا,BJ-KO,,,1,department,Department,Couffo,,Couffo,true,ISO_3166_2,https://www.iso.org/obp/ui/#search,ISO 3166-2 subdivisions via pycountry/isocodes,REFERENCE_DATA_IMPORTED,NEEDS_AR_TRANSLATION,2026-08-05,Administrative subdivision only; cities are imported in later city files.
UPSERT,reg_bj_li,BJ,BEN,Benin,بنين,Republic of Benin,Africa,إفريقيا,Western Africa,غرب إفريقيا,BJ-LI,,,1,department,Department,Littoral,,Littoral,true,ISO_3166_2,https://www.iso.org/obp/ui/#search,ISO 3166-2 subdivisions via pycountry/isocodes,REFERENCE_DATA_IMPORTED,NEEDS_AR_TRANSLATION,2026-08-05,Administrative subdivision only; cities are imported in later city files.
UPSERT,reg_bj_mo,BJ,BEN,Benin,بنين,Republic of Benin,Africa,إفريقيا,Western Africa,غرب إفريقيا,BJ-MO,,,1,department,Department,Mono,,Mono,true,ISO_3166_2,https://www.iso.org/obp/ui/#search,ISO 3166-2 subdivisions via pycountry/isocodes,REFERENCE_DATA_IMPORTED,NEEDS_AR_TRANSLATION,2026-08-05,Administrative subdivision only; cities are imported in later city files.
UPSERT,reg_bj_ou,BJ,BEN,Benin,بنين,Republic of Benin,Africa,إفريقيا,Western Africa,غرب إفريقيا,BJ-OU,,,1,department,Department,Ouémé,,Ouémé,true,ISO_3166_2,https://www.iso.org/obp/ui/#search,ISO 3166-2 subdivisions via pycountry/isocodes,REFERENCE_DATA_IMPORTED,NEEDS_AR_TRANSLATION,2026-08-05,Administrative subdivision only; cities are imported in later city files.
UPSERT,reg_bj_pl,BJ,BEN,Benin,بنين,Republic of Benin,Africa,إفريقيا,Western Africa,غرب إفريقيا,BJ-PL,,,1,department,Department,Plateau,,Plateau,true,ISO_3166_2,https://www.iso.org/obp/ui/#search,ISO 3166-2 subdivisions via pycountry/isocodes,REFERENCE_DATA_IMPORTED,NEEDS_AR_TRANSLATION,2026-08-05,Administrative subdivision only; cities are imported in later city files.
UPSERT,reg_bj_zo,BJ,BEN,Benin,بنين,Republic of Benin,Africa,إفريقيا,Western Africa,غرب إفريقيا,BJ-ZO,,,1,department,Department,Zou,,Zou,true,ISO_3166_2,https://www.iso.org/obp/ui/#search,ISO 3166-2 subdivisions via pycountry/isocodes,REFERENCE_DATA_IMPORTED,NEEDS_AR_TRANSLATION,2026-08-05,Administrative subdivision only; cities are imported in later city files.
UPSERT,reg_bw_ce,BW,BWA,Botswana,بوتسوانا,Republic of Botswana,Africa,إفريقيا,Southern Africa,جنوب إفريقيا,BW-CE,,,1,district,District,Central,,Central,true,ISO_3166_2,https://www.iso.org/obp/ui/#search,ISO 3166-2 subdivisions via pycountry/isocodes,REFERENCE_DATA_IMPORTED,NEEDS_AR_TRANSLATION,2026-08-05,Administrative subdivision only; cities are imported in later city files.
UPSERT,reg_bw_ch,BW,BWA,Botswana,بوتسوانا,Republic of Botswana,Africa,إفريقيا,Southern Africa,جنوب إفريقيا,BW-CH,,,1,district,District,Chobe,,Chobe,true,ISO_3166_2,https://www.iso.org/obp/ui/#search,ISO 3166-2 subdivisions via pycountry/isocodes,REFERENCE_DATA_IMPORTED,NEEDS_AR_TRANSLATION,2026-08-05,Administrative subdivision only; cities are imported in later city files.
UPSERT,reg_bw_fr,BW,BWA,Botswana,بوتسوانا,Republic of Botswana,Africa,إفريقيا,Southern Africa,جنوب إفريقيا,BW-FR,,,1,city,City,Francistown,,Francistown,true,ISO_3166_2,https://www.iso.org/obp/ui/#search,ISO 3166-2 subdivisions via pycountry/isocodes,REFERENCE_DATA_IMPORTED,NEEDS_AR_TRANSLATION,2026-08-05,Administrative subdivision only; cities are imported in later city files.
UPSERT,reg_bw_ga,BW,BWA,Botswana,بوتسوانا,Republic of Botswana,Africa,إفريقيا,Southern Africa,جنوب إفريقيا,BW-GA,,,1,city,City,Gaborone,,Gaborone,true,ISO_3166_2,https://www.iso.org/obp/ui/#search,ISO 3166-2 subdivisions via pycountry/isocodes,REFERENCE_DATA_IMPORTED,NEEDS_AR_TRANSLATION,2026-08-05,Administrative subdivision only; cities are imported in later city files.
UPSERT,reg_bw_gh,BW,BWA,Botswana,بوتسوانا,Republic of Botswana,Africa,إفريقيا,Southern Africa,جنوب إفريقيا,BW-GH,,,1,district,District,Ghanzi,,Ghanzi,true,ISO_3166_2,https://www.iso.org/obp/ui/#search,ISO 3166-2 subdivisions via pycountry/isocodes,REFERENCE_DATA_IMPORTED,NEEDS_AR_TRANSLATION,2026-08-05,Administrative subdivision only; cities are imported in later city files.
UPSERT,reg_bw_jw,BW,BWA,Botswana,بوتسوانا,Republic of Botswana,Africa,إفريقيا,Southern Africa,جنوب إفريقيا,BW-JW,,,1,town,Town,Jwaneng,,Jwaneng,true,ISO_3166_2,https://www.iso.org/obp/ui/#search,ISO 3166-2 subdivisions via pycountry/isocodes,REFERENCE_DATA_IMPORTED,NEEDS_AR_TRANSLATION,2026-08-05,Administrative subdivision only; cities are imported in later city files.
UPSERT,reg_bw_kg,BW,BWA,Botswana,بوتسوانا,Republic of Botswana,Africa,إفريقيا,Southern Africa,جنوب إفريقيا,BW-KG,,,1,district,District,Kgalagadi,,Kgalagadi,true,ISO_3166_2,https://www.iso.org/obp/ui/#search,ISO 3166-2 subdivisions via pycountry/isocodes,REFERENCE_DATA_IMPORTED,NEEDS_AR_TRANSLATION,2026-08-05,Administrative subdivision only; cities are imported in later city files.
UPSERT,reg_bw_kl,BW,BWA,Botswana,بوتسوانا,Republic of Botswana,Africa,إفريقيا,Southern Africa,جنوب إفريقيا,BW-KL,,,1,district,District,Kgatleng,,Kgatleng,true,ISO_3166_2,https://www.iso.org/obp/ui/#search,ISO 3166-2 subdivisions via pycountry/isocodes,REFERENCE_DATA_IMPORTED,NEEDS_AR_TRANSLATION,2026-08-05,Administrative subdivision only; cities are imported in later city files.
UPSERT,reg_bw_kw,BW,BWA,Botswana,بوتسوانا,Republic of Botswana,Africa,إفريقيا,Southern Africa,جنوب إفريقيا,BW-KW,,,1,district,District,Kweneng,,Kweneng,true,ISO_3166_2,https://www.iso.org/obp/ui/#search,ISO 3166-2 subdivisions via pycountry/isocodes,REFERENCE_DATA_IMPORTED,NEEDS_AR_TRANSLATION,2026-08-05,Administrative subdivision only; cities are imported in later city files.
UPSERT,reg_bw_lo,BW,BWA,Botswana,بوتسوانا,Republic of Botswana,Africa,إفريقيا,Southern Africa,جنوب إفريقيا,BW-LO,,,1,town,Town,Lobatse,,Lobatse,true,ISO_3166_2,https://www.iso.org/obp/ui/#search,ISO 3166-2 subdivisions via pycountry/isocodes,REFERENCE_DATA_IMPORTED,NEEDS_AR_TRANSLATION,2026-08-05,Administrative subdivision only; cities are imported in later city files.
UPSERT,reg_bw_ne,BW,BWA,Botswana,بوتسوانا,Republic of Botswana,Africa,إفريقيا,Southern Africa,جنوب إفريقيا,BW-NE,,,1,district,District,North East,,North East,true,ISO_3166_2,https://www.iso.org/obp/ui/#search,ISO 3166-2 subdivisions via pycountry/isocodes,REFERENCE_DATA_IMPORTED,NEEDS_AR_TRANSLATION,2026-08-05,Administrative subdivision only; cities are imported in later city files.
UPSERT,reg_bw_nw,BW,BWA,Botswana,بوتسوانا,Republic of Botswana,Africa,إفريقيا,Southern Africa,جنوب إفريقيا,BW-NW,,,1,district,District,North West,,North West,true,ISO_3166_2,https://www.iso.org/obp/ui/#search,ISO 3166-2 subdivisions via pycountry/isocodes,REFERENCE_DATA_IMPORTED,NEEDS_AR_TRANSLATION,2026-08-05,Administrative subdivision only; cities are imported in later city files.
UPSERT,reg_bw_se,BW,BWA,Botswana,بوتسوانا,Republic of Botswana,Africa,إفريقيا,Southern Africa,جنوب إفريقيا,BW-SE,,,1,district,District,South East,,South East,true,ISO_3166_2,https://www.iso.org/obp/ui/#search,ISO 3166-2 subdivisions via pycountry/isocodes,REFERENCE_DATA_IMPORTED,NEEDS_AR_TRANSLATION,2026-08-05,Administrative subdivision only; cities are imported in later city files.
UPSERT,reg_bw_so,BW,BWA,Botswana,بوتسوانا,Republic of Botswana,Africa,إفريقيا,Southern Africa,جنوب إفريقيا,BW-SO,,,1,district,District,Southern,,Southern,true,ISO_3166_2,https://www.iso.org/obp/ui/#search,ISO 3166-2 subdivisions via pycountry/isocodes,REFERENCE_DATA_IMPORTED,NEEDS_AR_TRANSLATION,2026-08-05,Administrative subdivision only; cities are imported in later city files.
UPSERT,reg_bw_sp,BW,BWA,Botswana,بوتسوانا,Republic of Botswana,Africa,إفريقيا,Southern Africa,جنوب إفريقيا,BW-SP,,,1,town,Town,Selibe Phikwe,,Selibe Phikwe,true,ISO_3166_2,https://www.iso.org/obp/ui/#search,ISO 3166-2 subdivisions via pycountry/isocodes,REFERENCE_DATA_IMPORTED,NEEDS_AR_TRANSLATION,2026-08-05,Administrative subdivision only; cities are imported in later city files.
UPSERT,reg_bw_st,BW,BWA,Botswana,بوتسوانا,Republic of Botswana,Africa,إفريقيا,Southern Africa,جنوب إفريقيا,BW-ST,,,1,town,Town,Sowa Town,,Sowa Town,true,ISO_3166_2,https://www.iso.org/obp/ui/#search,ISO 3166-2 subdivisions via pycountry/isocodes,REFERENCE_DATA_IMPORTED,NEEDS_AR_TRANSLATION,2026-08-05,Administrative subdivision only; cities are imported in later city files.
UPSERT,reg_cd_bc,CD,COD,"Congo, The Democratic Republic of the",الكونغو - كينشاسا,,Africa,إفريقيا,Middle Africa,وسط إفريقيا,CD-BC,,,1,province,Province,Kongo Central,,Kongo Central,true,ISO_3166_2,https://www.iso.org/obp/ui/#search,ISO 3166-2 subdivisions via pycountry/isocodes,REFERENCE_DATA_IMPORTED,NEEDS_AR_TRANSLATION,2026-08-05,Administrative subdivision only; cities are imported in later city files.
UPSERT,reg_cd_bu,CD,COD,"Congo, The Democratic Republic of the",الكونغو - كينشاسا,,Africa,إفريقيا,Middle Africa,وسط إفريقيا,CD-BU,,,1,province,Province,Bas-Uélé,,Bas-Uélé,true,ISO_3166_2,https://www.iso.org/obp/ui/#search,ISO 3166-2 subdivisions via pycountry/isocodes,REFERENCE_DATA_IMPORTED,NEEDS_AR_TRANSLATION,2026-08-05,Administrative subdivision only; cities are imported in later city files.
UPSERT,reg_cd_eq,CD,COD,"Congo, The Democratic Republic of the",الكونغو - كينشاسا,,Africa,إفريقيا,Middle Africa,وسط إفريقيا,CD-EQ,,,1,province,Province,Équateur,,Équateur,true,ISO_3166_2,https://www.iso.org/obp/ui/#search,ISO 3166-2 subdivisions via pycountry/isocodes,REFERENCE_DATA_IMPORTED,NEEDS_AR_TRANSLATION,2026-08-05,Administrative subdivision only; cities are imported in later city files.
UPSERT,reg_cd_hk,CD,COD,"Congo, The Democratic Republic of the",الكونغو - كينشاسا,,Africa,إفريقيا,Middle Africa,وسط إفريقيا,CD-HK,,,1,province,Province,Haut-Katanga,,Haut-Katanga,true,ISO_3166_2,https://www.iso.org/obp/ui/#search,ISO 3166-2 subdivisions via pycountry/isocodes,REFERENCE_DATA_IMPORTED,NEEDS_AR_TRANSLATION,2026-08-05,Administrative subdivision only; cities are imported in later city files.
UPSERT,reg_cd_hl,CD,COD,"Congo, The Democratic Republic of the",الكونغو - كينشاسا,,Africa,إفريقيا,Middle Africa,وسط إفريقيا,CD-HL,,,1,province,Province,Haut-Lomami,,Haut-Lomami,true,ISO_3166_2,https://www.iso.org/obp/ui/#search,ISO 3166-2 subdivisions via pycountry/isocodes,REFERENCE_DATA_IMPORTED,NEEDS_AR_TRANSLATION,2026-08-05,Administrative subdivision only; cities are imported in later city files.
UPSERT,reg_cd_hu,CD,COD,"Congo, The Democratic Republic of the",الكونغو - كينشاسا,,Africa,إفريقيا,Middle Africa,وسط إفريقيا,CD-HU,,,1,province,Province,Haut-Uélé,,Haut-Uélé,true,ISO_3166_2,https://www.iso.org/obp/ui/#search,ISO 3166-2 subdivisions via pycountry/isocodes,REFERENCE_DATA_IMPORTED,NEEDS_AR_TRANSLATION,2026-08-05,Administrative subdivision only; cities are imported in later city files.
UPSERT,reg_cd_it,CD,COD,"Congo, The Democratic Republic of the",الكونغو - كينشاسا,,Africa,إفريقيا,Middle Africa,وسط إفريقيا,CD-IT,,,1,province,Province,Ituri,,Ituri,true,ISO_3166_2,https://www.iso.org/obp/ui/#search,ISO 3166-2 subdivisions via pycountry/isocodes,REFERENCE_DATA_IMPORTED,NEEDS_AR_TRANSLATION,2026-08-05,Administrative subdivision only; cities are imported in later city files.
UPSERT,reg_cd_kc,CD,COD,"Congo, The Democratic Republic of the",الكونغو - كينشاسا,,Africa,إفريقيا,Middle Africa,وسط إفريقيا,CD-KC,,,1,province,Province,Kasaï Central,,Kasaï Central,true,ISO_3166_2,https://www.iso.org/obp/ui/#search,ISO 3166-2 subdivisions via pycountry/isocodes,REFERENCE_DATA_IMPORTED,NEEDS_AR_TRANSLATION,2026-08-05,Administrative subdivision only; cities are imported in later city files.
UPSERT,reg_cd_ke,CD,COD,"Congo, The Democratic Republic of the",الكونغو - كينشاسا,,Africa,إفريقيا,Middle Africa,وسط إفريقيا,CD-KE,,,1,province,Province,Kasaï Oriental,,Kasaï Oriental,true,ISO_3166_2,https://www.iso.org/obp/ui/#search,ISO 3166-2 subdivisions via pycountry/isocodes,REFERENCE_DATA_IMPORTED,NEEDS_AR_TRANSLATION,2026-08-05,Administrative subdivision only; cities are imported in later city files.
UPSERT,reg_cd_kg,CD,COD,"Congo, The Democratic Republic of the",الكونغو - كينشاسا,,Africa,إفريقيا,Middle Africa,وسط إفريقيا,CD-KG,,,1,province,Province,Kwango,,Kwango,true,ISO_3166_2,https://www.iso.org/obp/ui/#search,ISO 3166-2 subdivisions via pycountry/isocodes,REFERENCE_DATA_IMPORTED,NEEDS_AR_TRANSLATION,2026-08-05,Administrative subdivision only; cities are imported in later city files.
UPSERT,reg_cd_kl,CD,COD,"Congo, The Democratic Republic of the",الكونغو - كينشاسا,,Africa,إفريقيا,Middle Africa,وسط إفريقيا,CD-KL,,,1,province,Province,Kwilu,,Kwilu,true,ISO_3166_2,https://www.iso.org/obp/ui/#search,ISO 3166-2 subdivisions via pycountry/isocodes,REFERENCE_DATA_IMPORTED,NEEDS_AR_TRANSLATION,2026-08-05,Administrative subdivision only; cities are imported in later city files.
UPSERT,reg_cd_kn,CD,COD,"Congo, The Democratic Republic of the",الكونغو - كينشاسا,,Africa,إفريقيا,Middle Africa,وسط إفريقيا,CD-KN,,,1,city,City,Kinshasa,,Kinshasa,true,ISO_3166_2,https://www.iso.org/obp/ui/#search,ISO 3166-2 subdivisions via pycountry/isocodes,REFERENCE_DATA_IMPORTED,NEEDS_AR_TRANSLATION,2026-08-05,Administrative subdivision only; cities are imported in later city files.
UPSERT,reg_cd_ks,CD,COD,"Congo, The Democratic Republic of the",الكونغو - كينشاسا,,Africa,إفريقيا,Middle Africa,وسط إفريقيا,CD-KS,,,1,province,Province,Kasaï,,Kasaï,true,ISO_3166_2,https://www.iso.org/obp/ui/#search,ISO 3166-2 subdivisions via pycountry/isocodes,REFERENCE_DATA_IMPORTED,NEEDS_AR_TRANSLATION,2026-08-05,Administrative subdivision only; cities are imported in later city files.
UPSERT,reg_cd_lo,CD,COD,"Congo, The Democratic Republic of the",الكونغو - كينشاسا,,Africa,إفريقيا,Middle Africa,وسط إفريقيا,CD-LO,,,1,province,Province,Lomami,,Lomami,true,ISO_3166_2,https://www.iso.org/obp/ui/#search,ISO 3166-2 subdivisions via pycountry/isocodes,REFERENCE_DATA_IMPORTED,NEEDS_AR_TRANSLATION,2026-08-05,Administrative subdivision only; cities are imported in later city files.
UPSERT,reg_cd_lu,CD,COD,"Congo, The Democratic Republic of the",الكونغو - كينشاسا,,Africa,إفريقيا,Middle Africa,وسط إفريقيا,CD-LU,,,1,province,Province,Lualaba,,Lualaba,true,ISO_3166_2,https://www.iso.org/obp/ui/#search,ISO 3166-2 subdivisions via pycountry/isocodes,REFERENCE_DATA_IMPORTED,NEEDS_AR_TRANSLATION,2026-08-05,Administrative subdivision only; cities are imported in later city files.
UPSERT,reg_cd_ma,CD,COD,"Congo, The Democratic Republic of the",الكونغو - كينشاسا,,Africa,إفريقيا,Middle Africa,وسط إفريقيا,CD-MA,,,1,province,Province,Maniema,,Maniema,true,ISO_3166_2,https://www.iso.org/obp/ui/#search,ISO 3166-2 subdivisions via pycountry/isocodes,REFERENCE_DATA_IMPORTED,NEEDS_AR_TRANSLATION,2026-08-05,Administrative subdivision only; cities are imported in later city files.
UPSERT,reg_cd_mn,CD,COD,"Congo, The Democratic Republic of the",الكونغو - كينشاسا,,Africa,إفريقيا,Middle Africa,وسط إفريقيا,CD-MN,,,1,province,Province,Mai-Ndombe,,Mai-Ndombe,true,ISO_3166_2,https://www.iso.org/obp/ui/#search,ISO 3166-2 subdivisions via pycountry/isocodes,REFERENCE_DATA_IMPORTED,NEEDS_AR_TRANSLATION,2026-08-05,Administrative subdivision only; cities are imported in later city files.
UPSERT,reg_cd_mo,CD,COD,"Congo, The Democratic Republic of the",الكونغو - كينشاسا,,Africa,إفريقيا,Middle Africa,وسط إفريقيا,CD-MO,,,1,province,Province,Mongala,,Mongala,true,ISO_3166_2,https://www.iso.org/obp/ui/#search,ISO 3166-2 subdivisions via pycountry/isocodes,REFERENCE_DATA_IMPORTED,NEEDS_AR_TRANSLATION,2026-08-05,Administrative subdivision only; cities are imported in later city files.
UPSERT,reg_cd_nk,CD,COD,"Congo, The Democratic Republic of the",الكونغو - كينشاسا,,Africa,إفريقيا,Middle Africa,وسط إفريقيا,CD-NK,,,1,province,Province,Nord-Kivu,,Nord-Kivu,true,ISO_3166_2,https://www.iso.org/obp/ui/#search,ISO 3166-2 subdivisions via pycountry/isocodes,REFERENCE_DATA_IMPORTED,NEEDS_AR_TRANSLATION,2026-08-05,Administrative subdivision only; cities are imported in later city files.
UPSERT,reg_cd_nu,CD,COD,"Congo, The Democratic Republic of the",الكونغو - كينشاسا,,Africa,إفريقيا,Middle Africa,وسط إفريقيا,CD-NU,,,1,province,Province,Nord-Ubangi,,Nord-Ubangi,true,ISO_3166_2,https://www.iso.org/obp/ui/#search,ISO 3166-2 subdivisions via pycountry/isocodes,REFERENCE_DATA_IMPORTED,NEEDS_AR_TRANSLATION,2026-08-05,Administrative subdivision only; cities are imported in later city files.
UPSERT,reg_cd_sa,CD,COD,"Congo, The Democratic Republic of the",الكونغو - كينشاسا,,Africa,إفريقيا,Middle Africa,وسط إفريقيا,CD-SA,,,1,province,Province,Sankuru,,Sankuru,true,ISO_3166_2,https://www.iso.org/obp/ui/#search,ISO 3166-2 subdivisions via pycountry/isocodes,REFERENCE_DATA_IMPORTED,NEEDS_AR_TRANSLATION,2026-08-05,Administrative subdivision only; cities are imported in later city files.
UPSERT,reg_cd_sk,CD,COD,"Congo, The Democratic Republic of the",الكونغو - كينشاسا,,Africa,إفريقيا,Middle Africa,وسط إفريقيا,CD-SK,,,1,province,Province,Sud-Kivu,,Sud-Kivu,true,ISO_3166_2,https://www.iso.org/obp/ui/#search,ISO 3166-2 subdivisions via pycountry/isocodes,REFERENCE_DATA_IMPORTED,NEEDS_AR_TRANSLATION,2026-08-05,Administrative subdivision only; cities are imported in later city files.
UPSERT,reg_cd_su,CD,COD,"Congo, The Democratic Republic of the",الكونغو - كينشاسا,,Africa,إفريقيا,Middle Africa,وسط إفريقيا,CD-SU,,,1,province,Province,Sud-Ubangi,,Sud-Ubangi,true,ISO_3166_2,https://www.iso.org/obp/ui/#search,ISO 3166-2 subdivisions via pycountry/isocodes,REFERENCE_DATA_IMPORTED,NEEDS_AR_TRANSLATION,2026-08-05,Administrative subdivision only; cities are imported in later city files.
UPSERT,reg_cd_ta,CD,COD,"Congo, The Democratic Republic of the",الكونغو - كينشاسا,,Africa,إفريقيا,Middle Africa,وسط إفريقيا,CD-TA,,,1,province,Province,Tanganyika,,Tanganyika,true,ISO_3166_2,https://www.iso.org/obp/ui/#search,ISO 3166-2 subdivisions via pycountry/isocodes,REFERENCE_DATA_IMPORTED,NEEDS_AR_TRANSLATION,2026-08-05,Administrative subdivision only; cities are imported in later city files.
UPSERT,reg_cd_to,CD,COD,"Congo, The Democratic Republic of the",الكونغو - كينشاسا,,Africa,إفريقيا,Middle Africa,وسط إفريقيا,CD-TO,,,1,province,Province,Tshopo,,Tshopo,true,ISO_3166_2,https://www.iso.org/obp/ui/#search,ISO 3166-2 subdivisions via pycountry/isocodes,REFERENCE_DATA_IMPORTED,NEEDS_AR_TRANSLATION,2026-08-05,Administrative subdivision only; cities are imported in later city files.
UPSERT,reg_cd_tu,CD,COD,"Congo, The Democratic Republic of the",الكونغو - كينشاسا,,Africa,إفريقيا,Middle Africa,وسط إفريقيا,CD-TU,,,1,province,Province,Tshuapa,,Tshuapa,true,ISO_3166_2,https://www.iso.org/obp/ui/#search,ISO 3166-2 subdivisions via pycountry/isocodes,REFERENCE_DATA_IMPORTED,NEEDS_AR_TRANSLATION,2026-08-05,Administrative subdivision only; cities are imported in later city files.
UPSERT,reg_cf_ac,CF,CAF,Central African Republic,جمهورية أفريقيا الوسطى,,Africa,إفريقيا,Middle Africa,وسط إفريقيا,CF-AC,,,1,prefecture,Prefecture,Ouham,,Ouham,true,ISO_3166_2,https://www.iso.org/obp/ui/#search,ISO 3166-2 subdivisions via pycountry/isocodes,REFERENCE_DATA_IMPORTED,NEEDS_AR_TRANSLATION,2026-08-05,Administrative subdivision only; cities are imported in later city files.
UPSERT,reg_cf_bb,CF,CAF,Central African Republic,جمهورية أفريقيا الوسطى,,Africa,إفريقيا,Middle Africa,وسط إفريقيا,CF-BB,,,1,prefecture,Prefecture,Bamingui-Bangoran,,Bamingui-Bangoran,true,ISO_3166_2,https://www.iso.org/obp/ui/#search,ISO 3166-2 subdivisions via pycountry/isocodes,REFERENCE_DATA_IMPORTED,NEEDS_AR_TRANSLATION,2026-08-05,Administrative subdivision only; cities are imported in later city files.
UPSERT,reg_cf_bgf,CF,CAF,Central African Republic,جمهورية أفريقيا الوسطى,,Africa,إفريقيا,Middle Africa,وسط إفريقيا,CF-BGF,,,1,commune,Commune,Bangui,,Bangui,true,ISO_3166_2,https://www.iso.org/obp/ui/#search,ISO 3166-2 subdivisions via pycountry/isocodes,REFERENCE_DATA_IMPORTED,NEEDS_AR_TRANSLATION,2026-08-05,Administrative subdivision only; cities are imported in later city files.
UPSERT,reg_cf_bk,CF,CAF,Central African Republic,جمهورية أفريقيا الوسطى,,Africa,إفريقيا,Middle Africa,وسط إفريقيا,CF-BK,,,1,prefecture,Prefecture,Basse-Kotto,,Basse-Kotto,true,ISO_3166_2,https://www.iso.org/obp/ui/#search,ISO 3166-2 subdivisions via pycountry/isocodes,REFERENCE_DATA_IMPORTED,NEEDS_AR_TRANSLATION,2026-08-05,Administrative subdivision only; cities are imported in later city files.
UPSERT,reg_cf_hk,CF,CAF,Central African Republic,جمهورية أفريقيا الوسطى,,Africa,إفريقيا,Middle Africa,وسط إفريقيا,CF-HK,,,1,prefecture,Prefecture,Haute-Kotto,,Haute-Kotto,true,ISO_3166_2,https://www.iso.org/obp/ui/#search,ISO 3166-2 subdivisions via pycountry/isocodes,REFERENCE_DATA_IMPORTED,NEEDS_AR_TRANSLATION,2026-08-05,Administrative subdivision only; cities are imported in later city files.
UPSERT,reg_cf_hm,CF,CAF,Central African Republic,جمهورية أفريقيا الوسطى,,Africa,إفريقيا,Middle Africa,وسط إفريقيا,CF-HM,,,1,prefecture,Prefecture,Haut-Mbomou,,Haut-Mbomou,true,ISO_3166_2,https://www.iso.org/obp/ui/#search,ISO 3166-2 subdivisions via pycountry/isocodes,REFERENCE_DATA_IMPORTED,NEEDS_AR_TRANSLATION,2026-08-05,Administrative subdivision only; cities are imported in later city files.
UPSERT,reg_cf_hs,CF,CAF,Central African Republic,جمهورية أفريقيا الوسطى,,Africa,إفريقيا,Middle Africa,وسط إفريقيا,CF-HS,,,1,prefecture,Prefecture,Haute-Sangha / Mambéré-Kadéï,,Haute-Sangha / Mambéré-Kadéï,true,ISO_3166_2,https://www.iso.org/obp/ui/#search,ISO 3166-2 subdivisions via pycountry/isocodes,REFERENCE_DATA_IMPORTED,NEEDS_AR_TRANSLATION,2026-08-05,Administrative subdivision only; cities are imported in later city files.
UPSERT,reg_cf_kb,CF,CAF,Central African Republic,جمهورية أفريقيا الوسطى,,Africa,إفريقيا,Middle Africa,وسط إفريقيا,CF-KB,,,1,economic_prefecture,Economic prefecture,Gribingui,,Gribingui,true,ISO_3166_2,https://www.iso.org/obp/ui/#search,ISO 3166-2 subdivisions via pycountry/isocodes,REFERENCE_DATA_IMPORTED,NEEDS_AR_TRANSLATION,2026-08-05,Administrative subdivision only; cities are imported in later city files.
UPSERT,reg_cf_kg,CF,CAF,Central African Republic,جمهورية أفريقيا الوسطى,,Africa,إفريقيا,Middle Africa,وسط إفريقيا,CF-KG,,,1,prefecture,Prefecture,Kémo-Gribingui,,Kémo-Gribingui,true,ISO_3166_2,https://www.iso.org/obp/ui/#search,ISO 3166-2 subdivisions via pycountry/isocodes,REFERENCE_DATA_IMPORTED,NEEDS_AR_TRANSLATION,2026-08-05,Administrative subdivision only; cities are imported in later city files.
UPSERT,reg_cf_lb,CF,CAF,Central African Republic,جمهورية أفريقيا الوسطى,,Africa,إفريقيا,Middle Africa,وسط إفريقيا,CF-LB,,,1,prefecture,Prefecture,Lobaye,,Lobaye,true,ISO_3166_2,https://www.iso.org/obp/ui/#search,ISO 3166-2 subdivisions via pycountry/isocodes,REFERENCE_DATA_IMPORTED,NEEDS_AR_TRANSLATION,2026-08-05,Administrative subdivision only; cities are imported in later city files.
UPSERT,reg_cf_mb,CF,CAF,Central African Republic,جمهورية أفريقيا الوسطى,,Africa,إفريقيا,Middle Africa,وسط إفريقيا,CF-MB,,,1,prefecture,Prefecture,Mbomou,,Mbomou,true,ISO_3166_2,https://www.iso.org/obp/ui/#search,ISO 3166-2 subdivisions via pycountry/isocodes,REFERENCE_DATA_IMPORTED,NEEDS_AR_TRANSLATION,2026-08-05,Administrative subdivision only; cities are imported in later city files.
UPSERT,reg_cf_mp,CF,CAF,Central African Republic,جمهورية أفريقيا الوسطى,,Africa,إفريقيا,Middle Africa,وسط إفريقيا,CF-MP,,,1,prefecture,Prefecture,Ombella-Mpoko,,Ombella-Mpoko,true,ISO_3166_2,https://www.iso.org/obp/ui/#search,ISO 3166-2 subdivisions via pycountry/isocodes,REFERENCE_DATA_IMPORTED,NEEDS_AR_TRANSLATION,2026-08-05,Administrative subdivision only; cities are imported in later city files.
UPSERT,reg_cf_nm,CF,CAF,Central African Republic,جمهورية أفريقيا الوسطى,,Africa,إفريقيا,Middle Africa,وسط إفريقيا,CF-NM,,,1,prefecture,Prefecture,Nana-Mambéré,,Nana-Mambéré,true,ISO_3166_2,https://www.iso.org/obp/ui/#search,ISO 3166-2 subdivisions via pycountry/isocodes,REFERENCE_DATA_IMPORTED,NEEDS_AR_TRANSLATION,2026-08-05,Administrative subdivision only; cities are imported in later city files.
UPSERT,reg_cf_op,CF,CAF,Central African Republic,جمهورية أفريقيا الوسطى,,Africa,إفريقيا,Middle Africa,وسط إفريقيا,CF-OP,,,1,prefecture,Prefecture,Ouham-Pendé,,Ouham-Pendé,true,ISO_3166_2,https://www.iso.org/obp/ui/#search,ISO 3166-2 subdivisions via pycountry/isocodes,REFERENCE_DATA_IMPORTED,NEEDS_AR_TRANSLATION,2026-08-05,Administrative subdivision only; cities are imported in later city files.
UPSERT,reg_cf_se,CF,CAF,Central African Republic,جمهورية أفريقيا الوسطى,,Africa,إفريقيا,Middle Africa,وسط إفريقيا,CF-SE,,,1,economic_prefecture,Economic prefecture,Sangha,,Sangha,true,ISO_3166_2,https://www.iso.org/obp/ui/#search,ISO 3166-2 subdivisions via pycountry/isocodes,REFERENCE_DATA_IMPORTED,NEEDS_AR_TRANSLATION,2026-08-05,Administrative subdivision only; cities are imported in later city files.
UPSERT,reg_cf_uk,CF,CAF,Central African Republic,جمهورية أفريقيا الوسطى,,Africa,إفريقيا,Middle Africa,وسط إفريقيا,CF-UK,,,1,prefecture,Prefecture,Ouaka,,Ouaka,true,ISO_3166_2,https://www.iso.org/obp/ui/#search,ISO 3166-2 subdivisions via pycountry/isocodes,REFERENCE_DATA_IMPORTED,NEEDS_AR_TRANSLATION,2026-08-05,Administrative subdivision only; cities are imported in later city files.
UPSERT,reg_cf_vk,CF,CAF,Central African Republic,جمهورية أفريقيا الوسطى,,Africa,إفريقيا,Middle Africa,وسط إفريقيا,CF-VK,,,1,prefecture,Prefecture,Vakaga,,Vakaga,true,ISO_3166_2,https://www.iso.org/obp/ui/#search,ISO 3166-2 subdivisions via pycountry/isocodes,REFERENCE_DATA_IMPORTED,NEEDS_AR_TRANSLATION,2026-08-05,Administrative subdivision only; cities are imported in later city files.
UPSERT,reg_cg_11,CG,COG,Congo,الكونغو - برازافيل,Republic of the Congo,Africa,إفريقيا,Middle Africa,وسط إفريقيا,CG-11,,,1,department,Department,Bouenza,,Bouenza,true,ISO_3166_2,https://www.iso.org/obp/ui/#search,ISO 3166-2 subdivisions via pycountry/isocodes,REFERENCE_DATA_IMPORTED,NEEDS_AR_TRANSLATION,2026-08-05,Administrative subdivision only; cities are imported in later city files.
UPSERT,reg_cg_12,CG,COG,Congo,الكونغو - برازافيل,Republic of the Congo,Africa,إفريقيا,Middle Africa,وسط إفريقيا,CG-12,,,1,department,Department,Pool,,Pool,true,ISO_3166_2,https://www.iso.org/obp/ui/#search,ISO 3166-2 subdivisions via pycountry/isocodes,REFERENCE_DATA_IMPORTED,NEEDS_AR_TRANSLATION,2026-08-05,Administrative subdivision only; cities are imported in later city files.
UPSERT,reg_cg_13,CG,COG,Congo,الكونغو - برازافيل,Republic of the Congo,Africa,إفريقيا,Middle Africa,وسط إفريقيا,CG-13,,,1,department,Department,Sangha,,Sangha,true,ISO_3166_2,https://www.iso.org/obp/ui/#search,ISO 3166-2 subdivisions via pycountry/isocodes,REFERENCE_DATA_IMPORTED,NEEDS_AR_TRANSLATION,2026-08-05,Administrative subdivision only; cities are imported in later city files.
UPSERT,reg_cg_14,CG,COG,Congo,الكونغو - برازافيل,Republic of the Congo,Africa,إفريقيا,Middle Africa,وسط إفريقيا,CG-14,,,1,department,Department,Plateaux,,Plateaux,true,ISO_3166_2,https://www.iso.org/obp/ui/#search,ISO 3166-2 subdivisions via pycountry/isocodes,REFERENCE_DATA_IMPORTED,NEEDS_AR_TRANSLATION,2026-08-05,Administrative subdivision only; cities are imported in later city files.
UPSERT,reg_cg_15,CG,COG,Congo,الكونغو - برازافيل,Republic of the Congo,Africa,إفريقيا,Middle Africa,وسط إفريقيا,CG-15,,,1,department,Department,Cuvette-Ouest,,Cuvette-Ouest,true,ISO_3166_2,https://www.iso.org/obp/ui/#search,ISO 3166-2 subdivisions via pycountry/isocodes,REFERENCE_DATA_IMPORTED,NEEDS_AR_TRANSLATION,2026-08-05,Administrative subdivision only; cities are imported in later city files.
UPSERT,reg_cg_16,CG,COG,Congo,الكونغو - برازافيل,Republic of the Congo,Africa,إفريقيا,Middle Africa,وسط إفريقيا,CG-16,,,1,department,Department,Pointe-Noire,,Pointe-Noire,true,ISO_3166_2,https://www.iso.org/obp/ui/#search,ISO 3166-2 subdivisions via pycountry/isocodes,REFERENCE_DATA_IMPORTED,NEEDS_AR_TRANSLATION,2026-08-05,Administrative subdivision only; cities are imported in later city files.
UPSERT,reg_cg_2,CG,COG,Congo,الكونغو - برازافيل,Republic of the Congo,Africa,إفريقيا,Middle Africa,وسط إفريقيا,CG-2,,,1,department,Department,Lékoumou,,Lékoumou,true,ISO_3166_2,https://www.iso.org/obp/ui/#search,ISO 3166-2 subdivisions via pycountry/isocodes,REFERENCE_DATA_IMPORTED,NEEDS_AR_TRANSLATION,2026-08-05,Administrative subdivision only; cities are imported in later city files.
UPSERT,reg_cg_5,CG,COG,Congo,الكونغو - برازافيل,Republic of the Congo,Africa,إفريقيا,Middle Africa,وسط إفريقيا,CG-5,,,1,department,Department,Kouilou,,Kouilou,true,ISO_3166_2,https://www.iso.org/obp/ui/#search,ISO 3166-2 subdivisions via pycountry/isocodes,REFERENCE_DATA_IMPORTED,NEEDS_AR_TRANSLATION,2026-08-05,Administrative subdivision only; cities are imported in later city files.
UPSERT,reg_cg_7,CG,COG,Congo,الكونغو - برازافيل,Republic of the Congo,Africa,إفريقيا,Middle Africa,وسط إفريقيا,CG-7,,,1,department,Department,Likouala,,Likouala,true,ISO_3166_2,https://www.iso.org/obp/ui/#search,ISO 3166-2 subdivisions via pycountry/isocodes,REFERENCE_DATA_IMPORTED,NEEDS_AR_TRANSLATION,2026-08-05,Administrative subdivision only; cities are imported in later city files.
UPSERT,reg_cg_8,CG,COG,Congo,الكونغو - برازافيل,Republic of the Congo,Africa,إفريقيا,Middle Africa,وسط إفريقيا,CG-8,,,1,department,Department,Cuvette,,Cuvette,true,ISO_3166_2,https://www.iso.org/obp/ui/#search,ISO 3166-2 subdivisions via pycountry/isocodes,REFERENCE_DATA_IMPORTED,NEEDS_AR_TRANSLATION,2026-08-05,Administrative subdivision only; cities are imported in later city files.
UPSERT,reg_cg_9,CG,COG,Congo,الكونغو - برازافيل,Republic of the Congo,Africa,إفريقيا,Middle Africa,وسط إفريقيا,CG-9,,,1,department,Department,Niari,,Niari,true,ISO_3166_2,https://www.iso.org/obp/ui/#search,ISO 3166-2 subdivisions via pycountry/isocodes,REFERENCE_DATA_IMPORTED,NEEDS_AR_TRANSLATION,2026-08-05,Administrative subdivision only; cities are imported in later city files.
UPSERT,reg_cg_bzv,CG,COG,Congo,الكونغو - برازافيل,Republic of the Congo,Africa,إفريقيا,Middle Africa,وسط إفريقيا,CG-BZV,,,1,department,Department,Brazzaville,,Brazzaville,true,ISO_3166_2,https://www.iso.org/obp/ui/#search,ISO 3166-2 subdivisions via pycountry/isocodes,REFERENCE_DATA_IMPORTED,NEEDS_AR_TRANSLATION,2026-08-05,Administrative subdivision only; cities are imported in later city files.
UPSERT,reg_ci_ab,CI,CIV,Côte d'Ivoire,ساحل العاج,Republic of Côte d'Ivoire,Africa,إفريقيا,Western Africa,غرب إفريقيا,CI-AB,,,1,autonomous_district,Autonomous district,Abidjan,,Abidjan,true,ISO_3166_2,https://www.iso.org/obp/ui/#search,ISO 3166-2 subdivisions via pycountry/isocodes,REFERENCE_DATA_IMPORTED,NEEDS_AR_TRANSLATION,2026-08-05,Administrative subdivision only; cities are imported in later city files.
UPSERT,reg_ci_bs,CI,CIV,Côte d'Ivoire,ساحل العاج,Republic of Côte d'Ivoire,Africa,إفريقيا,Western Africa,غرب إفريقيا,CI-BS,,,1,district,District,Bas-Sassandra,,Bas-Sassandra,true,ISO_3166_2,https://www.iso.org/obp/ui/#search,ISO 3166-2 subdivisions via pycountry/isocodes,REFERENCE_DATA_IMPORTED,NEEDS_AR_TRANSLATION,2026-08-05,Administrative subdivision only; cities are imported in later city files.
UPSERT,reg_ci_cm,CI,CIV,Côte d'Ivoire,ساحل العاج,Republic of Côte d'Ivoire,Africa,إفريقيا,Western Africa,غرب إفريقيا,CI-CM,,,1,district,District,Comoé,,Comoé,true,ISO_3166_2,https://www.iso.org/obp/ui/#search,ISO 3166-2 subdivisions via pycountry/isocodes,REFERENCE_DATA_IMPORTED,NEEDS_AR_TRANSLATION,2026-08-05,Administrative subdivision only; cities are imported in later city files.
UPSERT,reg_ci_dn,CI,CIV,Côte d'Ivoire,ساحل العاج,Republic of Côte d'Ivoire,Africa,إفريقيا,Western Africa,غرب إفريقيا,CI-DN,,,1,district,District,Denguélé,,Denguélé,true,ISO_3166_2,https://www.iso.org/obp/ui/#search,ISO 3166-2 subdivisions via pycountry/isocodes,REFERENCE_DATA_IMPORTED,NEEDS_AR_TRANSLATION,2026-08-05,Administrative subdivision only; cities are imported in later city files.
UPSERT,reg_ci_gd,CI,CIV,Côte d'Ivoire,ساحل العاج,Republic of Côte d'Ivoire,Africa,إفريقيا,Western Africa,غرب إفريقيا,CI-GD,,,1,district,District,Gôh-Djiboua,,Gôh-Djiboua,true,ISO_3166_2,https://www.iso.org/obp/ui/#search,ISO 3166-2 subdivisions via pycountry/isocodes,REFERENCE_DATA_IMPORTED,NEEDS_AR_TRANSLATION,2026-08-05,Administrative subdivision only; cities are imported in later city files.
UPSERT,reg_ci_lc,CI,CIV,Côte d'Ivoire,ساحل العاج,Republic of Côte d'Ivoire,Africa,إفريقيا,Western Africa,غرب إفريقيا,CI-LC,,,1,district,District,Lacs,,Lacs,true,ISO_3166_2,https://www.iso.org/obp/ui/#search,ISO 3166-2 subdivisions via pycountry/isocodes,REFERENCE_DATA_IMPORTED,NEEDS_AR_TRANSLATION,2026-08-05,Administrative subdivision only; cities are imported in later city files.
UPSERT,reg_ci_lg,CI,CIV,Côte d'Ivoire,ساحل العاج,Republic of Côte d'Ivoire,Africa,إفريقيا,Western Africa,غرب إفريقيا,CI-LG,,,1,district,District,Lagunes,,Lagunes,true,ISO_3166_2,https://www.iso.org/obp/ui/#search,ISO 3166-2 subdivisions via pycountry/isocodes,REFERENCE_DATA_IMPORTED,NEEDS_AR_TRANSLATION,2026-08-05,Administrative subdivision only; cities are imported in later city files.
UPSERT,reg_ci_mg,CI,CIV,Côte d'Ivoire,ساحل العاج,Republic of Côte d'Ivoire,Africa,إفريقيا,Western Africa,غرب إفريقيا,CI-MG,,,1,district,District,Montagnes,,Montagnes,true,ISO_3166_2,https://www.iso.org/obp/ui/#search,ISO 3166-2 subdivisions via pycountry/isocodes,REFERENCE_DATA_IMPORTED,NEEDS_AR_TRANSLATION,2026-08-05,Administrative subdivision only; cities are imported in later city files.
UPSERT,reg_ci_sm,CI,CIV,Côte d'Ivoire,ساحل العاج,Republic of Côte d'Ivoire,Africa,إفريقيا,Western Africa,غرب إفريقيا,CI-SM,,,1,district,District,Sassandra-Marahoué,,Sassandra-Marahoué,true,ISO_3166_2,https://www.iso.org/obp/ui/#search,ISO 3166-2 subdivisions via pycountry/isocodes,REFERENCE_DATA_IMPORTED,NEEDS_AR_TRANSLATION,2026-08-05,Administrative subdivision only; cities are imported in later city files.
UPSERT,reg_ci_sv,CI,CIV,Côte d'Ivoire,ساحل العاج,Republic of Côte d'Ivoire,Africa,إفريقيا,Western Africa,غرب إفريقيا,CI-SV,,,1,district,District,Savanes,,Savanes,true,ISO_3166_2,https://www.iso.org/obp/ui/#search,ISO 3166-2 subdivisions via pycountry/isocodes,REFERENCE_DATA_IMPORTED,NEEDS_AR_TRANSLATION,2026-08-05,Administrative subdivision only; cities are imported in later city files.
UPSERT,reg_ci_vb,CI,CIV,Côte d'Ivoire,ساحل العاج,Republic of Côte d'Ivoire,Africa,إفريقيا,Western Africa,غرب إفريقيا,CI-VB,,,1,district,District,Vallée du Bandama,,Vallée du Bandama,true,ISO_3166_2,https://www.iso.org/obp/ui/#search,ISO 3166-2 subdivisions via pycountry/isocodes,REFERENCE_DATA_IMPORTED,NEEDS_AR_TRANSLATION,2026-08-05,Administrative subdivision only; cities are imported in later city files.
UPSERT,reg_ci_wr,CI,CIV,Côte d'Ivoire,ساحل العاج,Republic of Côte d'Ivoire,Africa,إفريقيا,Western Africa,غرب إفريقيا,CI-WR,,,1,district,District,Woroba,,Woroba,true,ISO_3166_2,https://www.iso.org/obp/ui/#search,ISO 3166-2 subdivisions via pycountry/isocodes,REFERENCE_DATA_IMPORTED,NEEDS_AR_TRANSLATION,2026-08-05,Administrative subdivision only; cities are imported in later city files.
UPSERT,reg_ci_ym,CI,CIV,Côte d'Ivoire,ساحل العاج,Republic of Côte d'Ivoire,Africa,إفريقيا,Western Africa,غرب إفريقيا,CI-YM,,,1,autonomous_district,Autonomous district,Yamoussoukro,,Yamoussoukro,true,ISO_3166_2,https://www.iso.org/obp/ui/#search,ISO 3166-2 subdivisions via pycountry/isocodes,REFERENCE_DATA_IMPORTED,NEEDS_AR_TRANSLATION,2026-08-05,Administrative subdivision only; cities are imported in later city files.
UPSERT,reg_ci_zz,CI,CIV,Côte d'Ivoire,ساحل العاج,Republic of Côte d'Ivoire,Africa,إفريقيا,Western Africa,غرب إفريقيا,CI-ZZ,,,1,district,District,Zanzan,,Zanzan,true,ISO_3166_2,https://www.iso.org/obp/ui/#search,ISO 3166-2 subdivisions via pycountry/isocodes,REFERENCE_DATA_IMPORTED,NEEDS_AR_TRANSLATION,2026-08-05,Administrative subdivision only; cities are imported in later city files.
UPSERT,reg_cm_ad,CM,CMR,Cameroon,الكاميرون,Republic of Cameroon,Africa,إفريقيا,Middle Africa,وسط إفريقيا,CM-AD,,,1,region,Region,Adamaoua,,Adamaoua,true,ISO_3166_2,https://www.iso.org/obp/ui/#search,ISO 3166-2 subdivisions via pycountry/isocodes,REFERENCE_DATA_IMPORTED,NEEDS_AR_TRANSLATION,2026-08-05,Administrative subdivision only; cities are imported in later city files.
UPSERT,reg_cm_ce,CM,CMR,Cameroon,الكاميرون,Republic of Cameroon,Africa,إفريقيا,Middle Africa,وسط إفريقيا,CM-CE,,,1,region,Region,Centre,,Centre,true,ISO_3166_2,https://www.iso.org/obp/ui/#search,ISO 3166-2 subdivisions via pycountry/isocodes,REFERENCE_DATA_IMPORTED,NEEDS_AR_TRANSLATION,2026-08-05,Administrative subdivision only; cities are imported in later city files.
UPSERT,reg_cm_en,CM,CMR,Cameroon,الكاميرون,Republic of Cameroon,Africa,إفريقيا,Middle Africa,وسط إفريقيا,CM-EN,,,1,region,Region,Far North,,Far North,true,ISO_3166_2,https://www.iso.org/obp/ui/#search,ISO 3166-2 subdivisions via pycountry/isocodes,REFERENCE_DATA_IMPORTED,NEEDS_AR_TRANSLATION,2026-08-05,Administrative subdivision only; cities are imported in later city files.
UPSERT,reg_cm_es,CM,CMR,Cameroon,الكاميرون,Republic of Cameroon,Africa,إفريقيا,Middle Africa,وسط إفريقيا,CM-ES,,,1,region,Region,East,,East,true,ISO_3166_2,https://www.iso.org/obp/ui/#search,ISO 3166-2 subdivisions via pycountry/isocodes,REFERENCE_DATA_IMPORTED,NEEDS_AR_TRANSLATION,2026-08-05,Administrative subdivision only; cities are imported in later city files.
UPSERT,reg_cm_lt,CM,CMR,Cameroon,الكاميرون,Republic of Cameroon,Africa,إفريقيا,Middle Africa,وسط إفريقيا,CM-LT,,,1,region,Region,Littoral,,Littoral,true,ISO_3166_2,https://www.iso.org/obp/ui/#search,ISO 3166-2 subdivisions via pycountry/isocodes,REFERENCE_DATA_IMPORTED,NEEDS_AR_TRANSLATION,2026-08-05,Administrative subdivision only; cities are imported in later city files.
UPSERT,reg_cm_no,CM,CMR,Cameroon,الكاميرون,Republic of Cameroon,Africa,إفريقيا,Middle Africa,وسط إفريقيا,CM-NO,,,1,region,Region,North,,North,true,ISO_3166_2,https://www.iso.org/obp/ui/#search,ISO 3166-2 subdivisions via pycountry/isocodes,REFERENCE_DATA_IMPORTED,NEEDS_AR_TRANSLATION,2026-08-05,Administrative subdivision only; cities are imported in later city files.
UPSERT,reg_cm_nw,CM,CMR,Cameroon,الكاميرون,Republic of Cameroon,Africa,إفريقيا,Middle Africa,وسط إفريقيا,CM-NW,,,1,region,Region,North-West,,North-West,true,ISO_3166_2,https://www.iso.org/obp/ui/#search,ISO 3166-2 subdivisions via pycountry/isocodes,REFERENCE_DATA_IMPORTED,NEEDS_AR_TRANSLATION,2026-08-05,Administrative subdivision only; cities are imported in later city files.
UPSERT,reg_cm_ou,CM,CMR,Cameroon,الكاميرون,Republic of Cameroon,Africa,إفريقيا,Middle Africa,وسط إفريقيا,CM-OU,,,1,region,Region,West,,West,true,ISO_3166_2,https://www.iso.org/obp/ui/#search,ISO 3166-2 subdivisions via pycountry/isocodes,REFERENCE_DATA_IMPORTED,NEEDS_AR_TRANSLATION,2026-08-05,Administrative subdivision only; cities are imported in later city files.
UPSERT,reg_cm_su,CM,CMR,Cameroon,الكاميرون,Republic of Cameroon,Africa,إفريقيا,Middle Africa,وسط إفريقيا,CM-SU,,,1,region,Region,South,,South,true,ISO_3166_2,https://www.iso.org/obp/ui/#search,ISO 3166-2 subdivisions via pycountry/isocodes,REFERENCE_DATA_IMPORTED,NEEDS_AR_TRANSLATION,2026-08-05,Administrative subdivision only; cities are imported in later city files.
UPSERT,reg_cm_sw,CM,CMR,Cameroon,الكاميرون,Republic of Cameroon,Africa,إفريقيا,Middle Africa,وسط إفريقيا,CM-SW,,,1,region,Region,South-West,,South-West,true,ISO_3166_2,https://www.iso.org/obp/ui/#search,ISO 3166-2 subdivisions via pycountry/isocodes,REFERENCE_DATA_IMPORTED,NEEDS_AR_TRANSLATION,2026-08-05,Administrative subdivision only; cities are imported in later city files.
UPSERT,reg_cv_b,CV,CPV,Cabo Verde,الرأس الأخضر,Republic of Cabo Verde,Africa,إفريقيا,Western Africa,غرب إفريقيا,CV-B,,,1,geographical_region,Geographical region,Ilhas de Barlavento,,Ilhas de Barlavento,true,ISO_3166_2,https://www.iso.org/obp/ui/#search,ISO 3166-2 subdivisions via pycountry/isocodes,REFERENCE_DATA_IMPORTED,NEEDS_AR_TRANSLATION,2026-08-05,Administrative subdivision only; cities are imported in later city files.
UPSERT,reg_cv_br,CV,CPV,Cabo Verde,الرأس الأخضر,Republic of Cabo Verde,Africa,إفريقيا,Western Africa,غرب إفريقيا,CV-BR,CV-S,Ilhas de Sotavento,2,municipality,Municipality,Brava,,Brava,true,ISO_3166_2,https://www.iso.org/obp/ui/#search,ISO 3166-2 subdivisions via pycountry/isocodes,REFERENCE_DATA_IMPORTED,NEEDS_AR_TRANSLATION,2026-08-05,Administrative subdivision only; cities are imported in later city files.
UPSERT,reg_cv_bv,CV,CPV,Cabo Verde,الرأس الأخضر,Republic of Cabo Verde,Africa,إفريقيا,Western Africa,غرب إفريقيا,CV-BV,CV-B,Ilhas de Barlavento,2,municipality,Municipality,Boa Vista,,Boa Vista,true,ISO_3166_2,https://www.iso.org/obp/ui/#search,ISO 3166-2 subdivisions via pycountry/isocodes,REFERENCE_DATA_IMPORTED,NEEDS_AR_TRANSLATION,2026-08-05,Administrative subdivision only; cities are imported in later city files.
UPSERT,reg_cv_ca,CV,CPV,Cabo Verde,الرأس الأخضر,Republic of Cabo Verde,Africa,إفريقيا,Western Africa,غرب إفريقيا,CV-CA,CV-S,Ilhas de Sotavento,2,municipality,Municipality,Santa Catarina,,Santa Catarina,true,ISO_3166_2,https://www.iso.org/obp/ui/#search,ISO 3166-2 subdivisions via pycountry/isocodes,REFERENCE_DATA_IMPORTED,NEEDS_AR_TRANSLATION,2026-08-05,Administrative subdivision only; cities are imported in later city files.
UPSERT,reg_cv_cf,CV,CPV,Cabo Verde,الرأس الأخضر,Republic of Cabo Verde,Africa,إفريقيا,Western Africa,غرب إفريقيا,CV-CF,CV-S,Ilhas de Sotavento,2,municipality,Municipality,Santa Catarina do Fogo,,Santa Catarina do Fogo,true,ISO_3166_2,https://www.iso.org/obp/ui/#search,ISO 3166-2 subdivisions via pycountry/isocodes,REFERENCE_DATA_IMPORTED,NEEDS_AR_TRANSLATION,2026-08-05,Administrative subdivision only; cities are imported in later city files.
UPSERT,reg_cv_cr,CV,CPV,Cabo Verde,الرأس الأخضر,Republic of Cabo Verde,Africa,إفريقيا,Western Africa,غرب إفريقيا,CV-CR,CV-S,Ilhas de Sotavento,2,municipality,Municipality,Santa Cruz,,Santa Cruz,true,ISO_3166_2,https://www.iso.org/obp/ui/#search,ISO 3166-2 subdivisions via pycountry/isocodes,REFERENCE_DATA_IMPORTED,NEEDS_AR_TRANSLATION,2026-08-05,Administrative subdivision only; cities are imported in later city files.
UPSERT,reg_cv_ma,CV,CPV,Cabo Verde,الرأس الأخضر,Republic of Cabo Verde,Africa,إفريقيا,Western Africa,غرب إفريقيا,CV-MA,CV-S,Ilhas de Sotavento,2,municipality,Municipality,Maio,,Maio,true,ISO_3166_2,https://www.iso.org/obp/ui/#search,ISO 3166-2 subdivisions via pycountry/isocodes,REFERENCE_DATA_IMPORTED,NEEDS_AR_TRANSLATION,2026-08-05,Administrative subdivision only; cities are imported in later city files.
UPSERT,reg_cv_mo,CV,CPV,Cabo Verde,الرأس الأخضر,Republic of Cabo Verde,Africa,إفريقيا,Western Africa,غرب إفريقيا,CV-MO,CV-S,Ilhas de Sotavento,2,municipality,Municipality,Mosteiros,,Mosteiros,true,ISO_3166_2,https://www.iso.org/obp/ui/#search,ISO 3166-2 subdivisions via pycountry/isocodes,REFERENCE_DATA_IMPORTED,NEEDS_AR_TRANSLATION,2026-08-05,Administrative subdivision only; cities are imported in later city files.
UPSERT,reg_cv_pa,CV,CPV,Cabo Verde,الرأس الأخضر,Republic of Cabo Verde,Africa,إفريقيا,Western Africa,غرب إفريقيا,CV-PA,CV-B,Ilhas de Barlavento,2,municipality,Municipality,Paul,,Paul,true,ISO_3166_2,https://www.iso.org/obp/ui/#search,ISO 3166-2 subdivisions via pycountry/isocodes,REFERENCE_DATA_IMPORTED,NEEDS_AR_TRANSLATION,2026-08-05,Administrative subdivision only; cities are imported in later city files.
UPSERT,reg_cv_pn,CV,CPV,Cabo Verde,الرأس الأخضر,Republic of Cabo Verde,Africa,إفريقيا,Western Africa,غرب إفريقيا,CV-PN,CV-B,Ilhas de Barlavento,2,municipality,Municipality,Porto Novo,,Porto Novo,true,ISO_3166_2,https://www.iso.org/obp/ui/#search,ISO 3166-2 subdivisions via pycountry/isocodes,REFERENCE_DATA_IMPORTED,NEEDS_AR_TRANSLATION,2026-08-05,Administrative subdivision only; cities are imported in later city files.
UPSERT,reg_cv_pr,CV,CPV,Cabo Verde,الرأس الأخضر,Republic of Cabo Verde,Africa,إفريقيا,Western Africa,غرب إفريقيا,CV-PR,CV-S,Ilhas de Sotavento,2,municipality,Municipality,Praia,,Praia,true,ISO_3166_2,https://www.iso.org/obp/ui/#search,ISO 3166-2 subdivisions via pycountry/isocodes,REFERENCE_DATA_IMPORTED,NEEDS_AR_TRANSLATION,2026-08-05,Administrative subdivision only; cities are imported in later city files.
UPSERT,reg_cv_rb,CV,CPV,Cabo Verde,الرأس الأخضر,Republic of Cabo Verde,Africa,إفريقيا,Western Africa,غرب إفريقيا,CV-RB,CV-B,Ilhas de Barlavento,2,municipality,Municipality,Ribeira Brava,,Ribeira Brava,true,ISO_3166_2,https://www.iso.org/obp/ui/#search,ISO 3166-2 subdivisions via pycountry/isocodes,REFERENCE_DATA_IMPORTED,NEEDS_AR_TRANSLATION,2026-08-05,Administrative subdivision only; cities are imported in later city files.
UPSERT,reg_cv_rg,CV,CPV,Cabo Verde,الرأس الأخضر,Republic of Cabo Verde,Africa,إفريقيا,Western Africa,غرب إفريقيا,CV-RG,CV-B,Ilhas de Barlavento,2,municipality,Municipality,Ribeira Grande,,Ribeira Grande,true,ISO_3166_2,https://www.iso.org/obp/ui/#search,ISO 3166-2 subdivisions via pycountry/isocodes,REFERENCE_DATA_IMPORTED,NEEDS_AR_TRANSLATION,2026-08-05,Administrative subdivision only; cities are imported in later city files.
UPSERT,reg_cv_rs,CV,CPV,Cabo Verde,الرأس الأخضر,Republic of Cabo Verde,Africa,إفريقيا,Western Africa,غرب إفريقيا,CV-RS,CV-S,Ilhas de Sotavento,2,municipality,Municipality,Ribeira Grande de Santiago,,Ribeira Grande de Santiago,true,ISO_3166_2,https://www.iso.org/obp/ui/#search,ISO 3166-2 subdivisions via pycountry/isocodes,REFERENCE_DATA_IMPORTED,NEEDS_AR_TRANSLATION,2026-08-05,Administrative subdivision only; cities are imported in later city files.
UPSERT,reg_cv_s,CV,CPV,Cabo Verde,الرأس الأخضر,Republic of Cabo Verde,Africa,إفريقيا,Western Africa,غرب إفريقيا,CV-S,,,1,geographical_region,Geographical region,Ilhas de Sotavento,,Ilhas de Sotavento,true,ISO_3166_2,https://www.iso.org/obp/ui/#search,ISO 3166-2 subdivisions via pycountry/isocodes,REFERENCE_DATA_IMPORTED,NEEDS_AR_TRANSLATION,2026-08-05,Administrative subdivision only; cities are imported in later city files.
UPSERT,reg_cv_sd,CV,CPV,Cabo Verde,الرأس الأخضر,Republic of Cabo Verde,Africa,إفريقيا,Western Africa,غرب إفريقيا,CV-SD,CV-S,Ilhas de Sotavento,2,municipality,Municipality,São Domingos,,São Domingos,true,ISO_3166_2,https://www.iso.org/obp/ui/#search,ISO 3166-2 subdivisions via pycountry/isocodes,REFERENCE_DATA_IMPORTED,NEEDS_AR_TRANSLATION,2026-08-05,Administrative subdivision only; cities are imported in later city files.
UPSERT,reg_cv_sf,CV,CPV,Cabo Verde,الرأس الأخضر,Republic of Cabo Verde,Africa,إفريقيا,Western Africa,غرب إفريقيا,CV-SF,CV-S,Ilhas de Sotavento,2,municipality,Municipality,São Filipe,,São Filipe,true,ISO_3166_2,https://www.iso.org/obp/ui/#search,ISO 3166-2 subdivisions via pycountry/isocodes,REFERENCE_DATA_IMPORTED,NEEDS_AR_TRANSLATION,2026-08-05,Administrative subdivision only; cities are imported in later city files.
UPSERT,reg_cv_sl,CV,CPV,Cabo Verde,الرأس الأخضر,Republic of Cabo Verde,Africa,إفريقيا,Western Africa,غرب إفريقيا,CV-SL,CV-B,Ilhas de Barlavento,2,municipality,Municipality,Sal,,Sal,true,ISO_3166_2,https://www.iso.org/obp/ui/#search,ISO 3166-2 subdivisions via pycountry/isocodes,REFERENCE_DATA_IMPORTED,NEEDS_AR_TRANSLATION,2026-08-05,Administrative subdivision only; cities are imported in later city files.
UPSERT,reg_cv_sm,CV,CPV,Cabo Verde,الرأس الأخضر,Republic of Cabo Verde,Africa,إفريقيا,Western Africa,غرب إفريقيا,CV-SM,CV-S,Ilhas de Sotavento,2,municipality,Municipality,São Miguel,,São Miguel,true,ISO_3166_2,https://www.iso.org/obp/ui/#search,ISO 3166-2 subdivisions via pycountry/isocodes,REFERENCE_DATA_IMPORTED,NEEDS_AR_TRANSLATION,2026-08-05,Administrative subdivision only; cities are imported in later city files.
UPSERT,reg_cv_so,CV,CPV,Cabo Verde,الرأس الأخضر,Republic of Cabo Verde,Africa,إفريقيا,Western Africa,غرب إفريقيا,CV-SO,CV-S,Ilhas de Sotavento,2,municipality,Municipality,São Lourenço dos Órgãos,,São Lourenço dos Órgãos,true,ISO_3166_2,https://www.iso.org/obp/ui/#search,ISO 3166-2 subdivisions via pycountry/isocodes,REFERENCE_DATA_IMPORTED,NEEDS_AR_TRANSLATION,2026-08-05,Administrative subdivision only; cities are imported in later city files.
UPSERT,reg_cv_ss,CV,CPV,Cabo Verde,الرأس الأخضر,Republic of Cabo Verde,Africa,إفريقيا,Western Africa,غرب إفريقيا,CV-SS,CV-S,Ilhas de Sotavento,2,municipality,Municipality,São Salvador do Mundo,,São Salvador do Mundo,true,ISO_3166_2,https://www.iso.org/obp/ui/#search,ISO 3166-2 subdivisions via pycountry/isocodes,REFERENCE_DATA_IMPORTED,NEEDS_AR_TRANSLATION,2026-08-05,Administrative subdivision only; cities are imported in later city files.
UPSERT,reg_cv_sv,CV,CPV,Cabo Verde,الرأس الأخضر,Republic of Cabo Verde,Africa,إفريقيا,Western Africa,غرب إفريقيا,CV-SV,CV-B,Ilhas de Barlavento,2,municipality,Municipality,São Vicente,,São Vicente,true,ISO_3166_2,https://www.iso.org/obp/ui/#search,ISO 3166-2 subdivisions via pycountry/isocodes,REFERENCE_DATA_IMPORTED,NEEDS_AR_TRANSLATION,2026-08-05,Administrative subdivision only; cities are imported in later city files.
UPSERT,reg_cv_ta,CV,CPV,Cabo Verde,الرأس الأخضر,Republic of Cabo Verde,Africa,إفريقيا,Western Africa,غرب إفريقيا,CV-TA,CV-S,Ilhas de Sotavento,2,municipality,Municipality,Tarrafal,,Tarrafal,true,ISO_3166_2,https://www.iso.org/obp/ui/#search,ISO 3166-2 subdivisions via pycountry/isocodes,REFERENCE_DATA_IMPORTED,NEEDS_AR_TRANSLATION,2026-08-05,Administrative subdivision only; cities are imported in later city files.
UPSERT,reg_cv_ts,CV,CPV,Cabo Verde,الرأس الأخضر,Republic of Cabo Verde,Africa,إفريقيا,Western Africa,غرب إفريقيا,CV-TS,CV-B,Ilhas de Barlavento,2,municipality,Municipality,Tarrafal de São Nicolau,,Tarrafal de São Nicolau,true,ISO_3166_2,https://www.iso.org/obp/ui/#search,ISO 3166-2 subdivisions via pycountry/isocodes,REFERENCE_DATA_IMPORTED,NEEDS_AR_TRANSLATION,2026-08-05,Administrative subdivision only; cities are imported in later city files.
UPSERT,reg_dj_ar,DJ,DJI,Djibouti,جيبوتي,Republic of Djibouti,Africa,إفريقيا,Eastern Africa,شرق إفريقيا,DJ-AR,,,1,region,Region,Arta,,Arta,true,ISO_3166_2,https://www.iso.org/obp/ui/#search,ISO 3166-2 subdivisions via pycountry/isocodes,REFERENCE_DATA_IMPORTED,NEEDS_AR_TRANSLATION,2026-08-05,Administrative subdivision only; cities are imported in later city files.
UPSERT,reg_dj_as,DJ,DJI,Djibouti,جيبوتي,Republic of Djibouti,Africa,إفريقيا,Eastern Africa,شرق إفريقيا,DJ-AS,,,1,region,Region,Ali Sabieh,,Ali Sabieh,true,ISO_3166_2,https://www.iso.org/obp/ui/#search,ISO 3166-2 subdivisions via pycountry/isocodes,REFERENCE_DATA_IMPORTED,NEEDS_AR_TRANSLATION,2026-08-05,Administrative subdivision only; cities are imported in later city files.
UPSERT,reg_dj_di,DJ,DJI,Djibouti,جيبوتي,Republic of Djibouti,Africa,إفريقيا,Eastern Africa,شرق إفريقيا,DJ-DI,,,1,region,Region,Dikhil,,Dikhil,true,ISO_3166_2,https://www.iso.org/obp/ui/#search,ISO 3166-2 subdivisions via pycountry/isocodes,REFERENCE_DATA_IMPORTED,NEEDS_AR_TRANSLATION,2026-08-05,Administrative subdivision only; cities are imported in later city files.
UPSERT,reg_dj_dj,DJ,DJI,Djibouti,جيبوتي,Republic of Djibouti,Africa,إفريقيا,Eastern Africa,شرق إفريقيا,DJ-DJ,,,1,city,City,Djibouti,,Djibouti,true,ISO_3166_2,https://www.iso.org/obp/ui/#search,ISO 3166-2 subdivisions via pycountry/isocodes,REFERENCE_DATA_IMPORTED,NEEDS_AR_TRANSLATION,2026-08-05,Administrative subdivision only; cities are imported in later city files.
UPSERT,reg_dj_ob,DJ,DJI,Djibouti,جيبوتي,Republic of Djibouti,Africa,إفريقيا,Eastern Africa,شرق إفريقيا,DJ-OB,,,1,region,Region,Obock,,Obock,true,ISO_3166_2,https://www.iso.org/obp/ui/#search,ISO 3166-2 subdivisions via pycountry/isocodes,REFERENCE_DATA_IMPORTED,NEEDS_AR_TRANSLATION,2026-08-05,Administrative subdivision only; cities are imported in later city files.
UPSERT,reg_dj_ta,DJ,DJI,Djibouti,جيبوتي,Republic of Djibouti,Africa,إفريقيا,Eastern Africa,شرق إفريقيا,DJ-TA,,,1,region,Region,Tadjourah,,Tadjourah,true,ISO_3166_2,https://www.iso.org/obp/ui/#search,ISO 3166-2 subdivisions via pycountry/isocodes,REFERENCE_DATA_IMPORTED,NEEDS_AR_TRANSLATION,2026-08-05,Administrative subdivision only; cities are imported in later city files.
UPSERT,reg_dz_01,DZ,DZA,Algeria,الجزائر,People's Democratic Republic of Algeria,Africa,إفريقيا,Northern Africa,شمال إفريقيا,DZ-01,,,1,province,Province,Adrar,,Adrar,true,ISO_3166_2,https://www.iso.org/obp/ui/#search,ISO 3166-2 subdivisions via pycountry/isocodes,REFERENCE_DATA_IMPORTED,NEEDS_AR_TRANSLATION,2026-08-05,Administrative subdivision only; cities are imported in later city files.
UPSERT,reg_dz_02,DZ,DZA,Algeria,الجزائر,People's Democratic Republic of Algeria,Africa,إفريقيا,Northern Africa,شمال إفريقيا,DZ-02,,,1,province,Province,Chlef,,Chlef,true,ISO_3166_2,https://www.iso.org/obp/ui/#search,ISO 3166-2 subdivisions via pycountry/isocodes,REFERENCE_DATA_IMPORTED,NEEDS_AR_TRANSLATION,2026-08-05,Administrative subdivision only; cities are imported in later city files.
UPSERT,reg_dz_03,DZ,DZA,Algeria,الجزائر,People's Democratic Republic of Algeria,Africa,إفريقيا,Northern Africa,شمال إفريقيا,DZ-03,,,1,province,Province,Laghouat,,Laghouat,true,ISO_3166_2,https://www.iso.org/obp/ui/#search,ISO 3166-2 subdivisions via pycountry/isocodes,REFERENCE_DATA_IMPORTED,NEEDS_AR_TRANSLATION,2026-08-05,Administrative subdivision only; cities are imported in later city files.
UPSERT,reg_dz_04,DZ,DZA,Algeria,الجزائر,People's Democratic Republic of Algeria,Africa,إفريقيا,Northern Africa,شمال إفريقيا,DZ-04,,,1,province,Province,Oum el Bouaghi,,Oum el Bouaghi,true,ISO_3166_2,https://www.iso.org/obp/ui/#search,ISO 3166-2 subdivisions via pycountry/isocodes,REFERENCE_DATA_IMPORTED,NEEDS_AR_TRANSLATION,2026-08-05,Administrative subdivision only; cities are imported in later city files.
UPSERT,reg_dz_05,DZ,DZA,Algeria,الجزائر,People's Democratic Republic of Algeria,Africa,إفريقيا,Northern Africa,شمال إفريقيا,DZ-05,,,1,province,Province,Batna,,Batna,true,ISO_3166_2,https://www.iso.org/obp/ui/#search,ISO 3166-2 subdivisions via pycountry/isocodes,REFERENCE_DATA_IMPORTED,NEEDS_AR_TRANSLATION,2026-08-05,Administrative subdivision only; cities are imported in later city files.
UPSERT,reg_dz_06,DZ,DZA,Algeria,الجزائر,People's Democratic Republic of Algeria,Africa,إفريقيا,Northern Africa,شمال إفريقيا,DZ-06,,,1,province,Province,Béjaïa,,Béjaïa,true,ISO_3166_2,https://www.iso.org/obp/ui/#search,ISO 3166-2 subdivisions via pycountry/isocodes,REFERENCE_DATA_IMPORTED,NEEDS_AR_TRANSLATION,2026-08-05,Administrative subdivision only; cities are imported in later city files.
UPSERT,reg_dz_07,DZ,DZA,Algeria,الجزائر,People's Democratic Republic of Algeria,Africa,إفريقيا,Northern Africa,شمال إفريقيا,DZ-07,,,1,province,Province,Biskra,,Biskra,true,ISO_3166_2,https://www.iso.org/obp/ui/#search,ISO 3166-2 subdivisions via pycountry/isocodes,REFERENCE_DATA_IMPORTED,NEEDS_AR_TRANSLATION,2026-08-05,Administrative subdivision only; cities are imported in later city files.
UPSERT,reg_dz_08,DZ,DZA,Algeria,الجزائر,People's Democratic Republic of Algeria,Africa,إفريقيا,Northern Africa,شمال إفريقيا,DZ-08,,,1,province,Province,Béchar,,Béchar,true,ISO_3166_2,https://www.iso.org/obp/ui/#search,ISO 3166-2 subdivisions via pycountry/isocodes,REFERENCE_DATA_IMPORTED,NEEDS_AR_TRANSLATION,2026-08-05,Administrative subdivision only; cities are imported in later city files.
UPSERT,reg_dz_09,DZ,DZA,Algeria,الجزائر,People's Democratic Republic of Algeria,Africa,إفريقيا,Northern Africa,شمال إفريقيا,DZ-09,,,1,province,Province,Blida,,Blida,true,ISO_3166_2,https://www.iso.org/obp/ui/#search,ISO 3166-2 subdivisions via pycountry/isocodes,REFERENCE_DATA_IMPORTED,NEEDS_AR_TRANSLATION,2026-08-05,Administrative subdivision only; cities are imported in later city files.
UPSERT,reg_dz_10,DZ,DZA,Algeria,الجزائر,People's Democratic Republic of Algeria,Africa,إفريقيا,Northern Africa,شمال إفريقيا,DZ-10,,,1,province,Province,Bouira,,Bouira,true,ISO_3166_2,https://www.iso.org/obp/ui/#search,ISO 3166-2 subdivisions via pycountry/isocodes,REFERENCE_DATA_IMPORTED,NEEDS_AR_TRANSLATION,2026-08-05,Administrative subdivision only; cities are imported in later city files.
UPSERT,reg_dz_11,DZ,DZA,Algeria,الجزائر,People's Democratic Republic of Algeria,Africa,إفريقيا,Northern Africa,شمال إفريقيا,DZ-11,,,1,province,Province,Tamanrasset,,Tamanrasset,true,ISO_3166_2,https://www.iso.org/obp/ui/#search,ISO 3166-2 subdivisions via pycountry/isocodes,REFERENCE_DATA_IMPORTED,NEEDS_AR_TRANSLATION,2026-08-05,Administrative subdivision only; cities are imported in later city files.
UPSERT,reg_dz_12,DZ,DZA,Algeria,الجزائر,People's Democratic Republic of Algeria,Africa,إفريقيا,Northern Africa,شمال إفريقيا,DZ-12,,,1,province,Province,Tébessa,,Tébessa,true,ISO_3166_2,https://www.iso.org/obp/ui/#search,ISO 3166-2 subdivisions via pycountry/isocodes,REFERENCE_DATA_IMPORTED,NEEDS_AR_TRANSLATION,2026-08-05,Administrative subdivision only; cities are imported in later city files.
UPSERT,reg_dz_13,DZ,DZA,Algeria,الجزائر,People's Democratic Republic of Algeria,Africa,إفريقيا,Northern Africa,شمال إفريقيا,DZ-13,,,1,province,Province,Tlemcen,,Tlemcen,true,ISO_3166_2,https://www.iso.org/obp/ui/#search,ISO 3166-2 subdivisions via pycountry/isocodes,REFERENCE_DATA_IMPORTED,NEEDS_AR_TRANSLATION,2026-08-05,Administrative subdivision only; cities are imported in later city files.
UPSERT,reg_dz_14,DZ,DZA,Algeria,الجزائر,People's Democratic Republic of Algeria,Africa,إفريقيا,Northern Africa,شمال إفريقيا,DZ-14,,,1,province,Province,Tiaret,,Tiaret,true,ISO_3166_2,https://www.iso.org/obp/ui/#search,ISO 3166-2 subdivisions via pycountry/isocodes,REFERENCE_DATA_IMPORTED,NEEDS_AR_TRANSLATION,2026-08-05,Administrative subdivision only; cities are imported in later city files.
UPSERT,reg_dz_15,DZ,DZA,Algeria,الجزائر,People's Democratic Republic of Algeria,Africa,إفريقيا,Northern Africa,شمال إفريقيا,DZ-15,,,1,province,Province,Tizi Ouzou,,Tizi Ouzou,true,ISO_3166_2,https://www.iso.org/obp/ui/#search,ISO 3166-2 subdivisions via pycountry/isocodes,REFERENCE_DATA_IMPORTED,NEEDS_AR_TRANSLATION,2026-08-05,Administrative subdivision only; cities are imported in later city files.
UPSERT,reg_dz_16,DZ,DZA,Algeria,الجزائر,People's Democratic Republic of Algeria,Africa,إفريقيا,Northern Africa,شمال إفريقيا,DZ-16,,,1,province,Province,Alger,,Alger,true,ISO_3166_2,https://www.iso.org/obp/ui/#search,ISO 3166-2 subdivisions via pycountry/isocodes,REFERENCE_DATA_IMPORTED,NEEDS_AR_TRANSLATION,2026-08-05,Administrative subdivision only; cities are imported in later city files.
UPSERT,reg_dz_17,DZ,DZA,Algeria,الجزائر,People's Democratic Republic of Algeria,Africa,إفريقيا,Northern Africa,شمال إفريقيا,DZ-17,,,1,province,Province,Djelfa,,Djelfa,true,ISO_3166_2,https://www.iso.org/obp/ui/#search,ISO 3166-2 subdivisions via pycountry/isocodes,REFERENCE_DATA_IMPORTED,NEEDS_AR_TRANSLATION,2026-08-05,Administrative subdivision only; cities are imported in later city files.
UPSERT,reg_dz_18,DZ,DZA,Algeria,الجزائر,People's Democratic Republic of Algeria,Africa,إفريقيا,Northern Africa,شمال إفريقيا,DZ-18,,,1,province,Province,Jijel,,Jijel,true,ISO_3166_2,https://www.iso.org/obp/ui/#search,ISO 3166-2 subdivisions via pycountry/isocodes,REFERENCE_DATA_IMPORTED,NEEDS_AR_TRANSLATION,2026-08-05,Administrative subdivision only; cities are imported in later city files.
UPSERT,reg_dz_19,DZ,DZA,Algeria,الجزائر,People's Democratic Republic of Algeria,Africa,إفريقيا,Northern Africa,شمال إفريقيا,DZ-19,,,1,province,Province,Sétif,,Sétif,true,ISO_3166_2,https://www.iso.org/obp/ui/#search,ISO 3166-2 subdivisions via pycountry/isocodes,REFERENCE_DATA_IMPORTED,NEEDS_AR_TRANSLATION,2026-08-05,Administrative subdivision only; cities are imported in later city files.
UPSERT,reg_dz_20,DZ,DZA,Algeria,الجزائر,People's Democratic Republic of Algeria,Africa,إفريقيا,Northern Africa,شمال إفريقيا,DZ-20,,,1,province,Province,Saïda,,Saïda,true,ISO_3166_2,https://www.iso.org/obp/ui/#search,ISO 3166-2 subdivisions via pycountry/isocodes,REFERENCE_DATA_IMPORTED,NEEDS_AR_TRANSLATION,2026-08-05,Administrative subdivision only; cities are imported in later city files.
UPSERT,reg_dz_21,DZ,DZA,Algeria,الجزائر,People's Democratic Republic of Algeria,Africa,إفريقيا,Northern Africa,شمال إفريقيا,DZ-21,,,1,province,Province,Skikda,,Skikda,true,ISO_3166_2,https://www.iso.org/obp/ui/#search,ISO 3166-2 subdivisions via pycountry/isocodes,REFERENCE_DATA_IMPORTED,NEEDS_AR_TRANSLATION,2026-08-05,Administrative subdivision only; cities are imported in later city files.
UPSERT,reg_dz_22,DZ,DZA,Algeria,الجزائر,People's Democratic Republic of Algeria,Africa,إفريقيا,Northern Africa,شمال إفريقيا,DZ-22,,,1,province,Province,Sidi Bel Abbès,,Sidi Bel Abbès,true,ISO_3166_2,https://www.iso.org/obp/ui/#search,ISO 3166-2 subdivisions via pycountry/isocodes,REFERENCE_DATA_IMPORTED,NEEDS_AR_TRANSLATION,2026-08-05,Administrative subdivision only; cities are imported in later city files.
UPSERT,reg_dz_23,DZ,DZA,Algeria,الجزائر,People's Democratic Republic of Algeria,Africa,إفريقيا,Northern Africa,شمال إفريقيا,DZ-23,,,1,province,Province,Annaba,,Annaba,true,ISO_3166_2,https://www.iso.org/obp/ui/#search,ISO 3166-2 subdivisions via pycountry/isocodes,REFERENCE_DATA_IMPORTED,NEEDS_AR_TRANSLATION,2026-08-05,Administrative subdivision only; cities are imported in later city files.
UPSERT,reg_dz_24,DZ,DZA,Algeria,الجزائر,People's Democratic Republic of Algeria,Africa,إفريقيا,Northern Africa,شمال إفريقيا,DZ-24,,,1,province,Province,Guelma,,Guelma,true,ISO_3166_2,https://www.iso.org/obp/ui/#search,ISO 3166-2 subdivisions via pycountry/isocodes,REFERENCE_DATA_IMPORTED,NEEDS_AR_TRANSLATION,2026-08-05,Administrative subdivision only; cities are imported in later city files.
UPSERT,reg_dz_25,DZ,DZA,Algeria,الجزائر,People's Democratic Republic of Algeria,Africa,إفريقيا,Northern Africa,شمال إفريقيا,DZ-25,,,1,province,Province,Constantine,,Constantine,true,ISO_3166_2,https://www.iso.org/obp/ui/#search,ISO 3166-2 subdivisions via pycountry/isocodes,REFERENCE_DATA_IMPORTED,NEEDS_AR_TRANSLATION,2026-08-05,Administrative subdivision only; cities are imported in later city files.
UPSERT,reg_dz_26,DZ,DZA,Algeria,الجزائر,People's Democratic Republic of Algeria,Africa,إفريقيا,Northern Africa,شمال إفريقيا,DZ-26,,,1,province,Province,Médéa,,Médéa,true,ISO_3166_2,https://www.iso.org/obp/ui/#search,ISO 3166-2 subdivisions via pycountry/isocodes,REFERENCE_DATA_IMPORTED,NEEDS_AR_TRANSLATION,2026-08-05,Administrative subdivision only; cities are imported in later city files.
UPSERT,reg_dz_27,DZ,DZA,Algeria,الجزائر,People's Democratic Republic of Algeria,Africa,إفريقيا,Northern Africa,شمال إفريقيا,DZ-27,,,1,province,Province,Mostaganem,,Mostaganem,true,ISO_3166_2,https://www.iso.org/obp/ui/#search,ISO 3166-2 subdivisions via pycountry/isocodes,REFERENCE_DATA_IMPORTED,NEEDS_AR_TRANSLATION,2026-08-05,Administrative subdivision only; cities are imported in later city files.
UPSERT,reg_dz_28,DZ,DZA,Algeria,الجزائر,People's Democratic Republic of Algeria,Africa,إفريقيا,Northern Africa,شمال إفريقيا,DZ-28,,,1,province,Province,M'sila,,M'sila,true,ISO_3166_2,https://www.iso.org/obp/ui/#search,ISO 3166-2 subdivisions via pycountry/isocodes,REFERENCE_DATA_IMPORTED,NEEDS_AR_TRANSLATION,2026-08-05,Administrative subdivision only; cities are imported in later city files.
UPSERT,reg_dz_29,DZ,DZA,Algeria,الجزائر,People's Democratic Republic of Algeria,Africa,إفريقيا,Northern Africa,شمال إفريقيا,DZ-29,,,1,province,Province,Mascara,,Mascara,true,ISO_3166_2,https://www.iso.org/obp/ui/#search,ISO 3166-2 subdivisions via pycountry/isocodes,REFERENCE_DATA_IMPORTED,NEEDS_AR_TRANSLATION,2026-08-05,Administrative subdivision only; cities are imported in later city files.
UPSERT,reg_dz_30,DZ,DZA,Algeria,الجزائر,People's Democratic Republic of Algeria,Africa,إفريقيا,Northern Africa,شمال إفريقيا,DZ-30,,,1,province,Province,Ouargla,,Ouargla,true,ISO_3166_2,https://www.iso.org/obp/ui/#search,ISO 3166-2 subdivisions via pycountry/isocodes,REFERENCE_DATA_IMPORTED,NEEDS_AR_TRANSLATION,2026-08-05,Administrative subdivision only; cities are imported in later city files.
UPSERT,reg_dz_31,DZ,DZA,Algeria,الجزائر,People's Democratic Republic of Algeria,Africa,إفريقيا,Northern Africa,شمال إفريقيا,DZ-31,,,1,province,Province,Oran,,Oran,true,ISO_3166_2,https://www.iso.org/obp/ui/#search,ISO 3166-2 subdivisions via pycountry/isocodes,REFERENCE_DATA_IMPORTED,NEEDS_AR_TRANSLATION,2026-08-05,Administrative subdivision only; cities are imported in later city files.
UPSERT,reg_dz_32,DZ,DZA,Algeria,الجزائر,People's Democratic Republic of Algeria,Africa,إفريقيا,Northern Africa,شمال إفريقيا,DZ-32,,,1,province,Province,El Bayadh,,El Bayadh,true,ISO_3166_2,https://www.iso.org/obp/ui/#search,ISO 3166-2 subdivisions via pycountry/isocodes,REFERENCE_DATA_IMPORTED,NEEDS_AR_TRANSLATION,2026-08-05,Administrative subdivision only; cities are imported in later city files.
UPSERT,reg_dz_33,DZ,DZA,Algeria,الجزائر,People's Democratic Republic of Algeria,Africa,إفريقيا,Northern Africa,شمال إفريقيا,DZ-33,,,1,province,Province,Illizi,,Illizi,true,ISO_3166_2,https://www.iso.org/obp/ui/#search,ISO 3166-2 subdivisions via pycountry/isocodes,REFERENCE_DATA_IMPORTED,NEEDS_AR_TRANSLATION,2026-08-05,Administrative subdivision only; cities are imported in later city files.
UPSERT,reg_dz_34,DZ,DZA,Algeria,الجزائر,People's Democratic Republic of Algeria,Africa,إفريقيا,Northern Africa,شمال إفريقيا,DZ-34,,,1,province,Province,Bordj Bou Arréridj,,Bordj Bou Arréridj,true,ISO_3166_2,https://www.iso.org/obp/ui/#search,ISO 3166-2 subdivisions via pycountry/isocodes,REFERENCE_DATA_IMPORTED,NEEDS_AR_TRANSLATION,2026-08-05,Administrative subdivision only; cities are imported in later city files.
UPSERT,reg_dz_35,DZ,DZA,Algeria,الجزائر,People's Democratic Republic of Algeria,Africa,إفريقيا,Northern Africa,شمال إفريقيا,DZ-35,,,1,province,Province,Boumerdès,,Boumerdès,true,ISO_3166_2,https://www.iso.org/obp/ui/#search,ISO 3166-2 subdivisions via pycountry/isocodes,REFERENCE_DATA_IMPORTED,NEEDS_AR_TRANSLATION,2026-08-05,Administrative subdivision only; cities are imported in later city files.
UPSERT,reg_dz_36,DZ,DZA,Algeria,الجزائر,People's Democratic Republic of Algeria,Africa,إفريقيا,Northern Africa,شمال إفريقيا,DZ-36,,,1,province,Province,El Tarf,,El Tarf,true,ISO_3166_2,https://www.iso.org/obp/ui/#search,ISO 3166-2 subdivisions via pycountry/isocodes,REFERENCE_DATA_IMPORTED,NEEDS_AR_TRANSLATION,2026-08-05,Administrative subdivision only; cities are imported in later city files.
UPSERT,reg_dz_37,DZ,DZA,Algeria,الجزائر,People's Democratic Republic of Algeria,Africa,إفريقيا,Northern Africa,شمال إفريقيا,DZ-37,,,1,province,Province,Tindouf,,Tindouf,true,ISO_3166_2,https://www.iso.org/obp/ui/#search,ISO 3166-2 subdivisions via pycountry/isocodes,REFERENCE_DATA_IMPORTED,NEEDS_AR_TRANSLATION,2026-08-05,Administrative subdivision only; cities are imported in later city files.
UPSERT,reg_dz_38,DZ,DZA,Algeria,الجزائر,People's Democratic Republic of Algeria,Africa,إفريقيا,Northern Africa,شمال إفريقيا,DZ-38,,,1,province,Province,Tissemsilt,,Tissemsilt,true,ISO_3166_2,https://www.iso.org/obp/ui/#search,ISO 3166-2 subdivisions via pycountry/isocodes,REFERENCE_DATA_IMPORTED,NEEDS_AR_TRANSLATION,2026-08-05,Administrative subdivision only; cities are imported in later city files.
UPSERT,reg_dz_39,DZ,DZA,Algeria,الجزائر,People's Democratic Republic of Algeria,Africa,إفريقيا,Northern Africa,شمال إفريقيا,DZ-39,,,1,province,Province,El Oued,,El Oued,true,ISO_3166_2,https://www.iso.org/obp/ui/#search,ISO 3166-2 subdivisions via pycountry/isocodes,REFERENCE_DATA_IMPORTED,NEEDS_AR_TRANSLATION,2026-08-05,Administrative subdivision only; cities are imported in later city files.
UPSERT,reg_dz_40,DZ,DZA,Algeria,الجزائر,People's Democratic Republic of Algeria,Africa,إفريقيا,Northern Africa,شمال إفريقيا,DZ-40,,,1,province,Province,Khenchela,,Khenchela,true,ISO_3166_2,https://www.iso.org/obp/ui/#search,ISO 3166-2 subdivisions via pycountry/isocodes,REFERENCE_DATA_IMPORTED,NEEDS_AR_TRANSLATION,2026-08-05,Administrative subdivision only; cities are imported in later city files.
UPSERT,reg_dz_41,DZ,DZA,Algeria,الجزائر,People's Democratic Republic of Algeria,Africa,إفريقيا,Northern Africa,شمال إفريقيا,DZ-41,,,1,province,Province,Souk Ahras,,Souk Ahras,true,ISO_3166_2,https://www.iso.org/obp/ui/#search,ISO 3166-2 subdivisions via pycountry/isocodes,REFERENCE_DATA_IMPORTED,NEEDS_AR_TRANSLATION,2026-08-05,Administrative subdivision only; cities are imported in later city files.
UPSERT,reg_dz_42,DZ,DZA,Algeria,الجزائر,People's Democratic Republic of Algeria,Africa,إفريقيا,Northern Africa,شمال إفريقيا,DZ-42,,,1,province,Province,Tipaza,,Tipaza,true,ISO_3166_2,https://www.iso.org/obp/ui/#search,ISO 3166-2 subdivisions via pycountry/isocodes,REFERENCE_DATA_IMPORTED,NEEDS_AR_TRANSLATION,2026-08-05,Administrative subdivision only; cities are imported in later city files.
UPSERT,reg_dz_43,DZ,DZA,Algeria,الجزائر,People's Democratic Republic of Algeria,Africa,إفريقيا,Northern Africa,شمال إفريقيا,DZ-43,,,1,province,Province,Mila,,Mila,true,ISO_3166_2,https://www.iso.org/obp/ui/#search,ISO 3166-2 subdivisions via pycountry/isocodes,REFERENCE_DATA_IMPORTED,NEEDS_AR_TRANSLATION,2026-08-05,Administrative subdivision only; cities are imported in later city files.
UPSERT,reg_dz_44,DZ,DZA,Algeria,الجزائر,People's Democratic Republic of Algeria,Africa,إفريقيا,Northern Africa,شمال إفريقيا,DZ-44,,,1,province,Province,Aïn Defla,,Aïn Defla,true,ISO_3166_2,https://www.iso.org/obp/ui/#search,ISO 3166-2 subdivisions via pycountry/isocodes,REFERENCE_DATA_IMPORTED,NEEDS_AR_TRANSLATION,2026-08-05,Administrative subdivision only; cities are imported in later city files.
UPSERT,reg_dz_45,DZ,DZA,Algeria,الجزائر,People's Democratic Republic of Algeria,Africa,إفريقيا,Northern Africa,شمال إفريقيا,DZ-45,,,1,province,Province,Naama,,Naama,true,ISO_3166_2,https://www.iso.org/obp/ui/#search,ISO 3166-2 subdivisions via pycountry/isocodes,REFERENCE_DATA_IMPORTED,NEEDS_AR_TRANSLATION,2026-08-05,Administrative subdivision only; cities are imported in later city files.
UPSERT,reg_dz_46,DZ,DZA,Algeria,الجزائر,People's Democratic Republic of Algeria,Africa,إفريقيا,Northern Africa,شمال إفريقيا,DZ-46,,,1,province,Province,Aïn Témouchent,,Aïn Témouchent,true,ISO_3166_2,https://www.iso.org/obp/ui/#search,ISO 3166-2 subdivisions via pycountry/isocodes,REFERENCE_DATA_IMPORTED,NEEDS_AR_TRANSLATION,2026-08-05,Administrative subdivision only; cities are imported in later city files.
UPSERT,reg_dz_47,DZ,DZA,Algeria,الجزائر,People's Democratic Republic of Algeria,Africa,إفريقيا,Northern Africa,شمال إفريقيا,DZ-47,,,1,province,Province,Ghardaïa,,Ghardaïa,true,ISO_3166_2,https://www.iso.org/obp/ui/#search,ISO 3166-2 subdivisions via pycountry/isocodes,REFERENCE_DATA_IMPORTED,NEEDS_AR_TRANSLATION,2026-08-05,Administrative subdivision only; cities are imported in later city files.
UPSERT,reg_dz_48,DZ,DZA,Algeria,الجزائر,People's Democratic Republic of Algeria,Africa,إفريقيا,Northern Africa,شمال إفريقيا,DZ-48,,,1,province,Province,Relizane,,Relizane,true,ISO_3166_2,https://www.iso.org/obp/ui/#search,ISO 3166-2 subdivisions via pycountry/isocodes,REFERENCE_DATA_IMPORTED,NEEDS_AR_TRANSLATION,2026-08-05,Administrative subdivision only; cities are imported in later city files.
UPSERT,reg_dz_49,DZ,DZA,Algeria,الجزائر,People's Democratic Republic of Algeria,Africa,إفريقيا,Northern Africa,شمال إفريقيا,DZ-49,,,1,province,Province,Timimoun,,Timimoun,true,ISO_3166_2,https://www.iso.org/obp/ui/#search,ISO 3166-2 subdivisions via pycountry/isocodes,REFERENCE_DATA_IMPORTED,NEEDS_AR_TRANSLATION,2026-08-05,Administrative subdivision only; cities are imported in later city files.
UPSERT,reg_dz_50,DZ,DZA,Algeria,الجزائر,People's Democratic Republic of Algeria,Africa,إفريقيا,Northern Africa,شمال إفريقيا,DZ-50,,,1,province,Province,Bordj Badji Mokhtar,,Bordj Badji Mokhtar,true,ISO_3166_2,https://www.iso.org/obp/ui/#search,ISO 3166-2 subdivisions via pycountry/isocodes,REFERENCE_DATA_IMPORTED,NEEDS_AR_TRANSLATION,2026-08-05,Administrative subdivision only; cities are imported in later city files.
UPSERT,reg_dz_51,DZ,DZA,Algeria,الجزائر,People's Democratic Republic of Algeria,Africa,إفريقيا,Northern Africa,شمال إفريقيا,DZ-51,,,1,province,Province,Ouled Djellal,,Ouled Djellal,true,ISO_3166_2,https://www.iso.org/obp/ui/#search,ISO 3166-2 subdivisions via pycountry/isocodes,REFERENCE_DATA_IMPORTED,NEEDS_AR_TRANSLATION,2026-08-05,Administrative subdivision only; cities are imported in later city files.
UPSERT,reg_dz_52,DZ,DZA,Algeria,الجزائر,People's Democratic Republic of Algeria,Africa,إفريقيا,Northern Africa,شمال إفريقيا,DZ-52,,,1,province,Province,Béni Abbès,,Béni Abbès,true,ISO_3166_2,https://www.iso.org/obp/ui/#search,ISO 3166-2 subdivisions via pycountry/isocodes,REFERENCE_DATA_IMPORTED,NEEDS_AR_TRANSLATION,2026-08-05,Administrative subdivision only; cities are imported in later city files.
UPSERT,reg_dz_53,DZ,DZA,Algeria,الجزائر,People's Democratic Republic of Algeria,Africa,إفريقيا,Northern Africa,شمال إفريقيا,DZ-53,,,1,province,Province,In Salah,,In Salah,true,ISO_3166_2,https://www.iso.org/obp/ui/#search,ISO 3166-2 subdivisions via pycountry/isocodes,REFERENCE_DATA_IMPORTED,NEEDS_AR_TRANSLATION,2026-08-05,Administrative subdivision only; cities are imported in later city files.
UPSERT,reg_dz_54,DZ,DZA,Algeria,الجزائر,People's Democratic Republic of Algeria,Africa,إفريقيا,Northern Africa,شمال إفريقيا,DZ-54,,,1,province,Province,In Guezzam,,In Guezzam,true,ISO_3166_2,https://www.iso.org/obp/ui/#search,ISO 3166-2 subdivisions via pycountry/isocodes,REFERENCE_DATA_IMPORTED,NEEDS_AR_TRANSLATION,2026-08-05,Administrative subdivision only; cities are imported in later city files.
UPSERT,reg_dz_55,DZ,DZA,Algeria,الجزائر,People's Democratic Republic of Algeria,Africa,إفريقيا,Northern Africa,شمال إفريقيا,DZ-55,,,1,province,Province,Touggourt,,Touggourt,true,ISO_3166_2,https://www.iso.org/obp/ui/#search,ISO 3166-2 subdivisions via pycountry/isocodes,REFERENCE_DATA_IMPORTED,NEEDS_AR_TRANSLATION,2026-08-05,Administrative subdivision only; cities are imported in later city files.
UPSERT,reg_dz_56,DZ,DZA,Algeria,الجزائر,People's Democratic Republic of Algeria,Africa,إفريقيا,Northern Africa,شمال إفريقيا,DZ-56,,,1,province,Province,Djanet,,Djanet,true,ISO_3166_2,https://www.iso.org/obp/ui/#search,ISO 3166-2 subdivisions via pycountry/isocodes,REFERENCE_DATA_IMPORTED,NEEDS_AR_TRANSLATION,2026-08-05,Administrative subdivision only; cities are imported in later city files.
UPSERT,reg_dz_57,DZ,DZA,Algeria,الجزائر,People's Democratic Republic of Algeria,Africa,إفريقيا,Northern Africa,شمال إفريقيا,DZ-57,,,1,province,Province,El Meghaier,,El Meghaier,true,ISO_3166_2,https://www.iso.org/obp/ui/#search,ISO 3166-2 subdivisions via pycountry/isocodes,REFERENCE_DATA_IMPORTED,NEEDS_AR_TRANSLATION,2026-08-05,Administrative subdivision only; cities are imported in later city files.
UPSERT,reg_dz_58,DZ,DZA,Algeria,الجزائر,People's Democratic Republic of Algeria,Africa,إفريقيا,Northern Africa,شمال إفريقيا,DZ-58,,,1,province,Province,El Meniaa,,El Meniaa,true,ISO_3166_2,https://www.iso.org/obp/ui/#search,ISO 3166-2 subdivisions via pycountry/isocodes,REFERENCE_DATA_IMPORTED,NEEDS_AR_TRANSLATION,2026-08-05,Administrative subdivision only; cities are imported in later city files.
UPSERT,reg_eg_alx,EG,EGY,Egypt,مصر,Arab Republic of Egypt,Africa,إفريقيا,Northern Africa,شمال إفريقيا,EG-ALX,,,1,governorate,Governorate,Al Iskandarīyah,,Al Iskandarīyah,true,ISO_3166_2,https://www.iso.org/obp/ui/#search,ISO 3166-2 subdivisions via pycountry/isocodes,REFERENCE_DATA_IMPORTED,NEEDS_AR_TRANSLATION,2026-08-05,Administrative subdivision only; cities are imported in later city files.
UPSERT,reg_eg_asn,EG,EGY,Egypt,مصر,Arab Republic of Egypt,Africa,إفريقيا,Northern Africa,شمال إفريقيا,EG-ASN,,,1,governorate,Governorate,Aswān,,Aswān,true,ISO_3166_2,https://www.iso.org/obp/ui/#search,ISO 3166-2 subdivisions via pycountry/isocodes,REFERENCE_DATA_IMPORTED,NEEDS_AR_TRANSLATION,2026-08-05,Administrative subdivision only; cities are imported in later city files.
UPSERT,reg_eg_ast,EG,EGY,Egypt,مصر,Arab Republic of Egypt,Africa,إفريقيا,Northern Africa,شمال إفريقيا,EG-AST,,,1,governorate,Governorate,Asyūţ,,Asyūţ,true,ISO_3166_2,https://www.iso.org/obp/ui/#search,ISO 3166-2 subdivisions via pycountry/isocodes,REFERENCE_DATA_IMPORTED,NEEDS_AR_TRANSLATION,2026-08-05,Administrative subdivision only; cities are imported in later city files.
UPSERT,reg_eg_ba,EG,EGY,Egypt,مصر,Arab Republic of Egypt,Africa,إفريقيا,Northern Africa,شمال إفريقيا,EG-BA,,,1,governorate,Governorate,Al Baḩr al Aḩmar,,Al Baḩr al Aḩmar,true,ISO_3166_2,https://www.iso.org/obp/ui/#search,ISO 3166-2 subdivisions via pycountry/isocodes,REFERENCE_DATA_IMPORTED,NEEDS_AR_TRANSLATION,2026-08-05,Administrative subdivision only; cities are imported in later city files.
UPSERT,reg_eg_bh,EG,EGY,Egypt,مصر,Arab Republic of Egypt,Africa,إفريقيا,Northern Africa,شمال إفريقيا,EG-BH,,,1,governorate,Governorate,Al Buḩayrah,,Al Buḩayrah,true,ISO_3166_2,https://www.iso.org/obp/ui/#search,ISO 3166-2 subdivisions via pycountry/isocodes,REFERENCE_DATA_IMPORTED,NEEDS_AR_TRANSLATION,2026-08-05,Administrative subdivision only; cities are imported in later city files.
UPSERT,reg_eg_bns,EG,EGY,Egypt,مصر,Arab Republic of Egypt,Africa,إفريقيا,Northern Africa,شمال إفريقيا,EG-BNS,,,1,governorate,Governorate,Banī Suwayf,,Banī Suwayf,true,ISO_3166_2,https://www.iso.org/obp/ui/#search,ISO 3166-2 subdivisions via pycountry/isocodes,REFERENCE_DATA_IMPORTED,NEEDS_AR_TRANSLATION,2026-08-05,Administrative subdivision only; cities are imported in later city files.
UPSERT,reg_eg_c,EG,EGY,Egypt,مصر,Arab Republic of Egypt,Africa,إفريقيا,Northern Africa,شمال إفريقيا,EG-C,,,1,governorate,Governorate,Al Qāhirah,,Al Qāhirah,true,ISO_3166_2,https://www.iso.org/obp/ui/#search,ISO 3166-2 subdivisions via pycountry/isocodes,REFERENCE_DATA_IMPORTED,NEEDS_AR_TRANSLATION,2026-08-05,Administrative subdivision only; cities are imported in later city files.
UPSERT,reg_eg_dk,EG,EGY,Egypt,مصر,Arab Republic of Egypt,Africa,إفريقيا,Northern Africa,شمال إفريقيا,EG-DK,,,1,governorate,Governorate,Ad Daqahlīyah,,Ad Daqahlīyah,true,ISO_3166_2,https://www.iso.org/obp/ui/#search,ISO 3166-2 subdivisions via pycountry/isocodes,REFERENCE_DATA_IMPORTED,NEEDS_AR_TRANSLATION,2026-08-05,Administrative subdivision only; cities are imported in later city files.
UPSERT,reg_eg_dt,EG,EGY,Egypt,مصر,Arab Republic of Egypt,Africa,إفريقيا,Northern Africa,شمال إفريقيا,EG-DT,,,1,governorate,Governorate,Dumyāţ,,Dumyāţ,true,ISO_3166_2,https://www.iso.org/obp/ui/#search,ISO 3166-2 subdivisions via pycountry/isocodes,REFERENCE_DATA_IMPORTED,NEEDS_AR_TRANSLATION,2026-08-05,Administrative subdivision only; cities are imported in later city files.
UPSERT,reg_eg_fym,EG,EGY,Egypt,مصر,Arab Republic of Egypt,Africa,إفريقيا,Northern Africa,شمال إفريقيا,EG-FYM,,,1,governorate,Governorate,Al Fayyūm,,Al Fayyūm,true,ISO_3166_2,https://www.iso.org/obp/ui/#search,ISO 3166-2 subdivisions via pycountry/isocodes,REFERENCE_DATA_IMPORTED,NEEDS_AR_TRANSLATION,2026-08-05,Administrative subdivision only; cities are imported in later city files.
UPSERT,reg_eg_gh,EG,EGY,Egypt,مصر,Arab Republic of Egypt,Africa,إفريقيا,Northern Africa,شمال إفريقيا,EG-GH,,,1,governorate,Governorate,Al Gharbīyah,,Al Gharbīyah,true,ISO_3166_2,https://www.iso.org/obp/ui/#search,ISO 3166-2 subdivisions via pycountry/isocodes,REFERENCE_DATA_IMPORTED,NEEDS_AR_TRANSLATION,2026-08-05,Administrative subdivision only; cities are imported in later city files.
UPSERT,reg_eg_gz,EG,EGY,Egypt,مصر,Arab Republic of Egypt,Africa,إفريقيا,Northern Africa,شمال إفريقيا,EG-GZ,,,1,governorate,Governorate,Al Jīzah,,Al Jīzah,true,ISO_3166_2,https://www.iso.org/obp/ui/#search,ISO 3166-2 subdivisions via pycountry/isocodes,REFERENCE_DATA_IMPORTED,NEEDS_AR_TRANSLATION,2026-08-05,Administrative subdivision only; cities are imported in later city files.
UPSERT,reg_eg_is,EG,EGY,Egypt,مصر,Arab Republic of Egypt,Africa,إفريقيا,Northern Africa,شمال إفريقيا,EG-IS,,,1,governorate,Governorate,Al Ismā'īlīyah,,Al Ismā'īlīyah,true,ISO_3166_2,https://www.iso.org/obp/ui/#search,ISO 3166-2 subdivisions via pycountry/isocodes,REFERENCE_DATA_IMPORTED,NEEDS_AR_TRANSLATION,2026-08-05,Administrative subdivision only; cities are imported in later city files.
UPSERT,reg_eg_js,EG,EGY,Egypt,مصر,Arab Republic of Egypt,Africa,إفريقيا,Northern Africa,شمال إفريقيا,EG-JS,,,1,governorate,Governorate,Janūb Sīnā',,Janūb Sīnā',true,ISO_3166_2,https://www.iso.org/obp/ui/#search,ISO 3166-2 subdivisions via pycountry/isocodes,REFERENCE_DATA_IMPORTED,NEEDS_AR_TRANSLATION,2026-08-05,Administrative subdivision only; cities are imported in later city files.
UPSERT,reg_eg_kb,EG,EGY,Egypt,مصر,Arab Republic of Egypt,Africa,إفريقيا,Northern Africa,شمال إفريقيا,EG-KB,,,1,governorate,Governorate,Al Qalyūbīyah,,Al Qalyūbīyah,true,ISO_3166_2,https://www.iso.org/obp/ui/#search,ISO 3166-2 subdivisions via pycountry/isocodes,REFERENCE_DATA_IMPORTED,NEEDS_AR_TRANSLATION,2026-08-05,Administrative subdivision only; cities are imported in later city files.
UPSERT,reg_eg_kfs,EG,EGY,Egypt,مصر,Arab Republic of Egypt,Africa,إفريقيا,Northern Africa,شمال إفريقيا,EG-KFS,,,1,governorate,Governorate,Kafr ash Shaykh,,Kafr ash Shaykh,true,ISO_3166_2,https://www.iso.org/obp/ui/#search,ISO 3166-2 subdivisions via pycountry/isocodes,REFERENCE_DATA_IMPORTED,NEEDS_AR_TRANSLATION,2026-08-05,Administrative subdivision only; cities are imported in later city files.
UPSERT,reg_eg_kn,EG,EGY,Egypt,مصر,Arab Republic of Egypt,Africa,إفريقيا,Northern Africa,شمال إفريقيا,EG-KN,,,1,governorate,Governorate,Qinā,,Qinā,true,ISO_3166_2,https://www.iso.org/obp/ui/#search,ISO 3166-2 subdivisions via pycountry/isocodes,REFERENCE_DATA_IMPORTED,NEEDS_AR_TRANSLATION,2026-08-05,Administrative subdivision only; cities are imported in later city files.
UPSERT,reg_eg_lx,EG,EGY,Egypt,مصر,Arab Republic of Egypt,Africa,إفريقيا,Northern Africa,شمال إفريقيا,EG-LX,,,1,governorate,Governorate,Al Uqşur,,Al Uqşur,true,ISO_3166_2,https://www.iso.org/obp/ui/#search,ISO 3166-2 subdivisions via pycountry/isocodes,REFERENCE_DATA_IMPORTED,NEEDS_AR_TRANSLATION,2026-08-05,Administrative subdivision only; cities are imported in later city files.
UPSERT,reg_eg_mn,EG,EGY,Egypt,مصر,Arab Republic of Egypt,Africa,إفريقيا,Northern Africa,شمال إفريقيا,EG-MN,,,1,governorate,Governorate,Al Minyā,,Al Minyā,true,ISO_3166_2,https://www.iso.org/obp/ui/#search,ISO 3166-2 subdivisions via pycountry/isocodes,REFERENCE_DATA_IMPORTED,NEEDS_AR_TRANSLATION,2026-08-05,Administrative subdivision only; cities are imported in later city files.
UPSERT,reg_eg_mnf,EG,EGY,Egypt,مصر,Arab Republic of Egypt,Africa,إفريقيا,Northern Africa,شمال إفريقيا,EG-MNF,,,1,governorate,Governorate,Al Minūfīyah,,Al Minūfīyah,true,ISO_3166_2,https://www.iso.org/obp/ui/#search,ISO 3166-2 subdivisions via pycountry/isocodes,REFERENCE_DATA_IMPORTED,NEEDS_AR_TRANSLATION,2026-08-05,Administrative subdivision only; cities are imported in later city files.
UPSERT,reg_eg_mt,EG,EGY,Egypt,مصر,Arab Republic of Egypt,Africa,إفريقيا,Northern Africa,شمال إفريقيا,EG-MT,,,1,governorate,Governorate,Maţrūḩ,,Maţrūḩ,true,ISO_3166_2,https://www.iso.org/obp/ui/#search,ISO 3166-2 subdivisions via pycountry/isocodes,REFERENCE_DATA_IMPORTED,NEEDS_AR_TRANSLATION,2026-08-05,Administrative subdivision only; cities are imported in later city files.
UPSERT,reg_eg_pts,EG,EGY,Egypt,مصر,Arab Republic of Egypt,Africa,إفريقيا,Northern Africa,شمال إفريقيا,EG-PTS,,,1,governorate,Governorate,Būr Sa‘īd,,Būr Sa‘īd,true,ISO_3166_2,https://www.iso.org/obp/ui/#search,ISO 3166-2 subdivisions via pycountry/isocodes,REFERENCE_DATA_IMPORTED,NEEDS_AR_TRANSLATION,2026-08-05,Administrative subdivision only; cities are imported in later city files.
UPSERT,reg_eg_shg,EG,EGY,Egypt,مصر,Arab Republic of Egypt,Africa,إفريقيا,Northern Africa,شمال إفريقيا,EG-SHG,,,1,governorate,Governorate,Sūhāj,,Sūhāj,true,ISO_3166_2,https://www.iso.org/obp/ui/#search,ISO 3166-2 subdivisions via pycountry/isocodes,REFERENCE_DATA_IMPORTED,NEEDS_AR_TRANSLATION,2026-08-05,Administrative subdivision only; cities are imported in later city files.
UPSERT,reg_eg_shr,EG,EGY,Egypt,مصر,Arab Republic of Egypt,Africa,إفريقيا,Northern Africa,شمال إفريقيا,EG-SHR,,,1,governorate,Governorate,Ash Sharqīyah,,Ash Sharqīyah,true,ISO_3166_2,https://www.iso.org/obp/ui/#search,ISO 3166-2 subdivisions via pycountry/isocodes,REFERENCE_DATA_IMPORTED,NEEDS_AR_TRANSLATION,2026-08-05,Administrative subdivision only; cities are imported in later city files.
UPSERT,reg_eg_sin,EG,EGY,Egypt,مصر,Arab Republic of Egypt,Africa,إفريقيا,Northern Africa,شمال إفريقيا,EG-SIN,,,1,governorate,Governorate,Shamāl Sīnā',,Shamāl Sīnā',true,ISO_3166_2,https://www.iso.org/obp/ui/#search,ISO 3166-2 subdivisions via pycountry/isocodes,REFERENCE_DATA_IMPORTED,NEEDS_AR_TRANSLATION,2026-08-05,Administrative subdivision only; cities are imported in later city files.
UPSERT,reg_eg_suz,EG,EGY,Egypt,مصر,Arab Republic of Egypt,Africa,إفريقيا,Northern Africa,شمال إفريقيا,EG-SUZ,,,1,governorate,Governorate,As Suways,,As Suways,true,ISO_3166_2,https://www.iso.org/obp/ui/#search,ISO 3166-2 subdivisions via pycountry/isocodes,REFERENCE_DATA_IMPORTED,NEEDS_AR_TRANSLATION,2026-08-05,Administrative subdivision only; cities are imported in later city files.
UPSERT,reg_eg_wad,EG,EGY,Egypt,مصر,Arab Republic of Egypt,Africa,إفريقيا,Northern Africa,شمال إفريقيا,EG-WAD,,,1,governorate,Governorate,Al Wādī al Jadīd,,Al Wādī al Jadīd,true,ISO_3166_2,https://www.iso.org/obp/ui/#search,ISO 3166-2 subdivisions via pycountry/isocodes,REFERENCE_DATA_IMPORTED,NEEDS_AR_TRANSLATION,2026-08-05,Administrative subdivision only; cities are imported in later city files.
UPSERT,reg_er_an,ER,ERI,Eritrea,إريتريا,the State of Eritrea,Africa,إفريقيا,Eastern Africa,شرق إفريقيا,ER-AN,,,1,region,Region,Ansabā,,Ansabā,true,ISO_3166_2,https://www.iso.org/obp/ui/#search,ISO 3166-2 subdivisions via pycountry/isocodes,REFERENCE_DATA_IMPORTED,NEEDS_AR_TRANSLATION,2026-08-05,Administrative subdivision only; cities are imported in later city files.
UPSERT,reg_er_dk,ER,ERI,Eritrea,إريتريا,the State of Eritrea,Africa,إفريقيا,Eastern Africa,شرق إفريقيا,ER-DK,,,1,region,Region,Debubawi K’eyyĭḥ Baḥri,,Debubawi K’eyyĭḥ Baḥri,true,ISO_3166_2,https://www.iso.org/obp/ui/#search,ISO 3166-2 subdivisions via pycountry/isocodes,REFERENCE_DATA_IMPORTED,NEEDS_AR_TRANSLATION,2026-08-05,Administrative subdivision only; cities are imported in later city files.
UPSERT,reg_er_du,ER,ERI,Eritrea,إريتريا,the State of Eritrea,Africa,إفريقيا,Eastern Africa,شرق إفريقيا,ER-DU,,,1,region,Region,Al Janūbī,,Al Janūbī,true,ISO_3166_2,https://www.iso.org/obp/ui/#search,ISO 3166-2 subdivisions via pycountry/isocodes,REFERENCE_DATA_IMPORTED,NEEDS_AR_TRANSLATION,2026-08-05,Administrative subdivision only; cities are imported in later city files.
UPSERT,reg_er_gb,ER,ERI,Eritrea,إريتريا,the State of Eritrea,Africa,إفريقيا,Eastern Africa,شرق إفريقيا,ER-GB,,,1,region,Region,Gash-Barka,,Gash-Barka,true,ISO_3166_2,https://www.iso.org/obp/ui/#search,ISO 3166-2 subdivisions via pycountry/isocodes,REFERENCE_DATA_IMPORTED,NEEDS_AR_TRANSLATION,2026-08-05,Administrative subdivision only; cities are imported in later city files.
UPSERT,reg_er_ma,ER,ERI,Eritrea,إريتريا,the State of Eritrea,Africa,إفريقيا,Eastern Africa,شرق إفريقيا,ER-MA,,,1,region,Region,Al Awsaţ,,Al Awsaţ,true,ISO_3166_2,https://www.iso.org/obp/ui/#search,ISO 3166-2 subdivisions via pycountry/isocodes,REFERENCE_DATA_IMPORTED,NEEDS_AR_TRANSLATION,2026-08-05,Administrative subdivision only; cities are imported in later city files.
UPSERT,reg_er_sk,ER,ERI,Eritrea,إريتريا,the State of Eritrea,Africa,إفريقيا,Eastern Africa,شرق إفريقيا,ER-SK,,,1,region,Region,Semienawi K’eyyĭḥ Baḥri,,Semienawi K’eyyĭḥ Baḥri,true,ISO_3166_2,https://www.iso.org/obp/ui/#search,ISO 3166-2 subdivisions via pycountry/isocodes,REFERENCE_DATA_IMPORTED,NEEDS_AR_TRANSLATION,2026-08-05,Administrative subdivision only; cities are imported in later city files.
UPSERT,reg_et_aa,ET,ETH,Ethiopia,إثيوبيا,Federal Democratic Republic of Ethiopia,Africa,إفريقيا,Eastern Africa,شرق إفريقيا,ET-AA,,,1,administration,Administration,Addis Ababa,,Addis Ababa,true,ISO_3166_2,https://www.iso.org/obp/ui/#search,ISO 3166-2 subdivisions via pycountry/isocodes,REFERENCE_DATA_IMPORTED,NEEDS_AR_TRANSLATION,2026-08-05,Administrative subdivision only; cities are imported in later city files.
UPSERT,reg_et_af,ET,ETH,Ethiopia,إثيوبيا,Federal Democratic Republic of Ethiopia,Africa,إفريقيا,Eastern Africa,شرق إفريقيا,ET-AF,,,1,regional_state,Regional state,Afar,,Afar,true,ISO_3166_2,https://www.iso.org/obp/ui/#search,ISO 3166-2 subdivisions via pycountry/isocodes,REFERENCE_DATA_IMPORTED,NEEDS_AR_TRANSLATION,2026-08-05,Administrative subdivision only; cities are imported in later city files.
UPSERT,reg_et_am,ET,ETH,Ethiopia,إثيوبيا,Federal Democratic Republic of Ethiopia,Africa,إفريقيا,Eastern Africa,شرق إفريقيا,ET-AM,,,1,regional_state,Regional state,Amara,,Amara,true,ISO_3166_2,https://www.iso.org/obp/ui/#search,ISO 3166-2 subdivisions via pycountry/isocodes,REFERENCE_DATA_IMPORTED,NEEDS_AR_TRANSLATION,2026-08-05,Administrative subdivision only; cities are imported in later city files.
UPSERT,reg_et_be,ET,ETH,Ethiopia,إثيوبيا,Federal Democratic Republic of Ethiopia,Africa,إفريقيا,Eastern Africa,شرق إفريقيا,ET-BE,,,1,regional_state,Regional state,Benshangul-Gumaz,,Benshangul-Gumaz,true,ISO_3166_2,https://www.iso.org/obp/ui/#search,ISO 3166-2 subdivisions via pycountry/isocodes,REFERENCE_DATA_IMPORTED,NEEDS_AR_TRANSLATION,2026-08-05,Administrative subdivision only; cities are imported in later city files.
UPSERT,reg_et_dd,ET,ETH,Ethiopia,إثيوبيا,Federal Democratic Republic of Ethiopia,Africa,إفريقيا,Eastern Africa,شرق إفريقيا,ET-DD,,,1,administration,Administration,Dire Dawa,,Dire Dawa,true,ISO_3166_2,https://www.iso.org/obp/ui/#search,ISO 3166-2 subdivisions via pycountry/isocodes,REFERENCE_DATA_IMPORTED,NEEDS_AR_TRANSLATION,2026-08-05,Administrative subdivision only; cities are imported in later city files.
UPSERT,reg_et_ga,ET,ETH,Ethiopia,إثيوبيا,Federal Democratic Republic of Ethiopia,Africa,إفريقيا,Eastern Africa,شرق إفريقيا,ET-GA,,,1,regional_state,Regional state,Gambela Peoples,,Gambela Peoples,true,ISO_3166_2,https://www.iso.org/obp/ui/#search,ISO 3166-2 subdivisions via pycountry/isocodes,REFERENCE_DATA_IMPORTED,NEEDS_AR_TRANSLATION,2026-08-05,Administrative subdivision only; cities are imported in later city files.
UPSERT,reg_et_ha,ET,ETH,Ethiopia,إثيوبيا,Federal Democratic Republic of Ethiopia,Africa,إفريقيا,Eastern Africa,شرق إفريقيا,ET-HA,,,1,regional_state,Regional state,Harari People,,Harari People,true,ISO_3166_2,https://www.iso.org/obp/ui/#search,ISO 3166-2 subdivisions via pycountry/isocodes,REFERENCE_DATA_IMPORTED,NEEDS_AR_TRANSLATION,2026-08-05,Administrative subdivision only; cities are imported in later city files.
UPSERT,reg_et_or,ET,ETH,Ethiopia,إثيوبيا,Federal Democratic Republic of Ethiopia,Africa,إفريقيا,Eastern Africa,شرق إفريقيا,ET-OR,,,1,regional_state,Regional state,Oromia,,Oromia,true,ISO_3166_2,https://www.iso.org/obp/ui/#search,ISO 3166-2 subdivisions via pycountry/isocodes,REFERENCE_DATA_IMPORTED,NEEDS_AR_TRANSLATION,2026-08-05,Administrative subdivision only; cities are imported in later city files.
UPSERT,reg_et_si,ET,ETH,Ethiopia,إثيوبيا,Federal Democratic Republic of Ethiopia,Africa,إفريقيا,Eastern Africa,شرق إفريقيا,ET-SI,,,1,regional_state,Regional state,Sidama,,Sidama,true,ISO_3166_2,https://www.iso.org/obp/ui/#search,ISO 3166-2 subdivisions via pycountry/isocodes,REFERENCE_DATA_IMPORTED,NEEDS_AR_TRANSLATION,2026-08-05,Administrative subdivision only; cities are imported in later city files.
UPSERT,reg_et_sn,ET,ETH,Ethiopia,إثيوبيا,Federal Democratic Republic of Ethiopia,Africa,إفريقيا,Eastern Africa,شرق إفريقيا,ET-SN,,,1,regional_state,Regional state,"Southern Nations, Nationalities and Peoples",,"Southern Nations, Nationalities and Peoples",true,ISO_3166_2,https://www.iso.org/obp/ui/#search,ISO 3166-2 subdivisions via pycountry/isocodes,REFERENCE_DATA_IMPORTED,NEEDS_AR_TRANSLATION,2026-08-05,Administrative subdivision only; cities are imported in later city files.
UPSERT,reg_et_so,ET,ETH,Ethiopia,إثيوبيا,Federal Democratic Republic of Ethiopia,Africa,إفريقيا,Eastern Africa,شرق إفريقيا,ET-SO,,,1,regional_state,Regional state,Somali,,Somali,true,ISO_3166_2,https://www.iso.org/obp/ui/#search,ISO 3166-2 subdivisions via pycountry/isocodes,REFERENCE_DATA_IMPORTED,NEEDS_AR_TRANSLATION,2026-08-05,Administrative subdivision only; cities are imported in later city files.
UPSERT,reg_et_sw,ET,ETH,Ethiopia,إثيوبيا,Federal Democratic Republic of Ethiopia,Africa,إفريقيا,Eastern Africa,شرق إفريقيا,ET-SW,,,1,regional_state,Regional state,Southwest Ethiopia Peoples,,Southwest Ethiopia Peoples,true,ISO_3166_2,https://www.iso.org/obp/ui/#search,ISO 3166-2 subdivisions via pycountry/isocodes,REFERENCE_DATA_IMPORTED,NEEDS_AR_TRANSLATION,2026-08-05,Administrative subdivision only; cities are imported in later city files.
UPSERT,reg_et_ti,ET,ETH,Ethiopia,إثيوبيا,Federal Democratic Republic of Ethiopia,Africa,إفريقيا,Eastern Africa,شرق إفريقيا,ET-TI,,,1,regional_state,Regional state,Tigrai,,Tigrai,true,ISO_3166_2,https://www.iso.org/obp/ui/#search,ISO 3166-2 subdivisions via pycountry/isocodes,REFERENCE_DATA_IMPORTED,NEEDS_AR_TRANSLATION,2026-08-05,Administrative subdivision only; cities are imported in later city files.
UPSERT,reg_ga_1,GA,GAB,Gabon,الغابون,Gabonese Republic,Africa,إفريقيا,Middle Africa,وسط إفريقيا,GA-1,,,1,province,Province,Estuaire,,Estuaire,true,ISO_3166_2,https://www.iso.org/obp/ui/#search,ISO 3166-2 subdivisions via pycountry/isocodes,REFERENCE_DATA_IMPORTED,NEEDS_AR_TRANSLATION,2026-08-05,Administrative subdivision only; cities are imported in later city files.
UPSERT,reg_ga_2,GA,GAB,Gabon,الغابون,Gabonese Republic,Africa,إفريقيا,Middle Africa,وسط إفريقيا,GA-2,,,1,province,Province,Haut-Ogooué,,Haut-Ogooué,true,ISO_3166_2,https://www.iso.org/obp/ui/#search,ISO 3166-2 subdivisions via pycountry/isocodes,REFERENCE_DATA_IMPORTED,NEEDS_AR_TRANSLATION,2026-08-05,Administrative subdivision only; cities are imported in later city files.
UPSERT,reg_ga_3,GA,GAB,Gabon,الغابون,Gabonese Republic,Africa,إفريقيا,Middle Africa,وسط إفريقيا,GA-3,,,1,province,Province,Moyen-Ogooué,,Moyen-Ogooué,true,ISO_3166_2,https://www.iso.org/obp/ui/#search,ISO 3166-2 subdivisions via pycountry/isocodes,REFERENCE_DATA_IMPORTED,NEEDS_AR_TRANSLATION,2026-08-05,Administrative subdivision only; cities are imported in later city files.
UPSERT,reg_ga_4,GA,GAB,Gabon,الغابون,Gabonese Republic,Africa,إفريقيا,Middle Africa,وسط إفريقيا,GA-4,,,1,province,Province,Ngounié,,Ngounié,true,ISO_3166_2,https://www.iso.org/obp/ui/#search,ISO 3166-2 subdivisions via pycountry/isocodes,REFERENCE_DATA_IMPORTED,NEEDS_AR_TRANSLATION,2026-08-05,Administrative subdivision only; cities are imported in later city files.
UPSERT,reg_ga_5,GA,GAB,Gabon,الغابون,Gabonese Republic,Africa,إفريقيا,Middle Africa,وسط إفريقيا,GA-5,,,1,province,Province,Nyanga,,Nyanga,true,ISO_3166_2,https://www.iso.org/obp/ui/#search,ISO 3166-2 subdivisions via pycountry/isocodes,REFERENCE_DATA_IMPORTED,NEEDS_AR_TRANSLATION,2026-08-05,Administrative subdivision only; cities are imported in later city files.
UPSERT,reg_ga_6,GA,GAB,Gabon,الغابون,Gabonese Republic,Africa,إفريقيا,Middle Africa,وسط إفريقيا,GA-6,,,1,province,Province,Ogooué-Ivindo,,Ogooué-Ivindo,true,ISO_3166_2,https://www.iso.org/obp/ui/#search,ISO 3166-2 subdivisions via pycountry/isocodes,REFERENCE_DATA_IMPORTED,NEEDS_AR_TRANSLATION,2026-08-05,Administrative subdivision only; cities are imported in later city files.
UPSERT,reg_ga_7,GA,GAB,Gabon,الغابون,Gabonese Republic,Africa,إفريقيا,Middle Africa,وسط إفريقيا,GA-7,,,1,province,Province,Ogooué-Lolo,,Ogooué-Lolo,true,ISO_3166_2,https://www.iso.org/obp/ui/#search,ISO 3166-2 subdivisions via pycountry/isocodes,REFERENCE_DATA_IMPORTED,NEEDS_AR_TRANSLATION,2026-08-05,Administrative subdivision only; cities are imported in later city files.
UPSERT,reg_ga_8,GA,GAB,Gabon,الغابون,Gabonese Republic,Africa,إفريقيا,Middle Africa,وسط إفريقيا,GA-8,,,1,province,Province,Ogooué-Maritime,,Ogooué-Maritime,true,ISO_3166_2,https://www.iso.org/obp/ui/#search,ISO 3166-2 subdivisions via pycountry/isocodes,REFERENCE_DATA_IMPORTED,NEEDS_AR_TRANSLATION,2026-08-05,Administrative subdivision only; cities are imported in later city files.
UPSERT,reg_ga_9,GA,GAB,Gabon,الغابون,Gabonese Republic,Africa,إفريقيا,Middle Africa,وسط إفريقيا,GA-9,,,1,province,Province,Woleu-Ntem,,Woleu-Ntem,true,ISO_3166_2,https://www.iso.org/obp/ui/#search,ISO 3166-2 subdivisions via pycountry/isocodes,REFERENCE_DATA_IMPORTED,NEEDS_AR_TRANSLATION,2026-08-05,Administrative subdivision only; cities are imported in later city files.
UPSERT,reg_gh_aa,GH,GHA,Ghana,غانا,Republic of Ghana,Africa,إفريقيا,Western Africa,غرب إفريقيا,GH-AA,,,1,region,Region,Greater Accra,,Greater Accra,true,ISO_3166_2,https://www.iso.org/obp/ui/#search,ISO 3166-2 subdivisions via pycountry/isocodes,REFERENCE_DATA_IMPORTED,NEEDS_AR_TRANSLATION,2026-08-05,Administrative subdivision only; cities are imported in later city files.
UPSERT,reg_gh_af,GH,GHA,Ghana,غانا,Republic of Ghana,Africa,إفريقيا,Western Africa,غرب إفريقيا,GH-AF,,,1,region,Region,Ahafo,,Ahafo,true,ISO_3166_2,https://www.iso.org/obp/ui/#search,ISO 3166-2 subdivisions via pycountry/isocodes,REFERENCE_DATA_IMPORTED,NEEDS_AR_TRANSLATION,2026-08-05,Administrative subdivision only; cities are imported in later city files.
UPSERT,reg_gh_ah,GH,GHA,Ghana,غانا,Republic of Ghana,Africa,إفريقيا,Western Africa,غرب إفريقيا,GH-AH,,,1,region,Region,Ashanti,,Ashanti,true,ISO_3166_2,https://www.iso.org/obp/ui/#search,ISO 3166-2 subdivisions via pycountry/isocodes,REFERENCE_DATA_IMPORTED,NEEDS_AR_TRANSLATION,2026-08-05,Administrative subdivision only; cities are imported in later city files.
UPSERT,reg_gh_be,GH,GHA,Ghana,غانا,Republic of Ghana,Africa,إفريقيا,Western Africa,غرب إفريقيا,GH-BE,,,1,region,Region,Bono East,,Bono East,true,ISO_3166_2,https://www.iso.org/obp/ui/#search,ISO 3166-2 subdivisions via pycountry/isocodes,REFERENCE_DATA_IMPORTED,NEEDS_AR_TRANSLATION,2026-08-05,Administrative subdivision only; cities are imported in later city files.
UPSERT,reg_gh_bo,GH,GHA,Ghana,غانا,Republic of Ghana,Africa,إفريقيا,Western Africa,غرب إفريقيا,GH-BO,,,1,region,Region,Bono,,Bono,true,ISO_3166_2,https://www.iso.org/obp/ui/#search,ISO 3166-2 subdivisions via pycountry/isocodes,REFERENCE_DATA_IMPORTED,NEEDS_AR_TRANSLATION,2026-08-05,Administrative subdivision only; cities are imported in later city files.
UPSERT,reg_gh_cp,GH,GHA,Ghana,غانا,Republic of Ghana,Africa,إفريقيا,Western Africa,غرب إفريقيا,GH-CP,,,1,region,Region,Central,,Central,true,ISO_3166_2,https://www.iso.org/obp/ui/#search,ISO 3166-2 subdivisions via pycountry/isocodes,REFERENCE_DATA_IMPORTED,NEEDS_AR_TRANSLATION,2026-08-05,Administrative subdivision only; cities are imported in later city files.
UPSERT,reg_gh_ep,GH,GHA,Ghana,غانا,Republic of Ghana,Africa,إفريقيا,Western Africa,غرب إفريقيا,GH-EP,,,1,region,Region,Eastern,,Eastern,true,ISO_3166_2,https://www.iso.org/obp/ui/#search,ISO 3166-2 subdivisions via pycountry/isocodes,REFERENCE_DATA_IMPORTED,NEEDS_AR_TRANSLATION,2026-08-05,Administrative subdivision only; cities are imported in later city files.
UPSERT,reg_gh_ne,GH,GHA,Ghana,غانا,Republic of Ghana,Africa,إفريقيا,Western Africa,غرب إفريقيا,GH-NE,,,1,region,Region,North East,,North East,true,ISO_3166_2,https://www.iso.org/obp/ui/#search,ISO 3166-2 subdivisions via pycountry/isocodes,REFERENCE_DATA_IMPORTED,NEEDS_AR_TRANSLATION,2026-08-05,Administrative subdivision only; cities are imported in later city files.
UPSERT,reg_gh_np,GH,GHA,Ghana,غانا,Republic of Ghana,Africa,إفريقيا,Western Africa,غرب إفريقيا,GH-NP,,,1,region,Region,Northern,,Northern,true,ISO_3166_2,https://www.iso.org/obp/ui/#search,ISO 3166-2 subdivisions via pycountry/isocodes,REFERENCE_DATA_IMPORTED,NEEDS_AR_TRANSLATION,2026-08-05,Administrative subdivision only; cities are imported in later city files.
UPSERT,reg_gh_ot,GH,GHA,Ghana,غانا,Republic of Ghana,Africa,إفريقيا,Western Africa,غرب إفريقيا,GH-OT,,,1,region,Region,Oti,,Oti,true,ISO_3166_2,https://www.iso.org/obp/ui/#search,ISO 3166-2 subdivisions via pycountry/isocodes,REFERENCE_DATA_IMPORTED,NEEDS_AR_TRANSLATION,2026-08-05,Administrative subdivision only; cities are imported in later city files.
UPSERT,reg_gh_sv,GH,GHA,Ghana,غانا,Republic of Ghana,Africa,إفريقيا,Western Africa,غرب إفريقيا,GH-SV,,,1,region,Region,Savannah,,Savannah,true,ISO_3166_2,https://www.iso.org/obp/ui/#search,ISO 3166-2 subdivisions via pycountry/isocodes,REFERENCE_DATA_IMPORTED,NEEDS_AR_TRANSLATION,2026-08-05,Administrative subdivision only; cities are imported in later city files.
UPSERT,reg_gh_tv,GH,GHA,Ghana,غانا,Republic of Ghana,Africa,إفريقيا,Western Africa,غرب إفريقيا,GH-TV,,,1,region,Region,Volta,,Volta,true,ISO_3166_2,https://www.iso.org/obp/ui/#search,ISO 3166-2 subdivisions via pycountry/isocodes,REFERENCE_DATA_IMPORTED,NEEDS_AR_TRANSLATION,2026-08-05,Administrative subdivision only; cities are imported in later city files.
UPSERT,reg_gh_ue,GH,GHA,Ghana,غانا,Republic of Ghana,Africa,إفريقيا,Western Africa,غرب إفريقيا,GH-UE,,,1,region,Region,Upper East,,Upper East,true,ISO_3166_2,https://www.iso.org/obp/ui/#search,ISO 3166-2 subdivisions via pycountry/isocodes,REFERENCE_DATA_IMPORTED,NEEDS_AR_TRANSLATION,2026-08-05,Administrative subdivision only; cities are imported in later city files.
UPSERT,reg_gh_uw,GH,GHA,Ghana,غانا,Republic of Ghana,Africa,إفريقيا,Western Africa,غرب إفريقيا,GH-UW,,,1,region,Region,Upper West,,Upper West,true,ISO_3166_2,https://www.iso.org/obp/ui/#search,ISO 3166-2 subdivisions via pycountry/isocodes,REFERENCE_DATA_IMPORTED,NEEDS_AR_TRANSLATION,2026-08-05,Administrative subdivision only; cities are imported in later city files.
UPSERT,reg_gh_wn,GH,GHA,Ghana,غانا,Republic of Ghana,Africa,إفريقيا,Western Africa,غرب إفريقيا,GH-WN,,,1,region,Region,Western North,,Western North,true,ISO_3166_2,https://www.iso.org/obp/ui/#search,ISO 3166-2 subdivisions via pycountry/isocodes,REFERENCE_DATA_IMPORTED,NEEDS_AR_TRANSLATION,2026-08-05,Administrative subdivision only; cities are imported in later city files.
UPSERT,reg_gh_wp,GH,GHA,Ghana,غانا,Republic of Ghana,Africa,إفريقيا,Western Africa,غرب إفريقيا,GH-WP,,,1,region,Region,Western,,Western,true,ISO_3166_2,https://www.iso.org/obp/ui/#search,ISO 3166-2 subdivisions via pycountry/isocodes,REFERENCE_DATA_IMPORTED,NEEDS_AR_TRANSLATION,2026-08-05,Administrative subdivision only; cities are imported in later city files.
UPSERT,reg_gm_b,GM,GMB,Gambia,غامبيا,Republic of the Gambia,Africa,إفريقيا,Western Africa,غرب إفريقيا,GM-B,,,1,city,City,Banjul,,Banjul,true,ISO_3166_2,https://www.iso.org/obp/ui/#search,ISO 3166-2 subdivisions via pycountry/isocodes,REFERENCE_DATA_IMPORTED,NEEDS_AR_TRANSLATION,2026-08-05,Administrative subdivision only; cities are imported in later city files.
UPSERT,reg_gm_l,GM,GMB,Gambia,غامبيا,Republic of the Gambia,Africa,إفريقيا,Western Africa,غرب إفريقيا,GM-L,,,1,division,Division,Lower River,,Lower River,true,ISO_3166_2,https://www.iso.org/obp/ui/#search,ISO 3166-2 subdivisions via pycountry/isocodes,REFERENCE_DATA_IMPORTED,NEEDS_AR_TRANSLATION,2026-08-05,Administrative subdivision only; cities are imported in later city files.
UPSERT,reg_gm_m,GM,GMB,Gambia,غامبيا,Republic of the Gambia,Africa,إفريقيا,Western Africa,غرب إفريقيا,GM-M,,,1,division,Division,Central River,,Central River,true,ISO_3166_2,https://www.iso.org/obp/ui/#search,ISO 3166-2 subdivisions via pycountry/isocodes,REFERENCE_DATA_IMPORTED,NEEDS_AR_TRANSLATION,2026-08-05,Administrative subdivision only; cities are imported in later city files.
UPSERT,reg_gm_n,GM,GMB,Gambia,غامبيا,Republic of the Gambia,Africa,إفريقيا,Western Africa,غرب إفريقيا,GM-N,,,1,division,Division,North Bank,,North Bank,true,ISO_3166_2,https://www.iso.org/obp/ui/#search,ISO 3166-2 subdivisions via pycountry/isocodes,REFERENCE_DATA_IMPORTED,NEEDS_AR_TRANSLATION,2026-08-05,Administrative subdivision only; cities are imported in later city files.
UPSERT,reg_gm_u,GM,GMB,Gambia,غامبيا,Republic of the Gambia,Africa,إفريقيا,Western Africa,غرب إفريقيا,GM-U,,,1,division,Division,Upper River,,Upper River,true,ISO_3166_2,https://www.iso.org/obp/ui/#search,ISO 3166-2 subdivisions via pycountry/isocodes,REFERENCE_DATA_IMPORTED,NEEDS_AR_TRANSLATION,2026-08-05,Administrative subdivision only; cities are imported in later city files.
UPSERT,reg_gm_w,GM,GMB,Gambia,غامبيا,Republic of the Gambia,Africa,إفريقيا,Western Africa,غرب إفريقيا,GM-W,,,1,division,Division,Western,,Western,true,ISO_3166_2,https://www.iso.org/obp/ui/#search,ISO 3166-2 subdivisions via pycountry/isocodes,REFERENCE_DATA_IMPORTED,NEEDS_AR_TRANSLATION,2026-08-05,Administrative subdivision only; cities are imported in later city files.
UPSERT,reg_gn_b,GN,GIN,Guinea,غينيا,Republic of Guinea,Africa,إفريقيا,Western Africa,غرب إفريقيا,GN-B,,,1,administrative_region,Administrative region,Boké,,Boké,true,ISO_3166_2,https://www.iso.org/obp/ui/#search,ISO 3166-2 subdivisions via pycountry/isocodes,REFERENCE_DATA_IMPORTED,NEEDS_AR_TRANSLATION,2026-08-05,Administrative subdivision only; cities are imported in later city files.
UPSERT,reg_gn_be,GN,GIN,Guinea,غينيا,Republic of Guinea,Africa,إفريقيا,Western Africa,غرب إفريقيا,GN-BE,GN-N,Nzérékoré,2,prefecture,Prefecture,Beyla,,Beyla,true,ISO_3166_2,https://www.iso.org/obp/ui/#search,ISO 3166-2 subdivisions via pycountry/isocodes,REFERENCE_DATA_IMPORTED,NEEDS_AR_TRANSLATION,2026-08-05,Administrative subdivision only; cities are imported in later city files.
UPSERT,reg_gn_bf,GN,GIN,Guinea,غينيا,Republic of Guinea,Africa,إفريقيا,Western Africa,غرب إفريقيا,GN-BF,GN-B,Boké,2,prefecture,Prefecture,Boffa,,Boffa,true,ISO_3166_2,https://www.iso.org/obp/ui/#search,ISO 3166-2 subdivisions via pycountry/isocodes,REFERENCE_DATA_IMPORTED,NEEDS_AR_TRANSLATION,2026-08-05,Administrative subdivision only; cities are imported in later city files.
UPSERT,reg_gn_bk,GN,GIN,Guinea,غينيا,Republic of Guinea,Africa,إفريقيا,Western Africa,غرب إفريقيا,GN-BK,GN-B,Boké,2,prefecture,Prefecture,Boké,,Boké,true,ISO_3166_2,https://www.iso.org/obp/ui/#search,ISO 3166-2 subdivisions via pycountry/isocodes,REFERENCE_DATA_IMPORTED,NEEDS_AR_TRANSLATION,2026-08-05,Administrative subdivision only; cities are imported in later city files.
UPSERT,reg_gn_c,GN,GIN,Guinea,غينيا,Republic of Guinea,Africa,إفريقيا,Western Africa,غرب إفريقيا,GN-C,,,1,governorate,Governorate,Conakry,,Conakry,true,ISO_3166_2,https://www.iso.org/obp/ui/#search,ISO 3166-2 subdivisions via pycountry/isocodes,REFERENCE_DATA_IMPORTED,NEEDS_AR_TRANSLATION,2026-08-05,Administrative subdivision only; cities are imported in later city files.
UPSERT,reg_gn_co,GN,GIN,Guinea,غينيا,Republic of Guinea,Africa,إفريقيا,Western Africa,غرب إفريقيا,GN-CO,GN-D,Kindia,2,prefecture,Prefecture,Coyah,,Coyah,true,ISO_3166_2,https://www.iso.org/obp/ui/#search,ISO 3166-2 subdivisions via pycountry/isocodes,REFERENCE_DATA_IMPORTED,NEEDS_AR_TRANSLATION,2026-08-05,Administrative subdivision only; cities are imported in later city files.
UPSERT,reg_gn_d,GN,GIN,Guinea,غينيا,Republic of Guinea,Africa,إفريقيا,Western Africa,غرب إفريقيا,GN-D,,,1,administrative_region,Administrative region,Kindia,,Kindia,true,ISO_3166_2,https://www.iso.org/obp/ui/#search,ISO 3166-2 subdivisions via pycountry/isocodes,REFERENCE_DATA_IMPORTED,NEEDS_AR_TRANSLATION,2026-08-05,Administrative subdivision only; cities are imported in later city files.
UPSERT,reg_gn_db,GN,GIN,Guinea,غينيا,Republic of Guinea,Africa,إفريقيا,Western Africa,غرب إفريقيا,GN-DB,GN-F,Faranah,2,prefecture,Prefecture,Dabola,,Dabola,true,ISO_3166_2,https://www.iso.org/obp/ui/#search,ISO 3166-2 subdivisions via pycountry/isocodes,REFERENCE_DATA_IMPORTED,NEEDS_AR_TRANSLATION,2026-08-05,Administrative subdivision only; cities are imported in later city files.
UPSERT,reg_gn_di,GN,GIN,Guinea,غينيا,Republic of Guinea,Africa,إفريقيا,Western Africa,غرب إفريقيا,GN-DI,GN-F,Faranah,2,prefecture,Prefecture,Dinguiraye,,Dinguiraye,true,ISO_3166_2,https://www.iso.org/obp/ui/#search,ISO 3166-2 subdivisions via pycountry/isocodes,REFERENCE_DATA_IMPORTED,NEEDS_AR_TRANSLATION,2026-08-05,Administrative subdivision only; cities are imported in later city files.
UPSERT,reg_gn_dl,GN,GIN,Guinea,غينيا,Republic of Guinea,Africa,إفريقيا,Western Africa,غرب إفريقيا,GN-DL,GN-M,Mamou,2,prefecture,Prefecture,Dalaba,,Dalaba,true,ISO_3166_2,https://www.iso.org/obp/ui/#search,ISO 3166-2 subdivisions via pycountry/isocodes,REFERENCE_DATA_IMPORTED,NEEDS_AR_TRANSLATION,2026-08-05,Administrative subdivision only; cities are imported in later city files.
UPSERT,reg_gn_du,GN,GIN,Guinea,غينيا,Republic of Guinea,Africa,إفريقيا,Western Africa,غرب إفريقيا,GN-DU,GN-D,Kindia,2,prefecture,Prefecture,Dubréka,,Dubréka,true,ISO_3166_2,https://www.iso.org/obp/ui/#search,ISO 3166-2 subdivisions via pycountry/isocodes,REFERENCE_DATA_IMPORTED,NEEDS_AR_TRANSLATION,2026-08-05,Administrative subdivision only; cities are imported in later city files.
UPSERT,reg_gn_f,GN,GIN,Guinea,غينيا,Republic of Guinea,Africa,إفريقيا,Western Africa,غرب إفريقيا,GN-F,,,1,administrative_region,Administrative region,Faranah,,Faranah,true,ISO_3166_2,https://www.iso.org/obp/ui/#search,ISO 3166-2 subdivisions via pycountry/isocodes,REFERENCE_DATA_IMPORTED,NEEDS_AR_TRANSLATION,2026-08-05,Administrative subdivision only; cities are imported in later city files.
UPSERT,reg_gn_fa,GN,GIN,Guinea,غينيا,Republic of Guinea,Africa,إفريقيا,Western Africa,غرب إفريقيا,GN-FA,GN-F,Faranah,2,prefecture,Prefecture,Faranah,,Faranah,true,ISO_3166_2,https://www.iso.org/obp/ui/#search,ISO 3166-2 subdivisions via pycountry/isocodes,REFERENCE_DATA_IMPORTED,NEEDS_AR_TRANSLATION,2026-08-05,Administrative subdivision only; cities are imported in later city files.
UPSERT,reg_gn_fo,GN,GIN,Guinea,غينيا,Republic of Guinea,Africa,إفريقيا,Western Africa,غرب إفريقيا,GN-FO,GN-D,Kindia,2,prefecture,Prefecture,Forécariah,,Forécariah,true,ISO_3166_2,https://www.iso.org/obp/ui/#search,ISO 3166-2 subdivisions via pycountry/isocodes,REFERENCE_DATA_IMPORTED,NEEDS_AR_TRANSLATION,2026-08-05,Administrative subdivision only; cities are imported in later city files.
UPSERT,reg_gn_fr,GN,GIN,Guinea,غينيا,Republic of Guinea,Africa,إفريقيا,Western Africa,غرب إفريقيا,GN-FR,GN-B,Boké,2,prefecture,Prefecture,Fria,,Fria,true,ISO_3166_2,https://www.iso.org/obp/ui/#search,ISO 3166-2 subdivisions via pycountry/isocodes,REFERENCE_DATA_IMPORTED,NEEDS_AR_TRANSLATION,2026-08-05,Administrative subdivision only; cities are imported in later city files.
UPSERT,reg_gn_ga,GN,GIN,Guinea,غينيا,Republic of Guinea,Africa,إفريقيا,Western Africa,غرب إفريقيا,GN-GA,GN-B,Boké,2,prefecture,Prefecture,Gaoual,,Gaoual,true,ISO_3166_2,https://www.iso.org/obp/ui/#search,ISO 3166-2 subdivisions via pycountry/isocodes,REFERENCE_DATA_IMPORTED,NEEDS_AR_TRANSLATION,2026-08-05,Administrative subdivision only; cities are imported in later city files.
UPSERT,reg_gn_gu,GN,GIN,Guinea,غينيا,Republic of Guinea,Africa,إفريقيا,Western Africa,غرب إفريقيا,GN-GU,GN-N,Nzérékoré,2,prefecture,Prefecture,Guékédou,,Guékédou,true,ISO_3166_2,https://www.iso.org/obp/ui/#search,ISO 3166-2 subdivisions via pycountry/isocodes,REFERENCE_DATA_IMPORTED,NEEDS_AR_TRANSLATION,2026-08-05,Administrative subdivision only; cities are imported in later city files.
UPSERT,reg_gn_k,GN,GIN,Guinea,غينيا,Republic of Guinea,Africa,إفريقيا,Western Africa,غرب إفريقيا,GN-K,,,1,administrative_region,Administrative region,Kankan,,Kankan,true,ISO_3166_2,https://www.iso.org/obp/ui/#search,ISO 3166-2 subdivisions via pycountry/isocodes,REFERENCE_DATA_IMPORTED,NEEDS_AR_TRANSLATION,2026-08-05,Administrative subdivision only; cities are imported in later city files.
UPSERT,reg_gn_ka,GN,GIN,Guinea,غينيا,Republic of Guinea,Africa,إفريقيا,Western Africa,غرب إفريقيا,GN-KA,GN-K,Kankan,2,prefecture,Prefecture,Kankan,,Kankan,true,ISO_3166_2,https://www.iso.org/obp/ui/#search,ISO 3166-2 subdivisions via pycountry/isocodes,REFERENCE_DATA_IMPORTED,NEEDS_AR_TRANSLATION,2026-08-05,Administrative subdivision only; cities are imported in later city files.
UPSERT,reg_gn_kb,GN,GIN,Guinea,غينيا,Republic of Guinea,Africa,إفريقيا,Western Africa,غرب إفريقيا,GN-KB,GN-L,Labé,2,prefecture,Prefecture,Koubia,,Koubia,true,ISO_3166_2,https://www.iso.org/obp/ui/#search,ISO 3166-2 subdivisions via pycountry/isocodes,REFERENCE_DATA_IMPORTED,NEEDS_AR_TRANSLATION,2026-08-05,Administrative subdivision only; cities are imported in later city files.
UPSERT,reg_gn_kd,GN,GIN,Guinea,غينيا,Republic of Guinea,Africa,إفريقيا,Western Africa,غرب إفريقيا,GN-KD,GN-D,Kindia,2,prefecture,Prefecture,Kindia,,Kindia,true,ISO_3166_2,https://www.iso.org/obp/ui/#search,ISO 3166-2 subdivisions via pycountry/isocodes,REFERENCE_DATA_IMPORTED,NEEDS_AR_TRANSLATION,2026-08-05,Administrative subdivision only; cities are imported in later city files.
UPSERT,reg_gn_ke,GN,GIN,Guinea,غينيا,Republic of Guinea,Africa,إفريقيا,Western Africa,غرب إفريقيا,GN-KE,GN-K,Kankan,2,prefecture,Prefecture,Kérouané,,Kérouané,true,ISO_3166_2,https://www.iso.org/obp/ui/#search,ISO 3166-2 subdivisions via pycountry/isocodes,REFERENCE_DATA_IMPORTED,NEEDS_AR_TRANSLATION,2026-08-05,Administrative subdivision only; cities are imported in later city files.
UPSERT,reg_gn_kn,GN,GIN,Guinea,غينيا,Republic of Guinea,Africa,إفريقيا,Western Africa,غرب إفريقيا,GN-KN,GN-B,Boké,2,prefecture,Prefecture,Koundara,,Koundara,true,ISO_3166_2,https://www.iso.org/obp/ui/#search,ISO 3166-2 subdivisions via pycountry/isocodes,REFERENCE_DATA_IMPORTED,NEEDS_AR_TRANSLATION,2026-08-05,Administrative subdivision only; cities are imported in later city files.
UPSERT,reg_gn_ko,GN,GIN,Guinea,غينيا,Republic of Guinea,Africa,إفريقيا,Western Africa,غرب إفريقيا,GN-KO,GN-K,Kankan,2,prefecture,Prefecture,Kouroussa,,Kouroussa,true,ISO_3166_2,https://www.iso.org/obp/ui/#search,ISO 3166-2 subdivisions via pycountry/isocodes,REFERENCE_DATA_IMPORTED,NEEDS_AR_TRANSLATION,2026-08-05,Administrative subdivision only; cities are imported in later city files.
UPSERT,reg_gn_ks,GN,GIN,Guinea,غينيا,Republic of Guinea,Africa,إفريقيا,Western Africa,غرب إفريقيا,GN-KS,GN-F,Faranah,2,prefecture,Prefecture,Kissidougou,,Kissidougou,true,ISO_3166_2,https://www.iso.org/obp/ui/#search,ISO 3166-2 subdivisions via pycountry/isocodes,REFERENCE_DATA_IMPORTED,NEEDS_AR_TRANSLATION,2026-08-05,Administrative subdivision only; cities are imported in later city files.
UPSERT,reg_gn_l,GN,GIN,Guinea,غينيا,Republic of Guinea,Africa,إفريقيا,Western Africa,غرب إفريقيا,GN-L,,,1,administrative_region,Administrative region,Labé,,Labé,true,ISO_3166_2,https://www.iso.org/obp/ui/#search,ISO 3166-2 subdivisions via pycountry/isocodes,REFERENCE_DATA_IMPORTED,NEEDS_AR_TRANSLATION,2026-08-05,Administrative subdivision only; cities are imported in later city files.
UPSERT,reg_gn_la,GN,GIN,Guinea,غينيا,Republic of Guinea,Africa,إفريقيا,Western Africa,غرب إفريقيا,GN-LA,GN-L,Labé,2,prefecture,Prefecture,Labé,,Labé,true,ISO_3166_2,https://www.iso.org/obp/ui/#search,ISO 3166-2 subdivisions via pycountry/isocodes,REFERENCE_DATA_IMPORTED,NEEDS_AR_TRANSLATION,2026-08-05,Administrative subdivision only; cities are imported in later city files.
UPSERT,reg_gn_le,GN,GIN,Guinea,غينيا,Republic of Guinea,Africa,إفريقيا,Western Africa,غرب إفريقيا,GN-LE,GN-L,Labé,2,prefecture,Prefecture,Lélouma,,Lélouma,true,ISO_3166_2,https://www.iso.org/obp/ui/#search,ISO 3166-2 subdivisions via pycountry/isocodes,REFERENCE_DATA_IMPORTED,NEEDS_AR_TRANSLATION,2026-08-05,Administrative subdivision only; cities are imported in later city files.
UPSERT,reg_gn_lo,GN,GIN,Guinea,غينيا,Republic of Guinea,Africa,إفريقيا,Western Africa,غرب إفريقيا,GN-LO,GN-N,Nzérékoré,2,prefecture,Prefecture,Lola,,Lola,true,ISO_3166_2,https://www.iso.org/obp/ui/#search,ISO 3166-2 subdivisions via pycountry/isocodes,REFERENCE_DATA_IMPORTED,NEEDS_AR_TRANSLATION,2026-08-05,Administrative subdivision only; cities are imported in later city files.
UPSERT,reg_gn_m,GN,GIN,Guinea,غينيا,Republic of Guinea,Africa,إفريقيا,Western Africa,غرب إفريقيا,GN-M,,,1,administrative_region,Administrative region,Mamou,,Mamou,true,ISO_3166_2,https://www.iso.org/obp/ui/#search,ISO 3166-2 subdivisions via pycountry/isocodes,REFERENCE_DATA_IMPORTED,NEEDS_AR_TRANSLATION,2026-08-05,Administrative subdivision only; cities are imported in later city files.
UPSERT,reg_gn_mc,GN,GIN,Guinea,غينيا,Republic of Guinea,Africa,إفريقيا,Western Africa,غرب إفريقيا,GN-MC,GN-N,Nzérékoré,2,prefecture,Prefecture,Macenta,,Macenta,true,ISO_3166_2,https://www.iso.org/obp/ui/#search,ISO 3166-2 subdivisions via pycountry/isocodes,REFERENCE_DATA_IMPORTED,NEEDS_AR_TRANSLATION,2026-08-05,Administrative subdivision only; cities are imported in later city files.
UPSERT,reg_gn_md,GN,GIN,Guinea,غينيا,Republic of Guinea,Africa,إفريقيا,Western Africa,غرب إفريقيا,GN-MD,GN-K,Kankan,2,prefecture,Prefecture,Mandiana,,Mandiana,true,ISO_3166_2,https://www.iso.org/obp/ui/#search,ISO 3166-2 subdivisions via pycountry/isocodes,REFERENCE_DATA_IMPORTED,NEEDS_AR_TRANSLATION,2026-08-05,Administrative subdivision only; cities are imported in later city files.
UPSERT,reg_gn_ml,GN,GIN,Guinea,غينيا,Republic of Guinea,Africa,إفريقيا,Western Africa,غرب إفريقيا,GN-ML,GN-L,Labé,2,prefecture,Prefecture,Mali,,Mali,true,ISO_3166_2,https://www.iso.org/obp/ui/#search,ISO 3166-2 subdivisions via pycountry/isocodes,REFERENCE_DATA_IMPORTED,NEEDS_AR_TRANSLATION,2026-08-05,Administrative subdivision only; cities are imported in later city files.
UPSERT,reg_gn_mm,GN,GIN,Guinea,غينيا,Republic of Guinea,Africa,إفريقيا,Western Africa,غرب إفريقيا,GN-MM,GN-M,Mamou,2,prefecture,Prefecture,Mamou,,Mamou,true,ISO_3166_2,https://www.iso.org/obp/ui/#search,ISO 3166-2 subdivisions via pycountry/isocodes,REFERENCE_DATA_IMPORTED,NEEDS_AR_TRANSLATION,2026-08-05,Administrative subdivision only; cities are imported in later city files.
UPSERT,reg_gn_n,GN,GIN,Guinea,غينيا,Republic of Guinea,Africa,إفريقيا,Western Africa,غرب إفريقيا,GN-N,,,1,administrative_region,Administrative region,Nzérékoré,,Nzérékoré,true,ISO_3166_2,https://www.iso.org/obp/ui/#search,ISO 3166-2 subdivisions via pycountry/isocodes,REFERENCE_DATA_IMPORTED,NEEDS_AR_TRANSLATION,2026-08-05,Administrative subdivision only; cities are imported in later city files.
UPSERT,reg_gn_nz,GN,GIN,Guinea,غينيا,Republic of Guinea,Africa,إفريقيا,Western Africa,غرب إفريقيا,GN-NZ,GN-N,Nzérékoré,2,prefecture,Prefecture,Nzérékoré,,Nzérékoré,true,ISO_3166_2,https://www.iso.org/obp/ui/#search,ISO 3166-2 subdivisions via pycountry/isocodes,REFERENCE_DATA_IMPORTED,NEEDS_AR_TRANSLATION,2026-08-05,Administrative subdivision only; cities are imported in later city files.
UPSERT,reg_gn_pi,GN,GIN,Guinea,غينيا,Republic of Guinea,Africa,إفريقيا,Western Africa,غرب إفريقيا,GN-PI,GN-M,Mamou,2,prefecture,Prefecture,Pita,,Pita,true,ISO_3166_2,https://www.iso.org/obp/ui/#search,ISO 3166-2 subdivisions via pycountry/isocodes,REFERENCE_DATA_IMPORTED,NEEDS_AR_TRANSLATION,2026-08-05,Administrative subdivision only; cities are imported in later city files.
UPSERT,reg_gn_si,GN,GIN,Guinea,غينيا,Republic of Guinea,Africa,إفريقيا,Western Africa,غرب إفريقيا,GN-SI,GN-K,Kankan,2,prefecture,Prefecture,Siguiri,,Siguiri,true,ISO_3166_2,https://www.iso.org/obp/ui/#search,ISO 3166-2 subdivisions via pycountry/isocodes,REFERENCE_DATA_IMPORTED,NEEDS_AR_TRANSLATION,2026-08-05,Administrative subdivision only; cities are imported in later city files.
UPSERT,reg_gn_te,GN,GIN,Guinea,غينيا,Republic of Guinea,Africa,إفريقيا,Western Africa,غرب إفريقيا,GN-TE,GN-D,Kindia,2,prefecture,Prefecture,Télimélé,,Télimélé,true,ISO_3166_2,https://www.iso.org/obp/ui/#search,ISO 3166-2 subdivisions via pycountry/isocodes,REFERENCE_DATA_IMPORTED,NEEDS_AR_TRANSLATION,2026-08-05,Administrative subdivision only; cities are imported in later city files.
UPSERT,reg_gn_to,GN,GIN,Guinea,غينيا,Republic of Guinea,Africa,إفريقيا,Western Africa,غرب إفريقيا,GN-TO,GN-L,Labé,2,prefecture,Prefecture,Tougué,,Tougué,true,ISO_3166_2,https://www.iso.org/obp/ui/#search,ISO 3166-2 subdivisions via pycountry/isocodes,REFERENCE_DATA_IMPORTED,NEEDS_AR_TRANSLATION,2026-08-05,Administrative subdivision only; cities are imported in later city files.
UPSERT,reg_gn_yo,GN,GIN,Guinea,غينيا,Republic of Guinea,Africa,إفريقيا,Western Africa,غرب إفريقيا,GN-YO,GN-N,Nzérékoré,2,prefecture,Prefecture,Yomou,,Yomou,true,ISO_3166_2,https://www.iso.org/obp/ui/#search,ISO 3166-2 subdivisions via pycountry/isocodes,REFERENCE_DATA_IMPORTED,NEEDS_AR_TRANSLATION,2026-08-05,Administrative subdivision only; cities are imported in later city files.
UPSERT,reg_gq_an,GQ,GNQ,Equatorial Guinea,غينيا الاستوائية,Republic of Equatorial Guinea,Africa,إفريقيا,Middle Africa,وسط إفريقيا,GQ-AN,GQ-I,Région Insulaire,2,province,Province,Annobon,,Annobon,true,ISO_3166_2,https://www.iso.org/obp/ui/#search,ISO 3166-2 subdivisions via pycountry/isocodes,REFERENCE_DATA_IMPORTED,NEEDS_AR_TRANSLATION,2026-08-05,Administrative subdivision only; cities are imported in later city files.
UPSERT,reg_gq_bn,GQ,GNQ,Equatorial Guinea,غينيا الاستوائية,Republic of Equatorial Guinea,Africa,إفريقيا,Middle Africa,وسط إفريقيا,GQ-BN,GQ-I,Région Insulaire,2,province,Province,Bioko Nord,,Bioko Nord,true,ISO_3166_2,https://www.iso.org/obp/ui/#search,ISO 3166-2 subdivisions via pycountry/isocodes,REFERENCE_DATA_IMPORTED,NEEDS_AR_TRANSLATION,2026-08-05,Administrative subdivision only; cities are imported in later city files.
UPSERT,reg_gq_bs,GQ,GNQ,Equatorial Guinea,غينيا الاستوائية,Republic of Equatorial Guinea,Africa,إفريقيا,Middle Africa,وسط إفريقيا,GQ-BS,GQ-I,Région Insulaire,2,province,Province,Bioko Sud,,Bioko Sud,true,ISO_3166_2,https://www.iso.org/obp/ui/#search,ISO 3166-2 subdivisions via pycountry/isocodes,REFERENCE_DATA_IMPORTED,NEEDS_AR_TRANSLATION,2026-08-05,Administrative subdivision only; cities are imported in later city files.
UPSERT,reg_gq_c,GQ,GNQ,Equatorial Guinea,غينيا الاستوائية,Republic of Equatorial Guinea,Africa,إفريقيا,Middle Africa,وسط إفريقيا,GQ-C,,,1,region,Region,Région Continentale,,Région Continentale,true,ISO_3166_2,https://www.iso.org/obp/ui/#search,ISO 3166-2 subdivisions via pycountry/isocodes,REFERENCE_DATA_IMPORTED,NEEDS_AR_TRANSLATION,2026-08-05,Administrative subdivision only; cities are imported in later city files.
UPSERT,reg_gq_cs,GQ,GNQ,Equatorial Guinea,غينيا الاستوائية,Republic of Equatorial Guinea,Africa,إفريقيا,Middle Africa,وسط إفريقيا,GQ-CS,GQ-C,Région Continentale,2,province,Province,Centro Sud,,Centro Sud,true,ISO_3166_2,https://www.iso.org/obp/ui/#search,ISO 3166-2 subdivisions via pycountry/isocodes,REFERENCE_DATA_IMPORTED,NEEDS_AR_TRANSLATION,2026-08-05,Administrative subdivision only; cities are imported in later city files.
UPSERT,reg_gq_dj,GQ,GNQ,Equatorial Guinea,غينيا الاستوائية,Republic of Equatorial Guinea,Africa,إفريقيا,Middle Africa,وسط إفريقيا,GQ-DJ,GQ-C,Région Continentale,2,province,Province,Djibloho,,Djibloho,true,ISO_3166_2,https://www.iso.org/obp/ui/#search,ISO 3166-2 subdivisions via pycountry/isocodes,REFERENCE_DATA_IMPORTED,NEEDS_AR_TRANSLATION,2026-08-05,Administrative subdivision only; cities are imported in later city files.
UPSERT,reg_gq_i,GQ,GNQ,Equatorial Guinea,غينيا الاستوائية,Republic of Equatorial Guinea,Africa,إفريقيا,Middle Africa,وسط إفريقيا,GQ-I,,,1,region,Region,Région Insulaire,,Région Insulaire,true,ISO_3166_2,https://www.iso.org/obp/ui/#search,ISO 3166-2 subdivisions via pycountry/isocodes,REFERENCE_DATA_IMPORTED,NEEDS_AR_TRANSLATION,2026-08-05,Administrative subdivision only; cities are imported in later city files.
UPSERT,reg_gq_kn,GQ,GNQ,Equatorial Guinea,غينيا الاستوائية,Republic of Equatorial Guinea,Africa,إفريقيا,Middle Africa,وسط إفريقيا,GQ-KN,GQ-C,Région Continentale,2,province,Province,Kié-Ntem,,Kié-Ntem,true,ISO_3166_2,https://www.iso.org/obp/ui/#search,ISO 3166-2 subdivisions via pycountry/isocodes,REFERENCE_DATA_IMPORTED,NEEDS_AR_TRANSLATION,2026-08-05,Administrative subdivision only; cities are imported in later city files.
UPSERT,reg_gq_li,GQ,GNQ,Equatorial Guinea,غينيا الاستوائية,Republic of Equatorial Guinea,Africa,إفريقيا,Middle Africa,وسط إفريقيا,GQ-LI,GQ-C,Région Continentale,2,province,Province,Littoral,,Littoral,true,ISO_3166_2,https://www.iso.org/obp/ui/#search,ISO 3166-2 subdivisions via pycountry/isocodes,REFERENCE_DATA_IMPORTED,NEEDS_AR_TRANSLATION,2026-08-05,Administrative subdivision only; cities are imported in later city files.
UPSERT,reg_gq_wn,GQ,GNQ,Equatorial Guinea,غينيا الاستوائية,Republic of Equatorial Guinea,Africa,إفريقيا,Middle Africa,وسط إفريقيا,GQ-WN,GQ-C,Région Continentale,2,province,Province,Wele-Nzas,,Wele-Nzas,true,ISO_3166_2,https://www.iso.org/obp/ui/#search,ISO 3166-2 subdivisions via pycountry/isocodes,REFERENCE_DATA_IMPORTED,NEEDS_AR_TRANSLATION,2026-08-05,Administrative subdivision only; cities are imported in later city files.
UPSERT,reg_gw_ba,GW,GNB,Guinea-Bissau,غينيا بيساو,Republic of Guinea-Bissau,Africa,إفريقيا,Western Africa,غرب إفريقيا,GW-BA,GW-L,Leste,2,region,Region,Bafatá,,Bafatá,true,ISO_3166_2,https://www.iso.org/obp/ui/#search,ISO 3166-2 subdivisions via pycountry/isocodes,REFERENCE_DATA_IMPORTED,NEEDS_AR_TRANSLATION,2026-08-05,Administrative subdivision only; cities are imported in later city files.
UPSERT,reg_gw_bl,GW,GNB,Guinea-Bissau,غينيا بيساو,Republic of Guinea-Bissau,Africa,إفريقيا,Western Africa,غرب إفريقيا,GW-BL,GW-S,Sul,2,region,Region,Bolama / Bijagós,,Bolama / Bijagós,true,ISO_3166_2,https://www.iso.org/obp/ui/#search,ISO 3166-2 subdivisions via pycountry/isocodes,REFERENCE_DATA_IMPORTED,NEEDS_AR_TRANSLATION,2026-08-05,Administrative subdivision only; cities are imported in later city files.
UPSERT,reg_gw_bm,GW,GNB,Guinea-Bissau,غينيا بيساو,Republic of Guinea-Bissau,Africa,إفريقيا,Western Africa,غرب إفريقيا,GW-BM,GW-N,Norte,2,region,Region,Biombo,,Biombo,true,ISO_3166_2,https://www.iso.org/obp/ui/#search,ISO 3166-2 subdivisions via pycountry/isocodes,REFERENCE_DATA_IMPORTED,NEEDS_AR_TRANSLATION,2026-08-05,Administrative subdivision only; cities are imported in later city files.
UPSERT,reg_gw_bs,GW,GNB,Guinea-Bissau,غينيا بيساو,Republic of Guinea-Bissau,Africa,إفريقيا,Western Africa,غرب إفريقيا,GW-BS,,,1,autonomous_sector,Autonomous sector,Bissau,,Bissau,true,ISO_3166_2,https://www.iso.org/obp/ui/#search,ISO 3166-2 subdivisions via pycountry/isocodes,REFERENCE_DATA_IMPORTED,NEEDS_AR_TRANSLATION,2026-08-05,Administrative subdivision only; cities are imported in later city files.
UPSERT,reg_gw_ca,GW,GNB,Guinea-Bissau,غينيا بيساو,Republic of Guinea-Bissau,Africa,إفريقيا,Western Africa,غرب إفريقيا,GW-CA,GW-N,Norte,2,region,Region,Cacheu,,Cacheu,true,ISO_3166_2,https://www.iso.org/obp/ui/#search,ISO 3166-2 subdivisions via pycountry/isocodes,REFERENCE_DATA_IMPORTED,NEEDS_AR_TRANSLATION,2026-08-05,Administrative subdivision only; cities are imported in later city files.
UPSERT,reg_gw_ga,GW,GNB,Guinea-Bissau,غينيا بيساو,Republic of Guinea-Bissau,Africa,إفريقيا,Western Africa,غرب إفريقيا,GW-GA,GW-L,Leste,2,region,Region,Gabú,,Gabú,true,ISO_3166_2,https://www.iso.org/obp/ui/#search,ISO 3166-2 subdivisions via pycountry/isocodes,REFERENCE_DATA_IMPORTED,NEEDS_AR_TRANSLATION,2026-08-05,Administrative subdivision only; cities are imported in later city files.
UPSERT,reg_gw_l,GW,GNB,Guinea-Bissau,غينيا بيساو,Republic of Guinea-Bissau,Africa,إفريقيا,Western Africa,غرب إفريقيا,GW-L,,,1,province,Province,Leste,,Leste,true,ISO_3166_2,https://www.iso.org/obp/ui/#search,ISO 3166-2 subdivisions via pycountry/isocodes,REFERENCE_DATA_IMPORTED,NEEDS_AR_TRANSLATION,2026-08-05,Administrative subdivision only; cities are imported in later city files.
UPSERT,reg_gw_n,GW,GNB,Guinea-Bissau,غينيا بيساو,Republic of Guinea-Bissau,Africa,إفريقيا,Western Africa,غرب إفريقيا,GW-N,,,1,province,Province,Norte,,Norte,true,ISO_3166_2,https://www.iso.org/obp/ui/#search,ISO 3166-2 subdivisions via pycountry/isocodes,REFERENCE_DATA_IMPORTED,NEEDS_AR_TRANSLATION,2026-08-05,Administrative subdivision only; cities are imported in later city files.
UPSERT,reg_gw_oi,GW,GNB,Guinea-Bissau,غينيا بيساو,Republic of Guinea-Bissau,Africa,إفريقيا,Western Africa,غرب إفريقيا,GW-OI,GW-N,Norte,2,region,Region,Oio,,Oio,true,ISO_3166_2,https://www.iso.org/obp/ui/#search,ISO 3166-2 subdivisions via pycountry/isocodes,REFERENCE_DATA_IMPORTED,NEEDS_AR_TRANSLATION,2026-08-05,Administrative subdivision only; cities are imported in later city files.
UPSERT,reg_gw_qu,GW,GNB,Guinea-Bissau,غينيا بيساو,Republic of Guinea-Bissau,Africa,إفريقيا,Western Africa,غرب إفريقيا,GW-QU,GW-S,Sul,2,region,Region,Quinara,,Quinara,true,ISO_3166_2,https://www.iso.org/obp/ui/#search,ISO 3166-2 subdivisions via pycountry/isocodes,REFERENCE_DATA_IMPORTED,NEEDS_AR_TRANSLATION,2026-08-05,Administrative subdivision only; cities are imported in later city files.
UPSERT,reg_gw_s,GW,GNB,Guinea-Bissau,غينيا بيساو,Republic of Guinea-Bissau,Africa,إفريقيا,Western Africa,غرب إفريقيا,GW-S,,,1,province,Province,Sul,,Sul,true,ISO_3166_2,https://www.iso.org/obp/ui/#search,ISO 3166-2 subdivisions via pycountry/isocodes,REFERENCE_DATA_IMPORTED,NEEDS_AR_TRANSLATION,2026-08-05,Administrative subdivision only; cities are imported in later city files.
UPSERT,reg_gw_to,GW,GNB,Guinea-Bissau,غينيا بيساو,Republic of Guinea-Bissau,Africa,إفريقيا,Western Africa,غرب إفريقيا,GW-TO,GW-S,Sul,2,region,Region,Tombali,,Tombali,true,ISO_3166_2,https://www.iso.org/obp/ui/#search,ISO 3166-2 subdivisions via pycountry/isocodes,REFERENCE_DATA_IMPORTED,NEEDS_AR_TRANSLATION,2026-08-05,Administrative subdivision only; cities are imported in later city files.
UPSERT,reg_ke_01,KE,KEN,Kenya,كينيا,Republic of Kenya,Africa,إفريقيا,Eastern Africa,شرق إفريقيا,KE-01,,,1,county,County,Baringo,,Baringo,true,ISO_3166_2,https://www.iso.org/obp/ui/#search,ISO 3166-2 subdivisions via pycountry/isocodes,REFERENCE_DATA_IMPORTED,NEEDS_AR_TRANSLATION,2026-08-05,Administrative subdivision only; cities are imported in later city files.
UPSERT,reg_ke_02,KE,KEN,Kenya,كينيا,Republic of Kenya,Africa,إفريقيا,Eastern Africa,شرق إفريقيا,KE-02,,,1,county,County,Bomet,,Bomet,true,ISO_3166_2,https://www.iso.org/obp/ui/#search,ISO 3166-2 subdivisions via pycountry/isocodes,REFERENCE_DATA_IMPORTED,NEEDS_AR_TRANSLATION,2026-08-05,Administrative subdivision only; cities are imported in later city files.
UPSERT,reg_ke_03,KE,KEN,Kenya,كينيا,Republic of Kenya,Africa,إفريقيا,Eastern Africa,شرق إفريقيا,KE-03,,,1,county,County,Bungoma,,Bungoma,true,ISO_3166_2,https://www.iso.org/obp/ui/#search,ISO 3166-2 subdivisions via pycountry/isocodes,REFERENCE_DATA_IMPORTED,NEEDS_AR_TRANSLATION,2026-08-05,Administrative subdivision only; cities are imported in later city files.
UPSERT,reg_ke_04,KE,KEN,Kenya,كينيا,Republic of Kenya,Africa,إفريقيا,Eastern Africa,شرق إفريقيا,KE-04,,,1,county,County,Busia,,Busia,true,ISO_3166_2,https://www.iso.org/obp/ui/#search,ISO 3166-2 subdivisions via pycountry/isocodes,REFERENCE_DATA_IMPORTED,NEEDS_AR_TRANSLATION,2026-08-05,Administrative subdivision only; cities are imported in later city files.
UPSERT,reg_ke_05,KE,KEN,Kenya,كينيا,Republic of Kenya,Africa,إفريقيا,Eastern Africa,شرق إفريقيا,KE-05,,,1,county,County,Elgeyo/Marakwet,,Elgeyo/Marakwet,true,ISO_3166_2,https://www.iso.org/obp/ui/#search,ISO 3166-2 subdivisions via pycountry/isocodes,REFERENCE_DATA_IMPORTED,NEEDS_AR_TRANSLATION,2026-08-05,Administrative subdivision only; cities are imported in later city files.
UPSERT,reg_ke_06,KE,KEN,Kenya,كينيا,Republic of Kenya,Africa,إفريقيا,Eastern Africa,شرق إفريقيا,KE-06,,,1,county,County,Embu,,Embu,true,ISO_3166_2,https://www.iso.org/obp/ui/#search,ISO 3166-2 subdivisions via pycountry/isocodes,REFERENCE_DATA_IMPORTED,NEEDS_AR_TRANSLATION,2026-08-05,Administrative subdivision only; cities are imported in later city files.
UPSERT,reg_ke_07,KE,KEN,Kenya,كينيا,Republic of Kenya,Africa,إفريقيا,Eastern Africa,شرق إفريقيا,KE-07,,,1,county,County,Garissa,,Garissa,true,ISO_3166_2,https://www.iso.org/obp/ui/#search,ISO 3166-2 subdivisions via pycountry/isocodes,REFERENCE_DATA_IMPORTED,NEEDS_AR_TRANSLATION,2026-08-05,Administrative subdivision only; cities are imported in later city files.
UPSERT,reg_ke_08,KE,KEN,Kenya,كينيا,Republic of Kenya,Africa,إفريقيا,Eastern Africa,شرق إفريقيا,KE-08,,,1,county,County,Homa Bay,,Homa Bay,true,ISO_3166_2,https://www.iso.org/obp/ui/#search,ISO 3166-2 subdivisions via pycountry/isocodes,REFERENCE_DATA_IMPORTED,NEEDS_AR_TRANSLATION,2026-08-05,Administrative subdivision only; cities are imported in later city files.
UPSERT,reg_ke_09,KE,KEN,Kenya,كينيا,Republic of Kenya,Africa,إفريقيا,Eastern Africa,شرق إفريقيا,KE-09,,,1,county,County,Isiolo,,Isiolo,true,ISO_3166_2,https://www.iso.org/obp/ui/#search,ISO 3166-2 subdivisions via pycountry/isocodes,REFERENCE_DATA_IMPORTED,NEEDS_AR_TRANSLATION,2026-08-05,Administrative subdivision only; cities are imported in later city files.
UPSERT,reg_ke_10,KE,KEN,Kenya,كينيا,Republic of Kenya,Africa,إفريقيا,Eastern Africa,شرق إفريقيا,KE-10,,,1,county,County,Kajiado,,Kajiado,true,ISO_3166_2,https://www.iso.org/obp/ui/#search,ISO 3166-2 subdivisions via pycountry/isocodes,REFERENCE_DATA_IMPORTED,NEEDS_AR_TRANSLATION,2026-08-05,Administrative subdivision only; cities are imported in later city files.
UPSERT,reg_ke_11,KE,KEN,Kenya,كينيا,Republic of Kenya,Africa,إفريقيا,Eastern Africa,شرق إفريقيا,KE-11,,,1,county,County,Kakamega,,Kakamega,true,ISO_3166_2,https://www.iso.org/obp/ui/#search,ISO 3166-2 subdivisions via pycountry/isocodes,REFERENCE_DATA_IMPORTED,NEEDS_AR_TRANSLATION,2026-08-05,Administrative subdivision only; cities are imported in later city files.
UPSERT,reg_ke_12,KE,KEN,Kenya,كينيا,Republic of Kenya,Africa,إفريقيا,Eastern Africa,شرق إفريقيا,KE-12,,,1,county,County,Kericho,,Kericho,true,ISO_3166_2,https://www.iso.org/obp/ui/#search,ISO 3166-2 subdivisions via pycountry/isocodes,REFERENCE_DATA_IMPORTED,NEEDS_AR_TRANSLATION,2026-08-05,Administrative subdivision only; cities are imported in later city files.
UPSERT,reg_ke_13,KE,KEN,Kenya,كينيا,Republic of Kenya,Africa,إفريقيا,Eastern Africa,شرق إفريقيا,KE-13,,,1,county,County,Kiambu,,Kiambu,true,ISO_3166_2,https://www.iso.org/obp/ui/#search,ISO 3166-2 subdivisions via pycountry/isocodes,REFERENCE_DATA_IMPORTED,NEEDS_AR_TRANSLATION,2026-08-05,Administrative subdivision only; cities are imported in later city files.
UPSERT,reg_ke_14,KE,KEN,Kenya,كينيا,Republic of Kenya,Africa,إفريقيا,Eastern Africa,شرق إفريقيا,KE-14,,,1,county,County,Kilifi,,Kilifi,true,ISO_3166_2,https://www.iso.org/obp/ui/#search,ISO 3166-2 subdivisions via pycountry/isocodes,REFERENCE_DATA_IMPORTED,NEEDS_AR_TRANSLATION,2026-08-05,Administrative subdivision only; cities are imported in later city files.
UPSERT,reg_ke_15,KE,KEN,Kenya,كينيا,Republic of Kenya,Africa,إفريقيا,Eastern Africa,شرق إفريقيا,KE-15,,,1,county,County,Kirinyaga,,Kirinyaga,true,ISO_3166_2,https://www.iso.org/obp/ui/#search,ISO 3166-2 subdivisions via pycountry/isocodes,REFERENCE_DATA_IMPORTED,NEEDS_AR_TRANSLATION,2026-08-05,Administrative subdivision only; cities are imported in later city files.
UPSERT,reg_ke_16,KE,KEN,Kenya,كينيا,Republic of Kenya,Africa,إفريقيا,Eastern Africa,شرق إفريقيا,KE-16,,,1,county,County,Kisii,,Kisii,true,ISO_3166_2,https://www.iso.org/obp/ui/#search,ISO 3166-2 subdivisions via pycountry/isocodes,REFERENCE_DATA_IMPORTED,NEEDS_AR_TRANSLATION,2026-08-05,Administrative subdivision only; cities are imported in later city files.
UPSERT,reg_ke_17,KE,KEN,Kenya,كينيا,Republic of Kenya,Africa,إفريقيا,Eastern Africa,شرق إفريقيا,KE-17,,,1,county,County,Kisumu,,Kisumu,true,ISO_3166_2,https://www.iso.org/obp/ui/#search,ISO 3166-2 subdivisions via pycountry/isocodes,REFERENCE_DATA_IMPORTED,NEEDS_AR_TRANSLATION,2026-08-05,Administrative subdivision only; cities are imported in later city files.
UPSERT,reg_ke_18,KE,KEN,Kenya,كينيا,Republic of Kenya,Africa,إفريقيا,Eastern Africa,شرق إفريقيا,KE-18,,,1,county,County,Kitui,,Kitui,true,ISO_3166_2,https://www.iso.org/obp/ui/#search,ISO 3166-2 subdivisions via pycountry/isocodes,REFERENCE_DATA_IMPORTED,NEEDS_AR_TRANSLATION,2026-08-05,Administrative subdivision only; cities are imported in later city files.
UPSERT,reg_ke_19,KE,KEN,Kenya,كينيا,Republic of Kenya,Africa,إفريقيا,Eastern Africa,شرق إفريقيا,KE-19,,,1,county,County,Kwale,,Kwale,true,ISO_3166_2,https://www.iso.org/obp/ui/#search,ISO 3166-2 subdivisions via pycountry/isocodes,REFERENCE_DATA_IMPORTED,NEEDS_AR_TRANSLATION,2026-08-05,Administrative subdivision only; cities are imported in later city files.
UPSERT,reg_ke_20,KE,KEN,Kenya,كينيا,Republic of Kenya,Africa,إفريقيا,Eastern Africa,شرق إفريقيا,KE-20,,,1,county,County,Laikipia,,Laikipia,true,ISO_3166_2,https://www.iso.org/obp/ui/#search,ISO 3166-2 subdivisions via pycountry/isocodes,REFERENCE_DATA_IMPORTED,NEEDS_AR_TRANSLATION,2026-08-05,Administrative subdivision only; cities are imported in later city files.
UPSERT,reg_ke_21,KE,KEN,Kenya,كينيا,Republic of Kenya,Africa,إفريقيا,Eastern Africa,شرق إفريقيا,KE-21,,,1,county,County,Lamu,,Lamu,true,ISO_3166_2,https://www.iso.org/obp/ui/#search,ISO 3166-2 subdivisions via pycountry/isocodes,REFERENCE_DATA_IMPORTED,NEEDS_AR_TRANSLATION,2026-08-05,Administrative subdivision only; cities are imported in later city files.
UPSERT,reg_ke_22,KE,KEN,Kenya,كينيا,Republic of Kenya,Africa,إفريقيا,Eastern Africa,شرق إفريقيا,KE-22,,,1,county,County,Machakos,,Machakos,true,ISO_3166_2,https://www.iso.org/obp/ui/#search,ISO 3166-2 subdivisions via pycountry/isocodes,REFERENCE_DATA_IMPORTED,NEEDS_AR_TRANSLATION,2026-08-05,Administrative subdivision only; cities are imported in later city files.
UPSERT,reg_ke_23,KE,KEN,Kenya,كينيا,Republic of Kenya,Africa,إفريقيا,Eastern Africa,شرق إفريقيا,KE-23,,,1,county,County,Makueni,,Makueni,true,ISO_3166_2,https://www.iso.org/obp/ui/#search,ISO 3166-2 subdivisions via pycountry/isocodes,REFERENCE_DATA_IMPORTED,NEEDS_AR_TRANSLATION,2026-08-05,Administrative subdivision only; cities are imported in later city files.
UPSERT,reg_ke_24,KE,KEN,Kenya,كينيا,Republic of Kenya,Africa,إفريقيا,Eastern Africa,شرق إفريقيا,KE-24,,,1,county,County,Mandera,,Mandera,true,ISO_3166_2,https://www.iso.org/obp/ui/#search,ISO 3166-2 subdivisions via pycountry/isocodes,REFERENCE_DATA_IMPORTED,NEEDS_AR_TRANSLATION,2026-08-05,Administrative subdivision only; cities are imported in later city files.
UPSERT,reg_ke_25,KE,KEN,Kenya,كينيا,Republic of Kenya,Africa,إفريقيا,Eastern Africa,شرق إفريقيا,KE-25,,,1,county,County,Marsabit,,Marsabit,true,ISO_3166_2,https://www.iso.org/obp/ui/#search,ISO 3166-2 subdivisions via pycountry/isocodes,REFERENCE_DATA_IMPORTED,NEEDS_AR_TRANSLATION,2026-08-05,Administrative subdivision only; cities are imported in later city files.
UPSERT,reg_ke_26,KE,KEN,Kenya,كينيا,Republic of Kenya,Africa,إفريقيا,Eastern Africa,شرق إفريقيا,KE-26,,,1,county,County,Meru,,Meru,true,ISO_3166_2,https://www.iso.org/obp/ui/#search,ISO 3166-2 subdivisions via pycountry/isocodes,REFERENCE_DATA_IMPORTED,NEEDS_AR_TRANSLATION,2026-08-05,Administrative subdivision only; cities are imported in later city files.
UPSERT,reg_ke_27,KE,KEN,Kenya,كينيا,Republic of Kenya,Africa,إفريقيا,Eastern Africa,شرق إفريقيا,KE-27,,,1,county,County,Migori,,Migori,true,ISO_3166_2,https://www.iso.org/obp/ui/#search,ISO 3166-2 subdivisions via pycountry/isocodes,REFERENCE_DATA_IMPORTED,NEEDS_AR_TRANSLATION,2026-08-05,Administrative subdivision only; cities are imported in later city files.
UPSERT,reg_ke_28,KE,KEN,Kenya,كينيا,Republic of Kenya,Africa,إفريقيا,Eastern Africa,شرق إفريقيا,KE-28,,,1,county,County,Mombasa,,Mombasa,true,ISO_3166_2,https://www.iso.org/obp/ui/#search,ISO 3166-2 subdivisions via pycountry/isocodes,REFERENCE_DATA_IMPORTED,NEEDS_AR_TRANSLATION,2026-08-05,Administrative subdivision only; cities are imported in later city files.
UPSERT,reg_ke_29,KE,KEN,Kenya,كينيا,Republic of Kenya,Africa,إفريقيا,Eastern Africa,شرق إفريقيا,KE-29,,,1,county,County,Murang'a,,Murang'a,true,ISO_3166_2,https://www.iso.org/obp/ui/#search,ISO 3166-2 subdivisions via pycountry/isocodes,REFERENCE_DATA_IMPORTED,NEEDS_AR_TRANSLATION,2026-08-05,Administrative subdivision only; cities are imported in later city files.
UPSERT,reg_ke_30,KE,KEN,Kenya,كينيا,Republic of Kenya,Africa,إفريقيا,Eastern Africa,شرق إفريقيا,KE-30,,,1,county,County,Nairobi City,,Nairobi City,true,ISO_3166_2,https://www.iso.org/obp/ui/#search,ISO 3166-2 subdivisions via pycountry/isocodes,REFERENCE_DATA_IMPORTED,NEEDS_AR_TRANSLATION,2026-08-05,Administrative subdivision only; cities are imported in later city files.
UPSERT,reg_ke_31,KE,KEN,Kenya,كينيا,Republic of Kenya,Africa,إفريقيا,Eastern Africa,شرق إفريقيا,KE-31,,,1,county,County,Nakuru,,Nakuru,true,ISO_3166_2,https://www.iso.org/obp/ui/#search,ISO 3166-2 subdivisions via pycountry/isocodes,REFERENCE_DATA_IMPORTED,NEEDS_AR_TRANSLATION,2026-08-05,Administrative subdivision only; cities are imported in later city files.
UPSERT,reg_ke_32,KE,KEN,Kenya,كينيا,Republic of Kenya,Africa,إفريقيا,Eastern Africa,شرق إفريقيا,KE-32,,,1,county,County,Nandi,,Nandi,true,ISO_3166_2,https://www.iso.org/obp/ui/#search,ISO 3166-2 subdivisions via pycountry/isocodes,REFERENCE_DATA_IMPORTED,NEEDS_AR_TRANSLATION,2026-08-05,Administrative subdivision only; cities are imported in later city files.
UPSERT,reg_ke_33,KE,KEN,Kenya,كينيا,Republic of Kenya,Africa,إفريقيا,Eastern Africa,شرق إفريقيا,KE-33,,,1,county,County,Narok,,Narok,true,ISO_3166_2,https://www.iso.org/obp/ui/#search,ISO 3166-2 subdivisions via pycountry/isocodes,REFERENCE_DATA_IMPORTED,NEEDS_AR_TRANSLATION,2026-08-05,Administrative subdivision only; cities are imported in later city files.
UPSERT,reg_ke_34,KE,KEN,Kenya,كينيا,Republic of Kenya,Africa,إفريقيا,Eastern Africa,شرق إفريقيا,KE-34,,,1,county,County,Nyamira,,Nyamira,true,ISO_3166_2,https://www.iso.org/obp/ui/#search,ISO 3166-2 subdivisions via pycountry/isocodes,REFERENCE_DATA_IMPORTED,NEEDS_AR_TRANSLATION,2026-08-05,Administrative subdivision only; cities are imported in later city files.
UPSERT,reg_ke_35,KE,KEN,Kenya,كينيا,Republic of Kenya,Africa,إفريقيا,Eastern Africa,شرق إفريقيا,KE-35,,,1,county,County,Nyandarua,,Nyandarua,true,ISO_3166_2,https://www.iso.org/obp/ui/#search,ISO 3166-2 subdivisions via pycountry/isocodes,REFERENCE_DATA_IMPORTED,NEEDS_AR_TRANSLATION,2026-08-05,Administrative subdivision only; cities are imported in later city files.
UPSERT,reg_ke_36,KE,KEN,Kenya,كينيا,Republic of Kenya,Africa,إفريقيا,Eastern Africa,شرق إفريقيا,KE-36,,,1,county,County,Nyeri,,Nyeri,true,ISO_3166_2,https://www.iso.org/obp/ui/#search,ISO 3166-2 subdivisions via pycountry/isocodes,REFERENCE_DATA_IMPORTED,NEEDS_AR_TRANSLATION,2026-08-05,Administrative subdivision only; cities are imported in later city files.
UPSERT,reg_ke_37,KE,KEN,Kenya,كينيا,Republic of Kenya,Africa,إفريقيا,Eastern Africa,شرق إفريقيا,KE-37,,,1,county,County,Samburu,,Samburu,true,ISO_3166_2,https://www.iso.org/obp/ui/#search,ISO 3166-2 subdivisions via pycountry/isocodes,REFERENCE_DATA_IMPORTED,NEEDS_AR_TRANSLATION,2026-08-05,Administrative subdivision only; cities are imported in later city files.
UPSERT,reg_ke_38,KE,KEN,Kenya,كينيا,Republic of Kenya,Africa,إفريقيا,Eastern Africa,شرق إفريقيا,KE-38,,,1,county,County,Siaya,,Siaya,true,ISO_3166_2,https://www.iso.org/obp/ui/#search,ISO 3166-2 subdivisions via pycountry/isocodes,REFERENCE_DATA_IMPORTED,NEEDS_AR_TRANSLATION,2026-08-05,Administrative subdivision only; cities are imported in later city files.
UPSERT,reg_ke_39,KE,KEN,Kenya,كينيا,Republic of Kenya,Africa,إفريقيا,Eastern Africa,شرق إفريقيا,KE-39,,,1,county,County,Taita/Taveta,,Taita/Taveta,true,ISO_3166_2,https://www.iso.org/obp/ui/#search,ISO 3166-2 subdivisions via pycountry/isocodes,REFERENCE_DATA_IMPORTED,NEEDS_AR_TRANSLATION,2026-08-05,Administrative subdivision only; cities are imported in later city files.
UPSERT,reg_ke_40,KE,KEN,Kenya,كينيا,Republic of Kenya,Africa,إفريقيا,Eastern Africa,شرق إفريقيا,KE-40,,,1,county,County,Tana River,,Tana River,true,ISO_3166_2,https://www.iso.org/obp/ui/#search,ISO 3166-2 subdivisions via pycountry/isocodes,REFERENCE_DATA_IMPORTED,NEEDS_AR_TRANSLATION,2026-08-05,Administrative subdivision only; cities are imported in later city files.
UPSERT,reg_ke_41,KE,KEN,Kenya,كينيا,Republic of Kenya,Africa,إفريقيا,Eastern Africa,شرق إفريقيا,KE-41,,,1,county,County,Tharaka-Nithi,,Tharaka-Nithi,true,ISO_3166_2,https://www.iso.org/obp/ui/#search,ISO 3166-2 subdivisions via pycountry/isocodes,REFERENCE_DATA_IMPORTED,NEEDS_AR_TRANSLATION,2026-08-05,Administrative subdivision only; cities are imported in later city files.
UPSERT,reg_ke_42,KE,KEN,Kenya,كينيا,Republic of Kenya,Africa,إفريقيا,Eastern Africa,شرق إفريقيا,KE-42,,,1,county,County,Trans Nzoia,,Trans Nzoia,true,ISO_3166_2,https://www.iso.org/obp/ui/#search,ISO 3166-2 subdivisions via pycountry/isocodes,REFERENCE_DATA_IMPORTED,NEEDS_AR_TRANSLATION,2026-08-05,Administrative subdivision only; cities are imported in later city files.
UPSERT,reg_ke_43,KE,KEN,Kenya,كينيا,Republic of Kenya,Africa,إفريقيا,Eastern Africa,شرق إفريقيا,KE-43,,,1,county,County,Turkana,,Turkana,true,ISO_3166_2,https://www.iso.org/obp/ui/#search,ISO 3166-2 subdivisions via pycountry/isocodes,REFERENCE_DATA_IMPORTED,NEEDS_AR_TRANSLATION,2026-08-05,Administrative subdivision only; cities are imported in later city files.
UPSERT,reg_ke_44,KE,KEN,Kenya,كينيا,Republic of Kenya,Africa,إفريقيا,Eastern Africa,شرق إفريقيا,KE-44,,,1,county,County,Uasin Gishu,,Uasin Gishu,true,ISO_3166_2,https://www.iso.org/obp/ui/#search,ISO 3166-2 subdivisions via pycountry/isocodes,REFERENCE_DATA_IMPORTED,NEEDS_AR_TRANSLATION,2026-08-05,Administrative subdivision only; cities are imported in later city files.
UPSERT,reg_ke_45,KE,KEN,Kenya,كينيا,Republic of Kenya,Africa,إفريقيا,Eastern Africa,شرق إفريقيا,KE-45,,,1,county,County,Vihiga,,Vihiga,true,ISO_3166_2,https://www.iso.org/obp/ui/#search,ISO 3166-2 subdivisions via pycountry/isocodes,REFERENCE_DATA_IMPORTED,NEEDS_AR_TRANSLATION,2026-08-05,Administrative subdivision only; cities are imported in later city files.
UPSERT,reg_ke_46,KE,KEN,Kenya,كينيا,Republic of Kenya,Africa,إفريقيا,Eastern Africa,شرق إفريقيا,KE-46,,,1,county,County,Wajir,,Wajir,true,ISO_3166_2,https://www.iso.org/obp/ui/#search,ISO 3166-2 subdivisions via pycountry/isocodes,REFERENCE_DATA_IMPORTED,NEEDS_AR_TRANSLATION,2026-08-05,Administrative subdivision only; cities are imported in later city files.
UPSERT,reg_ke_47,KE,KEN,Kenya,كينيا,Republic of Kenya,Africa,إفريقيا,Eastern Africa,شرق إفريقيا,KE-47,,,1,county,County,West Pokot,,West Pokot,true,ISO_3166_2,https://www.iso.org/obp/ui/#search,ISO 3166-2 subdivisions via pycountry/isocodes,REFERENCE_DATA_IMPORTED,NEEDS_AR_TRANSLATION,2026-08-05,Administrative subdivision only; cities are imported in later city files.
UPSERT,reg_km_a,KM,COM,Comoros,جزر القمر,Union of the Comoros,Africa,إفريقيا,Eastern Africa,شرق إفريقيا,KM-A,,,1,island,Island,Anjouan,,Anjouan,true,ISO_3166_2,https://www.iso.org/obp/ui/#search,ISO 3166-2 subdivisions via pycountry/isocodes,REFERENCE_DATA_IMPORTED,NEEDS_AR_TRANSLATION,2026-08-05,Administrative subdivision only; cities are imported in later city files.
UPSERT,reg_km_g,KM,COM,Comoros,جزر القمر,Union of the Comoros,Africa,إفريقيا,Eastern Africa,شرق إفريقيا,KM-G,,,1,island,Island,Grande Comore,,Grande Comore,true,ISO_3166_2,https://www.iso.org/obp/ui/#search,ISO 3166-2 subdivisions via pycountry/isocodes,REFERENCE_DATA_IMPORTED,NEEDS_AR_TRANSLATION,2026-08-05,Administrative subdivision only; cities are imported in later city files.
UPSERT,reg_km_m,KM,COM,Comoros,جزر القمر,Union of the Comoros,Africa,إفريقيا,Eastern Africa,شرق إفريقيا,KM-M,,,1,island,Island,Mohéli,,Mohéli,true,ISO_3166_2,https://www.iso.org/obp/ui/#search,ISO 3166-2 subdivisions via pycountry/isocodes,REFERENCE_DATA_IMPORTED,NEEDS_AR_TRANSLATION,2026-08-05,Administrative subdivision only; cities are imported in later city files.
UPSERT,reg_lr_bg,LR,LBR,Liberia,ليبيريا,Republic of Liberia,Africa,إفريقيا,Western Africa,غرب إفريقيا,LR-BG,,,1,county,County,Bong,,Bong,true,ISO_3166_2,https://www.iso.org/obp/ui/#search,ISO 3166-2 subdivisions via pycountry/isocodes,REFERENCE_DATA_IMPORTED,NEEDS_AR_TRANSLATION,2026-08-05,Administrative subdivision only; cities are imported in later city files.
UPSERT,reg_lr_bm,LR,LBR,Liberia,ليبيريا,Republic of Liberia,Africa,إفريقيا,Western Africa,غرب إفريقيا,LR-BM,,,1,county,County,Bomi,,Bomi,true,ISO_3166_2,https://www.iso.org/obp/ui/#search,ISO 3166-2 subdivisions via pycountry/isocodes,REFERENCE_DATA_IMPORTED,NEEDS_AR_TRANSLATION,2026-08-05,Administrative subdivision only; cities are imported in later city files.
UPSERT,reg_lr_cm,LR,LBR,Liberia,ليبيريا,Republic of Liberia,Africa,إفريقيا,Western Africa,غرب إفريقيا,LR-CM,,,1,county,County,Grand Cape Mount,,Grand Cape Mount,true,ISO_3166_2,https://www.iso.org/obp/ui/#search,ISO 3166-2 subdivisions via pycountry/isocodes,REFERENCE_DATA_IMPORTED,NEEDS_AR_TRANSLATION,2026-08-05,Administrative subdivision only; cities are imported in later city files.
UPSERT,reg_lr_gb,LR,LBR,Liberia,ليبيريا,Republic of Liberia,Africa,إفريقيا,Western Africa,غرب إفريقيا,LR-GB,,,1,county,County,Grand Bassa,,Grand Bassa,true,ISO_3166_2,https://www.iso.org/obp/ui/#search,ISO 3166-2 subdivisions via pycountry/isocodes,REFERENCE_DATA_IMPORTED,NEEDS_AR_TRANSLATION,2026-08-05,Administrative subdivision only; cities are imported in later city files.
UPSERT,reg_lr_gg,LR,LBR,Liberia,ليبيريا,Republic of Liberia,Africa,إفريقيا,Western Africa,غرب إفريقيا,LR-GG,,,1,county,County,Grand Gedeh,,Grand Gedeh,true,ISO_3166_2,https://www.iso.org/obp/ui/#search,ISO 3166-2 subdivisions via pycountry/isocodes,REFERENCE_DATA_IMPORTED,NEEDS_AR_TRANSLATION,2026-08-05,Administrative subdivision only; cities are imported in later city files.
UPSERT,reg_lr_gk,LR,LBR,Liberia,ليبيريا,Republic of Liberia,Africa,إفريقيا,Western Africa,غرب إفريقيا,LR-GK,,,1,county,County,Grand Kru,,Grand Kru,true,ISO_3166_2,https://www.iso.org/obp/ui/#search,ISO 3166-2 subdivisions via pycountry/isocodes,REFERENCE_DATA_IMPORTED,NEEDS_AR_TRANSLATION,2026-08-05,Administrative subdivision only; cities are imported in later city files.
UPSERT,reg_lr_gp,LR,LBR,Liberia,ليبيريا,Republic of Liberia,Africa,إفريقيا,Western Africa,غرب إفريقيا,LR-GP,,,1,county,County,Gbarpolu,,Gbarpolu,true,ISO_3166_2,https://www.iso.org/obp/ui/#search,ISO 3166-2 subdivisions via pycountry/isocodes,REFERENCE_DATA_IMPORTED,NEEDS_AR_TRANSLATION,2026-08-05,Administrative subdivision only; cities are imported in later city files.
UPSERT,reg_lr_lo,LR,LBR,Liberia,ليبيريا,Republic of Liberia,Africa,إفريقيا,Western Africa,غرب إفريقيا,LR-LO,,,1,county,County,Lofa,,Lofa,true,ISO_3166_2,https://www.iso.org/obp/ui/#search,ISO 3166-2 subdivisions via pycountry/isocodes,REFERENCE_DATA_IMPORTED,NEEDS_AR_TRANSLATION,2026-08-05,Administrative subdivision only; cities are imported in later city files.
UPSERT,reg_lr_mg,LR,LBR,Liberia,ليبيريا,Republic of Liberia,Africa,إفريقيا,Western Africa,غرب إفريقيا,LR-MG,,,1,county,County,Margibi,,Margibi,true,ISO_3166_2,https://www.iso.org/obp/ui/#search,ISO 3166-2 subdivisions via pycountry/isocodes,REFERENCE_DATA_IMPORTED,NEEDS_AR_TRANSLATION,2026-08-05,Administrative subdivision only; cities are imported in later city files.
UPSERT,reg_lr_mo,LR,LBR,Liberia,ليبيريا,Republic of Liberia,Africa,إفريقيا,Western Africa,غرب إفريقيا,LR-MO,,,1,county,County,Montserrado,,Montserrado,true,ISO_3166_2,https://www.iso.org/obp/ui/#search,ISO 3166-2 subdivisions via pycountry/isocodes,REFERENCE_DATA_IMPORTED,NEEDS_AR_TRANSLATION,2026-08-05,Administrative subdivision only; cities are imported in later city files.
UPSERT,reg_lr_my,LR,LBR,Liberia,ليبيريا,Republic of Liberia,Africa,إفريقيا,Western Africa,غرب إفريقيا,LR-MY,,,1,county,County,Maryland,,Maryland,true,ISO_3166_2,https://www.iso.org/obp/ui/#search,ISO 3166-2 subdivisions via pycountry/isocodes,REFERENCE_DATA_IMPORTED,NEEDS_AR_TRANSLATION,2026-08-05,Administrative subdivision only; cities are imported in later city files.
UPSERT,reg_lr_ni,LR,LBR,Liberia,ليبيريا,Republic of Liberia,Africa,إفريقيا,Western Africa,غرب إفريقيا,LR-NI,,,1,county,County,Nimba,,Nimba,true,ISO_3166_2,https://www.iso.org/obp/ui/#search,ISO 3166-2 subdivisions via pycountry/isocodes,REFERENCE_DATA_IMPORTED,NEEDS_AR_TRANSLATION,2026-08-05,Administrative subdivision only; cities are imported in later city files.
UPSERT,reg_lr_rg,LR,LBR,Liberia,ليبيريا,Republic of Liberia,Africa,إفريقيا,Western Africa,غرب إفريقيا,LR-RG,,,1,county,County,River Gee,,River Gee,true,ISO_3166_2,https://www.iso.org/obp/ui/#search,ISO 3166-2 subdivisions via pycountry/isocodes,REFERENCE_DATA_IMPORTED,NEEDS_AR_TRANSLATION,2026-08-05,Administrative subdivision only; cities are imported in later city files.
UPSERT,reg_lr_ri,LR,LBR,Liberia,ليبيريا,Republic of Liberia,Africa,إفريقيا,Western Africa,غرب إفريقيا,LR-RI,,,1,county,County,River Cess,,River Cess,true,ISO_3166_2,https://www.iso.org/obp/ui/#search,ISO 3166-2 subdivisions via pycountry/isocodes,REFERENCE_DATA_IMPORTED,NEEDS_AR_TRANSLATION,2026-08-05,Administrative subdivision only; cities are imported in later city files.
UPSERT,reg_lr_si,LR,LBR,Liberia,ليبيريا,Republic of Liberia,Africa,إفريقيا,Western Africa,غرب إفريقيا,LR-SI,,,1,county,County,Sinoe,,Sinoe,true,ISO_3166_2,https://www.iso.org/obp/ui/#search,ISO 3166-2 subdivisions via pycountry/isocodes,REFERENCE_DATA_IMPORTED,NEEDS_AR_TRANSLATION,2026-08-05,Administrative subdivision only; cities are imported in later city files.
UPSERT,reg_ls_a,LS,LSO,Lesotho,ليسوتو,Kingdom of Lesotho,Africa,إفريقيا,Southern Africa,جنوب إفريقيا,LS-A,,,1,district,District,Maseru,,Maseru,true,ISO_3166_2,https://www.iso.org/obp/ui/#search,ISO 3166-2 subdivisions via pycountry/isocodes,REFERENCE_DATA_IMPORTED,NEEDS_AR_TRANSLATION,2026-08-05,Administrative subdivision only; cities are imported in later city files.
UPSERT,reg_ls_b,LS,LSO,Lesotho,ليسوتو,Kingdom of Lesotho,Africa,إفريقيا,Southern Africa,جنوب إفريقيا,LS-B,,,1,district,District,Botha-Bothe,,Botha-Bothe,true,ISO_3166_2,https://www.iso.org/obp/ui/#search,ISO 3166-2 subdivisions via pycountry/isocodes,REFERENCE_DATA_IMPORTED,NEEDS_AR_TRANSLATION,2026-08-05,Administrative subdivision only; cities are imported in later city files.
UPSERT,reg_ls_c,LS,LSO,Lesotho,ليسوتو,Kingdom of Lesotho,Africa,إفريقيا,Southern Africa,جنوب إفريقيا,LS-C,,,1,district,District,Leribe,,Leribe,true,ISO_3166_2,https://www.iso.org/obp/ui/#search,ISO 3166-2 subdivisions via pycountry/isocodes,REFERENCE_DATA_IMPORTED,NEEDS_AR_TRANSLATION,2026-08-05,Administrative subdivision only; cities are imported in later city files.
UPSERT,reg_ls_d,LS,LSO,Lesotho,ليسوتو,Kingdom of Lesotho,Africa,إفريقيا,Southern Africa,جنوب إفريقيا,LS-D,,,1,district,District,Berea,,Berea,true,ISO_3166_2,https://www.iso.org/obp/ui/#search,ISO 3166-2 subdivisions via pycountry/isocodes,REFERENCE_DATA_IMPORTED,NEEDS_AR_TRANSLATION,2026-08-05,Administrative subdivision only; cities are imported in later city files.
UPSERT,reg_ls_e,LS,LSO,Lesotho,ليسوتو,Kingdom of Lesotho,Africa,إفريقيا,Southern Africa,جنوب إفريقيا,LS-E,,,1,district,District,Mafeteng,,Mafeteng,true,ISO_3166_2,https://www.iso.org/obp/ui/#search,ISO 3166-2 subdivisions via pycountry/isocodes,REFERENCE_DATA_IMPORTED,NEEDS_AR_TRANSLATION,2026-08-05,Administrative subdivision only; cities are imported in later city files.
UPSERT,reg_ls_f,LS,LSO,Lesotho,ليسوتو,Kingdom of Lesotho,Africa,إفريقيا,Southern Africa,جنوب إفريقيا,LS-F,,,1,district,District,Mohale's Hoek,,Mohale's Hoek,true,ISO_3166_2,https://www.iso.org/obp/ui/#search,ISO 3166-2 subdivisions via pycountry/isocodes,REFERENCE_DATA_IMPORTED,NEEDS_AR_TRANSLATION,2026-08-05,Administrative subdivision only; cities are imported in later city files.
UPSERT,reg_ls_g,LS,LSO,Lesotho,ليسوتو,Kingdom of Lesotho,Africa,إفريقيا,Southern Africa,جنوب إفريقيا,LS-G,,,1,district,District,Quthing,,Quthing,true,ISO_3166_2,https://www.iso.org/obp/ui/#search,ISO 3166-2 subdivisions via pycountry/isocodes,REFERENCE_DATA_IMPORTED,NEEDS_AR_TRANSLATION,2026-08-05,Administrative subdivision only; cities are imported in later city files.
UPSERT,reg_ls_h,LS,LSO,Lesotho,ليسوتو,Kingdom of Lesotho,Africa,إفريقيا,Southern Africa,جنوب إفريقيا,LS-H,,,1,district,District,Qacha's Nek,,Qacha's Nek,true,ISO_3166_2,https://www.iso.org/obp/ui/#search,ISO 3166-2 subdivisions via pycountry/isocodes,REFERENCE_DATA_IMPORTED,NEEDS_AR_TRANSLATION,2026-08-05,Administrative subdivision only; cities are imported in later city files.
UPSERT,reg_ls_j,LS,LSO,Lesotho,ليسوتو,Kingdom of Lesotho,Africa,إفريقيا,Southern Africa,جنوب إفريقيا,LS-J,,,1,district,District,Mokhotlong,,Mokhotlong,true,ISO_3166_2,https://www.iso.org/obp/ui/#search,ISO 3166-2 subdivisions via pycountry/isocodes,REFERENCE_DATA_IMPORTED,NEEDS_AR_TRANSLATION,2026-08-05,Administrative subdivision only; cities are imported in later city files.
UPSERT,reg_ls_k,LS,LSO,Lesotho,ليسوتو,Kingdom of Lesotho,Africa,إفريقيا,Southern Africa,جنوب إفريقيا,LS-K,,,1,district,District,Thaba-Tseka,,Thaba-Tseka,true,ISO_3166_2,https://www.iso.org/obp/ui/#search,ISO 3166-2 subdivisions via pycountry/isocodes,REFERENCE_DATA_IMPORTED,NEEDS_AR_TRANSLATION,2026-08-05,Administrative subdivision only; cities are imported in later city files.
UPSERT,reg_ly_ba,LY,LBY,Libya,ليبيا,Libya,Africa,إفريقيا,Northern Africa,شمال إفريقيا,LY-BA,,,1,popularate,Popularate,Banghāzī,,Banghāzī,true,ISO_3166_2,https://www.iso.org/obp/ui/#search,ISO 3166-2 subdivisions via pycountry/isocodes,REFERENCE_DATA_IMPORTED,NEEDS_AR_TRANSLATION,2026-08-05,Administrative subdivision only; cities are imported in later city files.
UPSERT,reg_ly_bu,LY,LBY,Libya,ليبيا,Libya,Africa,إفريقيا,Northern Africa,شمال إفريقيا,LY-BU,,,1,popularate,Popularate,Al Buţnān,,Al Buţnān,true,ISO_3166_2,https://www.iso.org/obp/ui/#search,ISO 3166-2 subdivisions via pycountry/isocodes,REFERENCE_DATA_IMPORTED,NEEDS_AR_TRANSLATION,2026-08-05,Administrative subdivision only; cities are imported in later city files.
UPSERT,reg_ly_dr,LY,LBY,Libya,ليبيا,Libya,Africa,إفريقيا,Northern Africa,شمال إفريقيا,LY-DR,,,1,popularate,Popularate,Darnah,,Darnah,true,ISO_3166_2,https://www.iso.org/obp/ui/#search,ISO 3166-2 subdivisions via pycountry/isocodes,REFERENCE_DATA_IMPORTED,NEEDS_AR_TRANSLATION,2026-08-05,Administrative subdivision only; cities are imported in later city files.
UPSERT,reg_ly_gt,LY,LBY,Libya,ليبيا,Libya,Africa,إفريقيا,Northern Africa,شمال إفريقيا,LY-GT,,,1,popularate,Popularate,Ghāt,,Ghāt,true,ISO_3166_2,https://www.iso.org/obp/ui/#search,ISO 3166-2 subdivisions via pycountry/isocodes,REFERENCE_DATA_IMPORTED,NEEDS_AR_TRANSLATION,2026-08-05,Administrative subdivision only; cities are imported in later city files.
UPSERT,reg_ly_ja,LY,LBY,Libya,ليبيا,Libya,Africa,إفريقيا,Northern Africa,شمال إفريقيا,LY-JA,,,1,popularate,Popularate,Al Jabal al Akhḑar,,Al Jabal al Akhḑar,true,ISO_3166_2,https://www.iso.org/obp/ui/#search,ISO 3166-2 subdivisions via pycountry/isocodes,REFERENCE_DATA_IMPORTED,NEEDS_AR_TRANSLATION,2026-08-05,Administrative subdivision only; cities are imported in later city files.
UPSERT,reg_ly_jg,LY,LBY,Libya,ليبيا,Libya,Africa,إفريقيا,Northern Africa,شمال إفريقيا,LY-JG,,,1,popularate,Popularate,Al Jabal al Gharbī,,Al Jabal al Gharbī,true,ISO_3166_2,https://www.iso.org/obp/ui/#search,ISO 3166-2 subdivisions via pycountry/isocodes,REFERENCE_DATA_IMPORTED,NEEDS_AR_TRANSLATION,2026-08-05,Administrative subdivision only; cities are imported in later city files.
UPSERT,reg_ly_ji,LY,LBY,Libya,ليبيا,Libya,Africa,إفريقيا,Northern Africa,شمال إفريقيا,LY-JI,,,1,popularate,Popularate,Al Jafārah,,Al Jafārah,true,ISO_3166_2,https://www.iso.org/obp/ui/#search,ISO 3166-2 subdivisions via pycountry/isocodes,REFERENCE_DATA_IMPORTED,NEEDS_AR_TRANSLATION,2026-08-05,Administrative subdivision only; cities are imported in later city files.
UPSERT,reg_ly_ju,LY,LBY,Libya,ليبيا,Libya,Africa,إفريقيا,Northern Africa,شمال إفريقيا,LY-JU,,,1,popularate,Popularate,Al Jufrah,,Al Jufrah,true,ISO_3166_2,https://www.iso.org/obp/ui/#search,ISO 3166-2 subdivisions via pycountry/isocodes,REFERENCE_DATA_IMPORTED,NEEDS_AR_TRANSLATION,2026-08-05,Administrative subdivision only; cities are imported in later city files.
UPSERT,reg_ly_kf,LY,LBY,Libya,ليبيا,Libya,Africa,إفريقيا,Northern Africa,شمال إفريقيا,LY-KF,,,1,popularate,Popularate,Al Kufrah,,Al Kufrah,true,ISO_3166_2,https://www.iso.org/obp/ui/#search,ISO 3166-2 subdivisions via pycountry/isocodes,REFERENCE_DATA_IMPORTED,NEEDS_AR_TRANSLATION,2026-08-05,Administrative subdivision only; cities are imported in later city files.
UPSERT,reg_ly_mb,LY,LBY,Libya,ليبيا,Libya,Africa,إفريقيا,Northern Africa,شمال إفريقيا,LY-MB,,,1,popularate,Popularate,Al Marqab,,Al Marqab,true,ISO_3166_2,https://www.iso.org/obp/ui/#search,ISO 3166-2 subdivisions via pycountry/isocodes,REFERENCE_DATA_IMPORTED,NEEDS_AR_TRANSLATION,2026-08-05,Administrative subdivision only; cities are imported in later city files.
UPSERT,reg_ly_mi,LY,LBY,Libya,ليبيا,Libya,Africa,إفريقيا,Northern Africa,شمال إفريقيا,LY-MI,,,1,popularate,Popularate,Mişrātah,,Mişrātah,true,ISO_3166_2,https://www.iso.org/obp/ui/#search,ISO 3166-2 subdivisions via pycountry/isocodes,REFERENCE_DATA_IMPORTED,NEEDS_AR_TRANSLATION,2026-08-05,Administrative subdivision only; cities are imported in later city files.
UPSERT,reg_ly_mj,LY,LBY,Libya,ليبيا,Libya,Africa,إفريقيا,Northern Africa,شمال إفريقيا,LY-MJ,,,1,popularate,Popularate,Al Marj,,Al Marj,true,ISO_3166_2,https://www.iso.org/obp/ui/#search,ISO 3166-2 subdivisions via pycountry/isocodes,REFERENCE_DATA_IMPORTED,NEEDS_AR_TRANSLATION,2026-08-05,Administrative subdivision only; cities are imported in later city files.
UPSERT,reg_ly_mq,LY,LBY,Libya,ليبيا,Libya,Africa,إفريقيا,Northern Africa,شمال إفريقيا,LY-MQ,,,1,popularate,Popularate,Murzuq,,Murzuq,true,ISO_3166_2,https://www.iso.org/obp/ui/#search,ISO 3166-2 subdivisions via pycountry/isocodes,REFERENCE_DATA_IMPORTED,NEEDS_AR_TRANSLATION,2026-08-05,Administrative subdivision only; cities are imported in later city files.
UPSERT,reg_ly_nl,LY,LBY,Libya,ليبيا,Libya,Africa,إفريقيا,Northern Africa,شمال إفريقيا,LY-NL,,,1,popularate,Popularate,Nālūt,,Nālūt,true,ISO_3166_2,https://www.iso.org/obp/ui/#search,ISO 3166-2 subdivisions via pycountry/isocodes,REFERENCE_DATA_IMPORTED,NEEDS_AR_TRANSLATION,2026-08-05,Administrative subdivision only; cities are imported in later city files.
UPSERT,reg_ly_nq,LY,LBY,Libya,ليبيا,Libya,Africa,إفريقيا,Northern Africa,شمال إفريقيا,LY-NQ,,,1,popularate,Popularate,An Nuqāţ al Khams,,An Nuqāţ al Khams,true,ISO_3166_2,https://www.iso.org/obp/ui/#search,ISO 3166-2 subdivisions via pycountry/isocodes,REFERENCE_DATA_IMPORTED,NEEDS_AR_TRANSLATION,2026-08-05,Administrative subdivision only; cities are imported in later city files.
UPSERT,reg_ly_sb,LY,LBY,Libya,ليبيا,Libya,Africa,إفريقيا,Northern Africa,شمال إفريقيا,LY-SB,,,1,popularate,Popularate,Sabhā,,Sabhā,true,ISO_3166_2,https://www.iso.org/obp/ui/#search,ISO 3166-2 subdivisions via pycountry/isocodes,REFERENCE_DATA_IMPORTED,NEEDS_AR_TRANSLATION,2026-08-05,Administrative subdivision only; cities are imported in later city files.
UPSERT,reg_ly_sr,LY,LBY,Libya,ليبيا,Libya,Africa,إفريقيا,Northern Africa,شمال إفريقيا,LY-SR,,,1,popularate,Popularate,Surt,,Surt,true,ISO_3166_2,https://www.iso.org/obp/ui/#search,ISO 3166-2 subdivisions via pycountry/isocodes,REFERENCE_DATA_IMPORTED,NEEDS_AR_TRANSLATION,2026-08-05,Administrative subdivision only; cities are imported in later city files.
UPSERT,reg_ly_tb,LY,LBY,Libya,ليبيا,Libya,Africa,إفريقيا,Northern Africa,شمال إفريقيا,LY-TB,,,1,popularate,Popularate,Ţarābulus,,Ţarābulus,true,ISO_3166_2,https://www.iso.org/obp/ui/#search,ISO 3166-2 subdivisions via pycountry/isocodes,REFERENCE_DATA_IMPORTED,NEEDS_AR_TRANSLATION,2026-08-05,Administrative subdivision only; cities are imported in later city files.
UPSERT,reg_ly_wa,LY,LBY,Libya,ليبيا,Libya,Africa,إفريقيا,Northern Africa,شمال إفريقيا,LY-WA,,,1,popularate,Popularate,Al Wāḩāt,,Al Wāḩāt,true,ISO_3166_2,https://www.iso.org/obp/ui/#search,ISO 3166-2 subdivisions via pycountry/isocodes,REFERENCE_DATA_IMPORTED,NEEDS_AR_TRANSLATION,2026-08-05,Administrative subdivision only; cities are imported in later city files.
UPSERT,reg_ly_wd,LY,LBY,Libya,ليبيا,Libya,Africa,إفريقيا,Northern Africa,شمال إفريقيا,LY-WD,,,1,popularate,Popularate,Wādī al Ḩayāt,,Wādī al Ḩayāt,true,ISO_3166_2,https://www.iso.org/obp/ui/#search,ISO 3166-2 subdivisions via pycountry/isocodes,REFERENCE_DATA_IMPORTED,NEEDS_AR_TRANSLATION,2026-08-05,Administrative subdivision only; cities are imported in later city files.
UPSERT,reg_ly_ws,LY,LBY,Libya,ليبيا,Libya,Africa,إفريقيا,Northern Africa,شمال إفريقيا,LY-WS,,,1,popularate,Popularate,Wādī ash Shāţi’,,Wādī ash Shāţi’,true,ISO_3166_2,https://www.iso.org/obp/ui/#search,ISO 3166-2 subdivisions via pycountry/isocodes,REFERENCE_DATA_IMPORTED,NEEDS_AR_TRANSLATION,2026-08-05,Administrative subdivision only; cities are imported in later city files.
UPSERT,reg_ly_za,LY,LBY,Libya,ليبيا,Libya,Africa,إفريقيا,Northern Africa,شمال إفريقيا,LY-ZA,,,1,popularate,Popularate,Az Zāwiyah,,Az Zāwiyah,true,ISO_3166_2,https://www.iso.org/obp/ui/#search,ISO 3166-2 subdivisions via pycountry/isocodes,REFERENCE_DATA_IMPORTED,NEEDS_AR_TRANSLATION,2026-08-05,Administrative subdivision only; cities are imported in later city files.
UPSERT,reg_ma_01,MA,MAR,Morocco,المغرب,Kingdom of Morocco,Africa,إفريقيا,Northern Africa,شمال إفريقيا,MA-01,,,1,region,Region,Tanger-Tétouan-Al Hoceïma,,Tanger-Tétouan-Al Hoceïma,true,ISO_3166_2,https://www.iso.org/obp/ui/#search,ISO 3166-2 subdivisions via pycountry/isocodes,REFERENCE_DATA_IMPORTED,NEEDS_AR_TRANSLATION,2026-08-05,Administrative subdivision only; cities are imported in later city files.
UPSERT,reg_ma_02,MA,MAR,Morocco,المغرب,Kingdom of Morocco,Africa,إفريقيا,Northern Africa,شمال إفريقيا,MA-02,,,1,region,Region,L'Oriental,,L'Oriental,true,ISO_3166_2,https://www.iso.org/obp/ui/#search,ISO 3166-2 subdivisions via pycountry/isocodes,REFERENCE_DATA_IMPORTED,NEEDS_AR_TRANSLATION,2026-08-05,Administrative subdivision only; cities are imported in later city files.
UPSERT,reg_ma_03,MA,MAR,Morocco,المغرب,Kingdom of Morocco,Africa,إفريقيا,Northern Africa,شمال إفريقيا,MA-03,,,1,region,Region,Fès-Meknès,,Fès-Meknès,true,ISO_3166_2,https://www.iso.org/obp/ui/#search,ISO 3166-2 subdivisions via pycountry/isocodes,REFERENCE_DATA_IMPORTED,NEEDS_AR_TRANSLATION,2026-08-05,Administrative subdivision only; cities are imported in later city files.
UPSERT,reg_ma_04,MA,MAR,Morocco,المغرب,Kingdom of Morocco,Africa,إفريقيا,Northern Africa,شمال إفريقيا,MA-04,,,1,region,Region,Rabat-Salé-Kénitra,,Rabat-Salé-Kénitra,true,ISO_3166_2,https://www.iso.org/obp/ui/#search,ISO 3166-2 subdivisions via pycountry/isocodes,REFERENCE_DATA_IMPORTED,NEEDS_AR_TRANSLATION,2026-08-05,Administrative subdivision only; cities are imported in later city files.
UPSERT,reg_ma_05,MA,MAR,Morocco,المغرب,Kingdom of Morocco,Africa,إفريقيا,Northern Africa,شمال إفريقيا,MA-05,,,1,region,Region,Béni Mellal-Khénifra,,Béni Mellal-Khénifra,true,ISO_3166_2,https://www.iso.org/obp/ui/#search,ISO 3166-2 subdivisions via pycountry/isocodes,REFERENCE_DATA_IMPORTED,NEEDS_AR_TRANSLATION,2026-08-05,Administrative subdivision only; cities are imported in later city files.
UPSERT,reg_ma_06,MA,MAR,Morocco,المغرب,Kingdom of Morocco,Africa,إفريقيا,Northern Africa,شمال إفريقيا,MA-06,,,1,region,Region,Casablanca-Settat,,Casablanca-Settat,true,ISO_3166_2,https://www.iso.org/obp/ui/#search,ISO 3166-2 subdivisions via pycountry/isocodes,REFERENCE_DATA_IMPORTED,NEEDS_AR_TRANSLATION,2026-08-05,Administrative subdivision only; cities are imported in later city files.
UPSERT,reg_ma_07,MA,MAR,Morocco,المغرب,Kingdom of Morocco,Africa,إفريقيا,Northern Africa,شمال إفريقيا,MA-07,,,1,region,Region,Marrakech-Safi,,Marrakech-Safi,true,ISO_3166_2,https://www.iso.org/obp/ui/#search,ISO 3166-2 subdivisions via pycountry/isocodes,REFERENCE_DATA_IMPORTED,NEEDS_AR_TRANSLATION,2026-08-05,Administrative subdivision only; cities are imported in later city files.
UPSERT,reg_ma_08,MA,MAR,Morocco,المغرب,Kingdom of Morocco,Africa,إفريقيا,Northern Africa,شمال إفريقيا,MA-08,,,1,region,Region,Drâa-Tafilalet,,Drâa-Tafilalet,true,ISO_3166_2,https://www.iso.org/obp/ui/#search,ISO 3166-2 subdivisions via pycountry/isocodes,REFERENCE_DATA_IMPORTED,NEEDS_AR_TRANSLATION,2026-08-05,Administrative subdivision only; cities are imported in later city files.
UPSERT,reg_ma_09,MA,MAR,Morocco,المغرب,Kingdom of Morocco,Africa,إفريقيا,Northern Africa,شمال إفريقيا,MA-09,,,1,region,Region,Souss-Massa,,Souss-Massa,true,ISO_3166_2,https://www.iso.org/obp/ui/#search,ISO 3166-2 subdivisions via pycountry/isocodes,REFERENCE_DATA_IMPORTED,NEEDS_AR_TRANSLATION,2026-08-05,Administrative subdivision only; cities are imported in later city files.
UPSERT,reg_ma_10,MA,MAR,Morocco,المغرب,Kingdom of Morocco,Africa,إفريقيا,Northern Africa,شمال إفريقيا,MA-10,,,1,region,Region,Guelmim-Oued Noun (EH-partial),,Guelmim-Oued Noun (EH-partial),true,ISO_3166_2,https://www.iso.org/obp/ui/#search,ISO 3166-2 subdivisions via pycountry/isocodes,REFERENCE_DATA_IMPORTED,NEEDS_AR_TRANSLATION,2026-08-05,Administrative subdivision only; cities are imported in later city files.
UPSERT,reg_ma_11,MA,MAR,Morocco,المغرب,Kingdom of Morocco,Africa,إفريقيا,Northern Africa,شمال إفريقيا,MA-11,,,1,region,Region,Laâyoune-Sakia El Hamra (EH-partial),,Laâyoune-Sakia El Hamra (EH-partial),true,ISO_3166_2,https://www.iso.org/obp/ui/#search,ISO 3166-2 subdivisions via pycountry/isocodes,REFERENCE_DATA_IMPORTED,NEEDS_AR_TRANSLATION,2026-08-05,Administrative subdivision only; cities are imported in later city files.
UPSERT,reg_ma_12,MA,MAR,Morocco,المغرب,Kingdom of Morocco,Africa,إفريقيا,Northern Africa,شمال إفريقيا,MA-12,,,1,region,Region,Dakhla-Oued Ed-Dahab (EH),,Dakhla-Oued Ed-Dahab (EH),true,ISO_3166_2,https://www.iso.org/obp/ui/#search,ISO 3166-2 subdivisions via pycountry/isocodes,REFERENCE_DATA_IMPORTED,NEEDS_AR_TRANSLATION,2026-08-05,Administrative subdivision only; cities are imported in later city files.
UPSERT,reg_ma_agd,MA,MAR,Morocco,المغرب,Kingdom of Morocco,Africa,إفريقيا,Northern Africa,شمال إفريقيا,MA-AGD,MA-09,Souss-Massa,2,prefecture,Prefecture,Agadir-Ida-Ou-Tanane,,Agadir-Ida-Ou-Tanane,true,ISO_3166_2,https://www.iso.org/obp/ui/#search,ISO 3166-2 subdivisions via pycountry/isocodes,REFERENCE_DATA_IMPORTED,NEEDS_AR_TRANSLATION,2026-08-05,Administrative subdivision only; cities are imported in later city files.
UPSERT,reg_ma_aou,MA,MAR,Morocco,المغرب,Kingdom of Morocco,Africa,إفريقيا,Northern Africa,شمال إفريقيا,MA-AOU,MA-12,Dakhla-Oued Ed-Dahab (EH),2,province,Province,Aousserd (EH),,Aousserd (EH),true,ISO_3166_2,https://www.iso.org/obp/ui/#search,ISO 3166-2 subdivisions via pycountry/isocodes,REFERENCE_DATA_IMPORTED,NEEDS_AR_TRANSLATION,2026-08-05,Administrative subdivision only; cities are imported in later city files.
UPSERT,reg_ma_asz,MA,MAR,Morocco,المغرب,Kingdom of Morocco,Africa,إفريقيا,Northern Africa,شمال إفريقيا,MA-ASZ,MA-10,Guelmim-Oued Noun (EH-partial),2,province,Province,Assa-Zag (EH-partial),,Assa-Zag (EH-partial),true,ISO_3166_2,https://www.iso.org/obp/ui/#search,ISO 3166-2 subdivisions via pycountry/isocodes,REFERENCE_DATA_IMPORTED,NEEDS_AR_TRANSLATION,2026-08-05,Administrative subdivision only; cities are imported in later city files.
UPSERT,reg_ma_azi,MA,MAR,Morocco,المغرب,Kingdom of Morocco,Africa,إفريقيا,Northern Africa,شمال إفريقيا,MA-AZI,MA-05,Béni Mellal-Khénifra,2,province,Province,Azilal,,Azilal,true,ISO_3166_2,https://www.iso.org/obp/ui/#search,ISO 3166-2 subdivisions via pycountry/isocodes,REFERENCE_DATA_IMPORTED,NEEDS_AR_TRANSLATION,2026-08-05,Administrative subdivision only; cities are imported in later city files.
UPSERT,reg_ma_bem,MA,MAR,Morocco,المغرب,Kingdom of Morocco,Africa,إفريقيا,Northern Africa,شمال إفريقيا,MA-BEM,MA-05,Béni Mellal-Khénifra,2,province,Province,Béni Mellal,,Béni Mellal,true,ISO_3166_2,https://www.iso.org/obp/ui/#search,ISO 3166-2 subdivisions via pycountry/isocodes,REFERENCE_DATA_IMPORTED,NEEDS_AR_TRANSLATION,2026-08-05,Administrative subdivision only; cities are imported in later city files.
UPSERT,reg_ma_ber,MA,MAR,Morocco,المغرب,Kingdom of Morocco,Africa,إفريقيا,Northern Africa,شمال إفريقيا,MA-BER,MA-02,L'Oriental,2,province,Province,Berkane,,Berkane,true,ISO_3166_2,https://www.iso.org/obp/ui/#search,ISO 3166-2 subdivisions via pycountry/isocodes,REFERENCE_DATA_IMPORTED,NEEDS_AR_TRANSLATION,2026-08-05,Administrative subdivision only; cities are imported in later city files.
UPSERT,reg_ma_bes,MA,MAR,Morocco,المغرب,Kingdom of Morocco,Africa,إفريقيا,Northern Africa,شمال إفريقيا,MA-BES,MA-06,Casablanca-Settat,2,province,Province,Benslimane,,Benslimane,true,ISO_3166_2,https://www.iso.org/obp/ui/#search,ISO 3166-2 subdivisions via pycountry/isocodes,REFERENCE_DATA_IMPORTED,NEEDS_AR_TRANSLATION,2026-08-05,Administrative subdivision only; cities are imported in later city files.
UPSERT,reg_ma_bod,MA,MAR,Morocco,المغرب,Kingdom of Morocco,Africa,إفريقيا,Northern Africa,شمال إفريقيا,MA-BOD,MA-11,Laâyoune-Sakia El Hamra (EH-partial),2,province,Province,Boujdour (EH),,Boujdour (EH),true,ISO_3166_2,https://www.iso.org/obp/ui/#search,ISO 3166-2 subdivisions via pycountry/isocodes,REFERENCE_DATA_IMPORTED,NEEDS_AR_TRANSLATION,2026-08-05,Administrative subdivision only; cities are imported in later city files.
UPSERT,reg_ma_bom,MA,MAR,Morocco,المغرب,Kingdom of Morocco,Africa,إفريقيا,Northern Africa,شمال إفريقيا,MA-BOM,MA-03,Fès-Meknès,2,province,Province,Boulemane,,Boulemane,true,ISO_3166_2,https://www.iso.org/obp/ui/#search,ISO 3166-2 subdivisions via pycountry/isocodes,REFERENCE_DATA_IMPORTED,NEEDS_AR_TRANSLATION,2026-08-05,Administrative subdivision only; cities are imported in later city files.
UPSERT,reg_ma_brr,MA,MAR,Morocco,المغرب,Kingdom of Morocco,Africa,إفريقيا,Northern Africa,شمال إفريقيا,MA-BRR,MA-06,Casablanca-Settat,2,province,Province,Berrechid,,Berrechid,true,ISO_3166_2,https://www.iso.org/obp/ui/#search,ISO 3166-2 subdivisions via pycountry/isocodes,REFERENCE_DATA_IMPORTED,NEEDS_AR_TRANSLATION,2026-08-05,Administrative subdivision only; cities are imported in later city files.
UPSERT,reg_ma_cas,MA,MAR,Morocco,المغرب,Kingdom of Morocco,Africa,إفريقيا,Northern Africa,شمال إفريقيا,MA-CAS,MA-06,Casablanca-Settat,2,prefecture,Prefecture,Casablanca,,Casablanca,true,ISO_3166_2,https://www.iso.org/obp/ui/#search,ISO 3166-2 subdivisions via pycountry/isocodes,REFERENCE_DATA_IMPORTED,NEEDS_AR_TRANSLATION,2026-08-05,Administrative subdivision only; cities are imported in later city files.
UPSERT,reg_ma_che,MA,MAR,Morocco,المغرب,Kingdom of Morocco,Africa,إفريقيا,Northern Africa,شمال إفريقيا,MA-CHE,MA-01,Tanger-Tétouan-Al Hoceïma,2,province,Province,Chefchaouen,,Chefchaouen,true,ISO_3166_2,https://www.iso.org/obp/ui/#search,ISO 3166-2 subdivisions via pycountry/isocodes,REFERENCE_DATA_IMPORTED,NEEDS_AR_TRANSLATION,2026-08-05,Administrative subdivision only; cities are imported in later city files.
UPSERT,reg_ma_chi,MA,MAR,Morocco,المغرب,Kingdom of Morocco,Africa,إفريقيا,Northern Africa,شمال إفريقيا,MA-CHI,MA-07,Marrakech-Safi,2,province,Province,Chichaoua,,Chichaoua,true,ISO_3166_2,https://www.iso.org/obp/ui/#search,ISO 3166-2 subdivisions via pycountry/isocodes,REFERENCE_DATA_IMPORTED,NEEDS_AR_TRANSLATION,2026-08-05,Administrative subdivision only; cities are imported in later city files.
UPSERT,reg_ma_cht,MA,MAR,Morocco,المغرب,Kingdom of Morocco,Africa,إفريقيا,Northern Africa,شمال إفريقيا,MA-CHT,MA-06,Casablanca-Settat,2,province,Province,Chtouka-Ait Baha,,Chtouka-Ait Baha,true,ISO_3166_2,https://www.iso.org/obp/ui/#search,ISO 3166-2 subdivisions via pycountry/isocodes,REFERENCE_DATA_IMPORTED,NEEDS_AR_TRANSLATION,2026-08-05,Administrative subdivision only; cities are imported in later city files.
UPSERT,reg_ma_dri,MA,MAR,Morocco,المغرب,Kingdom of Morocco,Africa,إفريقيا,Northern Africa,شمال إفريقيا,MA-DRI,MA-02,L'Oriental,2,province,Province,Driouch,,Driouch,true,ISO_3166_2,https://www.iso.org/obp/ui/#search,ISO 3166-2 subdivisions via pycountry/isocodes,REFERENCE_DATA_IMPORTED,NEEDS_AR_TRANSLATION,2026-08-05,Administrative subdivision only; cities are imported in later city files.
UPSERT,reg_ma_err,MA,MAR,Morocco,المغرب,Kingdom of Morocco,Africa,إفريقيا,Northern Africa,شمال إفريقيا,MA-ERR,MA-08,Drâa-Tafilalet,2,province,Province,Errachidia,,Errachidia,true,ISO_3166_2,https://www.iso.org/obp/ui/#search,ISO 3166-2 subdivisions via pycountry/isocodes,REFERENCE_DATA_IMPORTED,NEEDS_AR_TRANSLATION,2026-08-05,Administrative subdivision only; cities are imported in later city files.
UPSERT,reg_ma_esi,MA,MAR,Morocco,المغرب,Kingdom of Morocco,Africa,إفريقيا,Northern Africa,شمال إفريقيا,MA-ESI,MA-07,Marrakech-Safi,2,province,Province,Essaouira,,Essaouira,true,ISO_3166_2,https://www.iso.org/obp/ui/#search,ISO 3166-2 subdivisions via pycountry/isocodes,REFERENCE_DATA_IMPORTED,NEEDS_AR_TRANSLATION,2026-08-05,Administrative subdivision only; cities are imported in later city files.
UPSERT,reg_ma_esm,MA,MAR,Morocco,المغرب,Kingdom of Morocco,Africa,إفريقيا,Northern Africa,شمال إفريقيا,MA-ESM,MA-11,Laâyoune-Sakia El Hamra (EH-partial),2,province,Province,Es-Semara (EH-partial),,Es-Semara (EH-partial),true,ISO_3166_2,https://www.iso.org/obp/ui/#search,ISO 3166-2 subdivisions via pycountry/isocodes,REFERENCE_DATA_IMPORTED,NEEDS_AR_TRANSLATION,2026-08-05,Administrative subdivision only; cities are imported in later city files.
UPSERT,reg_ma_fah,MA,MAR,Morocco,المغرب,Kingdom of Morocco,Africa,إفريقيا,Northern Africa,شمال إفريقيا,MA-FAH,MA-01,Tanger-Tétouan-Al Hoceïma,2,province,Province,Fahs-Anjra,,Fahs-Anjra,true,ISO_3166_2,https://www.iso.org/obp/ui/#search,ISO 3166-2 subdivisions via pycountry/isocodes,REFERENCE_DATA_IMPORTED,NEEDS_AR_TRANSLATION,2026-08-05,Administrative subdivision only; cities are imported in later city files.
UPSERT,reg_ma_fes,MA,MAR,Morocco,المغرب,Kingdom of Morocco,Africa,إفريقيا,Northern Africa,شمال إفريقيا,MA-FES,MA-03,Fès-Meknès,2,prefecture,Prefecture,Fès,,Fès,true,ISO_3166_2,https://www.iso.org/obp/ui/#search,ISO 3166-2 subdivisions via pycountry/isocodes,REFERENCE_DATA_IMPORTED,NEEDS_AR_TRANSLATION,2026-08-05,Administrative subdivision only; cities are imported in later city files.
UPSERT,reg_ma_fig,MA,MAR,Morocco,المغرب,Kingdom of Morocco,Africa,إفريقيا,Northern Africa,شمال إفريقيا,MA-FIG,MA-02,L'Oriental,2,province,Province,Figuig,,Figuig,true,ISO_3166_2,https://www.iso.org/obp/ui/#search,ISO 3166-2 subdivisions via pycountry/isocodes,REFERENCE_DATA_IMPORTED,NEEDS_AR_TRANSLATION,2026-08-05,Administrative subdivision only; cities are imported in later city files.
UPSERT,reg_ma_fqh,MA,MAR,Morocco,المغرب,Kingdom of Morocco,Africa,إفريقيا,Northern Africa,شمال إفريقيا,MA-FQH,MA-05,Béni Mellal-Khénifra,2,province,Province,Fquih Ben Salah,,Fquih Ben Salah,true,ISO_3166_2,https://www.iso.org/obp/ui/#search,ISO 3166-2 subdivisions via pycountry/isocodes,REFERENCE_DATA_IMPORTED,NEEDS_AR_TRANSLATION,2026-08-05,Administrative subdivision only; cities are imported in later city files.
UPSERT,reg_ma_gue,MA,MAR,Morocco,المغرب,Kingdom of Morocco,Africa,إفريقيا,Northern Africa,شمال إفريقيا,MA-GUE,MA-10,Guelmim-Oued Noun (EH-partial),2,province,Province,Guelmim,,Guelmim,true,ISO_3166_2,https://www.iso.org/obp/ui/#search,ISO 3166-2 subdivisions via pycountry/isocodes,REFERENCE_DATA_IMPORTED,NEEDS_AR_TRANSLATION,2026-08-05,Administrative subdivision only; cities are imported in later city files.
UPSERT,reg_ma_guf,MA,MAR,Morocco,المغرب,Kingdom of Morocco,Africa,إفريقيا,Northern Africa,شمال إفريقيا,MA-GUF,MA-02,L'Oriental,2,province,Province,Guercif,,Guercif,true,ISO_3166_2,https://www.iso.org/obp/ui/#search,ISO 3166-2 subdivisions via pycountry/isocodes,REFERENCE_DATA_IMPORTED,NEEDS_AR_TRANSLATION,2026-08-05,Administrative subdivision only; cities are imported in later city files.
UPSERT,reg_ma_haj,MA,MAR,Morocco,المغرب,Kingdom of Morocco,Africa,إفريقيا,Northern Africa,شمال إفريقيا,MA-HAJ,MA-03,Fès-Meknès,2,province,Province,El Hajeb,,El Hajeb,true,ISO_3166_2,https://www.iso.org/obp/ui/#search,ISO 3166-2 subdivisions via pycountry/isocodes,REFERENCE_DATA_IMPORTED,NEEDS_AR_TRANSLATION,2026-08-05,Administrative subdivision only; cities are imported in later city files.
UPSERT,reg_ma_hao,MA,MAR,Morocco,المغرب,Kingdom of Morocco,Africa,إفريقيا,Northern Africa,شمال إفريقيا,MA-HAO,MA-07,Marrakech-Safi,2,province,Province,Al Haouz,,Al Haouz,true,ISO_3166_2,https://www.iso.org/obp/ui/#search,ISO 3166-2 subdivisions via pycountry/isocodes,REFERENCE_DATA_IMPORTED,NEEDS_AR_TRANSLATION,2026-08-05,Administrative subdivision only; cities are imported in later city files.
UPSERT,reg_ma_hoc,MA,MAR,Morocco,المغرب,Kingdom of Morocco,Africa,إفريقيا,Northern Africa,شمال إفريقيا,MA-HOC,MA-01,Tanger-Tétouan-Al Hoceïma,2,province,Province,Al Hoceïma,,Al Hoceïma,true,ISO_3166_2,https://www.iso.org/obp/ui/#search,ISO 3166-2 subdivisions via pycountry/isocodes,REFERENCE_DATA_IMPORTED,NEEDS_AR_TRANSLATION,2026-08-05,Administrative subdivision only; cities are imported in later city files.
UPSERT,reg_ma_ifr,MA,MAR,Morocco,المغرب,Kingdom of Morocco,Africa,إفريقيا,Northern Africa,شمال إفريقيا,MA-IFR,MA-03,Fès-Meknès,2,province,Province,Ifrane,,Ifrane,true,ISO_3166_2,https://www.iso.org/obp/ui/#search,ISO 3166-2 subdivisions via pycountry/isocodes,REFERENCE_DATA_IMPORTED,NEEDS_AR_TRANSLATION,2026-08-05,Administrative subdivision only; cities are imported in later city files.
UPSERT,reg_ma_ine,MA,MAR,Morocco,المغرب,Kingdom of Morocco,Africa,إفريقيا,Northern Africa,شمال إفريقيا,MA-INE,MA-09,Souss-Massa,2,prefecture,Prefecture,Inezgane-Ait Melloul,,Inezgane-Ait Melloul,true,ISO_3166_2,https://www.iso.org/obp/ui/#search,ISO 3166-2 subdivisions via pycountry/isocodes,REFERENCE_DATA_IMPORTED,NEEDS_AR_TRANSLATION,2026-08-05,Administrative subdivision only; cities are imported in later city files.
UPSERT,reg_ma_jdi,MA,MAR,Morocco,المغرب,Kingdom of Morocco,Africa,إفريقيا,Northern Africa,شمال إفريقيا,MA-JDI,MA-06,Casablanca-Settat,2,province,Province,El Jadida,,El Jadida,true,ISO_3166_2,https://www.iso.org/obp/ui/#search,ISO 3166-2 subdivisions via pycountry/isocodes,REFERENCE_DATA_IMPORTED,NEEDS_AR_TRANSLATION,2026-08-05,Administrative subdivision only; cities are imported in later city files.
UPSERT,reg_ma_jra,MA,MAR,Morocco,المغرب,Kingdom of Morocco,Africa,إفريقيا,Northern Africa,شمال إفريقيا,MA-JRA,MA-02,L'Oriental,2,province,Province,Jerada,,Jerada,true,ISO_3166_2,https://www.iso.org/obp/ui/#search,ISO 3166-2 subdivisions via pycountry/isocodes,REFERENCE_DATA_IMPORTED,NEEDS_AR_TRANSLATION,2026-08-05,Administrative subdivision only; cities are imported in later city files.
UPSERT,reg_ma_ken,MA,MAR,Morocco,المغرب,Kingdom of Morocco,Africa,إفريقيا,Northern Africa,شمال إفريقيا,MA-KEN,MA-04,Rabat-Salé-Kénitra,2,province,Province,Kénitra,,Kénitra,true,ISO_3166_2,https://www.iso.org/obp/ui/#search,ISO 3166-2 subdivisions via pycountry/isocodes,REFERENCE_DATA_IMPORTED,NEEDS_AR_TRANSLATION,2026-08-05,Administrative subdivision only; cities are imported in later city files.
UPSERT,reg_ma_kes,MA,MAR,Morocco,المغرب,Kingdom of Morocco,Africa,إفريقيا,Northern Africa,شمال إفريقيا,MA-KES,MA-07,Marrakech-Safi,2,province,Province,El Kelâa des Sraghna,,El Kelâa des Sraghna,true,ISO_3166_2,https://www.iso.org/obp/ui/#search,ISO 3166-2 subdivisions via pycountry/isocodes,REFERENCE_DATA_IMPORTED,NEEDS_AR_TRANSLATION,2026-08-05,Administrative subdivision only; cities are imported in later city files.
UPSERT,reg_ma_khe,MA,MAR,Morocco,المغرب,Kingdom of Morocco,Africa,إفريقيا,Northern Africa,شمال إفريقيا,MA-KHE,MA-04,Rabat-Salé-Kénitra,2,province,Province,Khémisset,,Khémisset,true,ISO_3166_2,https://www.iso.org/obp/ui/#search,ISO 3166-2 subdivisions via pycountry/isocodes,REFERENCE_DATA_IMPORTED,NEEDS_AR_TRANSLATION,2026-08-05,Administrative subdivision only; cities are imported in later city files.
UPSERT,reg_ma_khn,MA,MAR,Morocco,المغرب,Kingdom of Morocco,Africa,إفريقيا,Northern Africa,شمال إفريقيا,MA-KHN,MA-05,Béni Mellal-Khénifra,2,province,Province,Khénifra,,Khénifra,true,ISO_3166_2,https://www.iso.org/obp/ui/#search,ISO 3166-2 subdivisions via pycountry/isocodes,REFERENCE_DATA_IMPORTED,NEEDS_AR_TRANSLATION,2026-08-05,Administrative subdivision only; cities are imported in later city files.
UPSERT,reg_ma_kho,MA,MAR,Morocco,المغرب,Kingdom of Morocco,Africa,إفريقيا,Northern Africa,شمال إفريقيا,MA-KHO,MA-05,Béni Mellal-Khénifra,2,province,Province,Khouribga,,Khouribga,true,ISO_3166_2,https://www.iso.org/obp/ui/#search,ISO 3166-2 subdivisions via pycountry/isocodes,REFERENCE_DATA_IMPORTED,NEEDS_AR_TRANSLATION,2026-08-05,Administrative subdivision only; cities are imported in later city files.
UPSERT,reg_ma_laa,MA,MAR,Morocco,المغرب,Kingdom of Morocco,Africa,إفريقيا,Northern Africa,شمال إفريقيا,MA-LAA,MA-11,Laâyoune-Sakia El Hamra (EH-partial),2,province,Province,Laâyoune (EH),,Laâyoune (EH),true,ISO_3166_2,https://www.iso.org/obp/ui/#search,ISO 3166-2 subdivisions via pycountry/isocodes,REFERENCE_DATA_IMPORTED,NEEDS_AR_TRANSLATION,2026-08-05,Administrative subdivision only; cities are imported in later city files.
UPSERT,reg_ma_lar,MA,MAR,Morocco,المغرب,Kingdom of Morocco,Africa,إفريقيا,Northern Africa,شمال إفريقيا,MA-LAR,MA-01,Tanger-Tétouan-Al Hoceïma,2,province,Province,Larache,,Larache,true,ISO_3166_2,https://www.iso.org/obp/ui/#search,ISO 3166-2 subdivisions via pycountry/isocodes,REFERENCE_DATA_IMPORTED,NEEDS_AR_TRANSLATION,2026-08-05,Administrative subdivision only; cities are imported in later city files.
UPSERT,reg_ma_mar,MA,MAR,Morocco,المغرب,Kingdom of Morocco,Africa,إفريقيا,Northern Africa,شمال إفريقيا,MA-MAR,MA-07,Marrakech-Safi,2,prefecture,Prefecture,Marrakech,,Marrakech,true,ISO_3166_2,https://www.iso.org/obp/ui/#search,ISO 3166-2 subdivisions via pycountry/isocodes,REFERENCE_DATA_IMPORTED,NEEDS_AR_TRANSLATION,2026-08-05,Administrative subdivision only; cities are imported in later city files.
UPSERT,reg_ma_mdf,MA,MAR,Morocco,المغرب,Kingdom of Morocco,Africa,إفريقيا,Northern Africa,شمال إفريقيا,MA-MDF,MA-01,Tanger-Tétouan-Al Hoceïma,2,prefecture,Prefecture,M’diq-Fnideq,,M’diq-Fnideq,true,ISO_3166_2,https://www.iso.org/obp/ui/#search,ISO 3166-2 subdivisions via pycountry/isocodes,REFERENCE_DATA_IMPORTED,NEEDS_AR_TRANSLATION,2026-08-05,Administrative subdivision only; cities are imported in later city files.
UPSERT,reg_ma_med,MA,MAR,Morocco,المغرب,Kingdom of Morocco,Africa,إفريقيا,Northern Africa,شمال إفريقيا,MA-MED,MA-06,Casablanca-Settat,2,province,Province,Médiouna,,Médiouna,true,ISO_3166_2,https://www.iso.org/obp/ui/#search,ISO 3166-2 subdivisions via pycountry/isocodes,REFERENCE_DATA_IMPORTED,NEEDS_AR_TRANSLATION,2026-08-05,Administrative subdivision only; cities are imported in later city files.
UPSERT,reg_ma_mek,MA,MAR,Morocco,المغرب,Kingdom of Morocco,Africa,إفريقيا,Northern Africa,شمال إفريقيا,MA-MEK,MA-03,Fès-Meknès,2,prefecture,Prefecture,Meknès,,Meknès,true,ISO_3166_2,https://www.iso.org/obp/ui/#search,ISO 3166-2 subdivisions via pycountry/isocodes,REFERENCE_DATA_IMPORTED,NEEDS_AR_TRANSLATION,2026-08-05,Administrative subdivision only; cities are imported in later city files.
UPSERT,reg_ma_mid,MA,MAR,Morocco,المغرب,Kingdom of Morocco,Africa,إفريقيا,Northern Africa,شمال إفريقيا,MA-MID,MA-08,Drâa-Tafilalet,2,province,Province,Midelt,,Midelt,true,ISO_3166_2,https://www.iso.org/obp/ui/#search,ISO 3166-2 subdivisions via pycountry/isocodes,REFERENCE_DATA_IMPORTED,NEEDS_AR_TRANSLATION,2026-08-05,Administrative subdivision only; cities are imported in later city files.
UPSERT,reg_ma_moh,MA,MAR,Morocco,المغرب,Kingdom of Morocco,Africa,إفريقيا,Northern Africa,شمال إفريقيا,MA-MOH,MA-06,Casablanca-Settat,2,prefecture,Prefecture,Mohammadia,,Mohammadia,true,ISO_3166_2,https://www.iso.org/obp/ui/#search,ISO 3166-2 subdivisions via pycountry/isocodes,REFERENCE_DATA_IMPORTED,NEEDS_AR_TRANSLATION,2026-08-05,Administrative subdivision only; cities are imported in later city files.
UPSERT,reg_ma_mou,MA,MAR,Morocco,المغرب,Kingdom of Morocco,Africa,إفريقيا,Northern Africa,شمال إفريقيا,MA-MOU,MA-03,Fès-Meknès,2,province,Province,Moulay Yacoub,,Moulay Yacoub,true,ISO_3166_2,https://www.iso.org/obp/ui/#search,ISO 3166-2 subdivisions via pycountry/isocodes,REFERENCE_DATA_IMPORTED,NEEDS_AR_TRANSLATION,2026-08-05,Administrative subdivision only; cities are imported in later city files.
UPSERT,reg_ma_nad,MA,MAR,Morocco,المغرب,Kingdom of Morocco,Africa,إفريقيا,Northern Africa,شمال إفريقيا,MA-NAD,MA-02,L'Oriental,2,province,Province,Nador,,Nador,true,ISO_3166_2,https://www.iso.org/obp/ui/#search,ISO 3166-2 subdivisions via pycountry/isocodes,REFERENCE_DATA_IMPORTED,NEEDS_AR_TRANSLATION,2026-08-05,Administrative subdivision only; cities are imported in later city files.
UPSERT,reg_ma_nou,MA,MAR,Morocco,المغرب,Kingdom of Morocco,Africa,إفريقيا,Northern Africa,شمال إفريقيا,MA-NOU,MA-04,Rabat-Salé-Kénitra,2,province,Province,Nouaceur,,Nouaceur,true,ISO_3166_2,https://www.iso.org/obp/ui/#search,ISO 3166-2 subdivisions via pycountry/isocodes,REFERENCE_DATA_IMPORTED,NEEDS_AR_TRANSLATION,2026-08-05,Administrative subdivision only; cities are imported in later city files.
UPSERT,reg_ma_oua,MA,MAR,Morocco,المغرب,Kingdom of Morocco,Africa,إفريقيا,Northern Africa,شمال إفريقيا,MA-OUA,MA-08,Drâa-Tafilalet,2,province,Province,Ouarzazate,,Ouarzazate,true,ISO_3166_2,https://www.iso.org/obp/ui/#search,ISO 3166-2 subdivisions via pycountry/isocodes,REFERENCE_DATA_IMPORTED,NEEDS_AR_TRANSLATION,2026-08-05,Administrative subdivision only; cities are imported in later city files.
UPSERT,reg_ma_oud,MA,MAR,Morocco,المغرب,Kingdom of Morocco,Africa,إفريقيا,Northern Africa,شمال إفريقيا,MA-OUD,MA-12,Dakhla-Oued Ed-Dahab (EH),2,province,Province,Oued Ed-Dahab (EH),,Oued Ed-Dahab (EH),true,ISO_3166_2,https://www.iso.org/obp/ui/#search,ISO 3166-2 subdivisions via pycountry/isocodes,REFERENCE_DATA_IMPORTED,NEEDS_AR_TRANSLATION,2026-08-05,Administrative subdivision only; cities are imported in later city files.
UPSERT,reg_ma_ouj,MA,MAR,Morocco,المغرب,Kingdom of Morocco,Africa,إفريقيا,Northern Africa,شمال إفريقيا,MA-OUJ,MA-02,L'Oriental,2,prefecture,Prefecture,Oujda-Angad,,Oujda-Angad,true,ISO_3166_2,https://www.iso.org/obp/ui/#search,ISO 3166-2 subdivisions via pycountry/isocodes,REFERENCE_DATA_IMPORTED,NEEDS_AR_TRANSLATION,2026-08-05,Administrative subdivision only; cities are imported in later city files.
UPSERT,reg_ma_ouz,MA,MAR,Morocco,المغرب,Kingdom of Morocco,Africa,إفريقيا,Northern Africa,شمال إفريقيا,MA-OUZ,MA-01,Tanger-Tétouan-Al Hoceïma,2,province,Province,Ouezzane,,Ouezzane,true,ISO_3166_2,https://www.iso.org/obp/ui/#search,ISO 3166-2 subdivisions via pycountry/isocodes,REFERENCE_DATA_IMPORTED,NEEDS_AR_TRANSLATION,2026-08-05,Administrative subdivision only; cities are imported in later city files.
UPSERT,reg_ma_rab,MA,MAR,Morocco,المغرب,Kingdom of Morocco,Africa,إفريقيا,Northern Africa,شمال إفريقيا,MA-RAB,MA-04,Rabat-Salé-Kénitra,2,prefecture,Prefecture,Rabat,,Rabat,true,ISO_3166_2,https://www.iso.org/obp/ui/#search,ISO 3166-2 subdivisions via pycountry/isocodes,REFERENCE_DATA_IMPORTED,NEEDS_AR_TRANSLATION,2026-08-05,Administrative subdivision only; cities are imported in later city files.
UPSERT,reg_ma_reh,MA,MAR,Morocco,المغرب,Kingdom of Morocco,Africa,إفريقيا,Northern Africa,شمال إفريقيا,MA-REH,MA-07,Marrakech-Safi,2,province,Province,Rehamna,,Rehamna,true,ISO_3166_2,https://www.iso.org/obp/ui/#search,ISO 3166-2 subdivisions via pycountry/isocodes,REFERENCE_DATA_IMPORTED,NEEDS_AR_TRANSLATION,2026-08-05,Administrative subdivision only; cities are imported in later city files.
UPSERT,reg_ma_saf,MA,MAR,Morocco,المغرب,Kingdom of Morocco,Africa,إفريقيا,Northern Africa,شمال إفريقيا,MA-SAF,MA-07,Marrakech-Safi,2,province,Province,Safi,,Safi,true,ISO_3166_2,https://www.iso.org/obp/ui/#search,ISO 3166-2 subdivisions via pycountry/isocodes,REFERENCE_DATA_IMPORTED,NEEDS_AR_TRANSLATION,2026-08-05,Administrative subdivision only; cities are imported in later city files.
UPSERT,reg_ma_sal,MA,MAR,Morocco,المغرب,Kingdom of Morocco,Africa,إفريقيا,Northern Africa,شمال إفريقيا,MA-SAL,MA-04,Rabat-Salé-Kénitra,2,prefecture,Prefecture,Salé,,Salé,true,ISO_3166_2,https://www.iso.org/obp/ui/#search,ISO 3166-2 subdivisions via pycountry/isocodes,REFERENCE_DATA_IMPORTED,NEEDS_AR_TRANSLATION,2026-08-05,Administrative subdivision only; cities are imported in later city files.
UPSERT,reg_ma_sef,MA,MAR,Morocco,المغرب,Kingdom of Morocco,Africa,إفريقيا,Northern Africa,شمال إفريقيا,MA-SEF,MA-03,Fès-Meknès,2,province,Province,Sefrou,,Sefrou,true,ISO_3166_2,https://www.iso.org/obp/ui/#search,ISO 3166-2 subdivisions via pycountry/isocodes,REFERENCE_DATA_IMPORTED,NEEDS_AR_TRANSLATION,2026-08-05,Administrative subdivision only; cities are imported in later city files.
UPSERT,reg_ma_set,MA,MAR,Morocco,المغرب,Kingdom of Morocco,Africa,إفريقيا,Northern Africa,شمال إفريقيا,MA-SET,MA-06,Casablanca-Settat,2,province,Province,Settat,,Settat,true,ISO_3166_2,https://www.iso.org/obp/ui/#search,ISO 3166-2 subdivisions via pycountry/isocodes,REFERENCE_DATA_IMPORTED,NEEDS_AR_TRANSLATION,2026-08-05,Administrative subdivision only; cities are imported in later city files.
UPSERT,reg_ma_sib,MA,MAR,Morocco,المغرب,Kingdom of Morocco,Africa,إفريقيا,Northern Africa,شمال إفريقيا,MA-SIB,MA-06,Casablanca-Settat,2,province,Province,Sidi Bennour,,Sidi Bennour,true,ISO_3166_2,https://www.iso.org/obp/ui/#search,ISO 3166-2 subdivisions via pycountry/isocodes,REFERENCE_DATA_IMPORTED,NEEDS_AR_TRANSLATION,2026-08-05,Administrative subdivision only; cities are imported in later city files.
UPSERT,reg_ma_sif,MA,MAR,Morocco,المغرب,Kingdom of Morocco,Africa,إفريقيا,Northern Africa,شمال إفريقيا,MA-SIF,MA-10,Guelmim-Oued Noun (EH-partial),2,province,Province,Sidi Ifni,,Sidi Ifni,true,ISO_3166_2,https://www.iso.org/obp/ui/#search,ISO 3166-2 subdivisions via pycountry/isocodes,REFERENCE_DATA_IMPORTED,NEEDS_AR_TRANSLATION,2026-08-05,Administrative subdivision only; cities are imported in later city files.
UPSERT,reg_ma_sik,MA,MAR,Morocco,المغرب,Kingdom of Morocco,Africa,إفريقيا,Northern Africa,شمال إفريقيا,MA-SIK,MA-04,Rabat-Salé-Kénitra,2,province,Province,Sidi Kacem,,Sidi Kacem,true,ISO_3166_2,https://www.iso.org/obp/ui/#search,ISO 3166-2 subdivisions via pycountry/isocodes,REFERENCE_DATA_IMPORTED,NEEDS_AR_TRANSLATION,2026-08-05,Administrative subdivision only; cities are imported in later city files.
UPSERT,reg_ma_sil,MA,MAR,Morocco,المغرب,Kingdom of Morocco,Africa,إفريقيا,Northern Africa,شمال إفريقيا,MA-SIL,MA-04,Rabat-Salé-Kénitra,2,province,Province,Sidi Slimane,,Sidi Slimane,true,ISO_3166_2,https://www.iso.org/obp/ui/#search,ISO 3166-2 subdivisions via pycountry/isocodes,REFERENCE_DATA_IMPORTED,NEEDS_AR_TRANSLATION,2026-08-05,Administrative subdivision only; cities are imported in later city files.
UPSERT,reg_ma_skh,MA,MAR,Morocco,المغرب,Kingdom of Morocco,Africa,إفريقيا,Northern Africa,شمال إفريقيا,MA-SKH,MA-04,Rabat-Salé-Kénitra,2,prefecture,Prefecture,Skhirate-Témara,,Skhirate-Témara,true,ISO_3166_2,https://www.iso.org/obp/ui/#search,ISO 3166-2 subdivisions via pycountry/isocodes,REFERENCE_DATA_IMPORTED,NEEDS_AR_TRANSLATION,2026-08-05,Administrative subdivision only; cities are imported in later city files.
UPSERT,reg_ma_taf,MA,MAR,Morocco,المغرب,Kingdom of Morocco,Africa,إفريقيا,Northern Africa,شمال إفريقيا,MA-TAF,MA-11,Laâyoune-Sakia El Hamra (EH-partial),2,province,Province,Tarfaya (EH-partial),,Tarfaya (EH-partial),true,ISO_3166_2,https://www.iso.org/obp/ui/#search,ISO 3166-2 subdivisions via pycountry/isocodes,REFERENCE_DATA_IMPORTED,NEEDS_AR_TRANSLATION,2026-08-05,Administrative subdivision only; cities are imported in later city files.
UPSERT,reg_ma_tai,MA,MAR,Morocco,المغرب,Kingdom of Morocco,Africa,إفريقيا,Northern Africa,شمال إفريقيا,MA-TAI,MA-02,L'Oriental,2,province,Province,Taourirt,,Taourirt,true,ISO_3166_2,https://www.iso.org/obp/ui/#search,ISO 3166-2 subdivisions via pycountry/isocodes,REFERENCE_DATA_IMPORTED,NEEDS_AR_TRANSLATION,2026-08-05,Administrative subdivision only; cities are imported in later city files.
UPSERT,reg_ma_tao,MA,MAR,Morocco,المغرب,Kingdom of Morocco,Africa,إفريقيا,Northern Africa,شمال إفريقيا,MA-TAO,MA-03,Fès-Meknès,2,province,Province,Taounate,,Taounate,true,ISO_3166_2,https://www.iso.org/obp/ui/#search,ISO 3166-2 subdivisions via pycountry/isocodes,REFERENCE_DATA_IMPORTED,NEEDS_AR_TRANSLATION,2026-08-05,Administrative subdivision only; cities are imported in later city files.
UPSERT,reg_ma_tar,MA,MAR,Morocco,المغرب,Kingdom of Morocco,Africa,إفريقيا,Northern Africa,شمال إفريقيا,MA-TAR,MA-09,Souss-Massa,2,province,Province,Taroudannt,,Taroudannt,true,ISO_3166_2,https://www.iso.org/obp/ui/#search,ISO 3166-2 subdivisions via pycountry/isocodes,REFERENCE_DATA_IMPORTED,NEEDS_AR_TRANSLATION,2026-08-05,Administrative subdivision only; cities are imported in later city files.
UPSERT,reg_ma_tat,MA,MAR,Morocco,المغرب,Kingdom of Morocco,Africa,إفريقيا,Northern Africa,شمال إفريقيا,MA-TAT,MA-09,Souss-Massa,2,province,Province,Tata,,Tata,true,ISO_3166_2,https://www.iso.org/obp/ui/#search,ISO 3166-2 subdivisions via pycountry/isocodes,REFERENCE_DATA_IMPORTED,NEEDS_AR_TRANSLATION,2026-08-05,Administrative subdivision only; cities are imported in later city files.
UPSERT,reg_ma_taz,MA,MAR,Morocco,المغرب,Kingdom of Morocco,Africa,إفريقيا,Northern Africa,شمال إفريقيا,MA-TAZ,MA-03,Fès-Meknès,2,province,Province,Taza,,Taza,true,ISO_3166_2,https://www.iso.org/obp/ui/#search,ISO 3166-2 subdivisions via pycountry/isocodes,REFERENCE_DATA_IMPORTED,NEEDS_AR_TRANSLATION,2026-08-05,Administrative subdivision only; cities are imported in later city files.
UPSERT,reg_ma_tet,MA,MAR,Morocco,المغرب,Kingdom of Morocco,Africa,إفريقيا,Northern Africa,شمال إفريقيا,MA-TET,MA-01,Tanger-Tétouan-Al Hoceïma,2,province,Province,Tétouan,,Tétouan,true,ISO_3166_2,https://www.iso.org/obp/ui/#search,ISO 3166-2 subdivisions via pycountry/isocodes,REFERENCE_DATA_IMPORTED,NEEDS_AR_TRANSLATION,2026-08-05,Administrative subdivision only; cities are imported in later city files.
UPSERT,reg_ma_tin,MA,MAR,Morocco,المغرب,Kingdom of Morocco,Africa,إفريقيا,Northern Africa,شمال إفريقيا,MA-TIN,MA-08,Drâa-Tafilalet,2,province,Province,Tinghir,,Tinghir,true,ISO_3166_2,https://www.iso.org/obp/ui/#search,ISO 3166-2 subdivisions via pycountry/isocodes,REFERENCE_DATA_IMPORTED,NEEDS_AR_TRANSLATION,2026-08-05,Administrative subdivision only; cities are imported in later city files.
UPSERT,reg_ma_tiz,MA,MAR,Morocco,المغرب,Kingdom of Morocco,Africa,إفريقيا,Northern Africa,شمال إفريقيا,MA-TIZ,MA-09,Souss-Massa,2,province,Province,Tiznit,,Tiznit,true,ISO_3166_2,https://www.iso.org/obp/ui/#search,ISO 3166-2 subdivisions via pycountry/isocodes,REFERENCE_DATA_IMPORTED,NEEDS_AR_TRANSLATION,2026-08-05,Administrative subdivision only; cities are imported in later city files.
UPSERT,reg_ma_tng,MA,MAR,Morocco,المغرب,Kingdom of Morocco,Africa,إفريقيا,Northern Africa,شمال إفريقيا,MA-TNG,MA-01,Tanger-Tétouan-Al Hoceïma,2,prefecture,Prefecture,Tanger-Assilah,,Tanger-Assilah,true,ISO_3166_2,https://www.iso.org/obp/ui/#search,ISO 3166-2 subdivisions via pycountry/isocodes,REFERENCE_DATA_IMPORTED,NEEDS_AR_TRANSLATION,2026-08-05,Administrative subdivision only; cities are imported in later city files.
UPSERT,reg_ma_tnt,MA,MAR,Morocco,المغرب,Kingdom of Morocco,Africa,إفريقيا,Northern Africa,شمال إفريقيا,MA-TNT,MA-10,Guelmim-Oued Noun (EH-partial),2,province,Province,Tan-Tan (EH-partial),,Tan-Tan (EH-partial),true,ISO_3166_2,https://www.iso.org/obp/ui/#search,ISO 3166-2 subdivisions via pycountry/isocodes,REFERENCE_DATA_IMPORTED,NEEDS_AR_TRANSLATION,2026-08-05,Administrative subdivision only; cities are imported in later city files.
UPSERT,reg_ma_yus,MA,MAR,Morocco,المغرب,Kingdom of Morocco,Africa,إفريقيا,Northern Africa,شمال إفريقيا,MA-YUS,MA-07,Marrakech-Safi,2,province,Province,Youssoufia,,Youssoufia,true,ISO_3166_2,https://www.iso.org/obp/ui/#search,ISO 3166-2 subdivisions via pycountry/isocodes,REFERENCE_DATA_IMPORTED,NEEDS_AR_TRANSLATION,2026-08-05,Administrative subdivision only; cities are imported in later city files.
UPSERT,reg_ma_zag,MA,MAR,Morocco,المغرب,Kingdom of Morocco,Africa,إفريقيا,Northern Africa,شمال إفريقيا,MA-ZAG,MA-08,Drâa-Tafilalet,2,province,Province,Zagora,,Zagora,true,ISO_3166_2,https://www.iso.org/obp/ui/#search,ISO 3166-2 subdivisions via pycountry/isocodes,REFERENCE_DATA_IMPORTED,NEEDS_AR_TRANSLATION,2026-08-05,Administrative subdivision only; cities are imported in later city files.
UPSERT,reg_mg_a,MG,MDG,Madagascar,مدغشقر,Republic of Madagascar,Africa,إفريقيا,Eastern Africa,شرق إفريقيا,MG-A,,,1,province,Province,Toamasina,,Toamasina,true,ISO_3166_2,https://www.iso.org/obp/ui/#search,ISO 3166-2 subdivisions via pycountry/isocodes,REFERENCE_DATA_IMPORTED,NEEDS_AR_TRANSLATION,2026-08-05,Administrative subdivision only; cities are imported in later city files.
UPSERT,reg_mg_d,MG,MDG,Madagascar,مدغشقر,Republic of Madagascar,Africa,إفريقيا,Eastern Africa,شرق إفريقيا,MG-D,,,1,province,Province,Antsiranana,,Antsiranana,true,ISO_3166_2,https://www.iso.org/obp/ui/#search,ISO 3166-2 subdivisions via pycountry/isocodes,REFERENCE_DATA_IMPORTED,NEEDS_AR_TRANSLATION,2026-08-05,Administrative subdivision only; cities are imported in later city files.
UPSERT,reg_mg_f,MG,MDG,Madagascar,مدغشقر,Republic of Madagascar,Africa,إفريقيا,Eastern Africa,شرق إفريقيا,MG-F,,,1,province,Province,Fianarantsoa,,Fianarantsoa,true,ISO_3166_2,https://www.iso.org/obp/ui/#search,ISO 3166-2 subdivisions via pycountry/isocodes,REFERENCE_DATA_IMPORTED,NEEDS_AR_TRANSLATION,2026-08-05,Administrative subdivision only; cities are imported in later city files.
UPSERT,reg_mg_m,MG,MDG,Madagascar,مدغشقر,Republic of Madagascar,Africa,إفريقيا,Eastern Africa,شرق إفريقيا,MG-M,,,1,province,Province,Mahajanga,,Mahajanga,true,ISO_3166_2,https://www.iso.org/obp/ui/#search,ISO 3166-2 subdivisions via pycountry/isocodes,REFERENCE_DATA_IMPORTED,NEEDS_AR_TRANSLATION,2026-08-05,Administrative subdivision only; cities are imported in later city files.
UPSERT,reg_mg_t,MG,MDG,Madagascar,مدغشقر,Republic of Madagascar,Africa,إفريقيا,Eastern Africa,شرق إفريقيا,MG-T,,,1,province,Province,Antananarivo,,Antananarivo,true,ISO_3166_2,https://www.iso.org/obp/ui/#search,ISO 3166-2 subdivisions via pycountry/isocodes,REFERENCE_DATA_IMPORTED,NEEDS_AR_TRANSLATION,2026-08-05,Administrative subdivision only; cities are imported in later city files.
UPSERT,reg_mg_u,MG,MDG,Madagascar,مدغشقر,Republic of Madagascar,Africa,إفريقيا,Eastern Africa,شرق إفريقيا,MG-U,,,1,province,Province,Toliara,,Toliara,true,ISO_3166_2,https://www.iso.org/obp/ui/#search,ISO 3166-2 subdivisions via pycountry/isocodes,REFERENCE_DATA_IMPORTED,NEEDS_AR_TRANSLATION,2026-08-05,Administrative subdivision only; cities are imported in later city files.
UPSERT,reg_ml_1,ML,MLI,Mali,مالي,Republic of Mali,Africa,إفريقيا,Western Africa,غرب إفريقيا,ML-1,,,1,region,Region,Kayes,,Kayes,true,ISO_3166_2,https://www.iso.org/obp/ui/#search,ISO 3166-2 subdivisions via pycountry/isocodes,REFERENCE_DATA_IMPORTED,NEEDS_AR_TRANSLATION,2026-08-05,Administrative subdivision only; cities are imported in later city files.
UPSERT,reg_ml_10,ML,MLI,Mali,مالي,Republic of Mali,Africa,إفريقيا,Western Africa,غرب إفريقيا,ML-10,,,1,region,Region,Taoudénit,,Taoudénit,true,ISO_3166_2,https://www.iso.org/obp/ui/#search,ISO 3166-2 subdivisions via pycountry/isocodes,REFERENCE_DATA_IMPORTED,NEEDS_AR_TRANSLATION,2026-08-05,Administrative subdivision only; cities are imported in later city files.
UPSERT,reg_ml_2,ML,MLI,Mali,مالي,Republic of Mali,Africa,إفريقيا,Western Africa,غرب إفريقيا,ML-2,,,1,region,Region,Koulikoro,,Koulikoro,true,ISO_3166_2,https://www.iso.org/obp/ui/#search,ISO 3166-2 subdivisions via pycountry/isocodes,REFERENCE_DATA_IMPORTED,NEEDS_AR_TRANSLATION,2026-08-05,Administrative subdivision only; cities are imported in later city files.
UPSERT,reg_ml_3,ML,MLI,Mali,مالي,Republic of Mali,Africa,إفريقيا,Western Africa,غرب إفريقيا,ML-3,,,1,region,Region,Sikasso,,Sikasso,true,ISO_3166_2,https://www.iso.org/obp/ui/#search,ISO 3166-2 subdivisions via pycountry/isocodes,REFERENCE_DATA_IMPORTED,NEEDS_AR_TRANSLATION,2026-08-05,Administrative subdivision only; cities are imported in later city files.
UPSERT,reg_ml_4,ML,MLI,Mali,مالي,Republic of Mali,Africa,إفريقيا,Western Africa,غرب إفريقيا,ML-4,,,1,region,Region,Ségou,,Ségou,true,ISO_3166_2,https://www.iso.org/obp/ui/#search,ISO 3166-2 subdivisions via pycountry/isocodes,REFERENCE_DATA_IMPORTED,NEEDS_AR_TRANSLATION,2026-08-05,Administrative subdivision only; cities are imported in later city files.
UPSERT,reg_ml_5,ML,MLI,Mali,مالي,Republic of Mali,Africa,إفريقيا,Western Africa,غرب إفريقيا,ML-5,,,1,region,Region,Mopti,,Mopti,true,ISO_3166_2,https://www.iso.org/obp/ui/#search,ISO 3166-2 subdivisions via pycountry/isocodes,REFERENCE_DATA_IMPORTED,NEEDS_AR_TRANSLATION,2026-08-05,Administrative subdivision only; cities are imported in later city files.
UPSERT,reg_ml_6,ML,MLI,Mali,مالي,Republic of Mali,Africa,إفريقيا,Western Africa,غرب إفريقيا,ML-6,,,1,region,Region,Tombouctou,,Tombouctou,true,ISO_3166_2,https://www.iso.org/obp/ui/#search,ISO 3166-2 subdivisions via pycountry/isocodes,REFERENCE_DATA_IMPORTED,NEEDS_AR_TRANSLATION,2026-08-05,Administrative subdivision only; cities are imported in later city files.
UPSERT,reg_ml_7,ML,MLI,Mali,مالي,Republic of Mali,Africa,إفريقيا,Western Africa,غرب إفريقيا,ML-7,,,1,region,Region,Gao,,Gao,true,ISO_3166_2,https://www.iso.org/obp/ui/#search,ISO 3166-2 subdivisions via pycountry/isocodes,REFERENCE_DATA_IMPORTED,NEEDS_AR_TRANSLATION,2026-08-05,Administrative subdivision only; cities are imported in later city files.
UPSERT,reg_ml_8,ML,MLI,Mali,مالي,Republic of Mali,Africa,إفريقيا,Western Africa,غرب إفريقيا,ML-8,,,1,region,Region,Kidal,,Kidal,true,ISO_3166_2,https://www.iso.org/obp/ui/#search,ISO 3166-2 subdivisions via pycountry/isocodes,REFERENCE_DATA_IMPORTED,NEEDS_AR_TRANSLATION,2026-08-05,Administrative subdivision only; cities are imported in later city files.
UPSERT,reg_ml_9,ML,MLI,Mali,مالي,Republic of Mali,Africa,إفريقيا,Western Africa,غرب إفريقيا,ML-9,,,1,region,Region,Ménaka,,Ménaka,true,ISO_3166_2,https://www.iso.org/obp/ui/#search,ISO 3166-2 subdivisions via pycountry/isocodes,REFERENCE_DATA_IMPORTED,NEEDS_AR_TRANSLATION,2026-08-05,Administrative subdivision only; cities are imported in later city files.
UPSERT,reg_ml_bko,ML,MLI,Mali,مالي,Republic of Mali,Africa,إفريقيا,Western Africa,غرب إفريقيا,ML-BKO,,,1,district,District,Bamako,,Bamako,true,ISO_3166_2,https://www.iso.org/obp/ui/#search,ISO 3166-2 subdivisions via pycountry/isocodes,REFERENCE_DATA_IMPORTED,NEEDS_AR_TRANSLATION,2026-08-05,Administrative subdivision only; cities are imported in later city files.
UPSERT,reg_mr_01,MR,MRT,Mauritania,موريتانيا,Islamic Republic of Mauritania,Africa,إفريقيا,Western Africa,غرب إفريقيا,MR-01,,,1,region,Region,Hodh ech Chargui,,Hodh ech Chargui,true,ISO_3166_2,https://www.iso.org/obp/ui/#search,ISO 3166-2 subdivisions via pycountry/isocodes,REFERENCE_DATA_IMPORTED,NEEDS_AR_TRANSLATION,2026-08-05,Administrative subdivision only; cities are imported in later city files.
UPSERT,reg_mr_02,MR,MRT,Mauritania,موريتانيا,Islamic Republic of Mauritania,Africa,إفريقيا,Western Africa,غرب إفريقيا,MR-02,,,1,region,Region,Hodh el Gharbi,,Hodh el Gharbi,true,ISO_3166_2,https://www.iso.org/obp/ui/#search,ISO 3166-2 subdivisions via pycountry/isocodes,REFERENCE_DATA_IMPORTED,NEEDS_AR_TRANSLATION,2026-08-05,Administrative subdivision only; cities are imported in later city files.
UPSERT,reg_mr_03,MR,MRT,Mauritania,موريتانيا,Islamic Republic of Mauritania,Africa,إفريقيا,Western Africa,غرب إفريقيا,MR-03,,,1,region,Region,Assaba,,Assaba,true,ISO_3166_2,https://www.iso.org/obp/ui/#search,ISO 3166-2 subdivisions via pycountry/isocodes,REFERENCE_DATA_IMPORTED,NEEDS_AR_TRANSLATION,2026-08-05,Administrative subdivision only; cities are imported in later city files.
UPSERT,reg_mr_04,MR,MRT,Mauritania,موريتانيا,Islamic Republic of Mauritania,Africa,إفريقيا,Western Africa,غرب إفريقيا,MR-04,,,1,region,Region,Gorgol,,Gorgol,true,ISO_3166_2,https://www.iso.org/obp/ui/#search,ISO 3166-2 subdivisions via pycountry/isocodes,REFERENCE_DATA_IMPORTED,NEEDS_AR_TRANSLATION,2026-08-05,Administrative subdivision only; cities are imported in later city files.
UPSERT,reg_mr_05,MR,MRT,Mauritania,موريتانيا,Islamic Republic of Mauritania,Africa,إفريقيا,Western Africa,غرب إفريقيا,MR-05,,,1,region,Region,Brakna,,Brakna,true,ISO_3166_2,https://www.iso.org/obp/ui/#search,ISO 3166-2 subdivisions via pycountry/isocodes,REFERENCE_DATA_IMPORTED,NEEDS_AR_TRANSLATION,2026-08-05,Administrative subdivision only; cities are imported in later city files.
UPSERT,reg_mr_06,MR,MRT,Mauritania,موريتانيا,Islamic Republic of Mauritania,Africa,إفريقيا,Western Africa,غرب إفريقيا,MR-06,,,1,region,Region,Trarza,,Trarza,true,ISO_3166_2,https://www.iso.org/obp/ui/#search,ISO 3166-2 subdivisions via pycountry/isocodes,REFERENCE_DATA_IMPORTED,NEEDS_AR_TRANSLATION,2026-08-05,Administrative subdivision only; cities are imported in later city files.
UPSERT,reg_mr_07,MR,MRT,Mauritania,موريتانيا,Islamic Republic of Mauritania,Africa,إفريقيا,Western Africa,غرب إفريقيا,MR-07,,,1,region,Region,Adrar,,Adrar,true,ISO_3166_2,https://www.iso.org/obp/ui/#search,ISO 3166-2 subdivisions via pycountry/isocodes,REFERENCE_DATA_IMPORTED,NEEDS_AR_TRANSLATION,2026-08-05,Administrative subdivision only; cities are imported in later city files.
UPSERT,reg_mr_08,MR,MRT,Mauritania,موريتانيا,Islamic Republic of Mauritania,Africa,إفريقيا,Western Africa,غرب إفريقيا,MR-08,,,1,region,Region,Dakhlet Nouâdhibou,,Dakhlet Nouâdhibou,true,ISO_3166_2,https://www.iso.org/obp/ui/#search,ISO 3166-2 subdivisions via pycountry/isocodes,REFERENCE_DATA_IMPORTED,NEEDS_AR_TRANSLATION,2026-08-05,Administrative subdivision only; cities are imported in later city files.
UPSERT,reg_mr_09,MR,MRT,Mauritania,موريتانيا,Islamic Republic of Mauritania,Africa,إفريقيا,Western Africa,غرب إفريقيا,MR-09,,,1,region,Region,Tagant,,Tagant,true,ISO_3166_2,https://www.iso.org/obp/ui/#search,ISO 3166-2 subdivisions via pycountry/isocodes,REFERENCE_DATA_IMPORTED,NEEDS_AR_TRANSLATION,2026-08-05,Administrative subdivision only; cities are imported in later city files.
UPSERT,reg_mr_10,MR,MRT,Mauritania,موريتانيا,Islamic Republic of Mauritania,Africa,إفريقيا,Western Africa,غرب إفريقيا,MR-10,,,1,region,Region,Guidimaka,,Guidimaka,true,ISO_3166_2,https://www.iso.org/obp/ui/#search,ISO 3166-2 subdivisions via pycountry/isocodes,REFERENCE_DATA_IMPORTED,NEEDS_AR_TRANSLATION,2026-08-05,Administrative subdivision only; cities are imported in later city files.
UPSERT,reg_mr_11,MR,MRT,Mauritania,موريتانيا,Islamic Republic of Mauritania,Africa,إفريقيا,Western Africa,غرب إفريقيا,MR-11,,,1,region,Region,Tiris Zemmour,,Tiris Zemmour,true,ISO_3166_2,https://www.iso.org/obp/ui/#search,ISO 3166-2 subdivisions via pycountry/isocodes,REFERENCE_DATA_IMPORTED,NEEDS_AR_TRANSLATION,2026-08-05,Administrative subdivision only; cities are imported in later city files.
UPSERT,reg_mr_12,MR,MRT,Mauritania,موريتانيا,Islamic Republic of Mauritania,Africa,إفريقيا,Western Africa,غرب إفريقيا,MR-12,,,1,region,Region,Inchiri,,Inchiri,true,ISO_3166_2,https://www.iso.org/obp/ui/#search,ISO 3166-2 subdivisions via pycountry/isocodes,REFERENCE_DATA_IMPORTED,NEEDS_AR_TRANSLATION,2026-08-05,Administrative subdivision only; cities are imported in later city files.
UPSERT,reg_mr_13,MR,MRT,Mauritania,موريتانيا,Islamic Republic of Mauritania,Africa,إفريقيا,Western Africa,غرب إفريقيا,MR-13,,,1,region,Region,Nouakchott Ouest,,Nouakchott Ouest,true,ISO_3166_2,https://www.iso.org/obp/ui/#search,ISO 3166-2 subdivisions via pycountry/isocodes,REFERENCE_DATA_IMPORTED,NEEDS_AR_TRANSLATION,2026-08-05,Administrative subdivision only; cities are imported in later city files.
UPSERT,reg_mr_14,MR,MRT,Mauritania,موريتانيا,Islamic Republic of Mauritania,Africa,إفريقيا,Western Africa,غرب إفريقيا,MR-14,,,1,region,Region,Nouakchott Nord,,Nouakchott Nord,true,ISO_3166_2,https://www.iso.org/obp/ui/#search,ISO 3166-2 subdivisions via pycountry/isocodes,REFERENCE_DATA_IMPORTED,NEEDS_AR_TRANSLATION,2026-08-05,Administrative subdivision only; cities are imported in later city files.
UPSERT,reg_mr_15,MR,MRT,Mauritania,موريتانيا,Islamic Republic of Mauritania,Africa,إفريقيا,Western Africa,غرب إفريقيا,MR-15,,,1,region,Region,Nouakchott Sud,,Nouakchott Sud,true,ISO_3166_2,https://www.iso.org/obp/ui/#search,ISO 3166-2 subdivisions via pycountry/isocodes,REFERENCE_DATA_IMPORTED,NEEDS_AR_TRANSLATION,2026-08-05,Administrative subdivision only; cities are imported in later city files.
UPSERT,reg_mu_ag,MU,MUS,Mauritius,موريشيوس,Republic of Mauritius,Africa,إفريقيا,Eastern Africa,شرق إفريقيا,MU-AG,,,1,dependency,Dependency,Agalega Islands,,Agalega Islands,true,ISO_3166_2,https://www.iso.org/obp/ui/#search,ISO 3166-2 subdivisions via pycountry/isocodes,REFERENCE_DATA_IMPORTED,NEEDS_AR_TRANSLATION,2026-08-05,Administrative subdivision only; cities are imported in later city files.
UPSERT,reg_mu_bl,MU,MUS,Mauritius,موريشيوس,Republic of Mauritius,Africa,إفريقيا,Eastern Africa,شرق إفريقيا,MU-BL,,,1,district,District,Black River,,Black River,true,ISO_3166_2,https://www.iso.org/obp/ui/#search,ISO 3166-2 subdivisions via pycountry/isocodes,REFERENCE_DATA_IMPORTED,NEEDS_AR_TRANSLATION,2026-08-05,Administrative subdivision only; cities are imported in later city files.
UPSERT,reg_mu_cc,MU,MUS,Mauritius,موريشيوس,Republic of Mauritius,Africa,إفريقيا,Eastern Africa,شرق إفريقيا,MU-CC,,,1,dependency,Dependency,Cargados Carajos Shoals,,Cargados Carajos Shoals,true,ISO_3166_2,https://www.iso.org/obp/ui/#search,ISO 3166-2 subdivisions via pycountry/isocodes,REFERENCE_DATA_IMPORTED,NEEDS_AR_TRANSLATION,2026-08-05,Administrative subdivision only; cities are imported in later city files.
UPSERT,reg_mu_fl,MU,MUS,Mauritius,موريشيوس,Republic of Mauritius,Africa,إفريقيا,Eastern Africa,شرق إفريقيا,MU-FL,,,1,district,District,Flacq,,Flacq,true,ISO_3166_2,https://www.iso.org/obp/ui/#search,ISO 3166-2 subdivisions via pycountry/isocodes,REFERENCE_DATA_IMPORTED,NEEDS_AR_TRANSLATION,2026-08-05,Administrative subdivision only; cities are imported in later city files.
UPSERT,reg_mu_gp,MU,MUS,Mauritius,موريشيوس,Republic of Mauritius,Africa,إفريقيا,Eastern Africa,شرق إفريقيا,MU-GP,,,1,district,District,Grand Port,,Grand Port,true,ISO_3166_2,https://www.iso.org/obp/ui/#search,ISO 3166-2 subdivisions via pycountry/isocodes,REFERENCE_DATA_IMPORTED,NEEDS_AR_TRANSLATION,2026-08-05,Administrative subdivision only; cities are imported in later city files.
UPSERT,reg_mu_mo,MU,MUS,Mauritius,موريشيوس,Republic of Mauritius,Africa,إفريقيا,Eastern Africa,شرق إفريقيا,MU-MO,,,1,district,District,Moka,,Moka,true,ISO_3166_2,https://www.iso.org/obp/ui/#search,ISO 3166-2 subdivisions via pycountry/isocodes,REFERENCE_DATA_IMPORTED,NEEDS_AR_TRANSLATION,2026-08-05,Administrative subdivision only; cities are imported in later city files.
UPSERT,reg_mu_pa,MU,MUS,Mauritius,موريشيوس,Republic of Mauritius,Africa,إفريقيا,Eastern Africa,شرق إفريقيا,MU-PA,,,1,district,District,Pamplemousses,,Pamplemousses,true,ISO_3166_2,https://www.iso.org/obp/ui/#search,ISO 3166-2 subdivisions via pycountry/isocodes,REFERENCE_DATA_IMPORTED,NEEDS_AR_TRANSLATION,2026-08-05,Administrative subdivision only; cities are imported in later city files.
UPSERT,reg_mu_pl,MU,MUS,Mauritius,موريشيوس,Republic of Mauritius,Africa,إفريقيا,Eastern Africa,شرق إفريقيا,MU-PL,,,1,district,District,Port Louis,,Port Louis,true,ISO_3166_2,https://www.iso.org/obp/ui/#search,ISO 3166-2 subdivisions via pycountry/isocodes,REFERENCE_DATA_IMPORTED,NEEDS_AR_TRANSLATION,2026-08-05,Administrative subdivision only; cities are imported in later city files.
UPSERT,reg_mu_pw,MU,MUS,Mauritius,موريشيوس,Republic of Mauritius,Africa,إفريقيا,Eastern Africa,شرق إفريقيا,MU-PW,,,1,district,District,Plaines Wilhems,,Plaines Wilhems,true,ISO_3166_2,https://www.iso.org/obp/ui/#search,ISO 3166-2 subdivisions via pycountry/isocodes,REFERENCE_DATA_IMPORTED,NEEDS_AR_TRANSLATION,2026-08-05,Administrative subdivision only; cities are imported in later city files.
UPSERT,reg_mu_ro,MU,MUS,Mauritius,موريشيوس,Republic of Mauritius,Africa,إفريقيا,Eastern Africa,شرق إفريقيا,MU-RO,,,1,dependency,Dependency,Rodrigues Island,,Rodrigues Island,true,ISO_3166_2,https://www.iso.org/obp/ui/#search,ISO 3166-2 subdivisions via pycountry/isocodes,REFERENCE_DATA_IMPORTED,NEEDS_AR_TRANSLATION,2026-08-05,Administrative subdivision only; cities are imported in later city files.
UPSERT,reg_mu_rr,MU,MUS,Mauritius,موريشيوس,Republic of Mauritius,Africa,إفريقيا,Eastern Africa,شرق إفريقيا,MU-RR,,,1,district,District,Rivière du Rempart,,Rivière du Rempart,true,ISO_3166_2,https://www.iso.org/obp/ui/#search,ISO 3166-2 subdivisions via pycountry/isocodes,REFERENCE_DATA_IMPORTED,NEEDS_AR_TRANSLATION,2026-08-05,Administrative subdivision only; cities are imported in later city files.
UPSERT,reg_mu_sa,MU,MUS,Mauritius,موريشيوس,Republic of Mauritius,Africa,إفريقيا,Eastern Africa,شرق إفريقيا,MU-SA,,,1,district,District,Savanne,,Savanne,true,ISO_3166_2,https://www.iso.org/obp/ui/#search,ISO 3166-2 subdivisions via pycountry/isocodes,REFERENCE_DATA_IMPORTED,NEEDS_AR_TRANSLATION,2026-08-05,Administrative subdivision only; cities are imported in later city files.
UPSERT,reg_mw_ba,MW,MWI,Malawi,ملاوي,Republic of Malawi,Africa,إفريقيا,Eastern Africa,شرق إفريقيا,MW-BA,MW-S,Southern Region,2,district,District,Balaka,,Balaka,true,ISO_3166_2,https://www.iso.org/obp/ui/#search,ISO 3166-2 subdivisions via pycountry/isocodes,REFERENCE_DATA_IMPORTED,NEEDS_AR_TRANSLATION,2026-08-05,Administrative subdivision only; cities are imported in later city files.
UPSERT,reg_mw_bl,MW,MWI,Malawi,ملاوي,Republic of Malawi,Africa,إفريقيا,Eastern Africa,شرق إفريقيا,MW-BL,MW-S,Southern Region,2,district,District,Blantyre,,Blantyre,true,ISO_3166_2,https://www.iso.org/obp/ui/#search,ISO 3166-2 subdivisions via pycountry/isocodes,REFERENCE_DATA_IMPORTED,NEEDS_AR_TRANSLATION,2026-08-05,Administrative subdivision only; cities are imported in later city files.
UPSERT,reg_mw_c,MW,MWI,Malawi,ملاوي,Republic of Malawi,Africa,إفريقيا,Eastern Africa,شرق إفريقيا,MW-C,,,1,region,Region,Central Region,,Central Region,true,ISO_3166_2,https://www.iso.org/obp/ui/#search,ISO 3166-2 subdivisions via pycountry/isocodes,REFERENCE_DATA_IMPORTED,NEEDS_AR_TRANSLATION,2026-08-05,Administrative subdivision only; cities are imported in later city files.
UPSERT,reg_mw_ck,MW,MWI,Malawi,ملاوي,Republic of Malawi,Africa,إفريقيا,Eastern Africa,شرق إفريقيا,MW-CK,MW-S,Southern Region,2,district,District,Chikwawa,,Chikwawa,true,ISO_3166_2,https://www.iso.org/obp/ui/#search,ISO 3166-2 subdivisions via pycountry/isocodes,REFERENCE_DATA_IMPORTED,NEEDS_AR_TRANSLATION,2026-08-05,Administrative subdivision only; cities are imported in later city files.
UPSERT,reg_mw_cr,MW,MWI,Malawi,ملاوي,Republic of Malawi,Africa,إفريقيا,Eastern Africa,شرق إفريقيا,MW-CR,MW-S,Southern Region,2,district,District,Chiradzulu,,Chiradzulu,true,ISO_3166_2,https://www.iso.org/obp/ui/#search,ISO 3166-2 subdivisions via pycountry/isocodes,REFERENCE_DATA_IMPORTED,NEEDS_AR_TRANSLATION,2026-08-05,Administrative subdivision only; cities are imported in later city files.
UPSERT,reg_mw_ct,MW,MWI,Malawi,ملاوي,Republic of Malawi,Africa,إفريقيا,Eastern Africa,شرق إفريقيا,MW-CT,MW-N,Northern Region,2,district,District,Chitipa,,Chitipa,true,ISO_3166_2,https://www.iso.org/obp/ui/#search,ISO 3166-2 subdivisions via pycountry/isocodes,REFERENCE_DATA_IMPORTED,NEEDS_AR_TRANSLATION,2026-08-05,Administrative subdivision only; cities are imported in later city files.
UPSERT,reg_mw_de,MW,MWI,Malawi,ملاوي,Republic of Malawi,Africa,إفريقيا,Eastern Africa,شرق إفريقيا,MW-DE,MW-C,Central Region,2,district,District,Dedza,,Dedza,true,ISO_3166_2,https://www.iso.org/obp/ui/#search,ISO 3166-2 subdivisions via pycountry/isocodes,REFERENCE_DATA_IMPORTED,NEEDS_AR_TRANSLATION,2026-08-05,Administrative subdivision only; cities are imported in later city files.
UPSERT,reg_mw_do,MW,MWI,Malawi,ملاوي,Republic of Malawi,Africa,إفريقيا,Eastern Africa,شرق إفريقيا,MW-DO,MW-C,Central Region,2,district,District,Dowa,,Dowa,true,ISO_3166_2,https://www.iso.org/obp/ui/#search,ISO 3166-2 subdivisions via pycountry/isocodes,REFERENCE_DATA_IMPORTED,NEEDS_AR_TRANSLATION,2026-08-05,Administrative subdivision only; cities are imported in later city files.
UPSERT,reg_mw_kr,MW,MWI,Malawi,ملاوي,Republic of Malawi,Africa,إفريقيا,Eastern Africa,شرق إفريقيا,MW-KR,MW-N,Northern Region,2,district,District,Karonga,,Karonga,true,ISO_3166_2,https://www.iso.org/obp/ui/#search,ISO 3166-2 subdivisions via pycountry/isocodes,REFERENCE_DATA_IMPORTED,NEEDS_AR_TRANSLATION,2026-08-05,Administrative subdivision only; cities are imported in later city files.
UPSERT,reg_mw_ks,MW,MWI,Malawi,ملاوي,Republic of Malawi,Africa,إفريقيا,Eastern Africa,شرق إفريقيا,MW-KS,MW-C,Central Region,2,district,District,Kasungu,,Kasungu,true,ISO_3166_2,https://www.iso.org/obp/ui/#search,ISO 3166-2 subdivisions via pycountry/isocodes,REFERENCE_DATA_IMPORTED,NEEDS_AR_TRANSLATION,2026-08-05,Administrative subdivision only; cities are imported in later city files.
UPSERT,reg_mw_li,MW,MWI,Malawi,ملاوي,Republic of Malawi,Africa,إفريقيا,Eastern Africa,شرق إفريقيا,MW-LI,MW-C,Central Region,2,district,District,Lilongwe,,Lilongwe,true,ISO_3166_2,https://www.iso.org/obp/ui/#search,ISO 3166-2 subdivisions via pycountry/isocodes,REFERENCE_DATA_IMPORTED,NEEDS_AR_TRANSLATION,2026-08-05,Administrative subdivision only; cities are imported in later city files.
UPSERT,reg_mw_lk,MW,MWI,Malawi,ملاوي,Republic of Malawi,Africa,إفريقيا,Eastern Africa,شرق إفريقيا,MW-LK,MW-N,Northern Region,2,district,District,Likoma,,Likoma,true,ISO_3166_2,https://www.iso.org/obp/ui/#search,ISO 3166-2 subdivisions via pycountry/isocodes,REFERENCE_DATA_IMPORTED,NEEDS_AR_TRANSLATION,2026-08-05,Administrative subdivision only; cities are imported in later city files.
UPSERT,reg_mw_mc,MW,MWI,Malawi,ملاوي,Republic of Malawi,Africa,إفريقيا,Eastern Africa,شرق إفريقيا,MW-MC,MW-C,Central Region,2,district,District,Mchinji,,Mchinji,true,ISO_3166_2,https://www.iso.org/obp/ui/#search,ISO 3166-2 subdivisions via pycountry/isocodes,REFERENCE_DATA_IMPORTED,NEEDS_AR_TRANSLATION,2026-08-05,Administrative subdivision only; cities are imported in later city files.
UPSERT,reg_mw_mg,MW,MWI,Malawi,ملاوي,Republic of Malawi,Africa,إفريقيا,Eastern Africa,شرق إفريقيا,MW-MG,MW-S,Southern Region,2,district,District,Mangochi,,Mangochi,true,ISO_3166_2,https://www.iso.org/obp/ui/#search,ISO 3166-2 subdivisions via pycountry/isocodes,REFERENCE_DATA_IMPORTED,NEEDS_AR_TRANSLATION,2026-08-05,Administrative subdivision only; cities are imported in later city files.
UPSERT,reg_mw_mh,MW,MWI,Malawi,ملاوي,Republic of Malawi,Africa,إفريقيا,Eastern Africa,شرق إفريقيا,MW-MH,MW-S,Southern Region,2,district,District,Machinga,,Machinga,true,ISO_3166_2,https://www.iso.org/obp/ui/#search,ISO 3166-2 subdivisions via pycountry/isocodes,REFERENCE_DATA_IMPORTED,NEEDS_AR_TRANSLATION,2026-08-05,Administrative subdivision only; cities are imported in later city files.
UPSERT,reg_mw_mu,MW,MWI,Malawi,ملاوي,Republic of Malawi,Africa,إفريقيا,Eastern Africa,شرق إفريقيا,MW-MU,MW-S,Southern Region,2,district,District,Mulanje,,Mulanje,true,ISO_3166_2,https://www.iso.org/obp/ui/#search,ISO 3166-2 subdivisions via pycountry/isocodes,REFERENCE_DATA_IMPORTED,NEEDS_AR_TRANSLATION,2026-08-05,Administrative subdivision only; cities are imported in later city files.
UPSERT,reg_mw_mw,MW,MWI,Malawi,ملاوي,Republic of Malawi,Africa,إفريقيا,Eastern Africa,شرق إفريقيا,MW-MW,MW-S,Southern Region,2,district,District,Mwanza,,Mwanza,true,ISO_3166_2,https://www.iso.org/obp/ui/#search,ISO 3166-2 subdivisions via pycountry/isocodes,REFERENCE_DATA_IMPORTED,NEEDS_AR_TRANSLATION,2026-08-05,Administrative subdivision only; cities are imported in later city files.
UPSERT,reg_mw_mz,MW,MWI,Malawi,ملاوي,Republic of Malawi,Africa,إفريقيا,Eastern Africa,شرق إفريقيا,MW-MZ,MW-N,Northern Region,2,district,District,Mzimba,,Mzimba,true,ISO_3166_2,https://www.iso.org/obp/ui/#search,ISO 3166-2 subdivisions via pycountry/isocodes,REFERENCE_DATA_IMPORTED,NEEDS_AR_TRANSLATION,2026-08-05,Administrative subdivision only; cities are imported in later city files.
UPSERT,reg_mw_n,MW,MWI,Malawi,ملاوي,Republic of Malawi,Africa,إفريقيا,Eastern Africa,شرق إفريقيا,MW-N,,,1,region,Region,Northern Region,,Northern Region,true,ISO_3166_2,https://www.iso.org/obp/ui/#search,ISO 3166-2 subdivisions via pycountry/isocodes,REFERENCE_DATA_IMPORTED,NEEDS_AR_TRANSLATION,2026-08-05,Administrative subdivision only; cities are imported in later city files.
UPSERT,reg_mw_nb,MW,MWI,Malawi,ملاوي,Republic of Malawi,Africa,إفريقيا,Eastern Africa,شرق إفريقيا,MW-NB,MW-N,Northern Region,2,district,District,Nkhata Bay,,Nkhata Bay,true,ISO_3166_2,https://www.iso.org/obp/ui/#search,ISO 3166-2 subdivisions via pycountry/isocodes,REFERENCE_DATA_IMPORTED,NEEDS_AR_TRANSLATION,2026-08-05,Administrative subdivision only; cities are imported in later city files.
UPSERT,reg_mw_ne,MW,MWI,Malawi,ملاوي,Republic of Malawi,Africa,إفريقيا,Eastern Africa,شرق إفريقيا,MW-NE,MW-S,Southern Region,2,district,District,Neno,,Neno,true,ISO_3166_2,https://www.iso.org/obp/ui/#search,ISO 3166-2 subdivisions via pycountry/isocodes,REFERENCE_DATA_IMPORTED,NEEDS_AR_TRANSLATION,2026-08-05,Administrative subdivision only; cities are imported in later city files.
UPSERT,reg_mw_ni,MW,MWI,Malawi,ملاوي,Republic of Malawi,Africa,إفريقيا,Eastern Africa,شرق إفريقيا,MW-NI,MW-C,Central Region,2,district,District,Ntchisi,,Ntchisi,true,ISO_3166_2,https://www.iso.org/obp/ui/#search,ISO 3166-2 subdivisions via pycountry/isocodes,REFERENCE_DATA_IMPORTED,NEEDS_AR_TRANSLATION,2026-08-05,Administrative subdivision only; cities are imported in later city files.
UPSERT,reg_mw_nk,MW,MWI,Malawi,ملاوي,Republic of Malawi,Africa,إفريقيا,Eastern Africa,شرق إفريقيا,MW-NK,MW-C,Central Region,2,district,District,Nkhotakota,,Nkhotakota,true,ISO_3166_2,https://www.iso.org/obp/ui/#search,ISO 3166-2 subdivisions via pycountry/isocodes,REFERENCE_DATA_IMPORTED,NEEDS_AR_TRANSLATION,2026-08-05,Administrative subdivision only; cities are imported in later city files.
UPSERT,reg_mw_ns,MW,MWI,Malawi,ملاوي,Republic of Malawi,Africa,إفريقيا,Eastern Africa,شرق إفريقيا,MW-NS,MW-S,Southern Region,2,district,District,Nsanje,,Nsanje,true,ISO_3166_2,https://www.iso.org/obp/ui/#search,ISO 3166-2 subdivisions via pycountry/isocodes,REFERENCE_DATA_IMPORTED,NEEDS_AR_TRANSLATION,2026-08-05,Administrative subdivision only; cities are imported in later city files.
UPSERT,reg_mw_nu,MW,MWI,Malawi,ملاوي,Republic of Malawi,Africa,إفريقيا,Eastern Africa,شرق إفريقيا,MW-NU,MW-C,Central Region,2,district,District,Ntcheu,,Ntcheu,true,ISO_3166_2,https://www.iso.org/obp/ui/#search,ISO 3166-2 subdivisions via pycountry/isocodes,REFERENCE_DATA_IMPORTED,NEEDS_AR_TRANSLATION,2026-08-05,Administrative subdivision only; cities are imported in later city files.
UPSERT,reg_mw_ph,MW,MWI,Malawi,ملاوي,Republic of Malawi,Africa,إفريقيا,Eastern Africa,شرق إفريقيا,MW-PH,MW-S,Southern Region,2,district,District,Phalombe,,Phalombe,true,ISO_3166_2,https://www.iso.org/obp/ui/#search,ISO 3166-2 subdivisions via pycountry/isocodes,REFERENCE_DATA_IMPORTED,NEEDS_AR_TRANSLATION,2026-08-05,Administrative subdivision only; cities are imported in later city files.
UPSERT,reg_mw_ru,MW,MWI,Malawi,ملاوي,Republic of Malawi,Africa,إفريقيا,Eastern Africa,شرق إفريقيا,MW-RU,MW-N,Northern Region,2,district,District,Rumphi,,Rumphi,true,ISO_3166_2,https://www.iso.org/obp/ui/#search,ISO 3166-2 subdivisions via pycountry/isocodes,REFERENCE_DATA_IMPORTED,NEEDS_AR_TRANSLATION,2026-08-05,Administrative subdivision only; cities are imported in later city files.
UPSERT,reg_mw_s,MW,MWI,Malawi,ملاوي,Republic of Malawi,Africa,إفريقيا,Eastern Africa,شرق إفريقيا,MW-S,,,1,region,Region,Southern Region,,Southern Region,true,ISO_3166_2,https://www.iso.org/obp/ui/#search,ISO 3166-2 subdivisions via pycountry/isocodes,REFERENCE_DATA_IMPORTED,NEEDS_AR_TRANSLATION,2026-08-05,Administrative subdivision only; cities are imported in later city files.
UPSERT,reg_mw_sa,MW,MWI,Malawi,ملاوي,Republic of Malawi,Africa,إفريقيا,Eastern Africa,شرق إفريقيا,MW-SA,MW-C,Central Region,2,district,District,Salima,,Salima,true,ISO_3166_2,https://www.iso.org/obp/ui/#search,ISO 3166-2 subdivisions via pycountry/isocodes,REFERENCE_DATA_IMPORTED,NEEDS_AR_TRANSLATION,2026-08-05,Administrative subdivision only; cities are imported in later city files.
UPSERT,reg_mw_th,MW,MWI,Malawi,ملاوي,Republic of Malawi,Africa,إفريقيا,Eastern Africa,شرق إفريقيا,MW-TH,MW-S,Southern Region,2,district,District,Thyolo,,Thyolo,true,ISO_3166_2,https://www.iso.org/obp/ui/#search,ISO 3166-2 subdivisions via pycountry/isocodes,REFERENCE_DATA_IMPORTED,NEEDS_AR_TRANSLATION,2026-08-05,Administrative subdivision only; cities are imported in later city files.
UPSERT,reg_mw_zo,MW,MWI,Malawi,ملاوي,Republic of Malawi,Africa,إفريقيا,Eastern Africa,شرق إفريقيا,MW-ZO,MW-S,Southern Region,2,district,District,Zomba,,Zomba,true,ISO_3166_2,https://www.iso.org/obp/ui/#search,ISO 3166-2 subdivisions via pycountry/isocodes,REFERENCE_DATA_IMPORTED,NEEDS_AR_TRANSLATION,2026-08-05,Administrative subdivision only; cities are imported in later city files.
UPSERT,reg_mz_a,MZ,MOZ,Mozambique,موزمبيق,Republic of Mozambique,Africa,إفريقيا,Eastern Africa,شرق إفريقيا,MZ-A,,,1,province,Province,Niassa,,Niassa,true,ISO_3166_2,https://www.iso.org/obp/ui/#search,ISO 3166-2 subdivisions via pycountry/isocodes,REFERENCE_DATA_IMPORTED,NEEDS_AR_TRANSLATION,2026-08-05,Administrative subdivision only; cities are imported in later city files.
UPSERT,reg_mz_b,MZ,MOZ,Mozambique,موزمبيق,Republic of Mozambique,Africa,إفريقيا,Eastern Africa,شرق إفريقيا,MZ-B,,,1,province,Province,Manica,,Manica,true,ISO_3166_2,https://www.iso.org/obp/ui/#search,ISO 3166-2 subdivisions via pycountry/isocodes,REFERENCE_DATA_IMPORTED,NEEDS_AR_TRANSLATION,2026-08-05,Administrative subdivision only; cities are imported in later city files.
UPSERT,reg_mz_g,MZ,MOZ,Mozambique,موزمبيق,Republic of Mozambique,Africa,إفريقيا,Eastern Africa,شرق إفريقيا,MZ-G,,,1,province,Province,Gaza,,Gaza,true,ISO_3166_2,https://www.iso.org/obp/ui/#search,ISO 3166-2 subdivisions via pycountry/isocodes,REFERENCE_DATA_IMPORTED,NEEDS_AR_TRANSLATION,2026-08-05,Administrative subdivision only; cities are imported in later city files.
UPSERT,reg_mz_i,MZ,MOZ,Mozambique,موزمبيق,Republic of Mozambique,Africa,إفريقيا,Eastern Africa,شرق إفريقيا,MZ-I,,,1,province,Province,Inhambane,,Inhambane,true,ISO_3166_2,https://www.iso.org/obp/ui/#search,ISO 3166-2 subdivisions via pycountry/isocodes,REFERENCE_DATA_IMPORTED,NEEDS_AR_TRANSLATION,2026-08-05,Administrative subdivision only; cities are imported in later city files.
UPSERT,reg_mz_l,MZ,MOZ,Mozambique,موزمبيق,Republic of Mozambique,Africa,إفريقيا,Eastern Africa,شرق إفريقيا,MZ-L,,,1,province,Province,Maputo,,Maputo,true,ISO_3166_2,https://www.iso.org/obp/ui/#search,ISO 3166-2 subdivisions via pycountry/isocodes,REFERENCE_DATA_IMPORTED,NEEDS_AR_TRANSLATION,2026-08-05,Administrative subdivision only; cities are imported in later city files.
UPSERT,reg_mz_mpm,MZ,MOZ,Mozambique,موزمبيق,Republic of Mozambique,Africa,إفريقيا,Eastern Africa,شرق إفريقيا,MZ-MPM,,,1,city,City,Maputo,,Maputo,true,ISO_3166_2,https://www.iso.org/obp/ui/#search,ISO 3166-2 subdivisions via pycountry/isocodes,REFERENCE_DATA_IMPORTED,NEEDS_AR_TRANSLATION,2026-08-05,Administrative subdivision only; cities are imported in later city files.
UPSERT,reg_mz_n,MZ,MOZ,Mozambique,موزمبيق,Republic of Mozambique,Africa,إفريقيا,Eastern Africa,شرق إفريقيا,MZ-N,,,1,province,Province,Nampula,,Nampula,true,ISO_3166_2,https://www.iso.org/obp/ui/#search,ISO 3166-2 subdivisions via pycountry/isocodes,REFERENCE_DATA_IMPORTED,NEEDS_AR_TRANSLATION,2026-08-05,Administrative subdivision only; cities are imported in later city files.
UPSERT,reg_mz_p,MZ,MOZ,Mozambique,موزمبيق,Republic of Mozambique,Africa,إفريقيا,Eastern Africa,شرق إفريقيا,MZ-P,,,1,province,Province,Cabo Delgado,,Cabo Delgado,true,ISO_3166_2,https://www.iso.org/obp/ui/#search,ISO 3166-2 subdivisions via pycountry/isocodes,REFERENCE_DATA_IMPORTED,NEEDS_AR_TRANSLATION,2026-08-05,Administrative subdivision only; cities are imported in later city files.
UPSERT,reg_mz_q,MZ,MOZ,Mozambique,موزمبيق,Republic of Mozambique,Africa,إفريقيا,Eastern Africa,شرق إفريقيا,MZ-Q,,,1,province,Province,Zambézia,,Zambézia,true,ISO_3166_2,https://www.iso.org/obp/ui/#search,ISO 3166-2 subdivisions via pycountry/isocodes,REFERENCE_DATA_IMPORTED,NEEDS_AR_TRANSLATION,2026-08-05,Administrative subdivision only; cities are imported in later city files.
UPSERT,reg_mz_s,MZ,MOZ,Mozambique,موزمبيق,Republic of Mozambique,Africa,إفريقيا,Eastern Africa,شرق إفريقيا,MZ-S,,,1,province,Province,Sofala,,Sofala,true,ISO_3166_2,https://www.iso.org/obp/ui/#search,ISO 3166-2 subdivisions via pycountry/isocodes,REFERENCE_DATA_IMPORTED,NEEDS_AR_TRANSLATION,2026-08-05,Administrative subdivision only; cities are imported in later city files.
UPSERT,reg_mz_t,MZ,MOZ,Mozambique,موزمبيق,Republic of Mozambique,Africa,إفريقيا,Eastern Africa,شرق إفريقيا,MZ-T,,,1,province,Province,Tete,,Tete,true,ISO_3166_2,https://www.iso.org/obp/ui/#search,ISO 3166-2 subdivisions via pycountry/isocodes,REFERENCE_DATA_IMPORTED,NEEDS_AR_TRANSLATION,2026-08-05,Administrative subdivision only; cities are imported in later city files.
UPSERT,reg_na_ca,NA,NAM,Namibia,ناميبيا,Republic of Namibia,Africa,إفريقيا,Southern Africa,جنوب إفريقيا,NA-CA,,,1,region,Region,Zambezi,,Zambezi,true,ISO_3166_2,https://www.iso.org/obp/ui/#search,ISO 3166-2 subdivisions via pycountry/isocodes,REFERENCE_DATA_IMPORTED,NEEDS_AR_TRANSLATION,2026-08-05,Administrative subdivision only; cities are imported in later city files.
UPSERT,reg_na_er,NA,NAM,Namibia,ناميبيا,Republic of Namibia,Africa,إفريقيا,Southern Africa,جنوب إفريقيا,NA-ER,,,1,region,Region,Erongo,,Erongo,true,ISO_3166_2,https://www.iso.org/obp/ui/#search,ISO 3166-2 subdivisions via pycountry/isocodes,REFERENCE_DATA_IMPORTED,NEEDS_AR_TRANSLATION,2026-08-05,Administrative subdivision only; cities are imported in later city files.
UPSERT,reg_na_ha,NA,NAM,Namibia,ناميبيا,Republic of Namibia,Africa,إفريقيا,Southern Africa,جنوب إفريقيا,NA-HA,,,1,region,Region,Hardap,,Hardap,true,ISO_3166_2,https://www.iso.org/obp/ui/#search,ISO 3166-2 subdivisions via pycountry/isocodes,REFERENCE_DATA_IMPORTED,NEEDS_AR_TRANSLATION,2026-08-05,Administrative subdivision only; cities are imported in later city files.
UPSERT,reg_na_ka,NA,NAM,Namibia,ناميبيا,Republic of Namibia,Africa,إفريقيا,Southern Africa,جنوب إفريقيا,NA-KA,,,1,region,Region,//Karas,,//Karas,true,ISO_3166_2,https://www.iso.org/obp/ui/#search,ISO 3166-2 subdivisions via pycountry/isocodes,REFERENCE_DATA_IMPORTED,NEEDS_AR_TRANSLATION,2026-08-05,Administrative subdivision only; cities are imported in later city files.
UPSERT,reg_na_ke,NA,NAM,Namibia,ناميبيا,Republic of Namibia,Africa,إفريقيا,Southern Africa,جنوب إفريقيا,NA-KE,,,1,region,Region,Kavango East,,Kavango East,true,ISO_3166_2,https://www.iso.org/obp/ui/#search,ISO 3166-2 subdivisions via pycountry/isocodes,REFERENCE_DATA_IMPORTED,NEEDS_AR_TRANSLATION,2026-08-05,Administrative subdivision only; cities are imported in later city files.
UPSERT,reg_na_kh,NA,NAM,Namibia,ناميبيا,Republic of Namibia,Africa,إفريقيا,Southern Africa,جنوب إفريقيا,NA-KH,,,1,region,Region,Khomas,,Khomas,true,ISO_3166_2,https://www.iso.org/obp/ui/#search,ISO 3166-2 subdivisions via pycountry/isocodes,REFERENCE_DATA_IMPORTED,NEEDS_AR_TRANSLATION,2026-08-05,Administrative subdivision only; cities are imported in later city files.
UPSERT,reg_na_ku,NA,NAM,Namibia,ناميبيا,Republic of Namibia,Africa,إفريقيا,Southern Africa,جنوب إفريقيا,NA-KU,,,1,region,Region,Kunene,,Kunene,true,ISO_3166_2,https://www.iso.org/obp/ui/#search,ISO 3166-2 subdivisions via pycountry/isocodes,REFERENCE_DATA_IMPORTED,NEEDS_AR_TRANSLATION,2026-08-05,Administrative subdivision only; cities are imported in later city files.
UPSERT,reg_na_kw,NA,NAM,Namibia,ناميبيا,Republic of Namibia,Africa,إفريقيا,Southern Africa,جنوب إفريقيا,NA-KW,,,1,region,Region,Kavango West,,Kavango West,true,ISO_3166_2,https://www.iso.org/obp/ui/#search,ISO 3166-2 subdivisions via pycountry/isocodes,REFERENCE_DATA_IMPORTED,NEEDS_AR_TRANSLATION,2026-08-05,Administrative subdivision only; cities are imported in later city files.
UPSERT,reg_na_od,NA,NAM,Namibia,ناميبيا,Republic of Namibia,Africa,إفريقيا,Southern Africa,جنوب إفريقيا,NA-OD,,,1,region,Region,Otjozondjupa,,Otjozondjupa,true,ISO_3166_2,https://www.iso.org/obp/ui/#search,ISO 3166-2 subdivisions via pycountry/isocodes,REFERENCE_DATA_IMPORTED,NEEDS_AR_TRANSLATION,2026-08-05,Administrative subdivision only; cities are imported in later city files.
UPSERT,reg_na_oh,NA,NAM,Namibia,ناميبيا,Republic of Namibia,Africa,إفريقيا,Southern Africa,جنوب إفريقيا,NA-OH,,,1,region,Region,Omaheke,,Omaheke,true,ISO_3166_2,https://www.iso.org/obp/ui/#search,ISO 3166-2 subdivisions via pycountry/isocodes,REFERENCE_DATA_IMPORTED,NEEDS_AR_TRANSLATION,2026-08-05,Administrative subdivision only; cities are imported in later city files.
UPSERT,reg_na_on,NA,NAM,Namibia,ناميبيا,Republic of Namibia,Africa,إفريقيا,Southern Africa,جنوب إفريقيا,NA-ON,,,1,region,Region,Oshana,,Oshana,true,ISO_3166_2,https://www.iso.org/obp/ui/#search,ISO 3166-2 subdivisions via pycountry/isocodes,REFERENCE_DATA_IMPORTED,NEEDS_AR_TRANSLATION,2026-08-05,Administrative subdivision only; cities are imported in later city files.
UPSERT,reg_na_os,NA,NAM,Namibia,ناميبيا,Republic of Namibia,Africa,إفريقيا,Southern Africa,جنوب إفريقيا,NA-OS,,,1,region,Region,Omusati,,Omusati,true,ISO_3166_2,https://www.iso.org/obp/ui/#search,ISO 3166-2 subdivisions via pycountry/isocodes,REFERENCE_DATA_IMPORTED,NEEDS_AR_TRANSLATION,2026-08-05,Administrative subdivision only; cities are imported in later city files.
UPSERT,reg_na_ot,NA,NAM,Namibia,ناميبيا,Republic of Namibia,Africa,إفريقيا,Southern Africa,جنوب إفريقيا,NA-OT,,,1,region,Region,Oshikoto,,Oshikoto,true,ISO_3166_2,https://www.iso.org/obp/ui/#search,ISO 3166-2 subdivisions via pycountry/isocodes,REFERENCE_DATA_IMPORTED,NEEDS_AR_TRANSLATION,2026-08-05,Administrative subdivision only; cities are imported in later city files.
UPSERT,reg_na_ow,NA,NAM,Namibia,ناميبيا,Republic of Namibia,Africa,إفريقيا,Southern Africa,جنوب إفريقيا,NA-OW,,,1,region,Region,Ohangwena,,Ohangwena,true,ISO_3166_2,https://www.iso.org/obp/ui/#search,ISO 3166-2 subdivisions via pycountry/isocodes,REFERENCE_DATA_IMPORTED,NEEDS_AR_TRANSLATION,2026-08-05,Administrative subdivision only; cities are imported in later city files.
UPSERT,reg_ne_1,NE,NER,Niger,النيجر,Republic of the Niger,Africa,إفريقيا,Western Africa,غرب إفريقيا,NE-1,,,1,region,Region,Agadez,,Agadez,true,ISO_3166_2,https://www.iso.org/obp/ui/#search,ISO 3166-2 subdivisions via pycountry/isocodes,REFERENCE_DATA_IMPORTED,NEEDS_AR_TRANSLATION,2026-08-05,Administrative subdivision only; cities are imported in later city files.
UPSERT,reg_ne_2,NE,NER,Niger,النيجر,Republic of the Niger,Africa,إفريقيا,Western Africa,غرب إفريقيا,NE-2,,,1,region,Region,Diffa,,Diffa,true,ISO_3166_2,https://www.iso.org/obp/ui/#search,ISO 3166-2 subdivisions via pycountry/isocodes,REFERENCE_DATA_IMPORTED,NEEDS_AR_TRANSLATION,2026-08-05,Administrative subdivision only; cities are imported in later city files.
UPSERT,reg_ne_3,NE,NER,Niger,النيجر,Republic of the Niger,Africa,إفريقيا,Western Africa,غرب إفريقيا,NE-3,,,1,region,Region,Dosso,,Dosso,true,ISO_3166_2,https://www.iso.org/obp/ui/#search,ISO 3166-2 subdivisions via pycountry/isocodes,REFERENCE_DATA_IMPORTED,NEEDS_AR_TRANSLATION,2026-08-05,Administrative subdivision only; cities are imported in later city files.
UPSERT,reg_ne_4,NE,NER,Niger,النيجر,Republic of the Niger,Africa,إفريقيا,Western Africa,غرب إفريقيا,NE-4,,,1,region,Region,Maradi,,Maradi,true,ISO_3166_2,https://www.iso.org/obp/ui/#search,ISO 3166-2 subdivisions via pycountry/isocodes,REFERENCE_DATA_IMPORTED,NEEDS_AR_TRANSLATION,2026-08-05,Administrative subdivision only; cities are imported in later city files.
UPSERT,reg_ne_5,NE,NER,Niger,النيجر,Republic of the Niger,Africa,إفريقيا,Western Africa,غرب إفريقيا,NE-5,,,1,region,Region,Tahoua,,Tahoua,true,ISO_3166_2,https://www.iso.org/obp/ui/#search,ISO 3166-2 subdivisions via pycountry/isocodes,REFERENCE_DATA_IMPORTED,NEEDS_AR_TRANSLATION,2026-08-05,Administrative subdivision only; cities are imported in later city files.
UPSERT,reg_ne_6,NE,NER,Niger,النيجر,Republic of the Niger,Africa,إفريقيا,Western Africa,غرب إفريقيا,NE-6,,,1,region,Region,Tillabéri,,Tillabéri,true,ISO_3166_2,https://www.iso.org/obp/ui/#search,ISO 3166-2 subdivisions via pycountry/isocodes,REFERENCE_DATA_IMPORTED,NEEDS_AR_TRANSLATION,2026-08-05,Administrative subdivision only; cities are imported in later city files.
UPSERT,reg_ne_7,NE,NER,Niger,النيجر,Republic of the Niger,Africa,إفريقيا,Western Africa,غرب إفريقيا,NE-7,,,1,region,Region,Zinder,,Zinder,true,ISO_3166_2,https://www.iso.org/obp/ui/#search,ISO 3166-2 subdivisions via pycountry/isocodes,REFERENCE_DATA_IMPORTED,NEEDS_AR_TRANSLATION,2026-08-05,Administrative subdivision only; cities are imported in later city files.
UPSERT,reg_ne_8,NE,NER,Niger,النيجر,Republic of the Niger,Africa,إفريقيا,Western Africa,غرب إفريقيا,NE-8,,,1,urban_community,Urban community,Niamey,,Niamey,true,ISO_3166_2,https://www.iso.org/obp/ui/#search,ISO 3166-2 subdivisions via pycountry/isocodes,REFERENCE_DATA_IMPORTED,NEEDS_AR_TRANSLATION,2026-08-05,Administrative subdivision only; cities are imported in later city files.
UPSERT,reg_ng_ab,NG,NGA,Nigeria,نيجيريا,Federal Republic of Nigeria,Africa,إفريقيا,Western Africa,غرب إفريقيا,NG-AB,,,1,state,State,Abia,,Abia,true,ISO_3166_2,https://www.iso.org/obp/ui/#search,ISO 3166-2 subdivisions via pycountry/isocodes,REFERENCE_DATA_IMPORTED,NEEDS_AR_TRANSLATION,2026-08-05,Administrative subdivision only; cities are imported in later city files.
UPSERT,reg_ng_ad,NG,NGA,Nigeria,نيجيريا,Federal Republic of Nigeria,Africa,إفريقيا,Western Africa,غرب إفريقيا,NG-AD,,,1,state,State,Adamawa,,Adamawa,true,ISO_3166_2,https://www.iso.org/obp/ui/#search,ISO 3166-2 subdivisions via pycountry/isocodes,REFERENCE_DATA_IMPORTED,NEEDS_AR_TRANSLATION,2026-08-05,Administrative subdivision only; cities are imported in later city files.
UPSERT,reg_ng_ak,NG,NGA,Nigeria,نيجيريا,Federal Republic of Nigeria,Africa,إفريقيا,Western Africa,غرب إفريقيا,NG-AK,,,1,state,State,Akwa Ibom,,Akwa Ibom,true,ISO_3166_2,https://www.iso.org/obp/ui/#search,ISO 3166-2 subdivisions via pycountry/isocodes,REFERENCE_DATA_IMPORTED,NEEDS_AR_TRANSLATION,2026-08-05,Administrative subdivision only; cities are imported in later city files.
UPSERT,reg_ng_an,NG,NGA,Nigeria,نيجيريا,Federal Republic of Nigeria,Africa,إفريقيا,Western Africa,غرب إفريقيا,NG-AN,,,1,state,State,Anambra,,Anambra,true,ISO_3166_2,https://www.iso.org/obp/ui/#search,ISO 3166-2 subdivisions via pycountry/isocodes,REFERENCE_DATA_IMPORTED,NEEDS_AR_TRANSLATION,2026-08-05,Administrative subdivision only; cities are imported in later city files.
UPSERT,reg_ng_ba,NG,NGA,Nigeria,نيجيريا,Federal Republic of Nigeria,Africa,إفريقيا,Western Africa,غرب إفريقيا,NG-BA,,,1,state,State,Bauchi,,Bauchi,true,ISO_3166_2,https://www.iso.org/obp/ui/#search,ISO 3166-2 subdivisions via pycountry/isocodes,REFERENCE_DATA_IMPORTED,NEEDS_AR_TRANSLATION,2026-08-05,Administrative subdivision only; cities are imported in later city files.
UPSERT,reg_ng_be,NG,NGA,Nigeria,نيجيريا,Federal Republic of Nigeria,Africa,إفريقيا,Western Africa,غرب إفريقيا,NG-BE,,,1,state,State,Benue,,Benue,true,ISO_3166_2,https://www.iso.org/obp/ui/#search,ISO 3166-2 subdivisions via pycountry/isocodes,REFERENCE_DATA_IMPORTED,NEEDS_AR_TRANSLATION,2026-08-05,Administrative subdivision only; cities are imported in later city files.
UPSERT,reg_ng_bo,NG,NGA,Nigeria,نيجيريا,Federal Republic of Nigeria,Africa,إفريقيا,Western Africa,غرب إفريقيا,NG-BO,,,1,state,State,Borno,,Borno,true,ISO_3166_2,https://www.iso.org/obp/ui/#search,ISO 3166-2 subdivisions via pycountry/isocodes,REFERENCE_DATA_IMPORTED,NEEDS_AR_TRANSLATION,2026-08-05,Administrative subdivision only; cities are imported in later city files.
UPSERT,reg_ng_by,NG,NGA,Nigeria,نيجيريا,Federal Republic of Nigeria,Africa,إفريقيا,Western Africa,غرب إفريقيا,NG-BY,,,1,state,State,Bayelsa,,Bayelsa,true,ISO_3166_2,https://www.iso.org/obp/ui/#search,ISO 3166-2 subdivisions via pycountry/isocodes,REFERENCE_DATA_IMPORTED,NEEDS_AR_TRANSLATION,2026-08-05,Administrative subdivision only; cities are imported in later city files.
UPSERT,reg_ng_cr,NG,NGA,Nigeria,نيجيريا,Federal Republic of Nigeria,Africa,إفريقيا,Western Africa,غرب إفريقيا,NG-CR,,,1,state,State,Cross River,,Cross River,true,ISO_3166_2,https://www.iso.org/obp/ui/#search,ISO 3166-2 subdivisions via pycountry/isocodes,REFERENCE_DATA_IMPORTED,NEEDS_AR_TRANSLATION,2026-08-05,Administrative subdivision only; cities are imported in later city files.
UPSERT,reg_ng_de,NG,NGA,Nigeria,نيجيريا,Federal Republic of Nigeria,Africa,إفريقيا,Western Africa,غرب إفريقيا,NG-DE,,,1,state,State,Delta,,Delta,true,ISO_3166_2,https://www.iso.org/obp/ui/#search,ISO 3166-2 subdivisions via pycountry/isocodes,REFERENCE_DATA_IMPORTED,NEEDS_AR_TRANSLATION,2026-08-05,Administrative subdivision only; cities are imported in later city files.
UPSERT,reg_ng_eb,NG,NGA,Nigeria,نيجيريا,Federal Republic of Nigeria,Africa,إفريقيا,Western Africa,غرب إفريقيا,NG-EB,,,1,state,State,Ebonyi,,Ebonyi,true,ISO_3166_2,https://www.iso.org/obp/ui/#search,ISO 3166-2 subdivisions via pycountry/isocodes,REFERENCE_DATA_IMPORTED,NEEDS_AR_TRANSLATION,2026-08-05,Administrative subdivision only; cities are imported in later city files.
UPSERT,reg_ng_ed,NG,NGA,Nigeria,نيجيريا,Federal Republic of Nigeria,Africa,إفريقيا,Western Africa,غرب إفريقيا,NG-ED,,,1,state,State,Edo,,Edo,true,ISO_3166_2,https://www.iso.org/obp/ui/#search,ISO 3166-2 subdivisions via pycountry/isocodes,REFERENCE_DATA_IMPORTED,NEEDS_AR_TRANSLATION,2026-08-05,Administrative subdivision only; cities are imported in later city files.
UPSERT,reg_ng_ek,NG,NGA,Nigeria,نيجيريا,Federal Republic of Nigeria,Africa,إفريقيا,Western Africa,غرب إفريقيا,NG-EK,,,1,state,State,Ekiti,,Ekiti,true,ISO_3166_2,https://www.iso.org/obp/ui/#search,ISO 3166-2 subdivisions via pycountry/isocodes,REFERENCE_DATA_IMPORTED,NEEDS_AR_TRANSLATION,2026-08-05,Administrative subdivision only; cities are imported in later city files.
UPSERT,reg_ng_en,NG,NGA,Nigeria,نيجيريا,Federal Republic of Nigeria,Africa,إفريقيا,Western Africa,غرب إفريقيا,NG-EN,,,1,state,State,Enugu,,Enugu,true,ISO_3166_2,https://www.iso.org/obp/ui/#search,ISO 3166-2 subdivisions via pycountry/isocodes,REFERENCE_DATA_IMPORTED,NEEDS_AR_TRANSLATION,2026-08-05,Administrative subdivision only; cities are imported in later city files.
UPSERT,reg_ng_fc,NG,NGA,Nigeria,نيجيريا,Federal Republic of Nigeria,Africa,إفريقيا,Western Africa,غرب إفريقيا,NG-FC,,,1,capital_territory,Capital territory,Abuja Federal Capital Territory,,Abuja Federal Capital Territory,true,ISO_3166_2,https://www.iso.org/obp/ui/#search,ISO 3166-2 subdivisions via pycountry/isocodes,REFERENCE_DATA_IMPORTED,NEEDS_AR_TRANSLATION,2026-08-05,Administrative subdivision only; cities are imported in later city files.
UPSERT,reg_ng_go,NG,NGA,Nigeria,نيجيريا,Federal Republic of Nigeria,Africa,إفريقيا,Western Africa,غرب إفريقيا,NG-GO,,,1,state,State,Gombe,,Gombe,true,ISO_3166_2,https://www.iso.org/obp/ui/#search,ISO 3166-2 subdivisions via pycountry/isocodes,REFERENCE_DATA_IMPORTED,NEEDS_AR_TRANSLATION,2026-08-05,Administrative subdivision only; cities are imported in later city files.
UPSERT,reg_ng_im,NG,NGA,Nigeria,نيجيريا,Federal Republic of Nigeria,Africa,إفريقيا,Western Africa,غرب إفريقيا,NG-IM,,,1,state,State,Imo,,Imo,true,ISO_3166_2,https://www.iso.org/obp/ui/#search,ISO 3166-2 subdivisions via pycountry/isocodes,REFERENCE_DATA_IMPORTED,NEEDS_AR_TRANSLATION,2026-08-05,Administrative subdivision only; cities are imported in later city files.
UPSERT,reg_ng_ji,NG,NGA,Nigeria,نيجيريا,Federal Republic of Nigeria,Africa,إفريقيا,Western Africa,غرب إفريقيا,NG-JI,,,1,state,State,Jigawa,,Jigawa,true,ISO_3166_2,https://www.iso.org/obp/ui/#search,ISO 3166-2 subdivisions via pycountry/isocodes,REFERENCE_DATA_IMPORTED,NEEDS_AR_TRANSLATION,2026-08-05,Administrative subdivision only; cities are imported in later city files.
UPSERT,reg_ng_kd,NG,NGA,Nigeria,نيجيريا,Federal Republic of Nigeria,Africa,إفريقيا,Western Africa,غرب إفريقيا,NG-KD,,,1,state,State,Kaduna,,Kaduna,true,ISO_3166_2,https://www.iso.org/obp/ui/#search,ISO 3166-2 subdivisions via pycountry/isocodes,REFERENCE_DATA_IMPORTED,NEEDS_AR_TRANSLATION,2026-08-05,Administrative subdivision only; cities are imported in later city files.
UPSERT,reg_ng_ke,NG,NGA,Nigeria,نيجيريا,Federal Republic of Nigeria,Africa,إفريقيا,Western Africa,غرب إفريقيا,NG-KE,,,1,state,State,Kebbi,,Kebbi,true,ISO_3166_2,https://www.iso.org/obp/ui/#search,ISO 3166-2 subdivisions via pycountry/isocodes,REFERENCE_DATA_IMPORTED,NEEDS_AR_TRANSLATION,2026-08-05,Administrative subdivision only; cities are imported in later city files.
UPSERT,reg_ng_kn,NG,NGA,Nigeria,نيجيريا,Federal Republic of Nigeria,Africa,إفريقيا,Western Africa,غرب إفريقيا,NG-KN,,,1,state,State,Kano,,Kano,true,ISO_3166_2,https://www.iso.org/obp/ui/#search,ISO 3166-2 subdivisions via pycountry/isocodes,REFERENCE_DATA_IMPORTED,NEEDS_AR_TRANSLATION,2026-08-05,Administrative subdivision only; cities are imported in later city files.
UPSERT,reg_ng_ko,NG,NGA,Nigeria,نيجيريا,Federal Republic of Nigeria,Africa,إفريقيا,Western Africa,غرب إفريقيا,NG-KO,,,1,state,State,Kogi,,Kogi,true,ISO_3166_2,https://www.iso.org/obp/ui/#search,ISO 3166-2 subdivisions via pycountry/isocodes,REFERENCE_DATA_IMPORTED,NEEDS_AR_TRANSLATION,2026-08-05,Administrative subdivision only; cities are imported in later city files.
UPSERT,reg_ng_kt,NG,NGA,Nigeria,نيجيريا,Federal Republic of Nigeria,Africa,إفريقيا,Western Africa,غرب إفريقيا,NG-KT,,,1,state,State,Katsina,,Katsina,true,ISO_3166_2,https://www.iso.org/obp/ui/#search,ISO 3166-2 subdivisions via pycountry/isocodes,REFERENCE_DATA_IMPORTED,NEEDS_AR_TRANSLATION,2026-08-05,Administrative subdivision only; cities are imported in later city files.
UPSERT,reg_ng_kw,NG,NGA,Nigeria,نيجيريا,Federal Republic of Nigeria,Africa,إفريقيا,Western Africa,غرب إفريقيا,NG-KW,,,1,state,State,Kwara,,Kwara,true,ISO_3166_2,https://www.iso.org/obp/ui/#search,ISO 3166-2 subdivisions via pycountry/isocodes,REFERENCE_DATA_IMPORTED,NEEDS_AR_TRANSLATION,2026-08-05,Administrative subdivision only; cities are imported in later city files.
UPSERT,reg_ng_la,NG,NGA,Nigeria,نيجيريا,Federal Republic of Nigeria,Africa,إفريقيا,Western Africa,غرب إفريقيا,NG-LA,,,1,state,State,Lagos,,Lagos,true,ISO_3166_2,https://www.iso.org/obp/ui/#search,ISO 3166-2 subdivisions via pycountry/isocodes,REFERENCE_DATA_IMPORTED,NEEDS_AR_TRANSLATION,2026-08-05,Administrative subdivision only; cities are imported in later city files.
UPSERT,reg_ng_na,NG,NGA,Nigeria,نيجيريا,Federal Republic of Nigeria,Africa,إفريقيا,Western Africa,غرب إفريقيا,NG-NA,,,1,state,State,Nasarawa,,Nasarawa,true,ISO_3166_2,https://www.iso.org/obp/ui/#search,ISO 3166-2 subdivisions via pycountry/isocodes,REFERENCE_DATA_IMPORTED,NEEDS_AR_TRANSLATION,2026-08-05,Administrative subdivision only; cities are imported in later city files.
UPSERT,reg_ng_ni,NG,NGA,Nigeria,نيجيريا,Federal Republic of Nigeria,Africa,إفريقيا,Western Africa,غرب إفريقيا,NG-NI,,,1,state,State,Niger,,Niger,true,ISO_3166_2,https://www.iso.org/obp/ui/#search,ISO 3166-2 subdivisions via pycountry/isocodes,REFERENCE_DATA_IMPORTED,NEEDS_AR_TRANSLATION,2026-08-05,Administrative subdivision only; cities are imported in later city files.
UPSERT,reg_ng_og,NG,NGA,Nigeria,نيجيريا,Federal Republic of Nigeria,Africa,إفريقيا,Western Africa,غرب إفريقيا,NG-OG,,,1,state,State,Ogun,,Ogun,true,ISO_3166_2,https://www.iso.org/obp/ui/#search,ISO 3166-2 subdivisions via pycountry/isocodes,REFERENCE_DATA_IMPORTED,NEEDS_AR_TRANSLATION,2026-08-05,Administrative subdivision only; cities are imported in later city files.
UPSERT,reg_ng_on,NG,NGA,Nigeria,نيجيريا,Federal Republic of Nigeria,Africa,إفريقيا,Western Africa,غرب إفريقيا,NG-ON,,,1,state,State,Ondo,,Ondo,true,ISO_3166_2,https://www.iso.org/obp/ui/#search,ISO 3166-2 subdivisions via pycountry/isocodes,REFERENCE_DATA_IMPORTED,NEEDS_AR_TRANSLATION,2026-08-05,Administrative subdivision only; cities are imported in later city files.
UPSERT,reg_ng_os,NG,NGA,Nigeria,نيجيريا,Federal Republic of Nigeria,Africa,إفريقيا,Western Africa,غرب إفريقيا,NG-OS,,,1,state,State,Osun,,Osun,true,ISO_3166_2,https://www.iso.org/obp/ui/#search,ISO 3166-2 subdivisions via pycountry/isocodes,REFERENCE_DATA_IMPORTED,NEEDS_AR_TRANSLATION,2026-08-05,Administrative subdivision only; cities are imported in later city files.
UPSERT,reg_ng_oy,NG,NGA,Nigeria,نيجيريا,Federal Republic of Nigeria,Africa,إفريقيا,Western Africa,غرب إفريقيا,NG-OY,,,1,state,State,Oyo,,Oyo,true,ISO_3166_2,https://www.iso.org/obp/ui/#search,ISO 3166-2 subdivisions via pycountry/isocodes,REFERENCE_DATA_IMPORTED,NEEDS_AR_TRANSLATION,2026-08-05,Administrative subdivision only; cities are imported in later city files.
UPSERT,reg_ng_pl,NG,NGA,Nigeria,نيجيريا,Federal Republic of Nigeria,Africa,إفريقيا,Western Africa,غرب إفريقيا,NG-PL,,,1,state,State,Plateau,,Plateau,true,ISO_3166_2,https://www.iso.org/obp/ui/#search,ISO 3166-2 subdivisions via pycountry/isocodes,REFERENCE_DATA_IMPORTED,NEEDS_AR_TRANSLATION,2026-08-05,Administrative subdivision only; cities are imported in later city files.
UPSERT,reg_ng_ri,NG,NGA,Nigeria,نيجيريا,Federal Republic of Nigeria,Africa,إفريقيا,Western Africa,غرب إفريقيا,NG-RI,,,1,state,State,Rivers,,Rivers,true,ISO_3166_2,https://www.iso.org/obp/ui/#search,ISO 3166-2 subdivisions via pycountry/isocodes,REFERENCE_DATA_IMPORTED,NEEDS_AR_TRANSLATION,2026-08-05,Administrative subdivision only; cities are imported in later city files.
UPSERT,reg_ng_so,NG,NGA,Nigeria,نيجيريا,Federal Republic of Nigeria,Africa,إفريقيا,Western Africa,غرب إفريقيا,NG-SO,,,1,state,State,Sokoto,,Sokoto,true,ISO_3166_2,https://www.iso.org/obp/ui/#search,ISO 3166-2 subdivisions via pycountry/isocodes,REFERENCE_DATA_IMPORTED,NEEDS_AR_TRANSLATION,2026-08-05,Administrative subdivision only; cities are imported in later city files.
UPSERT,reg_ng_ta,NG,NGA,Nigeria,نيجيريا,Federal Republic of Nigeria,Africa,إفريقيا,Western Africa,غرب إفريقيا,NG-TA,,,1,state,State,Taraba,,Taraba,true,ISO_3166_2,https://www.iso.org/obp/ui/#search,ISO 3166-2 subdivisions via pycountry/isocodes,REFERENCE_DATA_IMPORTED,NEEDS_AR_TRANSLATION,2026-08-05,Administrative subdivision only; cities are imported in later city files.
UPSERT,reg_ng_yo,NG,NGA,Nigeria,نيجيريا,Federal Republic of Nigeria,Africa,إفريقيا,Western Africa,غرب إفريقيا,NG-YO,,,1,state,State,Yobe,,Yobe,true,ISO_3166_2,https://www.iso.org/obp/ui/#search,ISO 3166-2 subdivisions via pycountry/isocodes,REFERENCE_DATA_IMPORTED,NEEDS_AR_TRANSLATION,2026-08-05,Administrative subdivision only; cities are imported in later city files.
UPSERT,reg_ng_za,NG,NGA,Nigeria,نيجيريا,Federal Republic of Nigeria,Africa,إفريقيا,Western Africa,غرب إفريقيا,NG-ZA,,,1,state,State,Zamfara,,Zamfara,true,ISO_3166_2,https://www.iso.org/obp/ui/#search,ISO 3166-2 subdivisions via pycountry/isocodes,REFERENCE_DATA_IMPORTED,NEEDS_AR_TRANSLATION,2026-08-05,Administrative subdivision only; cities are imported in later city files.
UPSERT,reg_rw_01,RW,RWA,Rwanda,رواندا,Rwandese Republic,Africa,إفريقيا,Eastern Africa,شرق إفريقيا,RW-01,,,1,city,City,City of Kigali,,City of Kigali,true,ISO_3166_2,https://www.iso.org/obp/ui/#search,ISO 3166-2 subdivisions via pycountry/isocodes,REFERENCE_DATA_IMPORTED,NEEDS_AR_TRANSLATION,2026-08-05,Administrative subdivision only; cities are imported in later city files.
UPSERT,reg_rw_02,RW,RWA,Rwanda,رواندا,Rwandese Republic,Africa,إفريقيا,Eastern Africa,شرق إفريقيا,RW-02,,,1,province,Province,Eastern,,Eastern,true,ISO_3166_2,https://www.iso.org/obp/ui/#search,ISO 3166-2 subdivisions via pycountry/isocodes,REFERENCE_DATA_IMPORTED,NEEDS_AR_TRANSLATION,2026-08-05,Administrative subdivision only; cities are imported in later city files.
UPSERT,reg_rw_03,RW,RWA,Rwanda,رواندا,Rwandese Republic,Africa,إفريقيا,Eastern Africa,شرق إفريقيا,RW-03,,,1,province,Province,Northern,,Northern,true,ISO_3166_2,https://www.iso.org/obp/ui/#search,ISO 3166-2 subdivisions via pycountry/isocodes,REFERENCE_DATA_IMPORTED,NEEDS_AR_TRANSLATION,2026-08-05,Administrative subdivision only; cities are imported in later city files.
UPSERT,reg_rw_04,RW,RWA,Rwanda,رواندا,Rwandese Republic,Africa,إفريقيا,Eastern Africa,شرق إفريقيا,RW-04,,,1,province,Province,Western,,Western,true,ISO_3166_2,https://www.iso.org/obp/ui/#search,ISO 3166-2 subdivisions via pycountry/isocodes,REFERENCE_DATA_IMPORTED,NEEDS_AR_TRANSLATION,2026-08-05,Administrative subdivision only; cities are imported in later city files.
UPSERT,reg_rw_05,RW,RWA,Rwanda,رواندا,Rwandese Republic,Africa,إفريقيا,Eastern Africa,شرق إفريقيا,RW-05,,,1,province,Province,Southern,,Southern,true,ISO_3166_2,https://www.iso.org/obp/ui/#search,ISO 3166-2 subdivisions via pycountry/isocodes,REFERENCE_DATA_IMPORTED,NEEDS_AR_TRANSLATION,2026-08-05,Administrative subdivision only; cities are imported in later city files.
UPSERT,reg_sc_01,SC,SYC,Seychelles,سيشل,Republic of Seychelles,Africa,إفريقيا,Eastern Africa,شرق إفريقيا,SC-01,,,1,district,District,Anse aux Pins,,Anse aux Pins,true,ISO_3166_2,https://www.iso.org/obp/ui/#search,ISO 3166-2 subdivisions via pycountry/isocodes,REFERENCE_DATA_IMPORTED,NEEDS_AR_TRANSLATION,2026-08-05,Administrative subdivision only; cities are imported in later city files.
UPSERT,reg_sc_02,SC,SYC,Seychelles,سيشل,Republic of Seychelles,Africa,إفريقيا,Eastern Africa,شرق إفريقيا,SC-02,,,1,district,District,Anse Boileau,,Anse Boileau,true,ISO_3166_2,https://www.iso.org/obp/ui/#search,ISO 3166-2 subdivisions via pycountry/isocodes,REFERENCE_DATA_IMPORTED,NEEDS_AR_TRANSLATION,2026-08-05,Administrative subdivision only; cities are imported in later city files.
UPSERT,reg_sc_03,SC,SYC,Seychelles,سيشل,Republic of Seychelles,Africa,إفريقيا,Eastern Africa,شرق إفريقيا,SC-03,,,1,district,District,Anse Etoile,,Anse Etoile,true,ISO_3166_2,https://www.iso.org/obp/ui/#search,ISO 3166-2 subdivisions via pycountry/isocodes,REFERENCE_DATA_IMPORTED,NEEDS_AR_TRANSLATION,2026-08-05,Administrative subdivision only; cities are imported in later city files.
UPSERT,reg_sc_04,SC,SYC,Seychelles,سيشل,Republic of Seychelles,Africa,إفريقيا,Eastern Africa,شرق إفريقيا,SC-04,,,1,district,District,Au Cap,,Au Cap,true,ISO_3166_2,https://www.iso.org/obp/ui/#search,ISO 3166-2 subdivisions via pycountry/isocodes,REFERENCE_DATA_IMPORTED,NEEDS_AR_TRANSLATION,2026-08-05,Administrative subdivision only; cities are imported in later city files.
UPSERT,reg_sc_05,SC,SYC,Seychelles,سيشل,Republic of Seychelles,Africa,إفريقيا,Eastern Africa,شرق إفريقيا,SC-05,,,1,district,District,Anse Royale,,Anse Royale,true,ISO_3166_2,https://www.iso.org/obp/ui/#search,ISO 3166-2 subdivisions via pycountry/isocodes,REFERENCE_DATA_IMPORTED,NEEDS_AR_TRANSLATION,2026-08-05,Administrative subdivision only; cities are imported in later city files.
UPSERT,reg_sc_06,SC,SYC,Seychelles,سيشل,Republic of Seychelles,Africa,إفريقيا,Eastern Africa,شرق إفريقيا,SC-06,,,1,district,District,Baie Lazare,,Baie Lazare,true,ISO_3166_2,https://www.iso.org/obp/ui/#search,ISO 3166-2 subdivisions via pycountry/isocodes,REFERENCE_DATA_IMPORTED,NEEDS_AR_TRANSLATION,2026-08-05,Administrative subdivision only; cities are imported in later city files.
UPSERT,reg_sc_07,SC,SYC,Seychelles,سيشل,Republic of Seychelles,Africa,إفريقيا,Eastern Africa,شرق إفريقيا,SC-07,,,1,district,District,Baie Sainte Anne,,Baie Sainte Anne,true,ISO_3166_2,https://www.iso.org/obp/ui/#search,ISO 3166-2 subdivisions via pycountry/isocodes,REFERENCE_DATA_IMPORTED,NEEDS_AR_TRANSLATION,2026-08-05,Administrative subdivision only; cities are imported in later city files.
UPSERT,reg_sc_08,SC,SYC,Seychelles,سيشل,Republic of Seychelles,Africa,إفريقيا,Eastern Africa,شرق إفريقيا,SC-08,,,1,district,District,Beau Vallon,,Beau Vallon,true,ISO_3166_2,https://www.iso.org/obp/ui/#search,ISO 3166-2 subdivisions via pycountry/isocodes,REFERENCE_DATA_IMPORTED,NEEDS_AR_TRANSLATION,2026-08-05,Administrative subdivision only; cities are imported in later city files.
UPSERT,reg_sc_09,SC,SYC,Seychelles,سيشل,Republic of Seychelles,Africa,إفريقيا,Eastern Africa,شرق إفريقيا,SC-09,,,1,district,District,Bel Air,,Bel Air,true,ISO_3166_2,https://www.iso.org/obp/ui/#search,ISO 3166-2 subdivisions via pycountry/isocodes,REFERENCE_DATA_IMPORTED,NEEDS_AR_TRANSLATION,2026-08-05,Administrative subdivision only; cities are imported in later city files.
UPSERT,reg_sc_10,SC,SYC,Seychelles,سيشل,Republic of Seychelles,Africa,إفريقيا,Eastern Africa,شرق إفريقيا,SC-10,,,1,district,District,Bel Ombre,,Bel Ombre,true,ISO_3166_2,https://www.iso.org/obp/ui/#search,ISO 3166-2 subdivisions via pycountry/isocodes,REFERENCE_DATA_IMPORTED,NEEDS_AR_TRANSLATION,2026-08-05,Administrative subdivision only; cities are imported in later city files.
UPSERT,reg_sc_11,SC,SYC,Seychelles,سيشل,Republic of Seychelles,Africa,إفريقيا,Eastern Africa,شرق إفريقيا,SC-11,,,1,district,District,Cascade,,Cascade,true,ISO_3166_2,https://www.iso.org/obp/ui/#search,ISO 3166-2 subdivisions via pycountry/isocodes,REFERENCE_DATA_IMPORTED,NEEDS_AR_TRANSLATION,2026-08-05,Administrative subdivision only; cities are imported in later city files.
UPSERT,reg_sc_12,SC,SYC,Seychelles,سيشل,Republic of Seychelles,Africa,إفريقيا,Eastern Africa,شرق إفريقيا,SC-12,,,1,district,District,Glacis,,Glacis,true,ISO_3166_2,https://www.iso.org/obp/ui/#search,ISO 3166-2 subdivisions via pycountry/isocodes,REFERENCE_DATA_IMPORTED,NEEDS_AR_TRANSLATION,2026-08-05,Administrative subdivision only; cities are imported in later city files.
UPSERT,reg_sc_13,SC,SYC,Seychelles,سيشل,Republic of Seychelles,Africa,إفريقيا,Eastern Africa,شرق إفريقيا,SC-13,,,1,district,District,Grand Anse Mahe,,Grand Anse Mahe,true,ISO_3166_2,https://www.iso.org/obp/ui/#search,ISO 3166-2 subdivisions via pycountry/isocodes,REFERENCE_DATA_IMPORTED,NEEDS_AR_TRANSLATION,2026-08-05,Administrative subdivision only; cities are imported in later city files.
UPSERT,reg_sc_14,SC,SYC,Seychelles,سيشل,Republic of Seychelles,Africa,إفريقيا,Eastern Africa,شرق إفريقيا,SC-14,,,1,district,District,Grand Anse Praslin,,Grand Anse Praslin,true,ISO_3166_2,https://www.iso.org/obp/ui/#search,ISO 3166-2 subdivisions via pycountry/isocodes,REFERENCE_DATA_IMPORTED,NEEDS_AR_TRANSLATION,2026-08-05,Administrative subdivision only; cities are imported in later city files.
UPSERT,reg_sc_15,SC,SYC,Seychelles,سيشل,Republic of Seychelles,Africa,إفريقيا,Eastern Africa,شرق إفريقيا,SC-15,,,1,district,District,La Digue,,La Digue,true,ISO_3166_2,https://www.iso.org/obp/ui/#search,ISO 3166-2 subdivisions via pycountry/isocodes,REFERENCE_DATA_IMPORTED,NEEDS_AR_TRANSLATION,2026-08-05,Administrative subdivision only; cities are imported in later city files.
UPSERT,reg_sc_16,SC,SYC,Seychelles,سيشل,Republic of Seychelles,Africa,إفريقيا,Eastern Africa,شرق إفريقيا,SC-16,,,1,district,District,English River,,English River,true,ISO_3166_2,https://www.iso.org/obp/ui/#search,ISO 3166-2 subdivisions via pycountry/isocodes,REFERENCE_DATA_IMPORTED,NEEDS_AR_TRANSLATION,2026-08-05,Administrative subdivision only; cities are imported in later city files.
UPSERT,reg_sc_17,SC,SYC,Seychelles,سيشل,Republic of Seychelles,Africa,إفريقيا,Eastern Africa,شرق إفريقيا,SC-17,,,1,district,District,Mont Buxton,,Mont Buxton,true,ISO_3166_2,https://www.iso.org/obp/ui/#search,ISO 3166-2 subdivisions via pycountry/isocodes,REFERENCE_DATA_IMPORTED,NEEDS_AR_TRANSLATION,2026-08-05,Administrative subdivision only; cities are imported in later city files.
UPSERT,reg_sc_18,SC,SYC,Seychelles,سيشل,Republic of Seychelles,Africa,إفريقيا,Eastern Africa,شرق إفريقيا,SC-18,,,1,district,District,Mont Fleuri,,Mont Fleuri,true,ISO_3166_2,https://www.iso.org/obp/ui/#search,ISO 3166-2 subdivisions via pycountry/isocodes,REFERENCE_DATA_IMPORTED,NEEDS_AR_TRANSLATION,2026-08-05,Administrative subdivision only; cities are imported in later city files.
UPSERT,reg_sc_19,SC,SYC,Seychelles,سيشل,Republic of Seychelles,Africa,إفريقيا,Eastern Africa,شرق إفريقيا,SC-19,,,1,district,District,Plaisance,,Plaisance,true,ISO_3166_2,https://www.iso.org/obp/ui/#search,ISO 3166-2 subdivisions via pycountry/isocodes,REFERENCE_DATA_IMPORTED,NEEDS_AR_TRANSLATION,2026-08-05,Administrative subdivision only; cities are imported in later city files.
UPSERT,reg_sc_20,SC,SYC,Seychelles,سيشل,Republic of Seychelles,Africa,إفريقيا,Eastern Africa,شرق إفريقيا,SC-20,,,1,district,District,Pointe Larue,,Pointe Larue,true,ISO_3166_2,https://www.iso.org/obp/ui/#search,ISO 3166-2 subdivisions via pycountry/isocodes,REFERENCE_DATA_IMPORTED,NEEDS_AR_TRANSLATION,2026-08-05,Administrative subdivision only; cities are imported in later city files.
UPSERT,reg_sc_21,SC,SYC,Seychelles,سيشل,Republic of Seychelles,Africa,إفريقيا,Eastern Africa,شرق إفريقيا,SC-21,,,1,district,District,Port Glaud,,Port Glaud,true,ISO_3166_2,https://www.iso.org/obp/ui/#search,ISO 3166-2 subdivisions via pycountry/isocodes,REFERENCE_DATA_IMPORTED,NEEDS_AR_TRANSLATION,2026-08-05,Administrative subdivision only; cities are imported in later city files.
UPSERT,reg_sc_22,SC,SYC,Seychelles,سيشل,Republic of Seychelles,Africa,إفريقيا,Eastern Africa,شرق إفريقيا,SC-22,,,1,district,District,Saint Louis,,Saint Louis,true,ISO_3166_2,https://www.iso.org/obp/ui/#search,ISO 3166-2 subdivisions via pycountry/isocodes,REFERENCE_DATA_IMPORTED,NEEDS_AR_TRANSLATION,2026-08-05,Administrative subdivision only; cities are imported in later city files.
UPSERT,reg_sc_23,SC,SYC,Seychelles,سيشل,Republic of Seychelles,Africa,إفريقيا,Eastern Africa,شرق إفريقيا,SC-23,,,1,district,District,Takamaka,,Takamaka,true,ISO_3166_2,https://www.iso.org/obp/ui/#search,ISO 3166-2 subdivisions via pycountry/isocodes,REFERENCE_DATA_IMPORTED,NEEDS_AR_TRANSLATION,2026-08-05,Administrative subdivision only; cities are imported in later city files.
UPSERT,reg_sc_24,SC,SYC,Seychelles,سيشل,Republic of Seychelles,Africa,إفريقيا,Eastern Africa,شرق إفريقيا,SC-24,,,1,district,District,Les Mamelles,,Les Mamelles,true,ISO_3166_2,https://www.iso.org/obp/ui/#search,ISO 3166-2 subdivisions via pycountry/isocodes,REFERENCE_DATA_IMPORTED,NEEDS_AR_TRANSLATION,2026-08-05,Administrative subdivision only; cities are imported in later city files.
UPSERT,reg_sc_25,SC,SYC,Seychelles,سيشل,Republic of Seychelles,Africa,إفريقيا,Eastern Africa,شرق إفريقيا,SC-25,,,1,district,District,Roche Caiman,,Roche Caiman,true,ISO_3166_2,https://www.iso.org/obp/ui/#search,ISO 3166-2 subdivisions via pycountry/isocodes,REFERENCE_DATA_IMPORTED,NEEDS_AR_TRANSLATION,2026-08-05,Administrative subdivision only; cities are imported in later city files.
UPSERT,reg_sc_26,SC,SYC,Seychelles,سيشل,Republic of Seychelles,Africa,إفريقيا,Eastern Africa,شرق إفريقيا,SC-26,,,1,district,District,Ile Perseverance I,,Ile Perseverance I,true,ISO_3166_2,https://www.iso.org/obp/ui/#search,ISO 3166-2 subdivisions via pycountry/isocodes,REFERENCE_DATA_IMPORTED,NEEDS_AR_TRANSLATION,2026-08-05,Administrative subdivision only; cities are imported in later city files.
UPSERT,reg_sc_27,SC,SYC,Seychelles,سيشل,Republic of Seychelles,Africa,إفريقيا,Eastern Africa,شرق إفريقيا,SC-27,,,1,district,District,Ile Perseverance II,,Ile Perseverance II,true,ISO_3166_2,https://www.iso.org/obp/ui/#search,ISO 3166-2 subdivisions via pycountry/isocodes,REFERENCE_DATA_IMPORTED,NEEDS_AR_TRANSLATION,2026-08-05,Administrative subdivision only; cities are imported in later city files.
UPSERT,reg_sd_dc,SD,SDN,Sudan,السودان,Republic of the Sudan,Africa,إفريقيا,Northern Africa,شمال إفريقيا,SD-DC,,,1,state,State,Central Darfur,,Central Darfur,true,ISO_3166_2,https://www.iso.org/obp/ui/#search,ISO 3166-2 subdivisions via pycountry/isocodes,REFERENCE_DATA_IMPORTED,NEEDS_AR_TRANSLATION,2026-08-05,Administrative subdivision only; cities are imported in later city files.
UPSERT,reg_sd_de,SD,SDN,Sudan,السودان,Republic of the Sudan,Africa,إفريقيا,Northern Africa,شمال إفريقيا,SD-DE,,,1,state,State,East Darfur,,East Darfur,true,ISO_3166_2,https://www.iso.org/obp/ui/#search,ISO 3166-2 subdivisions via pycountry/isocodes,REFERENCE_DATA_IMPORTED,NEEDS_AR_TRANSLATION,2026-08-05,Administrative subdivision only; cities are imported in later city files.
UPSERT,reg_sd_dn,SD,SDN,Sudan,السودان,Republic of the Sudan,Africa,إفريقيا,Northern Africa,شمال إفريقيا,SD-DN,,,1,state,State,North Darfur,,North Darfur,true,ISO_3166_2,https://www.iso.org/obp/ui/#search,ISO 3166-2 subdivisions via pycountry/isocodes,REFERENCE_DATA_IMPORTED,NEEDS_AR_TRANSLATION,2026-08-05,Administrative subdivision only; cities are imported in later city files.
UPSERT,reg_sd_ds,SD,SDN,Sudan,السودان,Republic of the Sudan,Africa,إفريقيا,Northern Africa,شمال إفريقيا,SD-DS,,,1,state,State,South Darfur,,South Darfur,true,ISO_3166_2,https://www.iso.org/obp/ui/#search,ISO 3166-2 subdivisions via pycountry/isocodes,REFERENCE_DATA_IMPORTED,NEEDS_AR_TRANSLATION,2026-08-05,Administrative subdivision only; cities are imported in later city files.
UPSERT,reg_sd_dw,SD,SDN,Sudan,السودان,Republic of the Sudan,Africa,إفريقيا,Northern Africa,شمال إفريقيا,SD-DW,,,1,state,State,West Darfur,,West Darfur,true,ISO_3166_2,https://www.iso.org/obp/ui/#search,ISO 3166-2 subdivisions via pycountry/isocodes,REFERENCE_DATA_IMPORTED,NEEDS_AR_TRANSLATION,2026-08-05,Administrative subdivision only; cities are imported in later city files.
UPSERT,reg_sd_gd,SD,SDN,Sudan,السودان,Republic of the Sudan,Africa,إفريقيا,Northern Africa,شمال إفريقيا,SD-GD,,,1,state,State,Gedaref,,Gedaref,true,ISO_3166_2,https://www.iso.org/obp/ui/#search,ISO 3166-2 subdivisions via pycountry/isocodes,REFERENCE_DATA_IMPORTED,NEEDS_AR_TRANSLATION,2026-08-05,Administrative subdivision only; cities are imported in later city files.
UPSERT,reg_sd_gk,SD,SDN,Sudan,السودان,Republic of the Sudan,Africa,إفريقيا,Northern Africa,شمال إفريقيا,SD-GK,,,1,state,State,West Kordofan,,West Kordofan,true,ISO_3166_2,https://www.iso.org/obp/ui/#search,ISO 3166-2 subdivisions via pycountry/isocodes,REFERENCE_DATA_IMPORTED,NEEDS_AR_TRANSLATION,2026-08-05,Administrative subdivision only; cities are imported in later city files.
UPSERT,reg_sd_gz,SD,SDN,Sudan,السودان,Republic of the Sudan,Africa,إفريقيا,Northern Africa,شمال إفريقيا,SD-GZ,,,1,state,State,Gezira,,Gezira,true,ISO_3166_2,https://www.iso.org/obp/ui/#search,ISO 3166-2 subdivisions via pycountry/isocodes,REFERENCE_DATA_IMPORTED,NEEDS_AR_TRANSLATION,2026-08-05,Administrative subdivision only; cities are imported in later city files.
UPSERT,reg_sd_ka,SD,SDN,Sudan,السودان,Republic of the Sudan,Africa,إفريقيا,Northern Africa,شمال إفريقيا,SD-KA,,,1,state,State,Kassala,,Kassala,true,ISO_3166_2,https://www.iso.org/obp/ui/#search,ISO 3166-2 subdivisions via pycountry/isocodes,REFERENCE_DATA_IMPORTED,NEEDS_AR_TRANSLATION,2026-08-05,Administrative subdivision only; cities are imported in later city files.
UPSERT,reg_sd_kh,SD,SDN,Sudan,السودان,Republic of the Sudan,Africa,إفريقيا,Northern Africa,شمال إفريقيا,SD-KH,,,1,state,State,Khartoum,,Khartoum,true,ISO_3166_2,https://www.iso.org/obp/ui/#search,ISO 3166-2 subdivisions via pycountry/isocodes,REFERENCE_DATA_IMPORTED,NEEDS_AR_TRANSLATION,2026-08-05,Administrative subdivision only; cities are imported in later city files.
UPSERT,reg_sd_kn,SD,SDN,Sudan,السودان,Republic of the Sudan,Africa,إفريقيا,Northern Africa,شمال إفريقيا,SD-KN,,,1,state,State,North Kordofan,,North Kordofan,true,ISO_3166_2,https://www.iso.org/obp/ui/#search,ISO 3166-2 subdivisions via pycountry/isocodes,REFERENCE_DATA_IMPORTED,NEEDS_AR_TRANSLATION,2026-08-05,Administrative subdivision only; cities are imported in later city files.
UPSERT,reg_sd_ks,SD,SDN,Sudan,السودان,Republic of the Sudan,Africa,إفريقيا,Northern Africa,شمال إفريقيا,SD-KS,,,1,state,State,South Kordofan,,South Kordofan,true,ISO_3166_2,https://www.iso.org/obp/ui/#search,ISO 3166-2 subdivisions via pycountry/isocodes,REFERENCE_DATA_IMPORTED,NEEDS_AR_TRANSLATION,2026-08-05,Administrative subdivision only; cities are imported in later city files.
UPSERT,reg_sd_nb,SD,SDN,Sudan,السودان,Republic of the Sudan,Africa,إفريقيا,Northern Africa,شمال إفريقيا,SD-NB,,,1,state,State,Blue Nile,,Blue Nile,true,ISO_3166_2,https://www.iso.org/obp/ui/#search,ISO 3166-2 subdivisions via pycountry/isocodes,REFERENCE_DATA_IMPORTED,NEEDS_AR_TRANSLATION,2026-08-05,Administrative subdivision only; cities are imported in later city files.
UPSERT,reg_sd_no,SD,SDN,Sudan,السودان,Republic of the Sudan,Africa,إفريقيا,Northern Africa,شمال إفريقيا,SD-NO,,,1,state,State,Northern,,Northern,true,ISO_3166_2,https://www.iso.org/obp/ui/#search,ISO 3166-2 subdivisions via pycountry/isocodes,REFERENCE_DATA_IMPORTED,NEEDS_AR_TRANSLATION,2026-08-05,Administrative subdivision only; cities are imported in later city files.
UPSERT,reg_sd_nr,SD,SDN,Sudan,السودان,Republic of the Sudan,Africa,إفريقيا,Northern Africa,شمال إفريقيا,SD-NR,,,1,state,State,River Nile,,River Nile,true,ISO_3166_2,https://www.iso.org/obp/ui/#search,ISO 3166-2 subdivisions via pycountry/isocodes,REFERENCE_DATA_IMPORTED,NEEDS_AR_TRANSLATION,2026-08-05,Administrative subdivision only; cities are imported in later city files.
UPSERT,reg_sd_nw,SD,SDN,Sudan,السودان,Republic of the Sudan,Africa,إفريقيا,Northern Africa,شمال إفريقيا,SD-NW,,,1,state,State,White Nile,,White Nile,true,ISO_3166_2,https://www.iso.org/obp/ui/#search,ISO 3166-2 subdivisions via pycountry/isocodes,REFERENCE_DATA_IMPORTED,NEEDS_AR_TRANSLATION,2026-08-05,Administrative subdivision only; cities are imported in later city files.
UPSERT,reg_sd_rs,SD,SDN,Sudan,السودان,Republic of the Sudan,Africa,إفريقيا,Northern Africa,شمال إفريقيا,SD-RS,,,1,state,State,Red Sea,,Red Sea,true,ISO_3166_2,https://www.iso.org/obp/ui/#search,ISO 3166-2 subdivisions via pycountry/isocodes,REFERENCE_DATA_IMPORTED,NEEDS_AR_TRANSLATION,2026-08-05,Administrative subdivision only; cities are imported in later city files.
UPSERT,reg_sd_si,SD,SDN,Sudan,السودان,Republic of the Sudan,Africa,إفريقيا,Northern Africa,شمال إفريقيا,SD-SI,,,1,state,State,Sennar,,Sennar,true,ISO_3166_2,https://www.iso.org/obp/ui/#search,ISO 3166-2 subdivisions via pycountry/isocodes,REFERENCE_DATA_IMPORTED,NEEDS_AR_TRANSLATION,2026-08-05,Administrative subdivision only; cities are imported in later city files.
UPSERT,reg_sl_e,SL,SLE,Sierra Leone,سيراليون,Republic of Sierra Leone,Africa,إفريقيا,Western Africa,غرب إفريقيا,SL-E,,,1,province,Province,Eastern,,Eastern,true,ISO_3166_2,https://www.iso.org/obp/ui/#search,ISO 3166-2 subdivisions via pycountry/isocodes,REFERENCE_DATA_IMPORTED,NEEDS_AR_TRANSLATION,2026-08-05,Administrative subdivision only; cities are imported in later city files.
UPSERT,reg_sl_n,SL,SLE,Sierra Leone,سيراليون,Republic of Sierra Leone,Africa,إفريقيا,Western Africa,غرب إفريقيا,SL-N,,,1,province,Province,Northern,,Northern,true,ISO_3166_2,https://www.iso.org/obp/ui/#search,ISO 3166-2 subdivisions via pycountry/isocodes,REFERENCE_DATA_IMPORTED,NEEDS_AR_TRANSLATION,2026-08-05,Administrative subdivision only; cities are imported in later city files.
UPSERT,reg_sl_nw,SL,SLE,Sierra Leone,سيراليون,Republic of Sierra Leone,Africa,إفريقيا,Western Africa,غرب إفريقيا,SL-NW,,,1,province,Province,North Western,,North Western,true,ISO_3166_2,https://www.iso.org/obp/ui/#search,ISO 3166-2 subdivisions via pycountry/isocodes,REFERENCE_DATA_IMPORTED,NEEDS_AR_TRANSLATION,2026-08-05,Administrative subdivision only; cities are imported in later city files.
UPSERT,reg_sl_s,SL,SLE,Sierra Leone,سيراليون,Republic of Sierra Leone,Africa,إفريقيا,Western Africa,غرب إفريقيا,SL-S,,,1,province,Province,Southern,,Southern,true,ISO_3166_2,https://www.iso.org/obp/ui/#search,ISO 3166-2 subdivisions via pycountry/isocodes,REFERENCE_DATA_IMPORTED,NEEDS_AR_TRANSLATION,2026-08-05,Administrative subdivision only; cities are imported in later city files.
UPSERT,reg_sl_w,SL,SLE,Sierra Leone,سيراليون,Republic of Sierra Leone,Africa,إفريقيا,Western Africa,غرب إفريقيا,SL-W,,,1,area,Area,Western Area (Freetown),,Western Area (Freetown),true,ISO_3166_2,https://www.iso.org/obp/ui/#search,ISO 3166-2 subdivisions via pycountry/isocodes,REFERENCE_DATA_IMPORTED,NEEDS_AR_TRANSLATION,2026-08-05,Administrative subdivision only; cities are imported in later city files.
UPSERT,reg_sn_db,SN,SEN,Senegal,السنغال,Republic of Senegal,Africa,إفريقيا,Western Africa,غرب إفريقيا,SN-DB,,,1,region,Region,Diourbel,,Diourbel,true,ISO_3166_2,https://www.iso.org/obp/ui/#search,ISO 3166-2 subdivisions via pycountry/isocodes,REFERENCE_DATA_IMPORTED,NEEDS_AR_TRANSLATION,2026-08-05,Administrative subdivision only; cities are imported in later city files.
UPSERT,reg_sn_dk,SN,SEN,Senegal,السنغال,Republic of Senegal,Africa,إفريقيا,Western Africa,غرب إفريقيا,SN-DK,,,1,region,Region,Dakar,,Dakar,true,ISO_3166_2,https://www.iso.org/obp/ui/#search,ISO 3166-2 subdivisions via pycountry/isocodes,REFERENCE_DATA_IMPORTED,NEEDS_AR_TRANSLATION,2026-08-05,Administrative subdivision only; cities are imported in later city files.
UPSERT,reg_sn_fk,SN,SEN,Senegal,السنغال,Republic of Senegal,Africa,إفريقيا,Western Africa,غرب إفريقيا,SN-FK,,,1,region,Region,Fatick,,Fatick,true,ISO_3166_2,https://www.iso.org/obp/ui/#search,ISO 3166-2 subdivisions via pycountry/isocodes,REFERENCE_DATA_IMPORTED,NEEDS_AR_TRANSLATION,2026-08-05,Administrative subdivision only; cities are imported in later city files.
UPSERT,reg_sn_ka,SN,SEN,Senegal,السنغال,Republic of Senegal,Africa,إفريقيا,Western Africa,غرب إفريقيا,SN-KA,,,1,region,Region,Kaffrine,,Kaffrine,true,ISO_3166_2,https://www.iso.org/obp/ui/#search,ISO 3166-2 subdivisions via pycountry/isocodes,REFERENCE_DATA_IMPORTED,NEEDS_AR_TRANSLATION,2026-08-05,Administrative subdivision only; cities are imported in later city files.
UPSERT,reg_sn_kd,SN,SEN,Senegal,السنغال,Republic of Senegal,Africa,إفريقيا,Western Africa,غرب إفريقيا,SN-KD,,,1,region,Region,Kolda,,Kolda,true,ISO_3166_2,https://www.iso.org/obp/ui/#search,ISO 3166-2 subdivisions via pycountry/isocodes,REFERENCE_DATA_IMPORTED,NEEDS_AR_TRANSLATION,2026-08-05,Administrative subdivision only; cities are imported in later city files.
UPSERT,reg_sn_ke,SN,SEN,Senegal,السنغال,Republic of Senegal,Africa,إفريقيا,Western Africa,غرب إفريقيا,SN-KE,,,1,region,Region,Kédougou,,Kédougou,true,ISO_3166_2,https://www.iso.org/obp/ui/#search,ISO 3166-2 subdivisions via pycountry/isocodes,REFERENCE_DATA_IMPORTED,NEEDS_AR_TRANSLATION,2026-08-05,Administrative subdivision only; cities are imported in later city files.
UPSERT,reg_sn_kl,SN,SEN,Senegal,السنغال,Republic of Senegal,Africa,إفريقيا,Western Africa,غرب إفريقيا,SN-KL,,,1,region,Region,Kaolack,,Kaolack,true,ISO_3166_2,https://www.iso.org/obp/ui/#search,ISO 3166-2 subdivisions via pycountry/isocodes,REFERENCE_DATA_IMPORTED,NEEDS_AR_TRANSLATION,2026-08-05,Administrative subdivision only; cities are imported in later city files.
UPSERT,reg_sn_lg,SN,SEN,Senegal,السنغال,Republic of Senegal,Africa,إفريقيا,Western Africa,غرب إفريقيا,SN-LG,,,1,region,Region,Louga,,Louga,true,ISO_3166_2,https://www.iso.org/obp/ui/#search,ISO 3166-2 subdivisions via pycountry/isocodes,REFERENCE_DATA_IMPORTED,NEEDS_AR_TRANSLATION,2026-08-05,Administrative subdivision only; cities are imported in later city files.
UPSERT,reg_sn_mt,SN,SEN,Senegal,السنغال,Republic of Senegal,Africa,إفريقيا,Western Africa,غرب إفريقيا,SN-MT,,,1,region,Region,Matam,,Matam,true,ISO_3166_2,https://www.iso.org/obp/ui/#search,ISO 3166-2 subdivisions via pycountry/isocodes,REFERENCE_DATA_IMPORTED,NEEDS_AR_TRANSLATION,2026-08-05,Administrative subdivision only; cities are imported in later city files.
UPSERT,reg_sn_se,SN,SEN,Senegal,السنغال,Republic of Senegal,Africa,إفريقيا,Western Africa,غرب إفريقيا,SN-SE,,,1,region,Region,Sédhiou,,Sédhiou,true,ISO_3166_2,https://www.iso.org/obp/ui/#search,ISO 3166-2 subdivisions via pycountry/isocodes,REFERENCE_DATA_IMPORTED,NEEDS_AR_TRANSLATION,2026-08-05,Administrative subdivision only; cities are imported in later city files.
UPSERT,reg_sn_sl,SN,SEN,Senegal,السنغال,Republic of Senegal,Africa,إفريقيا,Western Africa,غرب إفريقيا,SN-SL,,,1,region,Region,Saint-Louis,,Saint-Louis,true,ISO_3166_2,https://www.iso.org/obp/ui/#search,ISO 3166-2 subdivisions via pycountry/isocodes,REFERENCE_DATA_IMPORTED,NEEDS_AR_TRANSLATION,2026-08-05,Administrative subdivision only; cities are imported in later city files.
UPSERT,reg_sn_tc,SN,SEN,Senegal,السنغال,Republic of Senegal,Africa,إفريقيا,Western Africa,غرب إفريقيا,SN-TC,,,1,region,Region,Tambacounda,,Tambacounda,true,ISO_3166_2,https://www.iso.org/obp/ui/#search,ISO 3166-2 subdivisions via pycountry/isocodes,REFERENCE_DATA_IMPORTED,NEEDS_AR_TRANSLATION,2026-08-05,Administrative subdivision only; cities are imported in later city files.
UPSERT,reg_sn_th,SN,SEN,Senegal,السنغال,Republic of Senegal,Africa,إفريقيا,Western Africa,غرب إفريقيا,SN-TH,,,1,region,Region,Thiès,,Thiès,true,ISO_3166_2,https://www.iso.org/obp/ui/#search,ISO 3166-2 subdivisions via pycountry/isocodes,REFERENCE_DATA_IMPORTED,NEEDS_AR_TRANSLATION,2026-08-05,Administrative subdivision only; cities are imported in later city files.
UPSERT,reg_sn_zg,SN,SEN,Senegal,السنغال,Republic of Senegal,Africa,إفريقيا,Western Africa,غرب إفريقيا,SN-ZG,,,1,region,Region,Ziguinchor,,Ziguinchor,true,ISO_3166_2,https://www.iso.org/obp/ui/#search,ISO 3166-2 subdivisions via pycountry/isocodes,REFERENCE_DATA_IMPORTED,NEEDS_AR_TRANSLATION,2026-08-05,Administrative subdivision only; cities are imported in later city files.
UPSERT,reg_so_aw,SO,SOM,Somalia,الصومال,Federal Republic of Somalia,Africa,إفريقيا,Eastern Africa,شرق إفريقيا,SO-AW,,,1,region,Region,Awdal,,Awdal,true,ISO_3166_2,https://www.iso.org/obp/ui/#search,ISO 3166-2 subdivisions via pycountry/isocodes,REFERENCE_DATA_IMPORTED,NEEDS_AR_TRANSLATION,2026-08-05,Administrative subdivision only; cities are imported in later city files.
UPSERT,reg_so_bk,SO,SOM,Somalia,الصومال,Federal Republic of Somalia,Africa,إفريقيا,Eastern Africa,شرق إفريقيا,SO-BK,,,1,region,Region,Bakool,,Bakool,true,ISO_3166_2,https://www.iso.org/obp/ui/#search,ISO 3166-2 subdivisions via pycountry/isocodes,REFERENCE_DATA_IMPORTED,NEEDS_AR_TRANSLATION,2026-08-05,Administrative subdivision only; cities are imported in later city files.
UPSERT,reg_so_bn,SO,SOM,Somalia,الصومال,Federal Republic of Somalia,Africa,إفريقيا,Eastern Africa,شرق إفريقيا,SO-BN,,,1,region,Region,Banaadir,,Banaadir,true,ISO_3166_2,https://www.iso.org/obp/ui/#search,ISO 3166-2 subdivisions via pycountry/isocodes,REFERENCE_DATA_IMPORTED,NEEDS_AR_TRANSLATION,2026-08-05,Administrative subdivision only; cities are imported in later city files.
UPSERT,reg_so_br,SO,SOM,Somalia,الصومال,Federal Republic of Somalia,Africa,إفريقيا,Eastern Africa,شرق إفريقيا,SO-BR,,,1,region,Region,Bari,,Bari,true,ISO_3166_2,https://www.iso.org/obp/ui/#search,ISO 3166-2 subdivisions via pycountry/isocodes,REFERENCE_DATA_IMPORTED,NEEDS_AR_TRANSLATION,2026-08-05,Administrative subdivision only; cities are imported in later city files.
UPSERT,reg_so_by,SO,SOM,Somalia,الصومال,Federal Republic of Somalia,Africa,إفريقيا,Eastern Africa,شرق إفريقيا,SO-BY,,,1,region,Region,Bay,,Bay,true,ISO_3166_2,https://www.iso.org/obp/ui/#search,ISO 3166-2 subdivisions via pycountry/isocodes,REFERENCE_DATA_IMPORTED,NEEDS_AR_TRANSLATION,2026-08-05,Administrative subdivision only; cities are imported in later city files.
UPSERT,reg_so_ga,SO,SOM,Somalia,الصومال,Federal Republic of Somalia,Africa,إفريقيا,Eastern Africa,شرق إفريقيا,SO-GA,,,1,region,Region,Galguduud,,Galguduud,true,ISO_3166_2,https://www.iso.org/obp/ui/#search,ISO 3166-2 subdivisions via pycountry/isocodes,REFERENCE_DATA_IMPORTED,NEEDS_AR_TRANSLATION,2026-08-05,Administrative subdivision only; cities are imported in later city files.
UPSERT,reg_so_ge,SO,SOM,Somalia,الصومال,Federal Republic of Somalia,Africa,إفريقيا,Eastern Africa,شرق إفريقيا,SO-GE,,,1,region,Region,Gedo,,Gedo,true,ISO_3166_2,https://www.iso.org/obp/ui/#search,ISO 3166-2 subdivisions via pycountry/isocodes,REFERENCE_DATA_IMPORTED,NEEDS_AR_TRANSLATION,2026-08-05,Administrative subdivision only; cities are imported in later city files.
UPSERT,reg_so_hi,SO,SOM,Somalia,الصومال,Federal Republic of Somalia,Africa,إفريقيا,Eastern Africa,شرق إفريقيا,SO-HI,,,1,region,Region,Hiiraan,,Hiiraan,true,ISO_3166_2,https://www.iso.org/obp/ui/#search,ISO 3166-2 subdivisions via pycountry/isocodes,REFERENCE_DATA_IMPORTED,NEEDS_AR_TRANSLATION,2026-08-05,Administrative subdivision only; cities are imported in later city files.
UPSERT,reg_so_jd,SO,SOM,Somalia,الصومال,Federal Republic of Somalia,Africa,إفريقيا,Eastern Africa,شرق إفريقيا,SO-JD,,,1,region,Region,Jubbada Dhexe,,Jubbada Dhexe,true,ISO_3166_2,https://www.iso.org/obp/ui/#search,ISO 3166-2 subdivisions via pycountry/isocodes,REFERENCE_DATA_IMPORTED,NEEDS_AR_TRANSLATION,2026-08-05,Administrative subdivision only; cities are imported in later city files.
UPSERT,reg_so_jh,SO,SOM,Somalia,الصومال,Federal Republic of Somalia,Africa,إفريقيا,Eastern Africa,شرق إفريقيا,SO-JH,,,1,region,Region,Jubbada Hoose,,Jubbada Hoose,true,ISO_3166_2,https://www.iso.org/obp/ui/#search,ISO 3166-2 subdivisions via pycountry/isocodes,REFERENCE_DATA_IMPORTED,NEEDS_AR_TRANSLATION,2026-08-05,Administrative subdivision only; cities are imported in later city files.
UPSERT,reg_so_mu,SO,SOM,Somalia,الصومال,Federal Republic of Somalia,Africa,إفريقيا,Eastern Africa,شرق إفريقيا,SO-MU,,,1,region,Region,Mudug,,Mudug,true,ISO_3166_2,https://www.iso.org/obp/ui/#search,ISO 3166-2 subdivisions via pycountry/isocodes,REFERENCE_DATA_IMPORTED,NEEDS_AR_TRANSLATION,2026-08-05,Administrative subdivision only; cities are imported in later city files.
UPSERT,reg_so_nu,SO,SOM,Somalia,الصومال,Federal Republic of Somalia,Africa,إفريقيا,Eastern Africa,شرق إفريقيا,SO-NU,,,1,region,Region,Nugaal,,Nugaal,true,ISO_3166_2,https://www.iso.org/obp/ui/#search,ISO 3166-2 subdivisions via pycountry/isocodes,REFERENCE_DATA_IMPORTED,NEEDS_AR_TRANSLATION,2026-08-05,Administrative subdivision only; cities are imported in later city files.
UPSERT,reg_so_sa,SO,SOM,Somalia,الصومال,Federal Republic of Somalia,Africa,إفريقيا,Eastern Africa,شرق إفريقيا,SO-SA,,,1,region,Region,Sanaag,,Sanaag,true,ISO_3166_2,https://www.iso.org/obp/ui/#search,ISO 3166-2 subdivisions via pycountry/isocodes,REFERENCE_DATA_IMPORTED,NEEDS_AR_TRANSLATION,2026-08-05,Administrative subdivision only; cities are imported in later city files.
UPSERT,reg_so_sd,SO,SOM,Somalia,الصومال,Federal Republic of Somalia,Africa,إفريقيا,Eastern Africa,شرق إفريقيا,SO-SD,,,1,region,Region,Shabeellaha Dhexe,,Shabeellaha Dhexe,true,ISO_3166_2,https://www.iso.org/obp/ui/#search,ISO 3166-2 subdivisions via pycountry/isocodes,REFERENCE_DATA_IMPORTED,NEEDS_AR_TRANSLATION,2026-08-05,Administrative subdivision only; cities are imported in later city files.
UPSERT,reg_so_sh,SO,SOM,Somalia,الصومال,Federal Republic of Somalia,Africa,إفريقيا,Eastern Africa,شرق إفريقيا,SO-SH,,,1,region,Region,Shabeellaha Hoose,,Shabeellaha Hoose,true,ISO_3166_2,https://www.iso.org/obp/ui/#search,ISO 3166-2 subdivisions via pycountry/isocodes,REFERENCE_DATA_IMPORTED,NEEDS_AR_TRANSLATION,2026-08-05,Administrative subdivision only; cities are imported in later city files.
UPSERT,reg_so_so,SO,SOM,Somalia,الصومال,Federal Republic of Somalia,Africa,إفريقيا,Eastern Africa,شرق إفريقيا,SO-SO,,,1,region,Region,Sool,,Sool,true,ISO_3166_2,https://www.iso.org/obp/ui/#search,ISO 3166-2 subdivisions via pycountry/isocodes,REFERENCE_DATA_IMPORTED,NEEDS_AR_TRANSLATION,2026-08-05,Administrative subdivision only; cities are imported in later city files.
UPSERT,reg_so_to,SO,SOM,Somalia,الصومال,Federal Republic of Somalia,Africa,إفريقيا,Eastern Africa,شرق إفريقيا,SO-TO,,,1,region,Region,Togdheer,,Togdheer,true,ISO_3166_2,https://www.iso.org/obp/ui/#search,ISO 3166-2 subdivisions via pycountry/isocodes,REFERENCE_DATA_IMPORTED,NEEDS_AR_TRANSLATION,2026-08-05,Administrative subdivision only; cities are imported in later city files.
UPSERT,reg_so_wo,SO,SOM,Somalia,الصومال,Federal Republic of Somalia,Africa,إفريقيا,Eastern Africa,شرق إفريقيا,SO-WO,,,1,region,Region,Woqooyi Galbeed,,Woqooyi Galbeed,true,ISO_3166_2,https://www.iso.org/obp/ui/#search,ISO 3166-2 subdivisions via pycountry/isocodes,REFERENCE_DATA_IMPORTED,NEEDS_AR_TRANSLATION,2026-08-05,Administrative subdivision only; cities are imported in later city files.
UPSERT,reg_ss_bn,SS,SSD,South Sudan,جنوب السودان,Republic of South Sudan,Africa,إفريقيا,Middle Africa,وسط إفريقيا,SS-BN,,,1,state,State,Northern Bahr el Ghazal,,Northern Bahr el Ghazal,true,ISO_3166_2,https://www.iso.org/obp/ui/#search,ISO 3166-2 subdivisions via pycountry/isocodes,REFERENCE_DATA_IMPORTED,NEEDS_AR_TRANSLATION,2026-08-05,Administrative subdivision only; cities are imported in later city files.
UPSERT,reg_ss_bw,SS,SSD,South Sudan,جنوب السودان,Republic of South Sudan,Africa,إفريقيا,Middle Africa,وسط إفريقيا,SS-BW,,,1,state,State,Western Bahr el Ghazal,,Western Bahr el Ghazal,true,ISO_3166_2,https://www.iso.org/obp/ui/#search,ISO 3166-2 subdivisions via pycountry/isocodes,REFERENCE_DATA_IMPORTED,NEEDS_AR_TRANSLATION,2026-08-05,Administrative subdivision only; cities are imported in later city files.
UPSERT,reg_ss_ec,SS,SSD,South Sudan,جنوب السودان,Republic of South Sudan,Africa,إفريقيا,Middle Africa,وسط إفريقيا,SS-EC,,,1,state,State,Central Equatoria,,Central Equatoria,true,ISO_3166_2,https://www.iso.org/obp/ui/#search,ISO 3166-2 subdivisions via pycountry/isocodes,REFERENCE_DATA_IMPORTED,NEEDS_AR_TRANSLATION,2026-08-05,Administrative subdivision only; cities are imported in later city files.
UPSERT,reg_ss_ee,SS,SSD,South Sudan,جنوب السودان,Republic of South Sudan,Africa,إفريقيا,Middle Africa,وسط إفريقيا,SS-EE,,,1,state,State,Eastern Equatoria,,Eastern Equatoria,true,ISO_3166_2,https://www.iso.org/obp/ui/#search,ISO 3166-2 subdivisions via pycountry/isocodes,REFERENCE_DATA_IMPORTED,NEEDS_AR_TRANSLATION,2026-08-05,Administrative subdivision only; cities are imported in later city files.
UPSERT,reg_ss_ew,SS,SSD,South Sudan,جنوب السودان,Republic of South Sudan,Africa,إفريقيا,Middle Africa,وسط إفريقيا,SS-EW,,,1,state,State,Western Equatoria,,Western Equatoria,true,ISO_3166_2,https://www.iso.org/obp/ui/#search,ISO 3166-2 subdivisions via pycountry/isocodes,REFERENCE_DATA_IMPORTED,NEEDS_AR_TRANSLATION,2026-08-05,Administrative subdivision only; cities are imported in later city files.
UPSERT,reg_ss_jg,SS,SSD,South Sudan,جنوب السودان,Republic of South Sudan,Africa,إفريقيا,Middle Africa,وسط إفريقيا,SS-JG,,,1,state,State,Jonglei,,Jonglei,true,ISO_3166_2,https://www.iso.org/obp/ui/#search,ISO 3166-2 subdivisions via pycountry/isocodes,REFERENCE_DATA_IMPORTED,NEEDS_AR_TRANSLATION,2026-08-05,Administrative subdivision only; cities are imported in later city files.
UPSERT,reg_ss_lk,SS,SSD,South Sudan,جنوب السودان,Republic of South Sudan,Africa,إفريقيا,Middle Africa,وسط إفريقيا,SS-LK,,,1,state,State,Lakes,,Lakes,true,ISO_3166_2,https://www.iso.org/obp/ui/#search,ISO 3166-2 subdivisions via pycountry/isocodes,REFERENCE_DATA_IMPORTED,NEEDS_AR_TRANSLATION,2026-08-05,Administrative subdivision only; cities are imported in later city files.
UPSERT,reg_ss_nu,SS,SSD,South Sudan,جنوب السودان,Republic of South Sudan,Africa,إفريقيا,Middle Africa,وسط إفريقيا,SS-NU,,,1,state,State,Upper Nile,,Upper Nile,true,ISO_3166_2,https://www.iso.org/obp/ui/#search,ISO 3166-2 subdivisions via pycountry/isocodes,REFERENCE_DATA_IMPORTED,NEEDS_AR_TRANSLATION,2026-08-05,Administrative subdivision only; cities are imported in later city files.
UPSERT,reg_ss_uy,SS,SSD,South Sudan,جنوب السودان,Republic of South Sudan,Africa,إفريقيا,Middle Africa,وسط إفريقيا,SS-UY,,,1,state,State,Unity,,Unity,true,ISO_3166_2,https://www.iso.org/obp/ui/#search,ISO 3166-2 subdivisions via pycountry/isocodes,REFERENCE_DATA_IMPORTED,NEEDS_AR_TRANSLATION,2026-08-05,Administrative subdivision only; cities are imported in later city files.
UPSERT,reg_ss_wr,SS,SSD,South Sudan,جنوب السودان,Republic of South Sudan,Africa,إفريقيا,Middle Africa,وسط إفريقيا,SS-WR,,,1,state,State,Warrap,,Warrap,true,ISO_3166_2,https://www.iso.org/obp/ui/#search,ISO 3166-2 subdivisions via pycountry/isocodes,REFERENCE_DATA_IMPORTED,NEEDS_AR_TRANSLATION,2026-08-05,Administrative subdivision only; cities are imported in later city files.
UPSERT,reg_st_01,ST,STP,Sao Tome and Principe,ساو تومي وبرينسيبي,Democratic Republic of Sao Tome and Principe,Africa,إفريقيا,Middle Africa,وسط إفريقيا,ST-01,,,1,district,District,Água Grande,,Água Grande,true,ISO_3166_2,https://www.iso.org/obp/ui/#search,ISO 3166-2 subdivisions via pycountry/isocodes,REFERENCE_DATA_IMPORTED,NEEDS_AR_TRANSLATION,2026-08-05,Administrative subdivision only; cities are imported in later city files.
UPSERT,reg_st_02,ST,STP,Sao Tome and Principe,ساو تومي وبرينسيبي,Democratic Republic of Sao Tome and Principe,Africa,إفريقيا,Middle Africa,وسط إفريقيا,ST-02,,,1,district,District,Cantagalo,,Cantagalo,true,ISO_3166_2,https://www.iso.org/obp/ui/#search,ISO 3166-2 subdivisions via pycountry/isocodes,REFERENCE_DATA_IMPORTED,NEEDS_AR_TRANSLATION,2026-08-05,Administrative subdivision only; cities are imported in later city files.
UPSERT,reg_st_03,ST,STP,Sao Tome and Principe,ساو تومي وبرينسيبي,Democratic Republic of Sao Tome and Principe,Africa,إفريقيا,Middle Africa,وسط إفريقيا,ST-03,,,1,district,District,Caué,,Caué,true,ISO_3166_2,https://www.iso.org/obp/ui/#search,ISO 3166-2 subdivisions via pycountry/isocodes,REFERENCE_DATA_IMPORTED,NEEDS_AR_TRANSLATION,2026-08-05,Administrative subdivision only; cities are imported in later city files.
UPSERT,reg_st_04,ST,STP,Sao Tome and Principe,ساو تومي وبرينسيبي,Democratic Republic of Sao Tome and Principe,Africa,إفريقيا,Middle Africa,وسط إفريقيا,ST-04,,,1,district,District,Lembá,,Lembá,true,ISO_3166_2,https://www.iso.org/obp/ui/#search,ISO 3166-2 subdivisions via pycountry/isocodes,REFERENCE_DATA_IMPORTED,NEEDS_AR_TRANSLATION,2026-08-05,Administrative subdivision only; cities are imported in later city files.
UPSERT,reg_st_05,ST,STP,Sao Tome and Principe,ساو تومي وبرينسيبي,Democratic Republic of Sao Tome and Principe,Africa,إفريقيا,Middle Africa,وسط إفريقيا,ST-05,,,1,district,District,Lobata,,Lobata,true,ISO_3166_2,https://www.iso.org/obp/ui/#search,ISO 3166-2 subdivisions via pycountry/isocodes,REFERENCE_DATA_IMPORTED,NEEDS_AR_TRANSLATION,2026-08-05,Administrative subdivision only; cities are imported in later city files.
UPSERT,reg_st_06,ST,STP,Sao Tome and Principe,ساو تومي وبرينسيبي,Democratic Republic of Sao Tome and Principe,Africa,إفريقيا,Middle Africa,وسط إفريقيا,ST-06,,,1,district,District,Mé-Zóchi,,Mé-Zóchi,true,ISO_3166_2,https://www.iso.org/obp/ui/#search,ISO 3166-2 subdivisions via pycountry/isocodes,REFERENCE_DATA_IMPORTED,NEEDS_AR_TRANSLATION,2026-08-05,Administrative subdivision only; cities are imported in later city files.
UPSERT,reg_st_p,ST,STP,Sao Tome and Principe,ساو تومي وبرينسيبي,Democratic Republic of Sao Tome and Principe,Africa,إفريقيا,Middle Africa,وسط إفريقيا,ST-P,,,1,autonomous_region,Autonomous region,Príncipe,,Príncipe,true,ISO_3166_2,https://www.iso.org/obp/ui/#search,ISO 3166-2 subdivisions via pycountry/isocodes,REFERENCE_DATA_IMPORTED,NEEDS_AR_TRANSLATION,2026-08-05,Administrative subdivision only; cities are imported in later city files.
UPSERT,reg_sz_hh,SZ,SWZ,Eswatini,إسواتيني,Kingdom of Eswatini,Africa,إفريقيا,Southern Africa,جنوب إفريقيا,SZ-HH,,,1,region,Region,Hhohho,,Hhohho,true,ISO_3166_2,https://www.iso.org/obp/ui/#search,ISO 3166-2 subdivisions via pycountry/isocodes,REFERENCE_DATA_IMPORTED,NEEDS_AR_TRANSLATION,2026-08-05,Administrative subdivision only; cities are imported in later city files.
UPSERT,reg_sz_lu,SZ,SWZ,Eswatini,إسواتيني,Kingdom of Eswatini,Africa,إفريقيا,Southern Africa,جنوب إفريقيا,SZ-LU,,,1,region,Region,Lubombo,,Lubombo,true,ISO_3166_2,https://www.iso.org/obp/ui/#search,ISO 3166-2 subdivisions via pycountry/isocodes,REFERENCE_DATA_IMPORTED,NEEDS_AR_TRANSLATION,2026-08-05,Administrative subdivision only; cities are imported in later city files.
UPSERT,reg_sz_ma,SZ,SWZ,Eswatini,إسواتيني,Kingdom of Eswatini,Africa,إفريقيا,Southern Africa,جنوب إفريقيا,SZ-MA,,,1,region,Region,Manzini,,Manzini,true,ISO_3166_2,https://www.iso.org/obp/ui/#search,ISO 3166-2 subdivisions via pycountry/isocodes,REFERENCE_DATA_IMPORTED,NEEDS_AR_TRANSLATION,2026-08-05,Administrative subdivision only; cities are imported in later city files.
UPSERT,reg_sz_sh,SZ,SWZ,Eswatini,إسواتيني,Kingdom of Eswatini,Africa,إفريقيا,Southern Africa,جنوب إفريقيا,SZ-SH,,,1,region,Region,Shiselweni,,Shiselweni,true,ISO_3166_2,https://www.iso.org/obp/ui/#search,ISO 3166-2 subdivisions via pycountry/isocodes,REFERENCE_DATA_IMPORTED,NEEDS_AR_TRANSLATION,2026-08-05,Administrative subdivision only; cities are imported in later city files.
UPSERT,reg_td_ba,TD,TCD,Chad,تشاد,Republic of Chad,Africa,إفريقيا,Middle Africa,وسط إفريقيا,TD-BA,,,1,province,Province,Batha,,Batha,true,ISO_3166_2,https://www.iso.org/obp/ui/#search,ISO 3166-2 subdivisions via pycountry/isocodes,REFERENCE_DATA_IMPORTED,NEEDS_AR_TRANSLATION,2026-08-05,Administrative subdivision only; cities are imported in later city files.
UPSERT,reg_td_bg,TD,TCD,Chad,تشاد,Republic of Chad,Africa,إفريقيا,Middle Africa,وسط إفريقيا,TD-BG,,,1,province,Province,Bahr el Ghazal,,Bahr el Ghazal,true,ISO_3166_2,https://www.iso.org/obp/ui/#search,ISO 3166-2 subdivisions via pycountry/isocodes,REFERENCE_DATA_IMPORTED,NEEDS_AR_TRANSLATION,2026-08-05,Administrative subdivision only; cities are imported in later city files.
UPSERT,reg_td_bo,TD,TCD,Chad,تشاد,Republic of Chad,Africa,إفريقيا,Middle Africa,وسط إفريقيا,TD-BO,,,1,province,Province,Borkou,,Borkou,true,ISO_3166_2,https://www.iso.org/obp/ui/#search,ISO 3166-2 subdivisions via pycountry/isocodes,REFERENCE_DATA_IMPORTED,NEEDS_AR_TRANSLATION,2026-08-05,Administrative subdivision only; cities are imported in later city files.
UPSERT,reg_td_cb,TD,TCD,Chad,تشاد,Republic of Chad,Africa,إفريقيا,Middle Africa,وسط إفريقيا,TD-CB,,,1,province,Province,Chari-Baguirmi,,Chari-Baguirmi,true,ISO_3166_2,https://www.iso.org/obp/ui/#search,ISO 3166-2 subdivisions via pycountry/isocodes,REFERENCE_DATA_IMPORTED,NEEDS_AR_TRANSLATION,2026-08-05,Administrative subdivision only; cities are imported in later city files.
UPSERT,reg_td_ee,TD,TCD,Chad,تشاد,Republic of Chad,Africa,إفريقيا,Middle Africa,وسط إفريقيا,TD-EE,,,1,province,Province,Ennedi-Est,,Ennedi-Est,true,ISO_3166_2,https://www.iso.org/obp/ui/#search,ISO 3166-2 subdivisions via pycountry/isocodes,REFERENCE_DATA_IMPORTED,NEEDS_AR_TRANSLATION,2026-08-05,Administrative subdivision only; cities are imported in later city files.
UPSERT,reg_td_eo,TD,TCD,Chad,تشاد,Republic of Chad,Africa,إفريقيا,Middle Africa,وسط إفريقيا,TD-EO,,,1,province,Province,Ennedi-Ouest,,Ennedi-Ouest,true,ISO_3166_2,https://www.iso.org/obp/ui/#search,ISO 3166-2 subdivisions via pycountry/isocodes,REFERENCE_DATA_IMPORTED,NEEDS_AR_TRANSLATION,2026-08-05,Administrative subdivision only; cities are imported in later city files.
UPSERT,reg_td_gr,TD,TCD,Chad,تشاد,Republic of Chad,Africa,إفريقيا,Middle Africa,وسط إفريقيا,TD-GR,,,1,province,Province,Guéra,,Guéra,true,ISO_3166_2,https://www.iso.org/obp/ui/#search,ISO 3166-2 subdivisions via pycountry/isocodes,REFERENCE_DATA_IMPORTED,NEEDS_AR_TRANSLATION,2026-08-05,Administrative subdivision only; cities are imported in later city files.
UPSERT,reg_td_hl,TD,TCD,Chad,تشاد,Republic of Chad,Africa,إفريقيا,Middle Africa,وسط إفريقيا,TD-HL,,,1,province,Province,Hadjer Lamis,,Hadjer Lamis,true,ISO_3166_2,https://www.iso.org/obp/ui/#search,ISO 3166-2 subdivisions via pycountry/isocodes,REFERENCE_DATA_IMPORTED,NEEDS_AR_TRANSLATION,2026-08-05,Administrative subdivision only; cities are imported in later city files.
UPSERT,reg_td_ka,TD,TCD,Chad,تشاد,Republic of Chad,Africa,إفريقيا,Middle Africa,وسط إفريقيا,TD-KA,,,1,province,Province,Kanem,,Kanem,true,ISO_3166_2,https://www.iso.org/obp/ui/#search,ISO 3166-2 subdivisions via pycountry/isocodes,REFERENCE_DATA_IMPORTED,NEEDS_AR_TRANSLATION,2026-08-05,Administrative subdivision only; cities are imported in later city files.
UPSERT,reg_td_lc,TD,TCD,Chad,تشاد,Republic of Chad,Africa,إفريقيا,Middle Africa,وسط إفريقيا,TD-LC,,,1,province,Province,Lac,,Lac,true,ISO_3166_2,https://www.iso.org/obp/ui/#search,ISO 3166-2 subdivisions via pycountry/isocodes,REFERENCE_DATA_IMPORTED,NEEDS_AR_TRANSLATION,2026-08-05,Administrative subdivision only; cities are imported in later city files.
UPSERT,reg_td_lo,TD,TCD,Chad,تشاد,Republic of Chad,Africa,إفريقيا,Middle Africa,وسط إفريقيا,TD-LO,,,1,province,Province,Logone-Occidental,,Logone-Occidental,true,ISO_3166_2,https://www.iso.org/obp/ui/#search,ISO 3166-2 subdivisions via pycountry/isocodes,REFERENCE_DATA_IMPORTED,NEEDS_AR_TRANSLATION,2026-08-05,Administrative subdivision only; cities are imported in later city files.
UPSERT,reg_td_lr,TD,TCD,Chad,تشاد,Republic of Chad,Africa,إفريقيا,Middle Africa,وسط إفريقيا,TD-LR,,,1,province,Province,Logone-Oriental,,Logone-Oriental,true,ISO_3166_2,https://www.iso.org/obp/ui/#search,ISO 3166-2 subdivisions via pycountry/isocodes,REFERENCE_DATA_IMPORTED,NEEDS_AR_TRANSLATION,2026-08-05,Administrative subdivision only; cities are imported in later city files.
UPSERT,reg_td_ma,TD,TCD,Chad,تشاد,Republic of Chad,Africa,إفريقيا,Middle Africa,وسط إفريقيا,TD-MA,,,1,province,Province,Mandoul,,Mandoul,true,ISO_3166_2,https://www.iso.org/obp/ui/#search,ISO 3166-2 subdivisions via pycountry/isocodes,REFERENCE_DATA_IMPORTED,NEEDS_AR_TRANSLATION,2026-08-05,Administrative subdivision only; cities are imported in later city files.
UPSERT,reg_td_mc,TD,TCD,Chad,تشاد,Republic of Chad,Africa,إفريقيا,Middle Africa,وسط إفريقيا,TD-MC,,,1,province,Province,Moyen-Chari,,Moyen-Chari,true,ISO_3166_2,https://www.iso.org/obp/ui/#search,ISO 3166-2 subdivisions via pycountry/isocodes,REFERENCE_DATA_IMPORTED,NEEDS_AR_TRANSLATION,2026-08-05,Administrative subdivision only; cities are imported in later city files.
UPSERT,reg_td_me,TD,TCD,Chad,تشاد,Republic of Chad,Africa,إفريقيا,Middle Africa,وسط إفريقيا,TD-ME,,,1,province,Province,Mayo-Kebbi-Est,,Mayo-Kebbi-Est,true,ISO_3166_2,https://www.iso.org/obp/ui/#search,ISO 3166-2 subdivisions via pycountry/isocodes,REFERENCE_DATA_IMPORTED,NEEDS_AR_TRANSLATION,2026-08-05,Administrative subdivision only; cities are imported in later city files.
UPSERT,reg_td_mo,TD,TCD,Chad,تشاد,Republic of Chad,Africa,إفريقيا,Middle Africa,وسط إفريقيا,TD-MO,,,1,province,Province,Mayo-Kebbi-Ouest,,Mayo-Kebbi-Ouest,true,ISO_3166_2,https://www.iso.org/obp/ui/#search,ISO 3166-2 subdivisions via pycountry/isocodes,REFERENCE_DATA_IMPORTED,NEEDS_AR_TRANSLATION,2026-08-05,Administrative subdivision only; cities are imported in later city files.
UPSERT,reg_td_nd,TD,TCD,Chad,تشاد,Republic of Chad,Africa,إفريقيا,Middle Africa,وسط إفريقيا,TD-ND,,,1,province,Province,Ville de Ndjamena,,Ville de Ndjamena,true,ISO_3166_2,https://www.iso.org/obp/ui/#search,ISO 3166-2 subdivisions via pycountry/isocodes,REFERENCE_DATA_IMPORTED,NEEDS_AR_TRANSLATION,2026-08-05,Administrative subdivision only; cities are imported in later city files.
UPSERT,reg_td_od,TD,TCD,Chad,تشاد,Republic of Chad,Africa,إفريقيا,Middle Africa,وسط إفريقيا,TD-OD,,,1,province,Province,Ouaddaï,,Ouaddaï,true,ISO_3166_2,https://www.iso.org/obp/ui/#search,ISO 3166-2 subdivisions via pycountry/isocodes,REFERENCE_DATA_IMPORTED,NEEDS_AR_TRANSLATION,2026-08-05,Administrative subdivision only; cities are imported in later city files.
UPSERT,reg_td_sa,TD,TCD,Chad,تشاد,Republic of Chad,Africa,إفريقيا,Middle Africa,وسط إفريقيا,TD-SA,,,1,province,Province,Salamat,,Salamat,true,ISO_3166_2,https://www.iso.org/obp/ui/#search,ISO 3166-2 subdivisions via pycountry/isocodes,REFERENCE_DATA_IMPORTED,NEEDS_AR_TRANSLATION,2026-08-05,Administrative subdivision only; cities are imported in later city files.
UPSERT,reg_td_si,TD,TCD,Chad,تشاد,Republic of Chad,Africa,إفريقيا,Middle Africa,وسط إفريقيا,TD-SI,,,1,province,Province,Sila,,Sila,true,ISO_3166_2,https://www.iso.org/obp/ui/#search,ISO 3166-2 subdivisions via pycountry/isocodes,REFERENCE_DATA_IMPORTED,NEEDS_AR_TRANSLATION,2026-08-05,Administrative subdivision only; cities are imported in later city files.
UPSERT,reg_td_ta,TD,TCD,Chad,تشاد,Republic of Chad,Africa,إفريقيا,Middle Africa,وسط إفريقيا,TD-TA,,,1,province,Province,Tandjilé,,Tandjilé,true,ISO_3166_2,https://www.iso.org/obp/ui/#search,ISO 3166-2 subdivisions via pycountry/isocodes,REFERENCE_DATA_IMPORTED,NEEDS_AR_TRANSLATION,2026-08-05,Administrative subdivision only; cities are imported in later city files.
UPSERT,reg_td_ti,TD,TCD,Chad,تشاد,Republic of Chad,Africa,إفريقيا,Middle Africa,وسط إفريقيا,TD-TI,,,1,province,Province,Tibesti,,Tibesti,true,ISO_3166_2,https://www.iso.org/obp/ui/#search,ISO 3166-2 subdivisions via pycountry/isocodes,REFERENCE_DATA_IMPORTED,NEEDS_AR_TRANSLATION,2026-08-05,Administrative subdivision only; cities are imported in later city files.
UPSERT,reg_td_wf,TD,TCD,Chad,تشاد,Republic of Chad,Africa,إفريقيا,Middle Africa,وسط إفريقيا,TD-WF,,,1,province,Province,Wadi Fira,,Wadi Fira,true,ISO_3166_2,https://www.iso.org/obp/ui/#search,ISO 3166-2 subdivisions via pycountry/isocodes,REFERENCE_DATA_IMPORTED,NEEDS_AR_TRANSLATION,2026-08-05,Administrative subdivision only; cities are imported in later city files.
UPSERT,reg_tg_c,TG,TGO,Togo,توغو,Togolese Republic,Africa,إفريقيا,Western Africa,غرب إفريقيا,TG-C,,,1,region,Region,Centrale,,Centrale,true,ISO_3166_2,https://www.iso.org/obp/ui/#search,ISO 3166-2 subdivisions via pycountry/isocodes,REFERENCE_DATA_IMPORTED,NEEDS_AR_TRANSLATION,2026-08-05,Administrative subdivision only; cities are imported in later city files.
UPSERT,reg_tg_k,TG,TGO,Togo,توغو,Togolese Republic,Africa,إفريقيا,Western Africa,غرب إفريقيا,TG-K,,,1,region,Region,Kara,,Kara,true,ISO_3166_2,https://www.iso.org/obp/ui/#search,ISO 3166-2 subdivisions via pycountry/isocodes,REFERENCE_DATA_IMPORTED,NEEDS_AR_TRANSLATION,2026-08-05,Administrative subdivision only; cities are imported in later city files.
UPSERT,reg_tg_m,TG,TGO,Togo,توغو,Togolese Republic,Africa,إفريقيا,Western Africa,غرب إفريقيا,TG-M,,,1,region,Region,Maritime (Région),,Maritime (Région),true,ISO_3166_2,https://www.iso.org/obp/ui/#search,ISO 3166-2 subdivisions via pycountry/isocodes,REFERENCE_DATA_IMPORTED,NEEDS_AR_TRANSLATION,2026-08-05,Administrative subdivision only; cities are imported in later city files.
UPSERT,reg_tg_p,TG,TGO,Togo,توغو,Togolese Republic,Africa,إفريقيا,Western Africa,غرب إفريقيا,TG-P,,,1,region,Region,Plateaux,,Plateaux,true,ISO_3166_2,https://www.iso.org/obp/ui/#search,ISO 3166-2 subdivisions via pycountry/isocodes,REFERENCE_DATA_IMPORTED,NEEDS_AR_TRANSLATION,2026-08-05,Administrative subdivision only; cities are imported in later city files.
UPSERT,reg_tg_s,TG,TGO,Togo,توغو,Togolese Republic,Africa,إفريقيا,Western Africa,غرب إفريقيا,TG-S,,,1,region,Region,Savanes,,Savanes,true,ISO_3166_2,https://www.iso.org/obp/ui/#search,ISO 3166-2 subdivisions via pycountry/isocodes,REFERENCE_DATA_IMPORTED,NEEDS_AR_TRANSLATION,2026-08-05,Administrative subdivision only; cities are imported in later city files.
UPSERT,reg_tn_11,TN,TUN,Tunisia,تونس,Republic of Tunisia,Africa,إفريقيا,Northern Africa,شمال إفريقيا,TN-11,,,1,governorate,Governorate,Tunis,,Tunis,true,ISO_3166_2,https://www.iso.org/obp/ui/#search,ISO 3166-2 subdivisions via pycountry/isocodes,REFERENCE_DATA_IMPORTED,NEEDS_AR_TRANSLATION,2026-08-05,Administrative subdivision only; cities are imported in later city files.
UPSERT,reg_tn_12,TN,TUN,Tunisia,تونس,Republic of Tunisia,Africa,إفريقيا,Northern Africa,شمال إفريقيا,TN-12,,,1,governorate,Governorate,L'Ariana,,L'Ariana,true,ISO_3166_2,https://www.iso.org/obp/ui/#search,ISO 3166-2 subdivisions via pycountry/isocodes,REFERENCE_DATA_IMPORTED,NEEDS_AR_TRANSLATION,2026-08-05,Administrative subdivision only; cities are imported in later city files.
UPSERT,reg_tn_13,TN,TUN,Tunisia,تونس,Republic of Tunisia,Africa,إفريقيا,Northern Africa,شمال إفريقيا,TN-13,,,1,governorate,Governorate,Ben Arous,,Ben Arous,true,ISO_3166_2,https://www.iso.org/obp/ui/#search,ISO 3166-2 subdivisions via pycountry/isocodes,REFERENCE_DATA_IMPORTED,NEEDS_AR_TRANSLATION,2026-08-05,Administrative subdivision only; cities are imported in later city files.
UPSERT,reg_tn_14,TN,TUN,Tunisia,تونس,Republic of Tunisia,Africa,إفريقيا,Northern Africa,شمال إفريقيا,TN-14,,,1,governorate,Governorate,La Manouba,,La Manouba,true,ISO_3166_2,https://www.iso.org/obp/ui/#search,ISO 3166-2 subdivisions via pycountry/isocodes,REFERENCE_DATA_IMPORTED,NEEDS_AR_TRANSLATION,2026-08-05,Administrative subdivision only; cities are imported in later city files.
UPSERT,reg_tn_21,TN,TUN,Tunisia,تونس,Republic of Tunisia,Africa,إفريقيا,Northern Africa,شمال إفريقيا,TN-21,,,1,governorate,Governorate,Nabeul,,Nabeul,true,ISO_3166_2,https://www.iso.org/obp/ui/#search,ISO 3166-2 subdivisions via pycountry/isocodes,REFERENCE_DATA_IMPORTED,NEEDS_AR_TRANSLATION,2026-08-05,Administrative subdivision only; cities are imported in later city files.
UPSERT,reg_tn_22,TN,TUN,Tunisia,تونس,Republic of Tunisia,Africa,إفريقيا,Northern Africa,شمال إفريقيا,TN-22,,,1,governorate,Governorate,Zaghouan,,Zaghouan,true,ISO_3166_2,https://www.iso.org/obp/ui/#search,ISO 3166-2 subdivisions via pycountry/isocodes,REFERENCE_DATA_IMPORTED,NEEDS_AR_TRANSLATION,2026-08-05,Administrative subdivision only; cities are imported in later city files.
UPSERT,reg_tn_23,TN,TUN,Tunisia,تونس,Republic of Tunisia,Africa,إفريقيا,Northern Africa,شمال إفريقيا,TN-23,,,1,governorate,Governorate,Bizerte,,Bizerte,true,ISO_3166_2,https://www.iso.org/obp/ui/#search,ISO 3166-2 subdivisions via pycountry/isocodes,REFERENCE_DATA_IMPORTED,NEEDS_AR_TRANSLATION,2026-08-05,Administrative subdivision only; cities are imported in later city files.
UPSERT,reg_tn_31,TN,TUN,Tunisia,تونس,Republic of Tunisia,Africa,إفريقيا,Northern Africa,شمال إفريقيا,TN-31,,,1,governorate,Governorate,Béja,,Béja,true,ISO_3166_2,https://www.iso.org/obp/ui/#search,ISO 3166-2 subdivisions via pycountry/isocodes,REFERENCE_DATA_IMPORTED,NEEDS_AR_TRANSLATION,2026-08-05,Administrative subdivision only; cities are imported in later city files.
UPSERT,reg_tn_32,TN,TUN,Tunisia,تونس,Republic of Tunisia,Africa,إفريقيا,Northern Africa,شمال إفريقيا,TN-32,,,1,governorate,Governorate,Jendouba,,Jendouba,true,ISO_3166_2,https://www.iso.org/obp/ui/#search,ISO 3166-2 subdivisions via pycountry/isocodes,REFERENCE_DATA_IMPORTED,NEEDS_AR_TRANSLATION,2026-08-05,Administrative subdivision only; cities are imported in later city files.
UPSERT,reg_tn_33,TN,TUN,Tunisia,تونس,Republic of Tunisia,Africa,إفريقيا,Northern Africa,شمال إفريقيا,TN-33,,,1,governorate,Governorate,Le Kef,,Le Kef,true,ISO_3166_2,https://www.iso.org/obp/ui/#search,ISO 3166-2 subdivisions via pycountry/isocodes,REFERENCE_DATA_IMPORTED,NEEDS_AR_TRANSLATION,2026-08-05,Administrative subdivision only; cities are imported in later city files.
UPSERT,reg_tn_34,TN,TUN,Tunisia,تونس,Republic of Tunisia,Africa,إفريقيا,Northern Africa,شمال إفريقيا,TN-34,,,1,governorate,Governorate,Siliana,,Siliana,true,ISO_3166_2,https://www.iso.org/obp/ui/#search,ISO 3166-2 subdivisions via pycountry/isocodes,REFERENCE_DATA_IMPORTED,NEEDS_AR_TRANSLATION,2026-08-05,Administrative subdivision only; cities are imported in later city files.
UPSERT,reg_tn_41,TN,TUN,Tunisia,تونس,Republic of Tunisia,Africa,إفريقيا,Northern Africa,شمال إفريقيا,TN-41,,,1,governorate,Governorate,Kairouan,,Kairouan,true,ISO_3166_2,https://www.iso.org/obp/ui/#search,ISO 3166-2 subdivisions via pycountry/isocodes,REFERENCE_DATA_IMPORTED,NEEDS_AR_TRANSLATION,2026-08-05,Administrative subdivision only; cities are imported in later city files.
UPSERT,reg_tn_42,TN,TUN,Tunisia,تونس,Republic of Tunisia,Africa,إفريقيا,Northern Africa,شمال إفريقيا,TN-42,,,1,governorate,Governorate,Kasserine,,Kasserine,true,ISO_3166_2,https://www.iso.org/obp/ui/#search,ISO 3166-2 subdivisions via pycountry/isocodes,REFERENCE_DATA_IMPORTED,NEEDS_AR_TRANSLATION,2026-08-05,Administrative subdivision only; cities are imported in later city files.
UPSERT,reg_tn_43,TN,TUN,Tunisia,تونس,Republic of Tunisia,Africa,إفريقيا,Northern Africa,شمال إفريقيا,TN-43,,,1,governorate,Governorate,Sidi Bouzid,,Sidi Bouzid,true,ISO_3166_2,https://www.iso.org/obp/ui/#search,ISO 3166-2 subdivisions via pycountry/isocodes,REFERENCE_DATA_IMPORTED,NEEDS_AR_TRANSLATION,2026-08-05,Administrative subdivision only; cities are imported in later city files.
UPSERT,reg_tn_51,TN,TUN,Tunisia,تونس,Republic of Tunisia,Africa,إفريقيا,Northern Africa,شمال إفريقيا,TN-51,,,1,governorate,Governorate,Sousse,,Sousse,true,ISO_3166_2,https://www.iso.org/obp/ui/#search,ISO 3166-2 subdivisions via pycountry/isocodes,REFERENCE_DATA_IMPORTED,NEEDS_AR_TRANSLATION,2026-08-05,Administrative subdivision only; cities are imported in later city files.
UPSERT,reg_tn_52,TN,TUN,Tunisia,تونس,Republic of Tunisia,Africa,إفريقيا,Northern Africa,شمال إفريقيا,TN-52,,,1,governorate,Governorate,Monastir,,Monastir,true,ISO_3166_2,https://www.iso.org/obp/ui/#search,ISO 3166-2 subdivisions via pycountry/isocodes,REFERENCE_DATA_IMPORTED,NEEDS_AR_TRANSLATION,2026-08-05,Administrative subdivision only; cities are imported in later city files.
UPSERT,reg_tn_53,TN,TUN,Tunisia,تونس,Republic of Tunisia,Africa,إفريقيا,Northern Africa,شمال إفريقيا,TN-53,,,1,governorate,Governorate,Mahdia,,Mahdia,true,ISO_3166_2,https://www.iso.org/obp/ui/#search,ISO 3166-2 subdivisions via pycountry/isocodes,REFERENCE_DATA_IMPORTED,NEEDS_AR_TRANSLATION,2026-08-05,Administrative subdivision only; cities are imported in later city files.
UPSERT,reg_tn_61,TN,TUN,Tunisia,تونس,Republic of Tunisia,Africa,إفريقيا,Northern Africa,شمال إفريقيا,TN-61,,,1,governorate,Governorate,Sfax,,Sfax,true,ISO_3166_2,https://www.iso.org/obp/ui/#search,ISO 3166-2 subdivisions via pycountry/isocodes,REFERENCE_DATA_IMPORTED,NEEDS_AR_TRANSLATION,2026-08-05,Administrative subdivision only; cities are imported in later city files.
UPSERT,reg_tn_71,TN,TUN,Tunisia,تونس,Republic of Tunisia,Africa,إفريقيا,Northern Africa,شمال إفريقيا,TN-71,,,1,governorate,Governorate,Gafsa,,Gafsa,true,ISO_3166_2,https://www.iso.org/obp/ui/#search,ISO 3166-2 subdivisions via pycountry/isocodes,REFERENCE_DATA_IMPORTED,NEEDS_AR_TRANSLATION,2026-08-05,Administrative subdivision only; cities are imported in later city files.
UPSERT,reg_tn_72,TN,TUN,Tunisia,تونس,Republic of Tunisia,Africa,إفريقيا,Northern Africa,شمال إفريقيا,TN-72,,,1,governorate,Governorate,Tozeur,,Tozeur,true,ISO_3166_2,https://www.iso.org/obp/ui/#search,ISO 3166-2 subdivisions via pycountry/isocodes,REFERENCE_DATA_IMPORTED,NEEDS_AR_TRANSLATION,2026-08-05,Administrative subdivision only; cities are imported in later city files.
UPSERT,reg_tn_73,TN,TUN,Tunisia,تونس,Republic of Tunisia,Africa,إفريقيا,Northern Africa,شمال إفريقيا,TN-73,,,1,governorate,Governorate,Kébili,,Kébili,true,ISO_3166_2,https://www.iso.org/obp/ui/#search,ISO 3166-2 subdivisions via pycountry/isocodes,REFERENCE_DATA_IMPORTED,NEEDS_AR_TRANSLATION,2026-08-05,Administrative subdivision only; cities are imported in later city files.
UPSERT,reg_tn_81,TN,TUN,Tunisia,تونس,Republic of Tunisia,Africa,إفريقيا,Northern Africa,شمال إفريقيا,TN-81,,,1,governorate,Governorate,Gabès,,Gabès,true,ISO_3166_2,https://www.iso.org/obp/ui/#search,ISO 3166-2 subdivisions via pycountry/isocodes,REFERENCE_DATA_IMPORTED,NEEDS_AR_TRANSLATION,2026-08-05,Administrative subdivision only; cities are imported in later city files.
UPSERT,reg_tn_82,TN,TUN,Tunisia,تونس,Republic of Tunisia,Africa,إفريقيا,Northern Africa,شمال إفريقيا,TN-82,,,1,governorate,Governorate,Médenine,,Médenine,true,ISO_3166_2,https://www.iso.org/obp/ui/#search,ISO 3166-2 subdivisions via pycountry/isocodes,REFERENCE_DATA_IMPORTED,NEEDS_AR_TRANSLATION,2026-08-05,Administrative subdivision only; cities are imported in later city files.
UPSERT,reg_tn_83,TN,TUN,Tunisia,تونس,Republic of Tunisia,Africa,إفريقيا,Northern Africa,شمال إفريقيا,TN-83,,,1,governorate,Governorate,Tataouine,,Tataouine,true,ISO_3166_2,https://www.iso.org/obp/ui/#search,ISO 3166-2 subdivisions via pycountry/isocodes,REFERENCE_DATA_IMPORTED,NEEDS_AR_TRANSLATION,2026-08-05,Administrative subdivision only; cities are imported in later city files.
UPSERT,reg_tz_01,TZ,TZA,"Tanzania, United Republic of",تنزانيا,United Republic of Tanzania,Africa,إفريقيا,Eastern Africa,شرق إفريقيا,TZ-01,,,1,region,Region,Arusha,,Arusha,true,ISO_3166_2,https://www.iso.org/obp/ui/#search,ISO 3166-2 subdivisions via pycountry/isocodes,REFERENCE_DATA_IMPORTED,NEEDS_AR_TRANSLATION,2026-08-05,Administrative subdivision only; cities are imported in later city files.
UPSERT,reg_tz_02,TZ,TZA,"Tanzania, United Republic of",تنزانيا,United Republic of Tanzania,Africa,إفريقيا,Eastern Africa,شرق إفريقيا,TZ-02,,,1,region,Region,Dar es Salaam,,Dar es Salaam,true,ISO_3166_2,https://www.iso.org/obp/ui/#search,ISO 3166-2 subdivisions via pycountry/isocodes,REFERENCE_DATA_IMPORTED,NEEDS_AR_TRANSLATION,2026-08-05,Administrative subdivision only; cities are imported in later city files.
UPSERT,reg_tz_03,TZ,TZA,"Tanzania, United Republic of",تنزانيا,United Republic of Tanzania,Africa,إفريقيا,Eastern Africa,شرق إفريقيا,TZ-03,,,1,region,Region,Dodoma,,Dodoma,true,ISO_3166_2,https://www.iso.org/obp/ui/#search,ISO 3166-2 subdivisions via pycountry/isocodes,REFERENCE_DATA_IMPORTED,NEEDS_AR_TRANSLATION,2026-08-05,Administrative subdivision only; cities are imported in later city files.
UPSERT,reg_tz_04,TZ,TZA,"Tanzania, United Republic of",تنزانيا,United Republic of Tanzania,Africa,إفريقيا,Eastern Africa,شرق إفريقيا,TZ-04,,,1,region,Region,Iringa,,Iringa,true,ISO_3166_2,https://www.iso.org/obp/ui/#search,ISO 3166-2 subdivisions via pycountry/isocodes,REFERENCE_DATA_IMPORTED,NEEDS_AR_TRANSLATION,2026-08-05,Administrative subdivision only; cities are imported in later city files.
UPSERT,reg_tz_05,TZ,TZA,"Tanzania, United Republic of",تنزانيا,United Republic of Tanzania,Africa,إفريقيا,Eastern Africa,شرق إفريقيا,TZ-05,,,1,region,Region,Kagera,,Kagera,true,ISO_3166_2,https://www.iso.org/obp/ui/#search,ISO 3166-2 subdivisions via pycountry/isocodes,REFERENCE_DATA_IMPORTED,NEEDS_AR_TRANSLATION,2026-08-05,Administrative subdivision only; cities are imported in later city files.
UPSERT,reg_tz_06,TZ,TZA,"Tanzania, United Republic of",تنزانيا,United Republic of Tanzania,Africa,إفريقيا,Eastern Africa,شرق إفريقيا,TZ-06,,,1,region,Region,Pemba North,,Pemba North,true,ISO_3166_2,https://www.iso.org/obp/ui/#search,ISO 3166-2 subdivisions via pycountry/isocodes,REFERENCE_DATA_IMPORTED,NEEDS_AR_TRANSLATION,2026-08-05,Administrative subdivision only; cities are imported in later city files.
UPSERT,reg_tz_07,TZ,TZA,"Tanzania, United Republic of",تنزانيا,United Republic of Tanzania,Africa,إفريقيا,Eastern Africa,شرق إفريقيا,TZ-07,,,1,region,Region,Zanzibar North,,Zanzibar North,true,ISO_3166_2,https://www.iso.org/obp/ui/#search,ISO 3166-2 subdivisions via pycountry/isocodes,REFERENCE_DATA_IMPORTED,NEEDS_AR_TRANSLATION,2026-08-05,Administrative subdivision only; cities are imported in later city files.
UPSERT,reg_tz_08,TZ,TZA,"Tanzania, United Republic of",تنزانيا,United Republic of Tanzania,Africa,إفريقيا,Eastern Africa,شرق إفريقيا,TZ-08,,,1,region,Region,Kigoma,,Kigoma,true,ISO_3166_2,https://www.iso.org/obp/ui/#search,ISO 3166-2 subdivisions via pycountry/isocodes,REFERENCE_DATA_IMPORTED,NEEDS_AR_TRANSLATION,2026-08-05,Administrative subdivision only; cities are imported in later city files.
UPSERT,reg_tz_09,TZ,TZA,"Tanzania, United Republic of",تنزانيا,United Republic of Tanzania,Africa,إفريقيا,Eastern Africa,شرق إفريقيا,TZ-09,,,1,region,Region,Kilimanjaro,,Kilimanjaro,true,ISO_3166_2,https://www.iso.org/obp/ui/#search,ISO 3166-2 subdivisions via pycountry/isocodes,REFERENCE_DATA_IMPORTED,NEEDS_AR_TRANSLATION,2026-08-05,Administrative subdivision only; cities are imported in later city files.
UPSERT,reg_tz_10,TZ,TZA,"Tanzania, United Republic of",تنزانيا,United Republic of Tanzania,Africa,إفريقيا,Eastern Africa,شرق إفريقيا,TZ-10,,,1,region,Region,Pemba South,,Pemba South,true,ISO_3166_2,https://www.iso.org/obp/ui/#search,ISO 3166-2 subdivisions via pycountry/isocodes,REFERENCE_DATA_IMPORTED,NEEDS_AR_TRANSLATION,2026-08-05,Administrative subdivision only; cities are imported in later city files.
UPSERT,reg_tz_11,TZ,TZA,"Tanzania, United Republic of",تنزانيا,United Republic of Tanzania,Africa,إفريقيا,Eastern Africa,شرق إفريقيا,TZ-11,,,1,region,Region,Zanzibar South,,Zanzibar South,true,ISO_3166_2,https://www.iso.org/obp/ui/#search,ISO 3166-2 subdivisions via pycountry/isocodes,REFERENCE_DATA_IMPORTED,NEEDS_AR_TRANSLATION,2026-08-05,Administrative subdivision only; cities are imported in later city files.
UPSERT,reg_tz_12,TZ,TZA,"Tanzania, United Republic of",تنزانيا,United Republic of Tanzania,Africa,إفريقيا,Eastern Africa,شرق إفريقيا,TZ-12,,,1,region,Region,Lindi,,Lindi,true,ISO_3166_2,https://www.iso.org/obp/ui/#search,ISO 3166-2 subdivisions via pycountry/isocodes,REFERENCE_DATA_IMPORTED,NEEDS_AR_TRANSLATION,2026-08-05,Administrative subdivision only; cities are imported in later city files.
UPSERT,reg_tz_13,TZ,TZA,"Tanzania, United Republic of",تنزانيا,United Republic of Tanzania,Africa,إفريقيا,Eastern Africa,شرق إفريقيا,TZ-13,,,1,region,Region,Mara,,Mara,true,ISO_3166_2,https://www.iso.org/obp/ui/#search,ISO 3166-2 subdivisions via pycountry/isocodes,REFERENCE_DATA_IMPORTED,NEEDS_AR_TRANSLATION,2026-08-05,Administrative subdivision only; cities are imported in later city files.
UPSERT,reg_tz_14,TZ,TZA,"Tanzania, United Republic of",تنزانيا,United Republic of Tanzania,Africa,إفريقيا,Eastern Africa,شرق إفريقيا,TZ-14,,,1,region,Region,Mbeya,,Mbeya,true,ISO_3166_2,https://www.iso.org/obp/ui/#search,ISO 3166-2 subdivisions via pycountry/isocodes,REFERENCE_DATA_IMPORTED,NEEDS_AR_TRANSLATION,2026-08-05,Administrative subdivision only; cities are imported in later city files.
UPSERT,reg_tz_15,TZ,TZA,"Tanzania, United Republic of",تنزانيا,United Republic of Tanzania,Africa,إفريقيا,Eastern Africa,شرق إفريقيا,TZ-15,,,1,region,Region,Zanzibar West,,Zanzibar West,true,ISO_3166_2,https://www.iso.org/obp/ui/#search,ISO 3166-2 subdivisions via pycountry/isocodes,REFERENCE_DATA_IMPORTED,NEEDS_AR_TRANSLATION,2026-08-05,Administrative subdivision only; cities are imported in later city files.
UPSERT,reg_tz_16,TZ,TZA,"Tanzania, United Republic of",تنزانيا,United Republic of Tanzania,Africa,إفريقيا,Eastern Africa,شرق إفريقيا,TZ-16,,,1,region,Region,Morogoro,,Morogoro,true,ISO_3166_2,https://www.iso.org/obp/ui/#search,ISO 3166-2 subdivisions via pycountry/isocodes,REFERENCE_DATA_IMPORTED,NEEDS_AR_TRANSLATION,2026-08-05,Administrative subdivision only; cities are imported in later city files.
UPSERT,reg_tz_17,TZ,TZA,"Tanzania, United Republic of",تنزانيا,United Republic of Tanzania,Africa,إفريقيا,Eastern Africa,شرق إفريقيا,TZ-17,,,1,region,Region,Mtwara,,Mtwara,true,ISO_3166_2,https://www.iso.org/obp/ui/#search,ISO 3166-2 subdivisions via pycountry/isocodes,REFERENCE_DATA_IMPORTED,NEEDS_AR_TRANSLATION,2026-08-05,Administrative subdivision only; cities are imported in later city files.
UPSERT,reg_tz_18,TZ,TZA,"Tanzania, United Republic of",تنزانيا,United Republic of Tanzania,Africa,إفريقيا,Eastern Africa,شرق إفريقيا,TZ-18,,,1,region,Region,Mwanza,,Mwanza,true,ISO_3166_2,https://www.iso.org/obp/ui/#search,ISO 3166-2 subdivisions via pycountry/isocodes,REFERENCE_DATA_IMPORTED,NEEDS_AR_TRANSLATION,2026-08-05,Administrative subdivision only; cities are imported in later city files.
UPSERT,reg_tz_19,TZ,TZA,"Tanzania, United Republic of",تنزانيا,United Republic of Tanzania,Africa,إفريقيا,Eastern Africa,شرق إفريقيا,TZ-19,,,1,region,Region,Coast,,Coast,true,ISO_3166_2,https://www.iso.org/obp/ui/#search,ISO 3166-2 subdivisions via pycountry/isocodes,REFERENCE_DATA_IMPORTED,NEEDS_AR_TRANSLATION,2026-08-05,Administrative subdivision only; cities are imported in later city files.
UPSERT,reg_tz_20,TZ,TZA,"Tanzania, United Republic of",تنزانيا,United Republic of Tanzania,Africa,إفريقيا,Eastern Africa,شرق إفريقيا,TZ-20,,,1,region,Region,Rukwa,,Rukwa,true,ISO_3166_2,https://www.iso.org/obp/ui/#search,ISO 3166-2 subdivisions via pycountry/isocodes,REFERENCE_DATA_IMPORTED,NEEDS_AR_TRANSLATION,2026-08-05,Administrative subdivision only; cities are imported in later city files.
UPSERT,reg_tz_21,TZ,TZA,"Tanzania, United Republic of",تنزانيا,United Republic of Tanzania,Africa,إفريقيا,Eastern Africa,شرق إفريقيا,TZ-21,,,1,region,Region,Ruvuma,,Ruvuma,true,ISO_3166_2,https://www.iso.org/obp/ui/#search,ISO 3166-2 subdivisions via pycountry/isocodes,REFERENCE_DATA_IMPORTED,NEEDS_AR_TRANSLATION,2026-08-05,Administrative subdivision only; cities are imported in later city files.
UPSERT,reg_tz_22,TZ,TZA,"Tanzania, United Republic of",تنزانيا,United Republic of Tanzania,Africa,إفريقيا,Eastern Africa,شرق إفريقيا,TZ-22,,,1,region,Region,Shinyanga,,Shinyanga,true,ISO_3166_2,https://www.iso.org/obp/ui/#search,ISO 3166-2 subdivisions via pycountry/isocodes,REFERENCE_DATA_IMPORTED,NEEDS_AR_TRANSLATION,2026-08-05,Administrative subdivision only; cities are imported in later city files.
UPSERT,reg_tz_23,TZ,TZA,"Tanzania, United Republic of",تنزانيا,United Republic of Tanzania,Africa,إفريقيا,Eastern Africa,شرق إفريقيا,TZ-23,,,1,region,Region,Singida,,Singida,true,ISO_3166_2,https://www.iso.org/obp/ui/#search,ISO 3166-2 subdivisions via pycountry/isocodes,REFERENCE_DATA_IMPORTED,NEEDS_AR_TRANSLATION,2026-08-05,Administrative subdivision only; cities are imported in later city files.
UPSERT,reg_tz_24,TZ,TZA,"Tanzania, United Republic of",تنزانيا,United Republic of Tanzania,Africa,إفريقيا,Eastern Africa,شرق إفريقيا,TZ-24,,,1,region,Region,Tabora,,Tabora,true,ISO_3166_2,https://www.iso.org/obp/ui/#search,ISO 3166-2 subdivisions via pycountry/isocodes,REFERENCE_DATA_IMPORTED,NEEDS_AR_TRANSLATION,2026-08-05,Administrative subdivision only; cities are imported in later city files.
UPSERT,reg_tz_25,TZ,TZA,"Tanzania, United Republic of",تنزانيا,United Republic of Tanzania,Africa,إفريقيا,Eastern Africa,شرق إفريقيا,TZ-25,,,1,region,Region,Tanga,,Tanga,true,ISO_3166_2,https://www.iso.org/obp/ui/#search,ISO 3166-2 subdivisions via pycountry/isocodes,REFERENCE_DATA_IMPORTED,NEEDS_AR_TRANSLATION,2026-08-05,Administrative subdivision only; cities are imported in later city files.
UPSERT,reg_tz_26,TZ,TZA,"Tanzania, United Republic of",تنزانيا,United Republic of Tanzania,Africa,إفريقيا,Eastern Africa,شرق إفريقيا,TZ-26,,,1,region,Region,Manyara,,Manyara,true,ISO_3166_2,https://www.iso.org/obp/ui/#search,ISO 3166-2 subdivisions via pycountry/isocodes,REFERENCE_DATA_IMPORTED,NEEDS_AR_TRANSLATION,2026-08-05,Administrative subdivision only; cities are imported in later city files.
UPSERT,reg_tz_27,TZ,TZA,"Tanzania, United Republic of",تنزانيا,United Republic of Tanzania,Africa,إفريقيا,Eastern Africa,شرق إفريقيا,TZ-27,,,1,region,Region,Geita,,Geita,true,ISO_3166_2,https://www.iso.org/obp/ui/#search,ISO 3166-2 subdivisions via pycountry/isocodes,REFERENCE_DATA_IMPORTED,NEEDS_AR_TRANSLATION,2026-08-05,Administrative subdivision only; cities are imported in later city files.
UPSERT,reg_tz_28,TZ,TZA,"Tanzania, United Republic of",تنزانيا,United Republic of Tanzania,Africa,إفريقيا,Eastern Africa,شرق إفريقيا,TZ-28,,,1,region,Region,Katavi,,Katavi,true,ISO_3166_2,https://www.iso.org/obp/ui/#search,ISO 3166-2 subdivisions via pycountry/isocodes,REFERENCE_DATA_IMPORTED,NEEDS_AR_TRANSLATION,2026-08-05,Administrative subdivision only; cities are imported in later city files.
UPSERT,reg_tz_29,TZ,TZA,"Tanzania, United Republic of",تنزانيا,United Republic of Tanzania,Africa,إفريقيا,Eastern Africa,شرق إفريقيا,TZ-29,,,1,region,Region,Njombe,,Njombe,true,ISO_3166_2,https://www.iso.org/obp/ui/#search,ISO 3166-2 subdivisions via pycountry/isocodes,REFERENCE_DATA_IMPORTED,NEEDS_AR_TRANSLATION,2026-08-05,Administrative subdivision only; cities are imported in later city files.
UPSERT,reg_tz_30,TZ,TZA,"Tanzania, United Republic of",تنزانيا,United Republic of Tanzania,Africa,إفريقيا,Eastern Africa,شرق إفريقيا,TZ-30,,,1,region,Region,Simiyu,,Simiyu,true,ISO_3166_2,https://www.iso.org/obp/ui/#search,ISO 3166-2 subdivisions via pycountry/isocodes,REFERENCE_DATA_IMPORTED,NEEDS_AR_TRANSLATION,2026-08-05,Administrative subdivision only; cities are imported in later city files.
UPSERT,reg_tz_31,TZ,TZA,"Tanzania, United Republic of",تنزانيا,United Republic of Tanzania,Africa,إفريقيا,Eastern Africa,شرق إفريقيا,TZ-31,,,1,region,Region,Songwe,,Songwe,true,ISO_3166_2,https://www.iso.org/obp/ui/#search,ISO 3166-2 subdivisions via pycountry/isocodes,REFERENCE_DATA_IMPORTED,NEEDS_AR_TRANSLATION,2026-08-05,Administrative subdivision only; cities are imported in later city files.
UPSERT,reg_ug_101,UG,UGA,Uganda,أوغندا,Republic of Uganda,Africa,إفريقيا,Eastern Africa,شرق إفريقيا,UG-101,UG-C,Central,2,district,District,Kalangala,,Kalangala,true,ISO_3166_2,https://www.iso.org/obp/ui/#search,ISO 3166-2 subdivisions via pycountry/isocodes,REFERENCE_DATA_IMPORTED,NEEDS_AR_TRANSLATION,2026-08-05,Administrative subdivision only; cities are imported in later city files.
UPSERT,reg_ug_102,UG,UGA,Uganda,أوغندا,Republic of Uganda,Africa,إفريقيا,Eastern Africa,شرق إفريقيا,UG-102,UG-C,Central,2,city,City,Kampala,,Kampala,true,ISO_3166_2,https://www.iso.org/obp/ui/#search,ISO 3166-2 subdivisions via pycountry/isocodes,REFERENCE_DATA_IMPORTED,NEEDS_AR_TRANSLATION,2026-08-05,Administrative subdivision only; cities are imported in later city files.
UPSERT,reg_ug_103,UG,UGA,Uganda,أوغندا,Republic of Uganda,Africa,إفريقيا,Eastern Africa,شرق إفريقيا,UG-103,UG-C,Central,2,district,District,Kiboga,,Kiboga,true,ISO_3166_2,https://www.iso.org/obp/ui/#search,ISO 3166-2 subdivisions via pycountry/isocodes,REFERENCE_DATA_IMPORTED,NEEDS_AR_TRANSLATION,2026-08-05,Administrative subdivision only; cities are imported in later city files.
UPSERT,reg_ug_104,UG,UGA,Uganda,أوغندا,Republic of Uganda,Africa,إفريقيا,Eastern Africa,شرق إفريقيا,UG-104,UG-C,Central,2,district,District,Luwero,,Luwero,true,ISO_3166_2,https://www.iso.org/obp/ui/#search,ISO 3166-2 subdivisions via pycountry/isocodes,REFERENCE_DATA_IMPORTED,NEEDS_AR_TRANSLATION,2026-08-05,Administrative subdivision only; cities are imported in later city files.
UPSERT,reg_ug_105,UG,UGA,Uganda,أوغندا,Republic of Uganda,Africa,إفريقيا,Eastern Africa,شرق إفريقيا,UG-105,UG-C,Central,2,district,District,Masaka,,Masaka,true,ISO_3166_2,https://www.iso.org/obp/ui/#search,ISO 3166-2 subdivisions via pycountry/isocodes,REFERENCE_DATA_IMPORTED,NEEDS_AR_TRANSLATION,2026-08-05,Administrative subdivision only; cities are imported in later city files.
UPSERT,reg_ug_106,UG,UGA,Uganda,أوغندا,Republic of Uganda,Africa,إفريقيا,Eastern Africa,شرق إفريقيا,UG-106,UG-C,Central,2,district,District,Mpigi,,Mpigi,true,ISO_3166_2,https://www.iso.org/obp/ui/#search,ISO 3166-2 subdivisions via pycountry/isocodes,REFERENCE_DATA_IMPORTED,NEEDS_AR_TRANSLATION,2026-08-05,Administrative subdivision only; cities are imported in later city files.
UPSERT,reg_ug_107,UG,UGA,Uganda,أوغندا,Republic of Uganda,Africa,إفريقيا,Eastern Africa,شرق إفريقيا,UG-107,UG-C,Central,2,district,District,Mubende,,Mubende,true,ISO_3166_2,https://www.iso.org/obp/ui/#search,ISO 3166-2 subdivisions via pycountry/isocodes,REFERENCE_DATA_IMPORTED,NEEDS_AR_TRANSLATION,2026-08-05,Administrative subdivision only; cities are imported in later city files.
UPSERT,reg_ug_108,UG,UGA,Uganda,أوغندا,Republic of Uganda,Africa,إفريقيا,Eastern Africa,شرق إفريقيا,UG-108,UG-C,Central,2,district,District,Mukono,,Mukono,true,ISO_3166_2,https://www.iso.org/obp/ui/#search,ISO 3166-2 subdivisions via pycountry/isocodes,REFERENCE_DATA_IMPORTED,NEEDS_AR_TRANSLATION,2026-08-05,Administrative subdivision only; cities are imported in later city files.
UPSERT,reg_ug_109,UG,UGA,Uganda,أوغندا,Republic of Uganda,Africa,إفريقيا,Eastern Africa,شرق إفريقيا,UG-109,UG-C,Central,2,district,District,Nakasongola,,Nakasongola,true,ISO_3166_2,https://www.iso.org/obp/ui/#search,ISO 3166-2 subdivisions via pycountry/isocodes,REFERENCE_DATA_IMPORTED,NEEDS_AR_TRANSLATION,2026-08-05,Administrative subdivision only; cities are imported in later city files.
UPSERT,reg_ug_110,UG,UGA,Uganda,أوغندا,Republic of Uganda,Africa,إفريقيا,Eastern Africa,شرق إفريقيا,UG-110,UG-C,Central,2,district,District,Rakai,,Rakai,true,ISO_3166_2,https://www.iso.org/obp/ui/#search,ISO 3166-2 subdivisions via pycountry/isocodes,REFERENCE_DATA_IMPORTED,NEEDS_AR_TRANSLATION,2026-08-05,Administrative subdivision only; cities are imported in later city files.
UPSERT,reg_ug_111,UG,UGA,Uganda,أوغندا,Republic of Uganda,Africa,إفريقيا,Eastern Africa,شرق إفريقيا,UG-111,UG-C,Central,2,district,District,Sembabule,,Sembabule,true,ISO_3166_2,https://www.iso.org/obp/ui/#search,ISO 3166-2 subdivisions via pycountry/isocodes,REFERENCE_DATA_IMPORTED,NEEDS_AR_TRANSLATION,2026-08-05,Administrative subdivision only; cities are imported in later city files.
UPSERT,reg_ug_112,UG,UGA,Uganda,أوغندا,Republic of Uganda,Africa,إفريقيا,Eastern Africa,شرق إفريقيا,UG-112,UG-C,Central,2,district,District,Kayunga,,Kayunga,true,ISO_3166_2,https://www.iso.org/obp/ui/#search,ISO 3166-2 subdivisions via pycountry/isocodes,REFERENCE_DATA_IMPORTED,NEEDS_AR_TRANSLATION,2026-08-05,Administrative subdivision only; cities are imported in later city files.
UPSERT,reg_ug_113,UG,UGA,Uganda,أوغندا,Republic of Uganda,Africa,إفريقيا,Eastern Africa,شرق إفريقيا,UG-113,UG-C,Central,2,district,District,Wakiso,,Wakiso,true,ISO_3166_2,https://www.iso.org/obp/ui/#search,ISO 3166-2 subdivisions via pycountry/isocodes,REFERENCE_DATA_IMPORTED,NEEDS_AR_TRANSLATION,2026-08-05,Administrative subdivision only; cities are imported in later city files.
UPSERT,reg_ug_114,UG,UGA,Uganda,أوغندا,Republic of Uganda,Africa,إفريقيا,Eastern Africa,شرق إفريقيا,UG-114,UG-C,Central,2,district,District,Lyantonde,,Lyantonde,true,ISO_3166_2,https://www.iso.org/obp/ui/#search,ISO 3166-2 subdivisions via pycountry/isocodes,REFERENCE_DATA_IMPORTED,NEEDS_AR_TRANSLATION,2026-08-05,Administrative subdivision only; cities are imported in later city files.
UPSERT,reg_ug_115,UG,UGA,Uganda,أوغندا,Republic of Uganda,Africa,إفريقيا,Eastern Africa,شرق إفريقيا,UG-115,UG-C,Central,2,district,District,Mityana,,Mityana,true,ISO_3166_2,https://www.iso.org/obp/ui/#search,ISO 3166-2 subdivisions via pycountry/isocodes,REFERENCE_DATA_IMPORTED,NEEDS_AR_TRANSLATION,2026-08-05,Administrative subdivision only; cities are imported in later city files.
UPSERT,reg_ug_116,UG,UGA,Uganda,أوغندا,Republic of Uganda,Africa,إفريقيا,Eastern Africa,شرق إفريقيا,UG-116,UG-C,Central,2,district,District,Nakaseke,,Nakaseke,true,ISO_3166_2,https://www.iso.org/obp/ui/#search,ISO 3166-2 subdivisions via pycountry/isocodes,REFERENCE_DATA_IMPORTED,NEEDS_AR_TRANSLATION,2026-08-05,Administrative subdivision only; cities are imported in later city files.
UPSERT,reg_ug_117,UG,UGA,Uganda,أوغندا,Republic of Uganda,Africa,إفريقيا,Eastern Africa,شرق إفريقيا,UG-117,UG-C,Central,2,district,District,Buikwe,,Buikwe,true,ISO_3166_2,https://www.iso.org/obp/ui/#search,ISO 3166-2 subdivisions via pycountry/isocodes,REFERENCE_DATA_IMPORTED,NEEDS_AR_TRANSLATION,2026-08-05,Administrative subdivision only; cities are imported in later city files.
UPSERT,reg_ug_118,UG,UGA,Uganda,أوغندا,Republic of Uganda,Africa,إفريقيا,Eastern Africa,شرق إفريقيا,UG-118,UG-C,Central,2,district,District,Bukomansibi,,Bukomansibi,true,ISO_3166_2,https://www.iso.org/obp/ui/#search,ISO 3166-2 subdivisions via pycountry/isocodes,REFERENCE_DATA_IMPORTED,NEEDS_AR_TRANSLATION,2026-08-05,Administrative subdivision only; cities are imported in later city files.
UPSERT,reg_ug_119,UG,UGA,Uganda,أوغندا,Republic of Uganda,Africa,إفريقيا,Eastern Africa,شرق إفريقيا,UG-119,UG-C,Central,2,district,District,Butambala,,Butambala,true,ISO_3166_2,https://www.iso.org/obp/ui/#search,ISO 3166-2 subdivisions via pycountry/isocodes,REFERENCE_DATA_IMPORTED,NEEDS_AR_TRANSLATION,2026-08-05,Administrative subdivision only; cities are imported in later city files.
UPSERT,reg_ug_120,UG,UGA,Uganda,أوغندا,Republic of Uganda,Africa,إفريقيا,Eastern Africa,شرق إفريقيا,UG-120,UG-C,Central,2,district,District,Buvuma,,Buvuma,true,ISO_3166_2,https://www.iso.org/obp/ui/#search,ISO 3166-2 subdivisions via pycountry/isocodes,REFERENCE_DATA_IMPORTED,NEEDS_AR_TRANSLATION,2026-08-05,Administrative subdivision only; cities are imported in later city files.
UPSERT,reg_ug_121,UG,UGA,Uganda,أوغندا,Republic of Uganda,Africa,إفريقيا,Eastern Africa,شرق إفريقيا,UG-121,UG-C,Central,2,district,District,Gomba,,Gomba,true,ISO_3166_2,https://www.iso.org/obp/ui/#search,ISO 3166-2 subdivisions via pycountry/isocodes,REFERENCE_DATA_IMPORTED,NEEDS_AR_TRANSLATION,2026-08-05,Administrative subdivision only; cities are imported in later city files.
UPSERT,reg_ug_122,UG,UGA,Uganda,أوغندا,Republic of Uganda,Africa,إفريقيا,Eastern Africa,شرق إفريقيا,UG-122,UG-C,Central,2,district,District,Kalungu,,Kalungu,true,ISO_3166_2,https://www.iso.org/obp/ui/#search,ISO 3166-2 subdivisions via pycountry/isocodes,REFERENCE_DATA_IMPORTED,NEEDS_AR_TRANSLATION,2026-08-05,Administrative subdivision only; cities are imported in later city files.
UPSERT,reg_ug_123,UG,UGA,Uganda,أوغندا,Republic of Uganda,Africa,إفريقيا,Eastern Africa,شرق إفريقيا,UG-123,UG-C,Central,2,district,District,Kyankwanzi,,Kyankwanzi,true,ISO_3166_2,https://www.iso.org/obp/ui/#search,ISO 3166-2 subdivisions via pycountry/isocodes,REFERENCE_DATA_IMPORTED,NEEDS_AR_TRANSLATION,2026-08-05,Administrative subdivision only; cities are imported in later city files.
UPSERT,reg_ug_124,UG,UGA,Uganda,أوغندا,Republic of Uganda,Africa,إفريقيا,Eastern Africa,شرق إفريقيا,UG-124,UG-C,Central,2,district,District,Lwengo,,Lwengo,true,ISO_3166_2,https://www.iso.org/obp/ui/#search,ISO 3166-2 subdivisions via pycountry/isocodes,REFERENCE_DATA_IMPORTED,NEEDS_AR_TRANSLATION,2026-08-05,Administrative subdivision only; cities are imported in later city files.
UPSERT,reg_ug_125,UG,UGA,Uganda,أوغندا,Republic of Uganda,Africa,إفريقيا,Eastern Africa,شرق إفريقيا,UG-125,UG-C,Central,2,district,District,Kyotera,,Kyotera,true,ISO_3166_2,https://www.iso.org/obp/ui/#search,ISO 3166-2 subdivisions via pycountry/isocodes,REFERENCE_DATA_IMPORTED,NEEDS_AR_TRANSLATION,2026-08-05,Administrative subdivision only; cities are imported in later city files.
UPSERT,reg_ug_126,UG,UGA,Uganda,أوغندا,Republic of Uganda,Africa,إفريقيا,Eastern Africa,شرق إفريقيا,UG-126,UG-C,Central,2,district,District,Kasanda,,Kasanda,true,ISO_3166_2,https://www.iso.org/obp/ui/#search,ISO 3166-2 subdivisions via pycountry/isocodes,REFERENCE_DATA_IMPORTED,NEEDS_AR_TRANSLATION,2026-08-05,Administrative subdivision only; cities are imported in later city files.
UPSERT,reg_ug_201,UG,UGA,Uganda,أوغندا,Republic of Uganda,Africa,إفريقيا,Eastern Africa,شرق إفريقيا,UG-201,UG-E,Eastern,2,district,District,Bugiri,,Bugiri,true,ISO_3166_2,https://www.iso.org/obp/ui/#search,ISO 3166-2 subdivisions via pycountry/isocodes,REFERENCE_DATA_IMPORTED,NEEDS_AR_TRANSLATION,2026-08-05,Administrative subdivision only; cities are imported in later city files.
UPSERT,reg_ug_202,UG,UGA,Uganda,أوغندا,Republic of Uganda,Africa,إفريقيا,Eastern Africa,شرق إفريقيا,UG-202,UG-E,Eastern,2,district,District,Busia,,Busia,true,ISO_3166_2,https://www.iso.org/obp/ui/#search,ISO 3166-2 subdivisions via pycountry/isocodes,REFERENCE_DATA_IMPORTED,NEEDS_AR_TRANSLATION,2026-08-05,Administrative subdivision only; cities are imported in later city files.
UPSERT,reg_ug_203,UG,UGA,Uganda,أوغندا,Republic of Uganda,Africa,إفريقيا,Eastern Africa,شرق إفريقيا,UG-203,UG-E,Eastern,2,district,District,Iganga,,Iganga,true,ISO_3166_2,https://www.iso.org/obp/ui/#search,ISO 3166-2 subdivisions via pycountry/isocodes,REFERENCE_DATA_IMPORTED,NEEDS_AR_TRANSLATION,2026-08-05,Administrative subdivision only; cities are imported in later city files.
UPSERT,reg_ug_204,UG,UGA,Uganda,أوغندا,Republic of Uganda,Africa,إفريقيا,Eastern Africa,شرق إفريقيا,UG-204,UG-E,Eastern,2,district,District,Jinja,,Jinja,true,ISO_3166_2,https://www.iso.org/obp/ui/#search,ISO 3166-2 subdivisions via pycountry/isocodes,REFERENCE_DATA_IMPORTED,NEEDS_AR_TRANSLATION,2026-08-05,Administrative subdivision only; cities are imported in later city files.
UPSERT,reg_ug_205,UG,UGA,Uganda,أوغندا,Republic of Uganda,Africa,إفريقيا,Eastern Africa,شرق إفريقيا,UG-205,UG-E,Eastern,2,district,District,Kamuli,,Kamuli,true,ISO_3166_2,https://www.iso.org/obp/ui/#search,ISO 3166-2 subdivisions via pycountry/isocodes,REFERENCE_DATA_IMPORTED,NEEDS_AR_TRANSLATION,2026-08-05,Administrative subdivision only; cities are imported in later city files.
UPSERT,reg_ug_206,UG,UGA,Uganda,أوغندا,Republic of Uganda,Africa,إفريقيا,Eastern Africa,شرق إفريقيا,UG-206,UG-E,Eastern,2,district,District,Kapchorwa,,Kapchorwa,true,ISO_3166_2,https://www.iso.org/obp/ui/#search,ISO 3166-2 subdivisions via pycountry/isocodes,REFERENCE_DATA_IMPORTED,NEEDS_AR_TRANSLATION,2026-08-05,Administrative subdivision only; cities are imported in later city files.
UPSERT,reg_ug_207,UG,UGA,Uganda,أوغندا,Republic of Uganda,Africa,إفريقيا,Eastern Africa,شرق إفريقيا,UG-207,UG-E,Eastern,2,district,District,Katakwi,,Katakwi,true,ISO_3166_2,https://www.iso.org/obp/ui/#search,ISO 3166-2 subdivisions via pycountry/isocodes,REFERENCE_DATA_IMPORTED,NEEDS_AR_TRANSLATION,2026-08-05,Administrative subdivision only; cities are imported in later city files.
UPSERT,reg_ug_208,UG,UGA,Uganda,أوغندا,Republic of Uganda,Africa,إفريقيا,Eastern Africa,شرق إفريقيا,UG-208,UG-E,Eastern,2,district,District,Kumi,,Kumi,true,ISO_3166_2,https://www.iso.org/obp/ui/#search,ISO 3166-2 subdivisions via pycountry/isocodes,REFERENCE_DATA_IMPORTED,NEEDS_AR_TRANSLATION,2026-08-05,Administrative subdivision only; cities are imported in later city files.
UPSERT,reg_ug_209,UG,UGA,Uganda,أوغندا,Republic of Uganda,Africa,إفريقيا,Eastern Africa,شرق إفريقيا,UG-209,UG-E,Eastern,2,district,District,Mbale,,Mbale,true,ISO_3166_2,https://www.iso.org/obp/ui/#search,ISO 3166-2 subdivisions via pycountry/isocodes,REFERENCE_DATA_IMPORTED,NEEDS_AR_TRANSLATION,2026-08-05,Administrative subdivision only; cities are imported in later city files.
UPSERT,reg_ug_210,UG,UGA,Uganda,أوغندا,Republic of Uganda,Africa,إفريقيا,Eastern Africa,شرق إفريقيا,UG-210,UG-E,Eastern,2,district,District,Pallisa,,Pallisa,true,ISO_3166_2,https://www.iso.org/obp/ui/#search,ISO 3166-2 subdivisions via pycountry/isocodes,REFERENCE_DATA_IMPORTED,NEEDS_AR_TRANSLATION,2026-08-05,Administrative subdivision only; cities are imported in later city files.
UPSERT,reg_ug_211,UG,UGA,Uganda,أوغندا,Republic of Uganda,Africa,إفريقيا,Eastern Africa,شرق إفريقيا,UG-211,UG-E,Eastern,2,district,District,Soroti,,Soroti,true,ISO_3166_2,https://www.iso.org/obp/ui/#search,ISO 3166-2 subdivisions via pycountry/isocodes,REFERENCE_DATA_IMPORTED,NEEDS_AR_TRANSLATION,2026-08-05,Administrative subdivision only; cities are imported in later city files.
UPSERT,reg_ug_212,UG,UGA,Uganda,أوغندا,Republic of Uganda,Africa,إفريقيا,Eastern Africa,شرق إفريقيا,UG-212,UG-E,Eastern,2,district,District,Tororo,,Tororo,true,ISO_3166_2,https://www.iso.org/obp/ui/#search,ISO 3166-2 subdivisions via pycountry/isocodes,REFERENCE_DATA_IMPORTED,NEEDS_AR_TRANSLATION,2026-08-05,Administrative subdivision only; cities are imported in later city files.
UPSERT,reg_ug_213,UG,UGA,Uganda,أوغندا,Republic of Uganda,Africa,إفريقيا,Eastern Africa,شرق إفريقيا,UG-213,UG-E,Eastern,2,district,District,Kaberamaido,,Kaberamaido,true,ISO_3166_2,https://www.iso.org/obp/ui/#search,ISO 3166-2 subdivisions via pycountry/isocodes,REFERENCE_DATA_IMPORTED,NEEDS_AR_TRANSLATION,2026-08-05,Administrative subdivision only; cities are imported in later city files.
UPSERT,reg_ug_214,UG,UGA,Uganda,أوغندا,Republic of Uganda,Africa,إفريقيا,Eastern Africa,شرق إفريقيا,UG-214,UG-E,Eastern,2,district,District,Mayuge,,Mayuge,true,ISO_3166_2,https://www.iso.org/obp/ui/#search,ISO 3166-2 subdivisions via pycountry/isocodes,REFERENCE_DATA_IMPORTED,NEEDS_AR_TRANSLATION,2026-08-05,Administrative subdivision only; cities are imported in later city files.
UPSERT,reg_ug_215,UG,UGA,Uganda,أوغندا,Republic of Uganda,Africa,إفريقيا,Eastern Africa,شرق إفريقيا,UG-215,UG-E,Eastern,2,district,District,Sironko,,Sironko,true,ISO_3166_2,https://www.iso.org/obp/ui/#search,ISO 3166-2 subdivisions via pycountry/isocodes,REFERENCE_DATA_IMPORTED,NEEDS_AR_TRANSLATION,2026-08-05,Administrative subdivision only; cities are imported in later city files.
UPSERT,reg_ug_216,UG,UGA,Uganda,أوغندا,Republic of Uganda,Africa,إفريقيا,Eastern Africa,شرق إفريقيا,UG-216,UG-E,Eastern,2,district,District,Amuria,,Amuria,true,ISO_3166_2,https://www.iso.org/obp/ui/#search,ISO 3166-2 subdivisions via pycountry/isocodes,REFERENCE_DATA_IMPORTED,NEEDS_AR_TRANSLATION,2026-08-05,Administrative subdivision only; cities are imported in later city files.
UPSERT,reg_ug_217,UG,UGA,Uganda,أوغندا,Republic of Uganda,Africa,إفريقيا,Eastern Africa,شرق إفريقيا,UG-217,UG-E,Eastern,2,district,District,Budaka,,Budaka,true,ISO_3166_2,https://www.iso.org/obp/ui/#search,ISO 3166-2 subdivisions via pycountry/isocodes,REFERENCE_DATA_IMPORTED,NEEDS_AR_TRANSLATION,2026-08-05,Administrative subdivision only; cities are imported in later city files.
UPSERT,reg_ug_218,UG,UGA,Uganda,أوغندا,Republic of Uganda,Africa,إفريقيا,Eastern Africa,شرق إفريقيا,UG-218,UG-E,Eastern,2,district,District,Bududa,,Bududa,true,ISO_3166_2,https://www.iso.org/obp/ui/#search,ISO 3166-2 subdivisions via pycountry/isocodes,REFERENCE_DATA_IMPORTED,NEEDS_AR_TRANSLATION,2026-08-05,Administrative subdivision only; cities are imported in later city files.
UPSERT,reg_ug_219,UG,UGA,Uganda,أوغندا,Republic of Uganda,Africa,إفريقيا,Eastern Africa,شرق إفريقيا,UG-219,UG-E,Eastern,2,district,District,Bukedea,,Bukedea,true,ISO_3166_2,https://www.iso.org/obp/ui/#search,ISO 3166-2 subdivisions via pycountry/isocodes,REFERENCE_DATA_IMPORTED,NEEDS_AR_TRANSLATION,2026-08-05,Administrative subdivision only; cities are imported in later city files.
UPSERT,reg_ug_220,UG,UGA,Uganda,أوغندا,Republic of Uganda,Africa,إفريقيا,Eastern Africa,شرق إفريقيا,UG-220,UG-E,Eastern,2,district,District,Bukwo,,Bukwo,true,ISO_3166_2,https://www.iso.org/obp/ui/#search,ISO 3166-2 subdivisions via pycountry/isocodes,REFERENCE_DATA_IMPORTED,NEEDS_AR_TRANSLATION,2026-08-05,Administrative subdivision only; cities are imported in later city files.
UPSERT,reg_ug_221,UG,UGA,Uganda,أوغندا,Republic of Uganda,Africa,إفريقيا,Eastern Africa,شرق إفريقيا,UG-221,UG-E,Eastern,2,district,District,Butaleja,,Butaleja,true,ISO_3166_2,https://www.iso.org/obp/ui/#search,ISO 3166-2 subdivisions via pycountry/isocodes,REFERENCE_DATA_IMPORTED,NEEDS_AR_TRANSLATION,2026-08-05,Administrative subdivision only; cities are imported in later city files.
UPSERT,reg_ug_222,UG,UGA,Uganda,أوغندا,Republic of Uganda,Africa,إفريقيا,Eastern Africa,شرق إفريقيا,UG-222,UG-E,Eastern,2,district,District,Kaliro,,Kaliro,true,ISO_3166_2,https://www.iso.org/obp/ui/#search,ISO 3166-2 subdivisions via pycountry/isocodes,REFERENCE_DATA_IMPORTED,NEEDS_AR_TRANSLATION,2026-08-05,Administrative subdivision only; cities are imported in later city files.
UPSERT,reg_ug_223,UG,UGA,Uganda,أوغندا,Republic of Uganda,Africa,إفريقيا,Eastern Africa,شرق إفريقيا,UG-223,UG-E,Eastern,2,district,District,Manafwa,,Manafwa,true,ISO_3166_2,https://www.iso.org/obp/ui/#search,ISO 3166-2 subdivisions via pycountry/isocodes,REFERENCE_DATA_IMPORTED,NEEDS_AR_TRANSLATION,2026-08-05,Administrative subdivision only; cities are imported in later city files.
UPSERT,reg_ug_224,UG,UGA,Uganda,أوغندا,Republic of Uganda,Africa,إفريقيا,Eastern Africa,شرق إفريقيا,UG-224,UG-E,Eastern,2,district,District,Namutumba,,Namutumba,true,ISO_3166_2,https://www.iso.org/obp/ui/#search,ISO 3166-2 subdivisions via pycountry/isocodes,REFERENCE_DATA_IMPORTED,NEEDS_AR_TRANSLATION,2026-08-05,Administrative subdivision only; cities are imported in later city files.
UPSERT,reg_ug_225,UG,UGA,Uganda,أوغندا,Republic of Uganda,Africa,إفريقيا,Eastern Africa,شرق إفريقيا,UG-225,UG-E,Eastern,2,district,District,Bulambuli,,Bulambuli,true,ISO_3166_2,https://www.iso.org/obp/ui/#search,ISO 3166-2 subdivisions via pycountry/isocodes,REFERENCE_DATA_IMPORTED,NEEDS_AR_TRANSLATION,2026-08-05,Administrative subdivision only; cities are imported in later city files.
UPSERT,reg_ug_226,UG,UGA,Uganda,أوغندا,Republic of Uganda,Africa,إفريقيا,Eastern Africa,شرق إفريقيا,UG-226,UG-E,Eastern,2,district,District,Buyende,,Buyende,true,ISO_3166_2,https://www.iso.org/obp/ui/#search,ISO 3166-2 subdivisions via pycountry/isocodes,REFERENCE_DATA_IMPORTED,NEEDS_AR_TRANSLATION,2026-08-05,Administrative subdivision only; cities are imported in later city files.
UPSERT,reg_ug_227,UG,UGA,Uganda,أوغندا,Republic of Uganda,Africa,إفريقيا,Eastern Africa,شرق إفريقيا,UG-227,UG-E,Eastern,2,district,District,Kibuku,,Kibuku,true,ISO_3166_2,https://www.iso.org/obp/ui/#search,ISO 3166-2 subdivisions via pycountry/isocodes,REFERENCE_DATA_IMPORTED,NEEDS_AR_TRANSLATION,2026-08-05,Administrative subdivision only; cities are imported in later city files.
UPSERT,reg_ug_228,UG,UGA,Uganda,أوغندا,Republic of Uganda,Africa,إفريقيا,Eastern Africa,شرق إفريقيا,UG-228,UG-E,Eastern,2,district,District,Kween,,Kween,true,ISO_3166_2,https://www.iso.org/obp/ui/#search,ISO 3166-2 subdivisions via pycountry/isocodes,REFERENCE_DATA_IMPORTED,NEEDS_AR_TRANSLATION,2026-08-05,Administrative subdivision only; cities are imported in later city files.
UPSERT,reg_ug_229,UG,UGA,Uganda,أوغندا,Republic of Uganda,Africa,إفريقيا,Eastern Africa,شرق إفريقيا,UG-229,UG-E,Eastern,2,district,District,Luuka,,Luuka,true,ISO_3166_2,https://www.iso.org/obp/ui/#search,ISO 3166-2 subdivisions via pycountry/isocodes,REFERENCE_DATA_IMPORTED,NEEDS_AR_TRANSLATION,2026-08-05,Administrative subdivision only; cities are imported in later city files.
UPSERT,reg_ug_230,UG,UGA,Uganda,أوغندا,Republic of Uganda,Africa,إفريقيا,Eastern Africa,شرق إفريقيا,UG-230,UG-E,Eastern,2,district,District,Namayingo,,Namayingo,true,ISO_3166_2,https://www.iso.org/obp/ui/#search,ISO 3166-2 subdivisions via pycountry/isocodes,REFERENCE_DATA_IMPORTED,NEEDS_AR_TRANSLATION,2026-08-05,Administrative subdivision only; cities are imported in later city files.
UPSERT,reg_ug_231,UG,UGA,Uganda,أوغندا,Republic of Uganda,Africa,إفريقيا,Eastern Africa,شرق إفريقيا,UG-231,UG-E,Eastern,2,district,District,Ngora,,Ngora,true,ISO_3166_2,https://www.iso.org/obp/ui/#search,ISO 3166-2 subdivisions via pycountry/isocodes,REFERENCE_DATA_IMPORTED,NEEDS_AR_TRANSLATION,2026-08-05,Administrative subdivision only; cities are imported in later city files.
UPSERT,reg_ug_232,UG,UGA,Uganda,أوغندا,Republic of Uganda,Africa,إفريقيا,Eastern Africa,شرق إفريقيا,UG-232,UG-E,Eastern,2,district,District,Serere,,Serere,true,ISO_3166_2,https://www.iso.org/obp/ui/#search,ISO 3166-2 subdivisions via pycountry/isocodes,REFERENCE_DATA_IMPORTED,NEEDS_AR_TRANSLATION,2026-08-05,Administrative subdivision only; cities are imported in later city files.
UPSERT,reg_ug_233,UG,UGA,Uganda,أوغندا,Republic of Uganda,Africa,إفريقيا,Eastern Africa,شرق إفريقيا,UG-233,UG-E,Eastern,2,district,District,Butebo,,Butebo,true,ISO_3166_2,https://www.iso.org/obp/ui/#search,ISO 3166-2 subdivisions via pycountry/isocodes,REFERENCE_DATA_IMPORTED,NEEDS_AR_TRANSLATION,2026-08-05,Administrative subdivision only; cities are imported in later city files.
UPSERT,reg_ug_234,UG,UGA,Uganda,أوغندا,Republic of Uganda,Africa,إفريقيا,Eastern Africa,شرق إفريقيا,UG-234,UG-E,Eastern,2,district,District,Namisindwa,,Namisindwa,true,ISO_3166_2,https://www.iso.org/obp/ui/#search,ISO 3166-2 subdivisions via pycountry/isocodes,REFERENCE_DATA_IMPORTED,NEEDS_AR_TRANSLATION,2026-08-05,Administrative subdivision only; cities are imported in later city files.
UPSERT,reg_ug_235,UG,UGA,Uganda,أوغندا,Republic of Uganda,Africa,إفريقيا,Eastern Africa,شرق إفريقيا,UG-235,UG-E,Eastern,2,district,District,Bugweri,,Bugweri,true,ISO_3166_2,https://www.iso.org/obp/ui/#search,ISO 3166-2 subdivisions via pycountry/isocodes,REFERENCE_DATA_IMPORTED,NEEDS_AR_TRANSLATION,2026-08-05,Administrative subdivision only; cities are imported in later city files.
UPSERT,reg_ug_236,UG,UGA,Uganda,أوغندا,Republic of Uganda,Africa,إفريقيا,Eastern Africa,شرق إفريقيا,UG-236,UG-E,Eastern,2,district,District,Kapelebyong,,Kapelebyong,true,ISO_3166_2,https://www.iso.org/obp/ui/#search,ISO 3166-2 subdivisions via pycountry/isocodes,REFERENCE_DATA_IMPORTED,NEEDS_AR_TRANSLATION,2026-08-05,Administrative subdivision only; cities are imported in later city files.
UPSERT,reg_ug_237,UG,UGA,Uganda,أوغندا,Republic of Uganda,Africa,إفريقيا,Eastern Africa,شرق إفريقيا,UG-237,UG-E,Eastern,2,district,District,Kalaki,,Kalaki,true,ISO_3166_2,https://www.iso.org/obp/ui/#search,ISO 3166-2 subdivisions via pycountry/isocodes,REFERENCE_DATA_IMPORTED,NEEDS_AR_TRANSLATION,2026-08-05,Administrative subdivision only; cities are imported in later city files.
UPSERT,reg_ug_301,UG,UGA,Uganda,أوغندا,Republic of Uganda,Africa,إفريقيا,Eastern Africa,شرق إفريقيا,UG-301,UG-N,Northern,2,district,District,Adjumani,,Adjumani,true,ISO_3166_2,https://www.iso.org/obp/ui/#search,ISO 3166-2 subdivisions via pycountry/isocodes,REFERENCE_DATA_IMPORTED,NEEDS_AR_TRANSLATION,2026-08-05,Administrative subdivision only; cities are imported in later city files.
UPSERT,reg_ug_302,UG,UGA,Uganda,أوغندا,Republic of Uganda,Africa,إفريقيا,Eastern Africa,شرق إفريقيا,UG-302,UG-N,Northern,2,district,District,Apac,,Apac,true,ISO_3166_2,https://www.iso.org/obp/ui/#search,ISO 3166-2 subdivisions via pycountry/isocodes,REFERENCE_DATA_IMPORTED,NEEDS_AR_TRANSLATION,2026-08-05,Administrative subdivision only; cities are imported in later city files.
UPSERT,reg_ug_303,UG,UGA,Uganda,أوغندا,Republic of Uganda,Africa,إفريقيا,Eastern Africa,شرق إفريقيا,UG-303,UG-N,Northern,2,district,District,Arua,,Arua,true,ISO_3166_2,https://www.iso.org/obp/ui/#search,ISO 3166-2 subdivisions via pycountry/isocodes,REFERENCE_DATA_IMPORTED,NEEDS_AR_TRANSLATION,2026-08-05,Administrative subdivision only; cities are imported in later city files.
UPSERT,reg_ug_304,UG,UGA,Uganda,أوغندا,Republic of Uganda,Africa,إفريقيا,Eastern Africa,شرق إفريقيا,UG-304,UG-N,Northern,2,district,District,Gulu,,Gulu,true,ISO_3166_2,https://www.iso.org/obp/ui/#search,ISO 3166-2 subdivisions via pycountry/isocodes,REFERENCE_DATA_IMPORTED,NEEDS_AR_TRANSLATION,2026-08-05,Administrative subdivision only; cities are imported in later city files.
UPSERT,reg_ug_305,UG,UGA,Uganda,أوغندا,Republic of Uganda,Africa,إفريقيا,Eastern Africa,شرق إفريقيا,UG-305,UG-N,Northern,2,district,District,Kitgum,,Kitgum,true,ISO_3166_2,https://www.iso.org/obp/ui/#search,ISO 3166-2 subdivisions via pycountry/isocodes,REFERENCE_DATA_IMPORTED,NEEDS_AR_TRANSLATION,2026-08-05,Administrative subdivision only; cities are imported in later city files.
UPSERT,reg_ug_306,UG,UGA,Uganda,أوغندا,Republic of Uganda,Africa,إفريقيا,Eastern Africa,شرق إفريقيا,UG-306,UG-N,Northern,2,district,District,Kotido,,Kotido,true,ISO_3166_2,https://www.iso.org/obp/ui/#search,ISO 3166-2 subdivisions via pycountry/isocodes,REFERENCE_DATA_IMPORTED,NEEDS_AR_TRANSLATION,2026-08-05,Administrative subdivision only; cities are imported in later city files.
UPSERT,reg_ug_307,UG,UGA,Uganda,أوغندا,Republic of Uganda,Africa,إفريقيا,Eastern Africa,شرق إفريقيا,UG-307,UG-N,Northern,2,district,District,Lira,,Lira,true,ISO_3166_2,https://www.iso.org/obp/ui/#search,ISO 3166-2 subdivisions via pycountry/isocodes,REFERENCE_DATA_IMPORTED,NEEDS_AR_TRANSLATION,2026-08-05,Administrative subdivision only; cities are imported in later city files.
UPSERT,reg_ug_308,UG,UGA,Uganda,أوغندا,Republic of Uganda,Africa,إفريقيا,Eastern Africa,شرق إفريقيا,UG-308,UG-N,Northern,2,district,District,Moroto,,Moroto,true,ISO_3166_2,https://www.iso.org/obp/ui/#search,ISO 3166-2 subdivisions via pycountry/isocodes,REFERENCE_DATA_IMPORTED,NEEDS_AR_TRANSLATION,2026-08-05,Administrative subdivision only; cities are imported in later city files.
UPSERT,reg_ug_309,UG,UGA,Uganda,أوغندا,Republic of Uganda,Africa,إفريقيا,Eastern Africa,شرق إفريقيا,UG-309,UG-N,Northern,2,district,District,Moyo,,Moyo,true,ISO_3166_2,https://www.iso.org/obp/ui/#search,ISO 3166-2 subdivisions via pycountry/isocodes,REFERENCE_DATA_IMPORTED,NEEDS_AR_TRANSLATION,2026-08-05,Administrative subdivision only; cities are imported in later city files.
UPSERT,reg_ug_310,UG,UGA,Uganda,أوغندا,Republic of Uganda,Africa,إفريقيا,Eastern Africa,شرق إفريقيا,UG-310,UG-N,Northern,2,district,District,Nebbi,,Nebbi,true,ISO_3166_2,https://www.iso.org/obp/ui/#search,ISO 3166-2 subdivisions via pycountry/isocodes,REFERENCE_DATA_IMPORTED,NEEDS_AR_TRANSLATION,2026-08-05,Administrative subdivision only; cities are imported in later city files.
UPSERT,reg_ug_311,UG,UGA,Uganda,أوغندا,Republic of Uganda,Africa,إفريقيا,Eastern Africa,شرق إفريقيا,UG-311,UG-N,Northern,2,district,District,Nakapiripirit,,Nakapiripirit,true,ISO_3166_2,https://www.iso.org/obp/ui/#search,ISO 3166-2 subdivisions via pycountry/isocodes,REFERENCE_DATA_IMPORTED,NEEDS_AR_TRANSLATION,2026-08-05,Administrative subdivision only; cities are imported in later city files.
UPSERT,reg_ug_312,UG,UGA,Uganda,أوغندا,Republic of Uganda,Africa,إفريقيا,Eastern Africa,شرق إفريقيا,UG-312,UG-N,Northern,2,district,District,Pader,,Pader,true,ISO_3166_2,https://www.iso.org/obp/ui/#search,ISO 3166-2 subdivisions via pycountry/isocodes,REFERENCE_DATA_IMPORTED,NEEDS_AR_TRANSLATION,2026-08-05,Administrative subdivision only; cities are imported in later city files.
UPSERT,reg_ug_313,UG,UGA,Uganda,أوغندا,Republic of Uganda,Africa,إفريقيا,Eastern Africa,شرق إفريقيا,UG-313,UG-N,Northern,2,district,District,Yumbe,,Yumbe,true,ISO_3166_2,https://www.iso.org/obp/ui/#search,ISO 3166-2 subdivisions via pycountry/isocodes,REFERENCE_DATA_IMPORTED,NEEDS_AR_TRANSLATION,2026-08-05,Administrative subdivision only; cities are imported in later city files.
UPSERT,reg_ug_314,UG,UGA,Uganda,أوغندا,Republic of Uganda,Africa,إفريقيا,Eastern Africa,شرق إفريقيا,UG-314,UG-N,Northern,2,district,District,Abim,,Abim,true,ISO_3166_2,https://www.iso.org/obp/ui/#search,ISO 3166-2 subdivisions via pycountry/isocodes,REFERENCE_DATA_IMPORTED,NEEDS_AR_TRANSLATION,2026-08-05,Administrative subdivision only; cities are imported in later city files.
UPSERT,reg_ug_315,UG,UGA,Uganda,أوغندا,Republic of Uganda,Africa,إفريقيا,Eastern Africa,شرق إفريقيا,UG-315,UG-N,Northern,2,district,District,Amolatar,,Amolatar,true,ISO_3166_2,https://www.iso.org/obp/ui/#search,ISO 3166-2 subdivisions via pycountry/isocodes,REFERENCE_DATA_IMPORTED,NEEDS_AR_TRANSLATION,2026-08-05,Administrative subdivision only; cities are imported in later city files.
UPSERT,reg_ug_316,UG,UGA,Uganda,أوغندا,Republic of Uganda,Africa,إفريقيا,Eastern Africa,شرق إفريقيا,UG-316,UG-N,Northern,2,district,District,Amuru,,Amuru,true,ISO_3166_2,https://www.iso.org/obp/ui/#search,ISO 3166-2 subdivisions via pycountry/isocodes,REFERENCE_DATA_IMPORTED,NEEDS_AR_TRANSLATION,2026-08-05,Administrative subdivision only; cities are imported in later city files.
UPSERT,reg_ug_317,UG,UGA,Uganda,أوغندا,Republic of Uganda,Africa,إفريقيا,Eastern Africa,شرق إفريقيا,UG-317,UG-N,Northern,2,district,District,Dokolo,,Dokolo,true,ISO_3166_2,https://www.iso.org/obp/ui/#search,ISO 3166-2 subdivisions via pycountry/isocodes,REFERENCE_DATA_IMPORTED,NEEDS_AR_TRANSLATION,2026-08-05,Administrative subdivision only; cities are imported in later city files.
UPSERT,reg_ug_318,UG,UGA,Uganda,أوغندا,Republic of Uganda,Africa,إفريقيا,Eastern Africa,شرق إفريقيا,UG-318,UG-N,Northern,2,district,District,Kaabong,,Kaabong,true,ISO_3166_2,https://www.iso.org/obp/ui/#search,ISO 3166-2 subdivisions via pycountry/isocodes,REFERENCE_DATA_IMPORTED,NEEDS_AR_TRANSLATION,2026-08-05,Administrative subdivision only; cities are imported in later city files.
UPSERT,reg_ug_319,UG,UGA,Uganda,أوغندا,Republic of Uganda,Africa,إفريقيا,Eastern Africa,شرق إفريقيا,UG-319,UG-N,Northern,2,district,District,Koboko,,Koboko,true,ISO_3166_2,https://www.iso.org/obp/ui/#search,ISO 3166-2 subdivisions via pycountry/isocodes,REFERENCE_DATA_IMPORTED,NEEDS_AR_TRANSLATION,2026-08-05,Administrative subdivision only; cities are imported in later city files.
UPSERT,reg_ug_320,UG,UGA,Uganda,أوغندا,Republic of Uganda,Africa,إفريقيا,Eastern Africa,شرق إفريقيا,UG-320,UG-N,Northern,2,district,District,Maracha,,Maracha,true,ISO_3166_2,https://www.iso.org/obp/ui/#search,ISO 3166-2 subdivisions via pycountry/isocodes,REFERENCE_DATA_IMPORTED,NEEDS_AR_TRANSLATION,2026-08-05,Administrative subdivision only; cities are imported in later city files.
UPSERT,reg_ug_321,UG,UGA,Uganda,أوغندا,Republic of Uganda,Africa,إفريقيا,Eastern Africa,شرق إفريقيا,UG-321,UG-N,Northern,2,district,District,Oyam,,Oyam,true,ISO_3166_2,https://www.iso.org/obp/ui/#search,ISO 3166-2 subdivisions via pycountry/isocodes,REFERENCE_DATA_IMPORTED,NEEDS_AR_TRANSLATION,2026-08-05,Administrative subdivision only; cities are imported in later city files.
UPSERT,reg_ug_322,UG,UGA,Uganda,أوغندا,Republic of Uganda,Africa,إفريقيا,Eastern Africa,شرق إفريقيا,UG-322,UG-N,Northern,2,district,District,Agago,,Agago,true,ISO_3166_2,https://www.iso.org/obp/ui/#search,ISO 3166-2 subdivisions via pycountry/isocodes,REFERENCE_DATA_IMPORTED,NEEDS_AR_TRANSLATION,2026-08-05,Administrative subdivision only; cities are imported in later city files.
UPSERT,reg_ug_323,UG,UGA,Uganda,أوغندا,Republic of Uganda,Africa,إفريقيا,Eastern Africa,شرق إفريقيا,UG-323,UG-N,Northern,2,district,District,Alebtong,,Alebtong,true,ISO_3166_2,https://www.iso.org/obp/ui/#search,ISO 3166-2 subdivisions via pycountry/isocodes,REFERENCE_DATA_IMPORTED,NEEDS_AR_TRANSLATION,2026-08-05,Administrative subdivision only; cities are imported in later city files.
UPSERT,reg_ug_324,UG,UGA,Uganda,أوغندا,Republic of Uganda,Africa,إفريقيا,Eastern Africa,شرق إفريقيا,UG-324,UG-N,Northern,2,district,District,Amudat,,Amudat,true,ISO_3166_2,https://www.iso.org/obp/ui/#search,ISO 3166-2 subdivisions via pycountry/isocodes,REFERENCE_DATA_IMPORTED,NEEDS_AR_TRANSLATION,2026-08-05,Administrative subdivision only; cities are imported in later city files.
UPSERT,reg_ug_325,UG,UGA,Uganda,أوغندا,Republic of Uganda,Africa,إفريقيا,Eastern Africa,شرق إفريقيا,UG-325,UG-N,Northern,2,district,District,Kole,,Kole,true,ISO_3166_2,https://www.iso.org/obp/ui/#search,ISO 3166-2 subdivisions via pycountry/isocodes,REFERENCE_DATA_IMPORTED,NEEDS_AR_TRANSLATION,2026-08-05,Administrative subdivision only; cities are imported in later city files.
UPSERT,reg_ug_326,UG,UGA,Uganda,أوغندا,Republic of Uganda,Africa,إفريقيا,Eastern Africa,شرق إفريقيا,UG-326,UG-N,Northern,2,district,District,Lamwo,,Lamwo,true,ISO_3166_2,https://www.iso.org/obp/ui/#search,ISO 3166-2 subdivisions via pycountry/isocodes,REFERENCE_DATA_IMPORTED,NEEDS_AR_TRANSLATION,2026-08-05,Administrative subdivision only; cities are imported in later city files.
UPSERT,reg_ug_327,UG,UGA,Uganda,أوغندا,Republic of Uganda,Africa,إفريقيا,Eastern Africa,شرق إفريقيا,UG-327,UG-N,Northern,2,district,District,Napak,,Napak,true,ISO_3166_2,https://www.iso.org/obp/ui/#search,ISO 3166-2 subdivisions via pycountry/isocodes,REFERENCE_DATA_IMPORTED,NEEDS_AR_TRANSLATION,2026-08-05,Administrative subdivision only; cities are imported in later city files.
UPSERT,reg_ug_328,UG,UGA,Uganda,أوغندا,Republic of Uganda,Africa,إفريقيا,Eastern Africa,شرق إفريقيا,UG-328,UG-N,Northern,2,district,District,Nwoya,,Nwoya,true,ISO_3166_2,https://www.iso.org/obp/ui/#search,ISO 3166-2 subdivisions via pycountry/isocodes,REFERENCE_DATA_IMPORTED,NEEDS_AR_TRANSLATION,2026-08-05,Administrative subdivision only; cities are imported in later city files.
UPSERT,reg_ug_329,UG,UGA,Uganda,أوغندا,Republic of Uganda,Africa,إفريقيا,Eastern Africa,شرق إفريقيا,UG-329,UG-N,Northern,2,district,District,Otuke,,Otuke,true,ISO_3166_2,https://www.iso.org/obp/ui/#search,ISO 3166-2 subdivisions via pycountry/isocodes,REFERENCE_DATA_IMPORTED,NEEDS_AR_TRANSLATION,2026-08-05,Administrative subdivision only; cities are imported in later city files.
UPSERT,reg_ug_330,UG,UGA,Uganda,أوغندا,Republic of Uganda,Africa,إفريقيا,Eastern Africa,شرق إفريقيا,UG-330,UG-N,Northern,2,district,District,Zombo,,Zombo,true,ISO_3166_2,https://www.iso.org/obp/ui/#search,ISO 3166-2 subdivisions via pycountry/isocodes,REFERENCE_DATA_IMPORTED,NEEDS_AR_TRANSLATION,2026-08-05,Administrative subdivision only; cities are imported in later city files.
UPSERT,reg_ug_331,UG,UGA,Uganda,أوغندا,Republic of Uganda,Africa,إفريقيا,Eastern Africa,شرق إفريقيا,UG-331,UG-N,Northern,2,district,District,Omoro,,Omoro,true,ISO_3166_2,https://www.iso.org/obp/ui/#search,ISO 3166-2 subdivisions via pycountry/isocodes,REFERENCE_DATA_IMPORTED,NEEDS_AR_TRANSLATION,2026-08-05,Administrative subdivision only; cities are imported in later city files.
UPSERT,reg_ug_332,UG,UGA,Uganda,أوغندا,Republic of Uganda,Africa,إفريقيا,Eastern Africa,شرق إفريقيا,UG-332,UG-N,Northern,2,district,District,Pakwach,,Pakwach,true,ISO_3166_2,https://www.iso.org/obp/ui/#search,ISO 3166-2 subdivisions via pycountry/isocodes,REFERENCE_DATA_IMPORTED,NEEDS_AR_TRANSLATION,2026-08-05,Administrative subdivision only; cities are imported in later city files.
UPSERT,reg_ug_333,UG,UGA,Uganda,أوغندا,Republic of Uganda,Africa,إفريقيا,Eastern Africa,شرق إفريقيا,UG-333,UG-N,Northern,2,district,District,Kwania,,Kwania,true,ISO_3166_2,https://www.iso.org/obp/ui/#search,ISO 3166-2 subdivisions via pycountry/isocodes,REFERENCE_DATA_IMPORTED,NEEDS_AR_TRANSLATION,2026-08-05,Administrative subdivision only; cities are imported in later city files.
UPSERT,reg_ug_334,UG,UGA,Uganda,أوغندا,Republic of Uganda,Africa,إفريقيا,Eastern Africa,شرق إفريقيا,UG-334,UG-N,Northern,2,district,District,Nabilatuk,,Nabilatuk,true,ISO_3166_2,https://www.iso.org/obp/ui/#search,ISO 3166-2 subdivisions via pycountry/isocodes,REFERENCE_DATA_IMPORTED,NEEDS_AR_TRANSLATION,2026-08-05,Administrative subdivision only; cities are imported in later city files.
UPSERT,reg_ug_335,UG,UGA,Uganda,أوغندا,Republic of Uganda,Africa,إفريقيا,Eastern Africa,شرق إفريقيا,UG-335,UG-N,Northern,2,district,District,Karenga,,Karenga,true,ISO_3166_2,https://www.iso.org/obp/ui/#search,ISO 3166-2 subdivisions via pycountry/isocodes,REFERENCE_DATA_IMPORTED,NEEDS_AR_TRANSLATION,2026-08-05,Administrative subdivision only; cities are imported in later city files.
UPSERT,reg_ug_336,UG,UGA,Uganda,أوغندا,Republic of Uganda,Africa,إفريقيا,Eastern Africa,شرق إفريقيا,UG-336,UG-N,Northern,2,district,District,Madi-Okollo,,Madi-Okollo,true,ISO_3166_2,https://www.iso.org/obp/ui/#search,ISO 3166-2 subdivisions via pycountry/isocodes,REFERENCE_DATA_IMPORTED,NEEDS_AR_TRANSLATION,2026-08-05,Administrative subdivision only; cities are imported in later city files.
UPSERT,reg_ug_337,UG,UGA,Uganda,أوغندا,Republic of Uganda,Africa,إفريقيا,Eastern Africa,شرق إفريقيا,UG-337,UG-N,Northern,2,district,District,Obongi,,Obongi,true,ISO_3166_2,https://www.iso.org/obp/ui/#search,ISO 3166-2 subdivisions via pycountry/isocodes,REFERENCE_DATA_IMPORTED,NEEDS_AR_TRANSLATION,2026-08-05,Administrative subdivision only; cities are imported in later city files.
UPSERT,reg_ug_401,UG,UGA,Uganda,أوغندا,Republic of Uganda,Africa,إفريقيا,Eastern Africa,شرق إفريقيا,UG-401,UG-W,Western,2,district,District,Bundibugyo,,Bundibugyo,true,ISO_3166_2,https://www.iso.org/obp/ui/#search,ISO 3166-2 subdivisions via pycountry/isocodes,REFERENCE_DATA_IMPORTED,NEEDS_AR_TRANSLATION,2026-08-05,Administrative subdivision only; cities are imported in later city files.
UPSERT,reg_ug_402,UG,UGA,Uganda,أوغندا,Republic of Uganda,Africa,إفريقيا,Eastern Africa,شرق إفريقيا,UG-402,UG-W,Western,2,district,District,Bushenyi,,Bushenyi,true,ISO_3166_2,https://www.iso.org/obp/ui/#search,ISO 3166-2 subdivisions via pycountry/isocodes,REFERENCE_DATA_IMPORTED,NEEDS_AR_TRANSLATION,2026-08-05,Administrative subdivision only; cities are imported in later city files.
UPSERT,reg_ug_403,UG,UGA,Uganda,أوغندا,Republic of Uganda,Africa,إفريقيا,Eastern Africa,شرق إفريقيا,UG-403,UG-W,Western,2,district,District,Hoima,,Hoima,true,ISO_3166_2,https://www.iso.org/obp/ui/#search,ISO 3166-2 subdivisions via pycountry/isocodes,REFERENCE_DATA_IMPORTED,NEEDS_AR_TRANSLATION,2026-08-05,Administrative subdivision only; cities are imported in later city files.
UPSERT,reg_ug_404,UG,UGA,Uganda,أوغندا,Republic of Uganda,Africa,إفريقيا,Eastern Africa,شرق إفريقيا,UG-404,UG-W,Western,2,district,District,Kabale,,Kabale,true,ISO_3166_2,https://www.iso.org/obp/ui/#search,ISO 3166-2 subdivisions via pycountry/isocodes,REFERENCE_DATA_IMPORTED,NEEDS_AR_TRANSLATION,2026-08-05,Administrative subdivision only; cities are imported in later city files.
UPSERT,reg_ug_405,UG,UGA,Uganda,أوغندا,Republic of Uganda,Africa,إفريقيا,Eastern Africa,شرق إفريقيا,UG-405,UG-W,Western,2,district,District,Kabarole,,Kabarole,true,ISO_3166_2,https://www.iso.org/obp/ui/#search,ISO 3166-2 subdivisions via pycountry/isocodes,REFERENCE_DATA_IMPORTED,NEEDS_AR_TRANSLATION,2026-08-05,Administrative subdivision only; cities are imported in later city files.
UPSERT,reg_ug_406,UG,UGA,Uganda,أوغندا,Republic of Uganda,Africa,إفريقيا,Eastern Africa,شرق إفريقيا,UG-406,UG-W,Western,2,district,District,Kasese,,Kasese,true,ISO_3166_2,https://www.iso.org/obp/ui/#search,ISO 3166-2 subdivisions via pycountry/isocodes,REFERENCE_DATA_IMPORTED,NEEDS_AR_TRANSLATION,2026-08-05,Administrative subdivision only; cities are imported in later city files.
UPSERT,reg_ug_407,UG,UGA,Uganda,أوغندا,Republic of Uganda,Africa,إفريقيا,Eastern Africa,شرق إفريقيا,UG-407,UG-W,Western,2,district,District,Kibaale,,Kibaale,true,ISO_3166_2,https://www.iso.org/obp/ui/#search,ISO 3166-2 subdivisions via pycountry/isocodes,REFERENCE_DATA_IMPORTED,NEEDS_AR_TRANSLATION,2026-08-05,Administrative subdivision only; cities are imported in later city files.
UPSERT,reg_ug_408,UG,UGA,Uganda,أوغندا,Republic of Uganda,Africa,إفريقيا,Eastern Africa,شرق إفريقيا,UG-408,UG-W,Western,2,district,District,Kisoro,,Kisoro,true,ISO_3166_2,https://www.iso.org/obp/ui/#search,ISO 3166-2 subdivisions via pycountry/isocodes,REFERENCE_DATA_IMPORTED,NEEDS_AR_TRANSLATION,2026-08-05,Administrative subdivision only; cities are imported in later city files.
UPSERT,reg_ug_409,UG,UGA,Uganda,أوغندا,Republic of Uganda,Africa,إفريقيا,Eastern Africa,شرق إفريقيا,UG-409,UG-W,Western,2,district,District,Masindi,,Masindi,true,ISO_3166_2,https://www.iso.org/obp/ui/#search,ISO 3166-2 subdivisions via pycountry/isocodes,REFERENCE_DATA_IMPORTED,NEEDS_AR_TRANSLATION,2026-08-05,Administrative subdivision only; cities are imported in later city files.
UPSERT,reg_ug_410,UG,UGA,Uganda,أوغندا,Republic of Uganda,Africa,إفريقيا,Eastern Africa,شرق إفريقيا,UG-410,UG-W,Western,2,district,District,Mbarara,,Mbarara,true,ISO_3166_2,https://www.iso.org/obp/ui/#search,ISO 3166-2 subdivisions via pycountry/isocodes,REFERENCE_DATA_IMPORTED,NEEDS_AR_TRANSLATION,2026-08-05,Administrative subdivision only; cities are imported in later city files.
UPSERT,reg_ug_411,UG,UGA,Uganda,أوغندا,Republic of Uganda,Africa,إفريقيا,Eastern Africa,شرق إفريقيا,UG-411,UG-W,Western,2,district,District,Ntungamo,,Ntungamo,true,ISO_3166_2,https://www.iso.org/obp/ui/#search,ISO 3166-2 subdivisions via pycountry/isocodes,REFERENCE_DATA_IMPORTED,NEEDS_AR_TRANSLATION,2026-08-05,Administrative subdivision only; cities are imported in later city files.
UPSERT,reg_ug_412,UG,UGA,Uganda,أوغندا,Republic of Uganda,Africa,إفريقيا,Eastern Africa,شرق إفريقيا,UG-412,UG-W,Western,2,district,District,Rukungiri,,Rukungiri,true,ISO_3166_2,https://www.iso.org/obp/ui/#search,ISO 3166-2 subdivisions via pycountry/isocodes,REFERENCE_DATA_IMPORTED,NEEDS_AR_TRANSLATION,2026-08-05,Administrative subdivision only; cities are imported in later city files.
UPSERT,reg_ug_413,UG,UGA,Uganda,أوغندا,Republic of Uganda,Africa,إفريقيا,Eastern Africa,شرق إفريقيا,UG-413,UG-W,Western,2,district,District,Kamwenge,,Kamwenge,true,ISO_3166_2,https://www.iso.org/obp/ui/#search,ISO 3166-2 subdivisions via pycountry/isocodes,REFERENCE_DATA_IMPORTED,NEEDS_AR_TRANSLATION,2026-08-05,Administrative subdivision only; cities are imported in later city files.
UPSERT,reg_ug_414,UG,UGA,Uganda,أوغندا,Republic of Uganda,Africa,إفريقيا,Eastern Africa,شرق إفريقيا,UG-414,UG-W,Western,2,district,District,Kanungu,,Kanungu,true,ISO_3166_2,https://www.iso.org/obp/ui/#search,ISO 3166-2 subdivisions via pycountry/isocodes,REFERENCE_DATA_IMPORTED,NEEDS_AR_TRANSLATION,2026-08-05,Administrative subdivision only; cities are imported in later city files.
UPSERT,reg_ug_415,UG,UGA,Uganda,أوغندا,Republic of Uganda,Africa,إفريقيا,Eastern Africa,شرق إفريقيا,UG-415,UG-W,Western,2,district,District,Kyenjojo,,Kyenjojo,true,ISO_3166_2,https://www.iso.org/obp/ui/#search,ISO 3166-2 subdivisions via pycountry/isocodes,REFERENCE_DATA_IMPORTED,NEEDS_AR_TRANSLATION,2026-08-05,Administrative subdivision only; cities are imported in later city files.
UPSERT,reg_ug_416,UG,UGA,Uganda,أوغندا,Republic of Uganda,Africa,إفريقيا,Eastern Africa,شرق إفريقيا,UG-416,UG-W,Western,2,district,District,Buliisa,,Buliisa,true,ISO_3166_2,https://www.iso.org/obp/ui/#search,ISO 3166-2 subdivisions via pycountry/isocodes,REFERENCE_DATA_IMPORTED,NEEDS_AR_TRANSLATION,2026-08-05,Administrative subdivision only; cities are imported in later city files.
UPSERT,reg_ug_417,UG,UGA,Uganda,أوغندا,Republic of Uganda,Africa,إفريقيا,Eastern Africa,شرق إفريقيا,UG-417,UG-W,Western,2,district,District,Ibanda,,Ibanda,true,ISO_3166_2,https://www.iso.org/obp/ui/#search,ISO 3166-2 subdivisions via pycountry/isocodes,REFERENCE_DATA_IMPORTED,NEEDS_AR_TRANSLATION,2026-08-05,Administrative subdivision only; cities are imported in later city files.
UPSERT,reg_ug_418,UG,UGA,Uganda,أوغندا,Republic of Uganda,Africa,إفريقيا,Eastern Africa,شرق إفريقيا,UG-418,UG-W,Western,2,district,District,Isingiro,,Isingiro,true,ISO_3166_2,https://www.iso.org/obp/ui/#search,ISO 3166-2 subdivisions via pycountry/isocodes,REFERENCE_DATA_IMPORTED,NEEDS_AR_TRANSLATION,2026-08-05,Administrative subdivision only; cities are imported in later city files.
UPSERT,reg_ug_419,UG,UGA,Uganda,أوغندا,Republic of Uganda,Africa,إفريقيا,Eastern Africa,شرق إفريقيا,UG-419,UG-W,Western,2,district,District,Kiruhura,,Kiruhura,true,ISO_3166_2,https://www.iso.org/obp/ui/#search,ISO 3166-2 subdivisions via pycountry/isocodes,REFERENCE_DATA_IMPORTED,NEEDS_AR_TRANSLATION,2026-08-05,Administrative subdivision only; cities are imported in later city files.
UPSERT,reg_ug_420,UG,UGA,Uganda,أوغندا,Republic of Uganda,Africa,إفريقيا,Eastern Africa,شرق إفريقيا,UG-420,UG-W,Western,2,district,District,Buhweju,,Buhweju,true,ISO_3166_2,https://www.iso.org/obp/ui/#search,ISO 3166-2 subdivisions via pycountry/isocodes,REFERENCE_DATA_IMPORTED,NEEDS_AR_TRANSLATION,2026-08-05,Administrative subdivision only; cities are imported in later city files.
UPSERT,reg_ug_421,UG,UGA,Uganda,أوغندا,Republic of Uganda,Africa,إفريقيا,Eastern Africa,شرق إفريقيا,UG-421,UG-W,Western,2,district,District,Kiryandongo,,Kiryandongo,true,ISO_3166_2,https://www.iso.org/obp/ui/#search,ISO 3166-2 subdivisions via pycountry/isocodes,REFERENCE_DATA_IMPORTED,NEEDS_AR_TRANSLATION,2026-08-05,Administrative subdivision only; cities are imported in later city files.
UPSERT,reg_ug_422,UG,UGA,Uganda,أوغندا,Republic of Uganda,Africa,إفريقيا,Eastern Africa,شرق إفريقيا,UG-422,UG-W,Western,2,district,District,Kyegegwa,,Kyegegwa,true,ISO_3166_2,https://www.iso.org/obp/ui/#search,ISO 3166-2 subdivisions via pycountry/isocodes,REFERENCE_DATA_IMPORTED,NEEDS_AR_TRANSLATION,2026-08-05,Administrative subdivision only; cities are imported in later city files.
UPSERT,reg_ug_423,UG,UGA,Uganda,أوغندا,Republic of Uganda,Africa,إفريقيا,Eastern Africa,شرق إفريقيا,UG-423,UG-W,Western,2,district,District,Mitooma,,Mitooma,true,ISO_3166_2,https://www.iso.org/obp/ui/#search,ISO 3166-2 subdivisions via pycountry/isocodes,REFERENCE_DATA_IMPORTED,NEEDS_AR_TRANSLATION,2026-08-05,Administrative subdivision only; cities are imported in later city files.
UPSERT,reg_ug_424,UG,UGA,Uganda,أوغندا,Republic of Uganda,Africa,إفريقيا,Eastern Africa,شرق إفريقيا,UG-424,UG-W,Western,2,district,District,Ntoroko,,Ntoroko,true,ISO_3166_2,https://www.iso.org/obp/ui/#search,ISO 3166-2 subdivisions via pycountry/isocodes,REFERENCE_DATA_IMPORTED,NEEDS_AR_TRANSLATION,2026-08-05,Administrative subdivision only; cities are imported in later city files.
UPSERT,reg_ug_425,UG,UGA,Uganda,أوغندا,Republic of Uganda,Africa,إفريقيا,Eastern Africa,شرق إفريقيا,UG-425,UG-W,Western,2,district,District,Rubirizi,,Rubirizi,true,ISO_3166_2,https://www.iso.org/obp/ui/#search,ISO 3166-2 subdivisions via pycountry/isocodes,REFERENCE_DATA_IMPORTED,NEEDS_AR_TRANSLATION,2026-08-05,Administrative subdivision only; cities are imported in later city files.
UPSERT,reg_ug_426,UG,UGA,Uganda,أوغندا,Republic of Uganda,Africa,إفريقيا,Eastern Africa,شرق إفريقيا,UG-426,UG-W,Western,2,district,District,Sheema,,Sheema,true,ISO_3166_2,https://www.iso.org/obp/ui/#search,ISO 3166-2 subdivisions via pycountry/isocodes,REFERENCE_DATA_IMPORTED,NEEDS_AR_TRANSLATION,2026-08-05,Administrative subdivision only; cities are imported in later city files.
UPSERT,reg_ug_427,UG,UGA,Uganda,أوغندا,Republic of Uganda,Africa,إفريقيا,Eastern Africa,شرق إفريقيا,UG-427,UG-W,Western,2,district,District,Kagadi,,Kagadi,true,ISO_3166_2,https://www.iso.org/obp/ui/#search,ISO 3166-2 subdivisions via pycountry/isocodes,REFERENCE_DATA_IMPORTED,NEEDS_AR_TRANSLATION,2026-08-05,Administrative subdivision only; cities are imported in later city files.
UPSERT,reg_ug_428,UG,UGA,Uganda,أوغندا,Republic of Uganda,Africa,إفريقيا,Eastern Africa,شرق إفريقيا,UG-428,UG-W,Western,2,district,District,Kakumiro,,Kakumiro,true,ISO_3166_2,https://www.iso.org/obp/ui/#search,ISO 3166-2 subdivisions via pycountry/isocodes,REFERENCE_DATA_IMPORTED,NEEDS_AR_TRANSLATION,2026-08-05,Administrative subdivision only; cities are imported in later city files.
UPSERT,reg_ug_429,UG,UGA,Uganda,أوغندا,Republic of Uganda,Africa,إفريقيا,Eastern Africa,شرق إفريقيا,UG-429,UG-W,Western,2,district,District,Rubanda,,Rubanda,true,ISO_3166_2,https://www.iso.org/obp/ui/#search,ISO 3166-2 subdivisions via pycountry/isocodes,REFERENCE_DATA_IMPORTED,NEEDS_AR_TRANSLATION,2026-08-05,Administrative subdivision only; cities are imported in later city files.
UPSERT,reg_ug_430,UG,UGA,Uganda,أوغندا,Republic of Uganda,Africa,إفريقيا,Eastern Africa,شرق إفريقيا,UG-430,UG-W,Western,2,district,District,Bunyangabu,,Bunyangabu,true,ISO_3166_2,https://www.iso.org/obp/ui/#search,ISO 3166-2 subdivisions via pycountry/isocodes,REFERENCE_DATA_IMPORTED,NEEDS_AR_TRANSLATION,2026-08-05,Administrative subdivision only; cities are imported in later city files.
UPSERT,reg_ug_431,UG,UGA,Uganda,أوغندا,Republic of Uganda,Africa,إفريقيا,Eastern Africa,شرق إفريقيا,UG-431,UG-W,Western,2,district,District,Rukiga,,Rukiga,true,ISO_3166_2,https://www.iso.org/obp/ui/#search,ISO 3166-2 subdivisions via pycountry/isocodes,REFERENCE_DATA_IMPORTED,NEEDS_AR_TRANSLATION,2026-08-05,Administrative subdivision only; cities are imported in later city files.
UPSERT,reg_ug_432,UG,UGA,Uganda,أوغندا,Republic of Uganda,Africa,إفريقيا,Eastern Africa,شرق إفريقيا,UG-432,UG-W,Western,2,district,District,Kikuube,,Kikuube,true,ISO_3166_2,https://www.iso.org/obp/ui/#search,ISO 3166-2 subdivisions via pycountry/isocodes,REFERENCE_DATA_IMPORTED,NEEDS_AR_TRANSLATION,2026-08-05,Administrative subdivision only; cities are imported in later city files.
UPSERT,reg_ug_433,UG,UGA,Uganda,أوغندا,Republic of Uganda,Africa,إفريقيا,Eastern Africa,شرق إفريقيا,UG-433,UG-W,Western,2,district,District,Kazo,,Kazo,true,ISO_3166_2,https://www.iso.org/obp/ui/#search,ISO 3166-2 subdivisions via pycountry/isocodes,REFERENCE_DATA_IMPORTED,NEEDS_AR_TRANSLATION,2026-08-05,Administrative subdivision only; cities are imported in later city files.
UPSERT,reg_ug_434,UG,UGA,Uganda,أوغندا,Republic of Uganda,Africa,إفريقيا,Eastern Africa,شرق إفريقيا,UG-434,UG-W,Western,2,district,District,Kitagwenda,,Kitagwenda,true,ISO_3166_2,https://www.iso.org/obp/ui/#search,ISO 3166-2 subdivisions via pycountry/isocodes,REFERENCE_DATA_IMPORTED,NEEDS_AR_TRANSLATION,2026-08-05,Administrative subdivision only; cities are imported in later city files.
UPSERT,reg_ug_435,UG,UGA,Uganda,أوغندا,Republic of Uganda,Africa,إفريقيا,Eastern Africa,شرق إفريقيا,UG-435,UG-W,Western,2,district,District,Rwampara,,Rwampara,true,ISO_3166_2,https://www.iso.org/obp/ui/#search,ISO 3166-2 subdivisions via pycountry/isocodes,REFERENCE_DATA_IMPORTED,NEEDS_AR_TRANSLATION,2026-08-05,Administrative subdivision only; cities are imported in later city files.
UPSERT,reg_ug_c,UG,UGA,Uganda,أوغندا,Republic of Uganda,Africa,إفريقيا,Eastern Africa,شرق إفريقيا,UG-C,,,1,geographical_region,Geographical region,Central,,Central,true,ISO_3166_2,https://www.iso.org/obp/ui/#search,ISO 3166-2 subdivisions via pycountry/isocodes,REFERENCE_DATA_IMPORTED,NEEDS_AR_TRANSLATION,2026-08-05,Administrative subdivision only; cities are imported in later city files.
UPSERT,reg_ug_e,UG,UGA,Uganda,أوغندا,Republic of Uganda,Africa,إفريقيا,Eastern Africa,شرق إفريقيا,UG-E,,,1,geographical_region,Geographical region,Eastern,,Eastern,true,ISO_3166_2,https://www.iso.org/obp/ui/#search,ISO 3166-2 subdivisions via pycountry/isocodes,REFERENCE_DATA_IMPORTED,NEEDS_AR_TRANSLATION,2026-08-05,Administrative subdivision only; cities are imported in later city files.
UPSERT,reg_ug_n,UG,UGA,Uganda,أوغندا,Republic of Uganda,Africa,إفريقيا,Eastern Africa,شرق إفريقيا,UG-N,,,1,geographical_region,Geographical region,Northern,,Northern,true,ISO_3166_2,https://www.iso.org/obp/ui/#search,ISO 3166-2 subdivisions via pycountry/isocodes,REFERENCE_DATA_IMPORTED,NEEDS_AR_TRANSLATION,2026-08-05,Administrative subdivision only; cities are imported in later city files.
UPSERT,reg_ug_w,UG,UGA,Uganda,أوغندا,Republic of Uganda,Africa,إفريقيا,Eastern Africa,شرق إفريقيا,UG-W,,,1,geographical_region,Geographical region,Western,,Western,true,ISO_3166_2,https://www.iso.org/obp/ui/#search,ISO 3166-2 subdivisions via pycountry/isocodes,REFERENCE_DATA_IMPORTED,NEEDS_AR_TRANSLATION,2026-08-05,Administrative subdivision only; cities are imported in later city files.
UPSERT,reg_za_ec,ZA,ZAF,South Africa,جنوب أفريقيا,Republic of South Africa,Africa,إفريقيا,Southern Africa,جنوب إفريقيا,ZA-EC,,,1,province,Province,Eastern Cape,,Eastern Cape,true,ISO_3166_2,https://www.iso.org/obp/ui/#search,ISO 3166-2 subdivisions via pycountry/isocodes,REFERENCE_DATA_IMPORTED,NEEDS_AR_TRANSLATION,2026-08-05,Administrative subdivision only; cities are imported in later city files.
UPSERT,reg_za_fs,ZA,ZAF,South Africa,جنوب أفريقيا,Republic of South Africa,Africa,إفريقيا,Southern Africa,جنوب إفريقيا,ZA-FS,,,1,province,Province,Free State,,Free State,true,ISO_3166_2,https://www.iso.org/obp/ui/#search,ISO 3166-2 subdivisions via pycountry/isocodes,REFERENCE_DATA_IMPORTED,NEEDS_AR_TRANSLATION,2026-08-05,Administrative subdivision only; cities are imported in later city files.
UPSERT,reg_za_gp,ZA,ZAF,South Africa,جنوب أفريقيا,Republic of South Africa,Africa,إفريقيا,Southern Africa,جنوب إفريقيا,ZA-GP,,,1,province,Province,Gauteng,,Gauteng,true,ISO_3166_2,https://www.iso.org/obp/ui/#search,ISO 3166-2 subdivisions via pycountry/isocodes,REFERENCE_DATA_IMPORTED,NEEDS_AR_TRANSLATION,2026-08-05,Administrative subdivision only; cities are imported in later city files.
UPSERT,reg_za_kzn,ZA,ZAF,South Africa,جنوب أفريقيا,Republic of South Africa,Africa,إفريقيا,Southern Africa,جنوب إفريقيا,ZA-KZN,,,1,province,Province,Kwazulu-Natal,,Kwazulu-Natal,true,ISO_3166_2,https://www.iso.org/obp/ui/#search,ISO 3166-2 subdivisions via pycountry/isocodes,REFERENCE_DATA_IMPORTED,NEEDS_AR_TRANSLATION,2026-08-05,Administrative subdivision only; cities are imported in later city files.
UPSERT,reg_za_lp,ZA,ZAF,South Africa,جنوب أفريقيا,Republic of South Africa,Africa,إفريقيا,Southern Africa,جنوب إفريقيا,ZA-LP,,,1,province,Province,Limpopo,,Limpopo,true,ISO_3166_2,https://www.iso.org/obp/ui/#search,ISO 3166-2 subdivisions via pycountry/isocodes,REFERENCE_DATA_IMPORTED,NEEDS_AR_TRANSLATION,2026-08-05,Administrative subdivision only; cities are imported in later city files.
UPSERT,reg_za_mp,ZA,ZAF,South Africa,جنوب أفريقيا,Republic of South Africa,Africa,إفريقيا,Southern Africa,جنوب إفريقيا,ZA-MP,,,1,province,Province,Mpumalanga,,Mpumalanga,true,ISO_3166_2,https://www.iso.org/obp/ui/#search,ISO 3166-2 subdivisions via pycountry/isocodes,REFERENCE_DATA_IMPORTED,NEEDS_AR_TRANSLATION,2026-08-05,Administrative subdivision only; cities are imported in later city files.
UPSERT,reg_za_nc,ZA,ZAF,South Africa,جنوب أفريقيا,Republic of South Africa,Africa,إفريقيا,Southern Africa,جنوب إفريقيا,ZA-NC,,,1,province,Province,Northern Cape,,Northern Cape,true,ISO_3166_2,https://www.iso.org/obp/ui/#search,ISO 3166-2 subdivisions via pycountry/isocodes,REFERENCE_DATA_IMPORTED,NEEDS_AR_TRANSLATION,2026-08-05,Administrative subdivision only; cities are imported in later city files.
UPSERT,reg_za_nw,ZA,ZAF,South Africa,جنوب أفريقيا,Republic of South Africa,Africa,إفريقيا,Southern Africa,جنوب إفريقيا,ZA-NW,,,1,province,Province,North-West,,North-West,true,ISO_3166_2,https://www.iso.org/obp/ui/#search,ISO 3166-2 subdivisions via pycountry/isocodes,REFERENCE_DATA_IMPORTED,NEEDS_AR_TRANSLATION,2026-08-05,Administrative subdivision only; cities are imported in later city files.
UPSERT,reg_za_wc,ZA,ZAF,South Africa,جنوب أفريقيا,Republic of South Africa,Africa,إفريقيا,Southern Africa,جنوب إفريقيا,ZA-WC,,,1,province,Province,Western Cape,,Western Cape,true,ISO_3166_2,https://www.iso.org/obp/ui/#search,ISO 3166-2 subdivisions via pycountry/isocodes,REFERENCE_DATA_IMPORTED,NEEDS_AR_TRANSLATION,2026-08-05,Administrative subdivision only; cities are imported in later city files.
UPSERT,reg_zm_01,ZM,ZMB,Zambia,زامبيا,Republic of Zambia,Africa,إفريقيا,Eastern Africa,شرق إفريقيا,ZM-01,,,1,province,Province,Western,,Western,true,ISO_3166_2,https://www.iso.org/obp/ui/#search,ISO 3166-2 subdivisions via pycountry/isocodes,REFERENCE_DATA_IMPORTED,NEEDS_AR_TRANSLATION,2026-08-05,Administrative subdivision only; cities are imported in later city files.
UPSERT,reg_zm_02,ZM,ZMB,Zambia,زامبيا,Republic of Zambia,Africa,إفريقيا,Eastern Africa,شرق إفريقيا,ZM-02,,,1,province,Province,Central,,Central,true,ISO_3166_2,https://www.iso.org/obp/ui/#search,ISO 3166-2 subdivisions via pycountry/isocodes,REFERENCE_DATA_IMPORTED,NEEDS_AR_TRANSLATION,2026-08-05,Administrative subdivision only; cities are imported in later city files.
UPSERT,reg_zm_03,ZM,ZMB,Zambia,زامبيا,Republic of Zambia,Africa,إفريقيا,Eastern Africa,شرق إفريقيا,ZM-03,,,1,province,Province,Eastern,,Eastern,true,ISO_3166_2,https://www.iso.org/obp/ui/#search,ISO 3166-2 subdivisions via pycountry/isocodes,REFERENCE_DATA_IMPORTED,NEEDS_AR_TRANSLATION,2026-08-05,Administrative subdivision only; cities are imported in later city files.
UPSERT,reg_zm_04,ZM,ZMB,Zambia,زامبيا,Republic of Zambia,Africa,إفريقيا,Eastern Africa,شرق إفريقيا,ZM-04,,,1,province,Province,Luapula,,Luapula,true,ISO_3166_2,https://www.iso.org/obp/ui/#search,ISO 3166-2 subdivisions via pycountry/isocodes,REFERENCE_DATA_IMPORTED,NEEDS_AR_TRANSLATION,2026-08-05,Administrative subdivision only; cities are imported in later city files.
UPSERT,reg_zm_05,ZM,ZMB,Zambia,زامبيا,Republic of Zambia,Africa,إفريقيا,Eastern Africa,شرق إفريقيا,ZM-05,,,1,province,Province,Northern,,Northern,true,ISO_3166_2,https://www.iso.org/obp/ui/#search,ISO 3166-2 subdivisions via pycountry/isocodes,REFERENCE_DATA_IMPORTED,NEEDS_AR_TRANSLATION,2026-08-05,Administrative subdivision only; cities are imported in later city files.
UPSERT,reg_zm_06,ZM,ZMB,Zambia,زامبيا,Republic of Zambia,Africa,إفريقيا,Eastern Africa,شرق إفريقيا,ZM-06,,,1,province,Province,North-Western,,North-Western,true,ISO_3166_2,https://www.iso.org/obp/ui/#search,ISO 3166-2 subdivisions via pycountry/isocodes,REFERENCE_DATA_IMPORTED,NEEDS_AR_TRANSLATION,2026-08-05,Administrative subdivision only; cities are imported in later city files.
UPSERT,reg_zm_07,ZM,ZMB,Zambia,زامبيا,Republic of Zambia,Africa,إفريقيا,Eastern Africa,شرق إفريقيا,ZM-07,,,1,province,Province,Southern,,Southern,true,ISO_3166_2,https://www.iso.org/obp/ui/#search,ISO 3166-2 subdivisions via pycountry/isocodes,REFERENCE_DATA_IMPORTED,NEEDS_AR_TRANSLATION,2026-08-05,Administrative subdivision only; cities are imported in later city files.
UPSERT,reg_zm_08,ZM,ZMB,Zambia,زامبيا,Republic of Zambia,Africa,إفريقيا,Eastern Africa,شرق إفريقيا,ZM-08,,,1,province,Province,Copperbelt,,Copperbelt,true,ISO_3166_2,https://www.iso.org/obp/ui/#search,ISO 3166-2 subdivisions via pycountry/isocodes,REFERENCE_DATA_IMPORTED,NEEDS_AR_TRANSLATION,2026-08-05,Administrative subdivision only; cities are imported in later city files.
UPSERT,reg_zm_09,ZM,ZMB,Zambia,زامبيا,Republic of Zambia,Africa,إفريقيا,Eastern Africa,شرق إفريقيا,ZM-09,,,1,province,Province,Lusaka,,Lusaka,true,ISO_3166_2,https://www.iso.org/obp/ui/#search,ISO 3166-2 subdivisions via pycountry/isocodes,REFERENCE_DATA_IMPORTED,NEEDS_AR_TRANSLATION,2026-08-05,Administrative subdivision only; cities are imported in later city files.
UPSERT,reg_zm_10,ZM,ZMB,Zambia,زامبيا,Republic of Zambia,Africa,إفريقيا,Eastern Africa,شرق إفريقيا,ZM-10,,,1,province,Province,Muchinga,,Muchinga,true,ISO_3166_2,https://www.iso.org/obp/ui/#search,ISO 3166-2 subdivisions via pycountry/isocodes,REFERENCE_DATA_IMPORTED,NEEDS_AR_TRANSLATION,2026-08-05,Administrative subdivision only; cities are imported in later city files.
UPSERT,reg_zw_bu,ZW,ZWE,Zimbabwe,زيمبابوي,Republic of Zimbabwe,Africa,إفريقيا,Eastern Africa,شرق إفريقيا,ZW-BU,,,1,province,Province,Bulawayo,,Bulawayo,true,ISO_3166_2,https://www.iso.org/obp/ui/#search,ISO 3166-2 subdivisions via pycountry/isocodes,REFERENCE_DATA_IMPORTED,NEEDS_AR_TRANSLATION,2026-08-05,Administrative subdivision only; cities are imported in later city files.
UPSERT,reg_zw_ha,ZW,ZWE,Zimbabwe,زيمبابوي,Republic of Zimbabwe,Africa,إفريقيا,Eastern Africa,شرق إفريقيا,ZW-HA,,,1,province,Province,Harare,,Harare,true,ISO_3166_2,https://www.iso.org/obp/ui/#search,ISO 3166-2 subdivisions via pycountry/isocodes,REFERENCE_DATA_IMPORTED,NEEDS_AR_TRANSLATION,2026-08-05,Administrative subdivision only; cities are imported in later city files.
UPSERT,reg_zw_ma,ZW,ZWE,Zimbabwe,زيمبابوي,Republic of Zimbabwe,Africa,إفريقيا,Eastern Africa,شرق إفريقيا,ZW-MA,,,1,province,Province,Manicaland,,Manicaland,true,ISO_3166_2,https://www.iso.org/obp/ui/#search,ISO 3166-2 subdivisions via pycountry/isocodes,REFERENCE_DATA_IMPORTED,NEEDS_AR_TRANSLATION,2026-08-05,Administrative subdivision only; cities are imported in later city files.
UPSERT,reg_zw_mc,ZW,ZWE,Zimbabwe,زيمبابوي,Republic of Zimbabwe,Africa,إفريقيا,Eastern Africa,شرق إفريقيا,ZW-MC,,,1,province,Province,Mashonaland Central,,Mashonaland Central,true,ISO_3166_2,https://www.iso.org/obp/ui/#search,ISO 3166-2 subdivisions via pycountry/isocodes,REFERENCE_DATA_IMPORTED,NEEDS_AR_TRANSLATION,2026-08-05,Administrative subdivision only; cities are imported in later city files.
UPSERT,reg_zw_me,ZW,ZWE,Zimbabwe,زيمبابوي,Republic of Zimbabwe,Africa,إفريقيا,Eastern Africa,شرق إفريقيا,ZW-ME,,,1,province,Province,Mashonaland East,,Mashonaland East,true,ISO_3166_2,https://www.iso.org/obp/ui/#search,ISO 3166-2 subdivisions via pycountry/isocodes,REFERENCE_DATA_IMPORTED,NEEDS_AR_TRANSLATION,2026-08-05,Administrative subdivision only; cities are imported in later city files.
UPSERT,reg_zw_mi,ZW,ZWE,Zimbabwe,زيمبابوي,Republic of Zimbabwe,Africa,إفريقيا,Eastern Africa,شرق إفريقيا,ZW-MI,,,1,province,Province,Midlands,,Midlands,true,ISO_3166_2,https://www.iso.org/obp/ui/#search,ISO 3166-2 subdivisions via pycountry/isocodes,REFERENCE_DATA_IMPORTED,NEEDS_AR_TRANSLATION,2026-08-05,Administrative subdivision only; cities are imported in later city files.
UPSERT,reg_zw_mn,ZW,ZWE,Zimbabwe,زيمبابوي,Republic of Zimbabwe,Africa,إفريقيا,Eastern Africa,شرق إفريقيا,ZW-MN,,,1,province,Province,Matabeleland North,,Matabeleland North,true,ISO_3166_2,https://www.iso.org/obp/ui/#search,ISO 3166-2 subdivisions via pycountry/isocodes,REFERENCE_DATA_IMPORTED,NEEDS_AR_TRANSLATION,2026-08-05,Administrative subdivision only; cities are imported in later city files.
UPSERT,reg_zw_ms,ZW,ZWE,Zimbabwe,زيمبابوي,Republic of Zimbabwe,Africa,إفريقيا,Eastern Africa,شرق إفريقيا,ZW-MS,,,1,province,Province,Matabeleland South,,Matabeleland South,true,ISO_3166_2,https://www.iso.org/obp/ui/#search,ISO 3166-2 subdivisions via pycountry/isocodes,REFERENCE_DATA_IMPORTED,NEEDS_AR_TRANSLATION,2026-08-05,Administrative subdivision only; cities are imported in later city files.
UPSERT,reg_zw_mv,ZW,ZWE,Zimbabwe,زيمبابوي,Republic of Zimbabwe,Africa,إفريقيا,Eastern Africa,شرق إفريقيا,ZW-MV,,,1,province,Province,Masvingo,,Masvingo,true,ISO_3166_2,https://www.iso.org/obp/ui/#search,ISO 3166-2 subdivisions via pycountry/isocodes,REFERENCE_DATA_IMPORTED,NEEDS_AR_TRANSLATION,2026-08-05,Administrative subdivision only; cities are imported in later city files.
UPSERT,reg_zw_mw,ZW,ZWE,Zimbabwe,زيمبابوي,Republic of Zimbabwe,Africa,إفريقيا,Eastern Africa,شرق إفريقيا,ZW-MW,,,1,province,Province,Mashonaland West,,Mashonaland West,true,ISO_3166_2,https://www.iso.org/obp/ui/#search,ISO 3166-2 subdivisions via pycountry/isocodes,REFERENCE_DATA_IMPORTED,NEEDS_AR_TRANSLATION,2026-08-05,Administrative subdivision only; cities are imported in later city files.
