importAction,regionId,countryIso2,countryIso3,countryNameEn,countryNameAr,countryOfficialNameEn,continent,continentAr,subregion,subregionAr,regionCode,parentRegionCode,parentRegionNameEn,adminLevel,regionType,regionTypeRaw,nameEn,nameAr,localName,isActive,sourceType,sourceUrl,sourceDataset,verificationStatus,translationStatus,lastImportedAt,notes
UPSERT,reg_ag_03,AG,ATG,Antigua and Barbuda,أنتيغوا وبربودا,,Americas,الأمريكتان,Caribbean,الكاريبي,AG-03,,,1,parish,Parish,Saint George,,Saint George,true,ISO_3166_2,https://www.iso.org/obp/ui/#search,ISO 3166-2 subdivisions via pycountry/isocodes,REFERENCE_DATA_IMPORTED,NEEDS_AR_TRANSLATION,2026-08-05,Administrative subdivision only; cities are imported in later city files.
UPSERT,reg_ag_04,AG,ATG,Antigua and Barbuda,أنتيغوا وبربودا,,Americas,الأمريكتان,Caribbean,الكاريبي,AG-04,,,1,parish,Parish,Saint John,,Saint John,true,ISO_3166_2,https://www.iso.org/obp/ui/#search,ISO 3166-2 subdivisions via pycountry/isocodes,REFERENCE_DATA_IMPORTED,NEEDS_AR_TRANSLATION,2026-08-05,Administrative subdivision only; cities are imported in later city files.
UPSERT,reg_ag_05,AG,ATG,Antigua and Barbuda,أنتيغوا وبربودا,,Americas,الأمريكتان,Caribbean,الكاريبي,AG-05,,,1,parish,Parish,Saint Mary,,Saint Mary,true,ISO_3166_2,https://www.iso.org/obp/ui/#search,ISO 3166-2 subdivisions via pycountry/isocodes,REFERENCE_DATA_IMPORTED,NEEDS_AR_TRANSLATION,2026-08-05,Administrative subdivision only; cities are imported in later city files.
UPSERT,reg_ag_06,AG,ATG,Antigua and Barbuda,أنتيغوا وبربودا,,Americas,الأمريكتان,Caribbean,الكاريبي,AG-06,,,1,parish,Parish,Saint Paul,,Saint Paul,true,ISO_3166_2,https://www.iso.org/obp/ui/#search,ISO 3166-2 subdivisions via pycountry/isocodes,REFERENCE_DATA_IMPORTED,NEEDS_AR_TRANSLATION,2026-08-05,Administrative subdivision only; cities are imported in later city files.
UPSERT,reg_ag_07,AG,ATG,Antigua and Barbuda,أنتيغوا وبربودا,,Americas,الأمريكتان,Caribbean,الكاريبي,AG-07,,,1,parish,Parish,Saint Peter,,Saint Peter,true,ISO_3166_2,https://www.iso.org/obp/ui/#search,ISO 3166-2 subdivisions via pycountry/isocodes,REFERENCE_DATA_IMPORTED,NEEDS_AR_TRANSLATION,2026-08-05,Administrative subdivision only; cities are imported in later city files.
UPSERT,reg_ag_08,AG,ATG,Antigua and Barbuda,أنتيغوا وبربودا,,Americas,الأمريكتان,Caribbean,الكاريبي,AG-08,,,1,parish,Parish,Saint Philip,,Saint Philip,true,ISO_3166_2,https://www.iso.org/obp/ui/#search,ISO 3166-2 subdivisions via pycountry/isocodes,REFERENCE_DATA_IMPORTED,NEEDS_AR_TRANSLATION,2026-08-05,Administrative subdivision only; cities are imported in later city files.
UPSERT,reg_ag_10,AG,ATG,Antigua and Barbuda,أنتيغوا وبربودا,,Americas,الأمريكتان,Caribbean,الكاريبي,AG-10,,,1,dependency,Dependency,Barbuda,,Barbuda,true,ISO_3166_2,https://www.iso.org/obp/ui/#search,ISO 3166-2 subdivisions via pycountry/isocodes,REFERENCE_DATA_IMPORTED,NEEDS_AR_TRANSLATION,2026-08-05,Administrative subdivision only; cities are imported in later city files.
UPSERT,reg_ag_11,AG,ATG,Antigua and Barbuda,أنتيغوا وبربودا,,Americas,الأمريكتان,Caribbean,الكاريبي,AG-11,,,1,dependency,Dependency,Redonda,,Redonda,true,ISO_3166_2,https://www.iso.org/obp/ui/#search,ISO 3166-2 subdivisions via pycountry/isocodes,REFERENCE_DATA_IMPORTED,NEEDS_AR_TRANSLATION,2026-08-05,Administrative subdivision only; cities are imported in later city files.
UPSERT,reg_ar_a,AR,ARG,Argentina,الأرجنتين,Argentine Republic,Americas,الأمريكتان,South America,أمريكا الجنوبية,AR-A,,,1,province,Province,Salta,,Salta,true,ISO_3166_2,https://www.iso.org/obp/ui/#search,ISO 3166-2 subdivisions via pycountry/isocodes,REFERENCE_DATA_IMPORTED,NEEDS_AR_TRANSLATION,2026-08-05,Administrative subdivision only; cities are imported in later city files.
UPSERT,reg_ar_b,AR,ARG,Argentina,الأرجنتين,Argentine Republic,Americas,الأمريكتان,South America,أمريكا الجنوبية,AR-B,,,1,province,Province,Buenos Aires,,Buenos Aires,true,ISO_3166_2,https://www.iso.org/obp/ui/#search,ISO 3166-2 subdivisions via pycountry/isocodes,REFERENCE_DATA_IMPORTED,NEEDS_AR_TRANSLATION,2026-08-05,Administrative subdivision only; cities are imported in later city files.
UPSERT,reg_ar_c,AR,ARG,Argentina,الأرجنتين,Argentine Republic,Americas,الأمريكتان,South America,أمريكا الجنوبية,AR-C,,,1,city,City,Ciudad Autónoma de Buenos Aires,,Ciudad Autónoma de Buenos Aires,true,ISO_3166_2,https://www.iso.org/obp/ui/#search,ISO 3166-2 subdivisions via pycountry/isocodes,REFERENCE_DATA_IMPORTED,NEEDS_AR_TRANSLATION,2026-08-05,Administrative subdivision only; cities are imported in later city files.
UPSERT,reg_ar_d,AR,ARG,Argentina,الأرجنتين,Argentine Republic,Americas,الأمريكتان,South America,أمريكا الجنوبية,AR-D,,,1,province,Province,San Luis,,San Luis,true,ISO_3166_2,https://www.iso.org/obp/ui/#search,ISO 3166-2 subdivisions via pycountry/isocodes,REFERENCE_DATA_IMPORTED,NEEDS_AR_TRANSLATION,2026-08-05,Administrative subdivision only; cities are imported in later city files.
UPSERT,reg_ar_e,AR,ARG,Argentina,الأرجنتين,Argentine Republic,Americas,الأمريكتان,South America,أمريكا الجنوبية,AR-E,,,1,province,Province,Entre Ríos,,Entre Ríos,true,ISO_3166_2,https://www.iso.org/obp/ui/#search,ISO 3166-2 subdivisions via pycountry/isocodes,REFERENCE_DATA_IMPORTED,NEEDS_AR_TRANSLATION,2026-08-05,Administrative subdivision only; cities are imported in later city files.
UPSERT,reg_ar_f,AR,ARG,Argentina,الأرجنتين,Argentine Republic,Americas,الأمريكتان,South America,أمريكا الجنوبية,AR-F,,,1,province,Province,La Rioja,,La Rioja,true,ISO_3166_2,https://www.iso.org/obp/ui/#search,ISO 3166-2 subdivisions via pycountry/isocodes,REFERENCE_DATA_IMPORTED,NEEDS_AR_TRANSLATION,2026-08-05,Administrative subdivision only; cities are imported in later city files.
UPSERT,reg_ar_g,AR,ARG,Argentina,الأرجنتين,Argentine Republic,Americas,الأمريكتان,South America,أمريكا الجنوبية,AR-G,,,1,province,Province,Santiago del Estero,,Santiago del Estero,true,ISO_3166_2,https://www.iso.org/obp/ui/#search,ISO 3166-2 subdivisions via pycountry/isocodes,REFERENCE_DATA_IMPORTED,NEEDS_AR_TRANSLATION,2026-08-05,Administrative subdivision only; cities are imported in later city files.
UPSERT,reg_ar_h,AR,ARG,Argentina,الأرجنتين,Argentine Republic,Americas,الأمريكتان,South America,أمريكا الجنوبية,AR-H,,,1,province,Province,Chaco,,Chaco,true,ISO_3166_2,https://www.iso.org/obp/ui/#search,ISO 3166-2 subdivisions via pycountry/isocodes,REFERENCE_DATA_IMPORTED,NEEDS_AR_TRANSLATION,2026-08-05,Administrative subdivision only; cities are imported in later city files.
UPSERT,reg_ar_j,AR,ARG,Argentina,الأرجنتين,Argentine Republic,Americas,الأمريكتان,South America,أمريكا الجنوبية,AR-J,,,1,province,Province,San Juan,,San Juan,true,ISO_3166_2,https://www.iso.org/obp/ui/#search,ISO 3166-2 subdivisions via pycountry/isocodes,REFERENCE_DATA_IMPORTED,NEEDS_AR_TRANSLATION,2026-08-05,Administrative subdivision only; cities are imported in later city files.
UPSERT,reg_ar_k,AR,ARG,Argentina,الأرجنتين,Argentine Republic,Americas,الأمريكتان,South America,أمريكا الجنوبية,AR-K,,,1,province,Province,Catamarca,,Catamarca,true,ISO_3166_2,https://www.iso.org/obp/ui/#search,ISO 3166-2 subdivisions via pycountry/isocodes,REFERENCE_DATA_IMPORTED,NEEDS_AR_TRANSLATION,2026-08-05,Administrative subdivision only; cities are imported in later city files.
UPSERT,reg_ar_l,AR,ARG,Argentina,الأرجنتين,Argentine Republic,Americas,الأمريكتان,South America,أمريكا الجنوبية,AR-L,,,1,province,Province,La Pampa,,La Pampa,true,ISO_3166_2,https://www.iso.org/obp/ui/#search,ISO 3166-2 subdivisions via pycountry/isocodes,REFERENCE_DATA_IMPORTED,NEEDS_AR_TRANSLATION,2026-08-05,Administrative subdivision only; cities are imported in later city files.
UPSERT,reg_ar_m,AR,ARG,Argentina,الأرجنتين,Argentine Republic,Americas,الأمريكتان,South America,أمريكا الجنوبية,AR-M,,,1,province,Province,Mendoza,,Mendoza,true,ISO_3166_2,https://www.iso.org/obp/ui/#search,ISO 3166-2 subdivisions via pycountry/isocodes,REFERENCE_DATA_IMPORTED,NEEDS_AR_TRANSLATION,2026-08-05,Administrative subdivision only; cities are imported in later city files.
UPSERT,reg_ar_n,AR,ARG,Argentina,الأرجنتين,Argentine Republic,Americas,الأمريكتان,South America,أمريكا الجنوبية,AR-N,,,1,province,Province,Misiones,,Misiones,true,ISO_3166_2,https://www.iso.org/obp/ui/#search,ISO 3166-2 subdivisions via pycountry/isocodes,REFERENCE_DATA_IMPORTED,NEEDS_AR_TRANSLATION,2026-08-05,Administrative subdivision only; cities are imported in later city files.
UPSERT,reg_ar_p,AR,ARG,Argentina,الأرجنتين,Argentine Republic,Americas,الأمريكتان,South America,أمريكا الجنوبية,AR-P,,,1,province,Province,Formosa,,Formosa,true,ISO_3166_2,https://www.iso.org/obp/ui/#search,ISO 3166-2 subdivisions via pycountry/isocodes,REFERENCE_DATA_IMPORTED,NEEDS_AR_TRANSLATION,2026-08-05,Administrative subdivision only; cities are imported in later city files.
UPSERT,reg_ar_q,AR,ARG,Argentina,الأرجنتين,Argentine Republic,Americas,الأمريكتان,South America,أمريكا الجنوبية,AR-Q,,,1,province,Province,Neuquén,,Neuquén,true,ISO_3166_2,https://www.iso.org/obp/ui/#search,ISO 3166-2 subdivisions via pycountry/isocodes,REFERENCE_DATA_IMPORTED,NEEDS_AR_TRANSLATION,2026-08-05,Administrative subdivision only; cities are imported in later city files.
UPSERT,reg_ar_r,AR,ARG,Argentina,الأرجنتين,Argentine Republic,Americas,الأمريكتان,South America,أمريكا الجنوبية,AR-R,,,1,province,Province,Río Negro,,Río Negro,true,ISO_3166_2,https://www.iso.org/obp/ui/#search,ISO 3166-2 subdivisions via pycountry/isocodes,REFERENCE_DATA_IMPORTED,NEEDS_AR_TRANSLATION,2026-08-05,Administrative subdivision only; cities are imported in later city files.
UPSERT,reg_ar_s,AR,ARG,Argentina,الأرجنتين,Argentine Republic,Americas,الأمريكتان,South America,أمريكا الجنوبية,AR-S,,,1,province,Province,Santa Fe,,Santa Fe,true,ISO_3166_2,https://www.iso.org/obp/ui/#search,ISO 3166-2 subdivisions via pycountry/isocodes,REFERENCE_DATA_IMPORTED,NEEDS_AR_TRANSLATION,2026-08-05,Administrative subdivision only; cities are imported in later city files.
UPSERT,reg_ar_t,AR,ARG,Argentina,الأرجنتين,Argentine Republic,Americas,الأمريكتان,South America,أمريكا الجنوبية,AR-T,,,1,province,Province,Tucumán,,Tucumán,true,ISO_3166_2,https://www.iso.org/obp/ui/#search,ISO 3166-2 subdivisions via pycountry/isocodes,REFERENCE_DATA_IMPORTED,NEEDS_AR_TRANSLATION,2026-08-05,Administrative subdivision only; cities are imported in later city files.
UPSERT,reg_ar_u,AR,ARG,Argentina,الأرجنتين,Argentine Republic,Americas,الأمريكتان,South America,أمريكا الجنوبية,AR-U,,,1,province,Province,Chubut,,Chubut,true,ISO_3166_2,https://www.iso.org/obp/ui/#search,ISO 3166-2 subdivisions via pycountry/isocodes,REFERENCE_DATA_IMPORTED,NEEDS_AR_TRANSLATION,2026-08-05,Administrative subdivision only; cities are imported in later city files.
UPSERT,reg_ar_v,AR,ARG,Argentina,الأرجنتين,Argentine Republic,Americas,الأمريكتان,South America,أمريكا الجنوبية,AR-V,,,1,province,Province,Tierra del Fuego,,Tierra del Fuego,true,ISO_3166_2,https://www.iso.org/obp/ui/#search,ISO 3166-2 subdivisions via pycountry/isocodes,REFERENCE_DATA_IMPORTED,NEEDS_AR_TRANSLATION,2026-08-05,Administrative subdivision only; cities are imported in later city files.
UPSERT,reg_ar_w,AR,ARG,Argentina,الأرجنتين,Argentine Republic,Americas,الأمريكتان,South America,أمريكا الجنوبية,AR-W,,,1,province,Province,Corrientes,,Corrientes,true,ISO_3166_2,https://www.iso.org/obp/ui/#search,ISO 3166-2 subdivisions via pycountry/isocodes,REFERENCE_DATA_IMPORTED,NEEDS_AR_TRANSLATION,2026-08-05,Administrative subdivision only; cities are imported in later city files.
UPSERT,reg_ar_x,AR,ARG,Argentina,الأرجنتين,Argentine Republic,Americas,الأمريكتان,South America,أمريكا الجنوبية,AR-X,,,1,province,Province,Córdoba,,Córdoba,true,ISO_3166_2,https://www.iso.org/obp/ui/#search,ISO 3166-2 subdivisions via pycountry/isocodes,REFERENCE_DATA_IMPORTED,NEEDS_AR_TRANSLATION,2026-08-05,Administrative subdivision only; cities are imported in later city files.
UPSERT,reg_ar_y,AR,ARG,Argentina,الأرجنتين,Argentine Republic,Americas,الأمريكتان,South America,أمريكا الجنوبية,AR-Y,,,1,province,Province,Jujuy,,Jujuy,true,ISO_3166_2,https://www.iso.org/obp/ui/#search,ISO 3166-2 subdivisions via pycountry/isocodes,REFERENCE_DATA_IMPORTED,NEEDS_AR_TRANSLATION,2026-08-05,Administrative subdivision only; cities are imported in later city files.
UPSERT,reg_ar_z,AR,ARG,Argentina,الأرجنتين,Argentine Republic,Americas,الأمريكتان,South America,أمريكا الجنوبية,AR-Z,,,1,province,Province,Santa Cruz,,Santa Cruz,true,ISO_3166_2,https://www.iso.org/obp/ui/#search,ISO 3166-2 subdivisions via pycountry/isocodes,REFERENCE_DATA_IMPORTED,NEEDS_AR_TRANSLATION,2026-08-05,Administrative subdivision only; cities are imported in later city files.
UPSERT,reg_bb_01,BB,BRB,Barbados,بربادوس,,Americas,الأمريكتان,Caribbean,الكاريبي,BB-01,,,1,parish,Parish,Christ Church,,Christ Church,true,ISO_3166_2,https://www.iso.org/obp/ui/#search,ISO 3166-2 subdivisions via pycountry/isocodes,REFERENCE_DATA_IMPORTED,NEEDS_AR_TRANSLATION,2026-08-05,Administrative subdivision only; cities are imported in later city files.
UPSERT,reg_bb_02,BB,BRB,Barbados,بربادوس,,Americas,الأمريكتان,Caribbean,الكاريبي,BB-02,,,1,parish,Parish,Saint Andrew,,Saint Andrew,true,ISO_3166_2,https://www.iso.org/obp/ui/#search,ISO 3166-2 subdivisions via pycountry/isocodes,REFERENCE_DATA_IMPORTED,NEEDS_AR_TRANSLATION,2026-08-05,Administrative subdivision only; cities are imported in later city files.
UPSERT,reg_bb_03,BB,BRB,Barbados,بربادوس,,Americas,الأمريكتان,Caribbean,الكاريبي,BB-03,,,1,parish,Parish,Saint George,,Saint George,true,ISO_3166_2,https://www.iso.org/obp/ui/#search,ISO 3166-2 subdivisions via pycountry/isocodes,REFERENCE_DATA_IMPORTED,NEEDS_AR_TRANSLATION,2026-08-05,Administrative subdivision only; cities are imported in later city files.
UPSERT,reg_bb_04,BB,BRB,Barbados,بربادوس,,Americas,الأمريكتان,Caribbean,الكاريبي,BB-04,,,1,parish,Parish,Saint James,,Saint James,true,ISO_3166_2,https://www.iso.org/obp/ui/#search,ISO 3166-2 subdivisions via pycountry/isocodes,REFERENCE_DATA_IMPORTED,NEEDS_AR_TRANSLATION,2026-08-05,Administrative subdivision only; cities are imported in later city files.
UPSERT,reg_bb_05,BB,BRB,Barbados,بربادوس,,Americas,الأمريكتان,Caribbean,الكاريبي,BB-05,,,1,parish,Parish,Saint John,,Saint John,true,ISO_3166_2,https://www.iso.org/obp/ui/#search,ISO 3166-2 subdivisions via pycountry/isocodes,REFERENCE_DATA_IMPORTED,NEEDS_AR_TRANSLATION,2026-08-05,Administrative subdivision only; cities are imported in later city files.
UPSERT,reg_bb_06,BB,BRB,Barbados,بربادوس,,Americas,الأمريكتان,Caribbean,الكاريبي,BB-06,,,1,parish,Parish,Saint Joseph,,Saint Joseph,true,ISO_3166_2,https://www.iso.org/obp/ui/#search,ISO 3166-2 subdivisions via pycountry/isocodes,REFERENCE_DATA_IMPORTED,NEEDS_AR_TRANSLATION,2026-08-05,Administrative subdivision only; cities are imported in later city files.
UPSERT,reg_bb_07,BB,BRB,Barbados,بربادوس,,Americas,الأمريكتان,Caribbean,الكاريبي,BB-07,,,1,parish,Parish,Saint Lucy,,Saint Lucy,true,ISO_3166_2,https://www.iso.org/obp/ui/#search,ISO 3166-2 subdivisions via pycountry/isocodes,REFERENCE_DATA_IMPORTED,NEEDS_AR_TRANSLATION,2026-08-05,Administrative subdivision only; cities are imported in later city files.
UPSERT,reg_bb_08,BB,BRB,Barbados,بربادوس,,Americas,الأمريكتان,Caribbean,الكاريبي,BB-08,,,1,parish,Parish,Saint Michael,,Saint Michael,true,ISO_3166_2,https://www.iso.org/obp/ui/#search,ISO 3166-2 subdivisions via pycountry/isocodes,REFERENCE_DATA_IMPORTED,NEEDS_AR_TRANSLATION,2026-08-05,Administrative subdivision only; cities are imported in later city files.
UPSERT,reg_bb_09,BB,BRB,Barbados,بربادوس,,Americas,الأمريكتان,Caribbean,الكاريبي,BB-09,,,1,parish,Parish,Saint Peter,,Saint Peter,true,ISO_3166_2,https://www.iso.org/obp/ui/#search,ISO 3166-2 subdivisions via pycountry/isocodes,REFERENCE_DATA_IMPORTED,NEEDS_AR_TRANSLATION,2026-08-05,Administrative subdivision only; cities are imported in later city files.
UPSERT,reg_bb_10,BB,BRB,Barbados,بربادوس,,Americas,الأمريكتان,Caribbean,الكاريبي,BB-10,,,1,parish,Parish,Saint Philip,,Saint Philip,true,ISO_3166_2,https://www.iso.org/obp/ui/#search,ISO 3166-2 subdivisions via pycountry/isocodes,REFERENCE_DATA_IMPORTED,NEEDS_AR_TRANSLATION,2026-08-05,Administrative subdivision only; cities are imported in later city files.
UPSERT,reg_bb_11,BB,BRB,Barbados,بربادوس,,Americas,الأمريكتان,Caribbean,الكاريبي,BB-11,,,1,parish,Parish,Saint Thomas,,Saint Thomas,true,ISO_3166_2,https://www.iso.org/obp/ui/#search,ISO 3166-2 subdivisions via pycountry/isocodes,REFERENCE_DATA_IMPORTED,NEEDS_AR_TRANSLATION,2026-08-05,Administrative subdivision only; cities are imported in later city files.
UPSERT,reg_bo_b,BO,BOL,"Bolivia, Plurinational State of",بوليفيا,Plurinational State of Bolivia,Americas,الأمريكتان,South America,أمريكا الجنوبية,BO-B,,,1,department,Department,El Beni,,El Beni,true,ISO_3166_2,https://www.iso.org/obp/ui/#search,ISO 3166-2 subdivisions via pycountry/isocodes,REFERENCE_DATA_IMPORTED,NEEDS_AR_TRANSLATION,2026-08-05,Administrative subdivision only; cities are imported in later city files.
UPSERT,reg_bo_c,BO,BOL,"Bolivia, Plurinational State of",بوليفيا,Plurinational State of Bolivia,Americas,الأمريكتان,South America,أمريكا الجنوبية,BO-C,,,1,department,Department,Cochabamba,,Cochabamba,true,ISO_3166_2,https://www.iso.org/obp/ui/#search,ISO 3166-2 subdivisions via pycountry/isocodes,REFERENCE_DATA_IMPORTED,NEEDS_AR_TRANSLATION,2026-08-05,Administrative subdivision only; cities are imported in later city files.
UPSERT,reg_bo_h,BO,BOL,"Bolivia, Plurinational State of",بوليفيا,Plurinational State of Bolivia,Americas,الأمريكتان,South America,أمريكا الجنوبية,BO-H,,,1,department,Department,Chuquisaca,,Chuquisaca,true,ISO_3166_2,https://www.iso.org/obp/ui/#search,ISO 3166-2 subdivisions via pycountry/isocodes,REFERENCE_DATA_IMPORTED,NEEDS_AR_TRANSLATION,2026-08-05,Administrative subdivision only; cities are imported in later city files.
UPSERT,reg_bo_l,BO,BOL,"Bolivia, Plurinational State of",بوليفيا,Plurinational State of Bolivia,Americas,الأمريكتان,South America,أمريكا الجنوبية,BO-L,,,1,department,Department,La Paz,,La Paz,true,ISO_3166_2,https://www.iso.org/obp/ui/#search,ISO 3166-2 subdivisions via pycountry/isocodes,REFERENCE_DATA_IMPORTED,NEEDS_AR_TRANSLATION,2026-08-05,Administrative subdivision only; cities are imported in later city files.
UPSERT,reg_bo_n,BO,BOL,"Bolivia, Plurinational State of",بوليفيا,Plurinational State of Bolivia,Americas,الأمريكتان,South America,أمريكا الجنوبية,BO-N,,,1,department,Department,Pando,,Pando,true,ISO_3166_2,https://www.iso.org/obp/ui/#search,ISO 3166-2 subdivisions via pycountry/isocodes,REFERENCE_DATA_IMPORTED,NEEDS_AR_TRANSLATION,2026-08-05,Administrative subdivision only; cities are imported in later city files.
UPSERT,reg_bo_o,BO,BOL,"Bolivia, Plurinational State of",بوليفيا,Plurinational State of Bolivia,Americas,الأمريكتان,South America,أمريكا الجنوبية,BO-O,,,1,department,Department,Oruro,,Oruro,true,ISO_3166_2,https://www.iso.org/obp/ui/#search,ISO 3166-2 subdivisions via pycountry/isocodes,REFERENCE_DATA_IMPORTED,NEEDS_AR_TRANSLATION,2026-08-05,Administrative subdivision only; cities are imported in later city files.
UPSERT,reg_bo_p,BO,BOL,"Bolivia, Plurinational State of",بوليفيا,Plurinational State of Bolivia,Americas,الأمريكتان,South America,أمريكا الجنوبية,BO-P,,,1,department,Department,Potosí,,Potosí,true,ISO_3166_2,https://www.iso.org/obp/ui/#search,ISO 3166-2 subdivisions via pycountry/isocodes,REFERENCE_DATA_IMPORTED,NEEDS_AR_TRANSLATION,2026-08-05,Administrative subdivision only; cities are imported in later city files.
UPSERT,reg_bo_s,BO,BOL,"Bolivia, Plurinational State of",بوليفيا,Plurinational State of Bolivia,Americas,الأمريكتان,South America,أمريكا الجنوبية,BO-S,,,1,department,Department,Santa Cruz,,Santa Cruz,true,ISO_3166_2,https://www.iso.org/obp/ui/#search,ISO 3166-2 subdivisions via pycountry/isocodes,REFERENCE_DATA_IMPORTED,NEEDS_AR_TRANSLATION,2026-08-05,Administrative subdivision only; cities are imported in later city files.
UPSERT,reg_bo_t,BO,BOL,"Bolivia, Plurinational State of",بوليفيا,Plurinational State of Bolivia,Americas,الأمريكتان,South America,أمريكا الجنوبية,BO-T,,,1,department,Department,Tarija,,Tarija,true,ISO_3166_2,https://www.iso.org/obp/ui/#search,ISO 3166-2 subdivisions via pycountry/isocodes,REFERENCE_DATA_IMPORTED,NEEDS_AR_TRANSLATION,2026-08-05,Administrative subdivision only; cities are imported in later city files.
UPSERT,reg_br_ac,BR,BRA,Brazil,البرازيل,Federative Republic of Brazil,Americas,الأمريكتان,South America,أمريكا الجنوبية,BR-AC,,,1,state,State,Acre,,Acre,true,ISO_3166_2,https://www.iso.org/obp/ui/#search,ISO 3166-2 subdivisions via pycountry/isocodes,REFERENCE_DATA_IMPORTED,NEEDS_AR_TRANSLATION,2026-08-05,Administrative subdivision only; cities are imported in later city files.
UPSERT,reg_br_al,BR,BRA,Brazil,البرازيل,Federative Republic of Brazil,Americas,الأمريكتان,South America,أمريكا الجنوبية,BR-AL,,,1,state,State,Alagoas,,Alagoas,true,ISO_3166_2,https://www.iso.org/obp/ui/#search,ISO 3166-2 subdivisions via pycountry/isocodes,REFERENCE_DATA_IMPORTED,NEEDS_AR_TRANSLATION,2026-08-05,Administrative subdivision only; cities are imported in later city files.
UPSERT,reg_br_am,BR,BRA,Brazil,البرازيل,Federative Republic of Brazil,Americas,الأمريكتان,South America,أمريكا الجنوبية,BR-AM,,,1,state,State,Amazonas,,Amazonas,true,ISO_3166_2,https://www.iso.org/obp/ui/#search,ISO 3166-2 subdivisions via pycountry/isocodes,REFERENCE_DATA_IMPORTED,NEEDS_AR_TRANSLATION,2026-08-05,Administrative subdivision only; cities are imported in later city files.
UPSERT,reg_br_ap,BR,BRA,Brazil,البرازيل,Federative Republic of Brazil,Americas,الأمريكتان,South America,أمريكا الجنوبية,BR-AP,,,1,state,State,Amapá,,Amapá,true,ISO_3166_2,https://www.iso.org/obp/ui/#search,ISO 3166-2 subdivisions via pycountry/isocodes,REFERENCE_DATA_IMPORTED,NEEDS_AR_TRANSLATION,2026-08-05,Administrative subdivision only; cities are imported in later city files.
UPSERT,reg_br_ba,BR,BRA,Brazil,البرازيل,Federative Republic of Brazil,Americas,الأمريكتان,South America,أمريكا الجنوبية,BR-BA,,,1,state,State,Bahia,,Bahia,true,ISO_3166_2,https://www.iso.org/obp/ui/#search,ISO 3166-2 subdivisions via pycountry/isocodes,REFERENCE_DATA_IMPORTED,NEEDS_AR_TRANSLATION,2026-08-05,Administrative subdivision only; cities are imported in later city files.
UPSERT,reg_br_ce,BR,BRA,Brazil,البرازيل,Federative Republic of Brazil,Americas,الأمريكتان,South America,أمريكا الجنوبية,BR-CE,,,1,state,State,Ceará,,Ceará,true,ISO_3166_2,https://www.iso.org/obp/ui/#search,ISO 3166-2 subdivisions via pycountry/isocodes,REFERENCE_DATA_IMPORTED,NEEDS_AR_TRANSLATION,2026-08-05,Administrative subdivision only; cities are imported in later city files.
UPSERT,reg_br_df,BR,BRA,Brazil,البرازيل,Federative Republic of Brazil,Americas,الأمريكتان,South America,أمريكا الجنوبية,BR-DF,,,1,federal_district,Federal district,Distrito Federal,,Distrito Federal,true,ISO_3166_2,https://www.iso.org/obp/ui/#search,ISO 3166-2 subdivisions via pycountry/isocodes,REFERENCE_DATA_IMPORTED,NEEDS_AR_TRANSLATION,2026-08-05,Administrative subdivision only; cities are imported in later city files.
UPSERT,reg_br_es,BR,BRA,Brazil,البرازيل,Federative Republic of Brazil,Americas,الأمريكتان,South America,أمريكا الجنوبية,BR-ES,,,1,state,State,Espírito Santo,,Espírito Santo,true,ISO_3166_2,https://www.iso.org/obp/ui/#search,ISO 3166-2 subdivisions via pycountry/isocodes,REFERENCE_DATA_IMPORTED,NEEDS_AR_TRANSLATION,2026-08-05,Administrative subdivision only; cities are imported in later city files.
UPSERT,reg_br_go,BR,BRA,Brazil,البرازيل,Federative Republic of Brazil,Americas,الأمريكتان,South America,أمريكا الجنوبية,BR-GO,,,1,state,State,Goiás,,Goiás,true,ISO_3166_2,https://www.iso.org/obp/ui/#search,ISO 3166-2 subdivisions via pycountry/isocodes,REFERENCE_DATA_IMPORTED,NEEDS_AR_TRANSLATION,2026-08-05,Administrative subdivision only; cities are imported in later city files.
UPSERT,reg_br_ma,BR,BRA,Brazil,البرازيل,Federative Republic of Brazil,Americas,الأمريكتان,South America,أمريكا الجنوبية,BR-MA,,,1,state,State,Maranhão,,Maranhão,true,ISO_3166_2,https://www.iso.org/obp/ui/#search,ISO 3166-2 subdivisions via pycountry/isocodes,REFERENCE_DATA_IMPORTED,NEEDS_AR_TRANSLATION,2026-08-05,Administrative subdivision only; cities are imported in later city files.
UPSERT,reg_br_mg,BR,BRA,Brazil,البرازيل,Federative Republic of Brazil,Americas,الأمريكتان,South America,أمريكا الجنوبية,BR-MG,,,1,state,State,Minas Gerais,,Minas Gerais,true,ISO_3166_2,https://www.iso.org/obp/ui/#search,ISO 3166-2 subdivisions via pycountry/isocodes,REFERENCE_DATA_IMPORTED,NEEDS_AR_TRANSLATION,2026-08-05,Administrative subdivision only; cities are imported in later city files.
UPSERT,reg_br_ms,BR,BRA,Brazil,البرازيل,Federative Republic of Brazil,Americas,الأمريكتان,South America,أمريكا الجنوبية,BR-MS,,,1,state,State,Mato Grosso do Sul,,Mato Grosso do Sul,true,ISO_3166_2,https://www.iso.org/obp/ui/#search,ISO 3166-2 subdivisions via pycountry/isocodes,REFERENCE_DATA_IMPORTED,NEEDS_AR_TRANSLATION,2026-08-05,Administrative subdivision only; cities are imported in later city files.
UPSERT,reg_br_mt,BR,BRA,Brazil,البرازيل,Federative Republic of Brazil,Americas,الأمريكتان,South America,أمريكا الجنوبية,BR-MT,,,1,state,State,Mato Grosso,,Mato Grosso,true,ISO_3166_2,https://www.iso.org/obp/ui/#search,ISO 3166-2 subdivisions via pycountry/isocodes,REFERENCE_DATA_IMPORTED,NEEDS_AR_TRANSLATION,2026-08-05,Administrative subdivision only; cities are imported in later city files.
UPSERT,reg_br_pa,BR,BRA,Brazil,البرازيل,Federative Republic of Brazil,Americas,الأمريكتان,South America,أمريكا الجنوبية,BR-PA,,,1,state,State,Pará,,Pará,true,ISO_3166_2,https://www.iso.org/obp/ui/#search,ISO 3166-2 subdivisions via pycountry/isocodes,REFERENCE_DATA_IMPORTED,NEEDS_AR_TRANSLATION,2026-08-05,Administrative subdivision only; cities are imported in later city files.
UPSERT,reg_br_pb,BR,BRA,Brazil,البرازيل,Federative Republic of Brazil,Americas,الأمريكتان,South America,أمريكا الجنوبية,BR-PB,,,1,state,State,Paraíba,,Paraíba,true,ISO_3166_2,https://www.iso.org/obp/ui/#search,ISO 3166-2 subdivisions via pycountry/isocodes,REFERENCE_DATA_IMPORTED,NEEDS_AR_TRANSLATION,2026-08-05,Administrative subdivision only; cities are imported in later city files.
UPSERT,reg_br_pe,BR,BRA,Brazil,البرازيل,Federative Republic of Brazil,Americas,الأمريكتان,South America,أمريكا الجنوبية,BR-PE,,,1,state,State,Pernambuco,,Pernambuco,true,ISO_3166_2,https://www.iso.org/obp/ui/#search,ISO 3166-2 subdivisions via pycountry/isocodes,REFERENCE_DATA_IMPORTED,NEEDS_AR_TRANSLATION,2026-08-05,Administrative subdivision only; cities are imported in later city files.
UPSERT,reg_br_pi,BR,BRA,Brazil,البرازيل,Federative Republic of Brazil,Americas,الأمريكتان,South America,أمريكا الجنوبية,BR-PI,,,1,state,State,Piauí,,Piauí,true,ISO_3166_2,https://www.iso.org/obp/ui/#search,ISO 3166-2 subdivisions via pycountry/isocodes,REFERENCE_DATA_IMPORTED,NEEDS_AR_TRANSLATION,2026-08-05,Administrative subdivision only; cities are imported in later city files.
UPSERT,reg_br_pr,BR,BRA,Brazil,البرازيل,Federative Republic of Brazil,Americas,الأمريكتان,South America,أمريكا الجنوبية,BR-PR,,,1,state,State,Paraná,,Paraná,true,ISO_3166_2,https://www.iso.org/obp/ui/#search,ISO 3166-2 subdivisions via pycountry/isocodes,REFERENCE_DATA_IMPORTED,NEEDS_AR_TRANSLATION,2026-08-05,Administrative subdivision only; cities are imported in later city files.
UPSERT,reg_br_rj,BR,BRA,Brazil,البرازيل,Federative Republic of Brazil,Americas,الأمريكتان,South America,أمريكا الجنوبية,BR-RJ,,,1,state,State,Rio de Janeiro,,Rio de Janeiro,true,ISO_3166_2,https://www.iso.org/obp/ui/#search,ISO 3166-2 subdivisions via pycountry/isocodes,REFERENCE_DATA_IMPORTED,NEEDS_AR_TRANSLATION,2026-08-05,Administrative subdivision only; cities are imported in later city files.
UPSERT,reg_br_rn,BR,BRA,Brazil,البرازيل,Federative Republic of Brazil,Americas,الأمريكتان,South America,أمريكا الجنوبية,BR-RN,,,1,state,State,Rio Grande do Norte,,Rio Grande do Norte,true,ISO_3166_2,https://www.iso.org/obp/ui/#search,ISO 3166-2 subdivisions via pycountry/isocodes,REFERENCE_DATA_IMPORTED,NEEDS_AR_TRANSLATION,2026-08-05,Administrative subdivision only; cities are imported in later city files.
UPSERT,reg_br_ro,BR,BRA,Brazil,البرازيل,Federative Republic of Brazil,Americas,الأمريكتان,South America,أمريكا الجنوبية,BR-RO,,,1,state,State,Rondônia,,Rondônia,true,ISO_3166_2,https://www.iso.org/obp/ui/#search,ISO 3166-2 subdivisions via pycountry/isocodes,REFERENCE_DATA_IMPORTED,NEEDS_AR_TRANSLATION,2026-08-05,Administrative subdivision only; cities are imported in later city files.
UPSERT,reg_br_rr,BR,BRA,Brazil,البرازيل,Federative Republic of Brazil,Americas,الأمريكتان,South America,أمريكا الجنوبية,BR-RR,,,1,state,State,Roraima,,Roraima,true,ISO_3166_2,https://www.iso.org/obp/ui/#search,ISO 3166-2 subdivisions via pycountry/isocodes,REFERENCE_DATA_IMPORTED,NEEDS_AR_TRANSLATION,2026-08-05,Administrative subdivision only; cities are imported in later city files.
UPSERT,reg_br_rs,BR,BRA,Brazil,البرازيل,Federative Republic of Brazil,Americas,الأمريكتان,South America,أمريكا الجنوبية,BR-RS,,,1,state,State,Rio Grande do Sul,,Rio Grande do Sul,true,ISO_3166_2,https://www.iso.org/obp/ui/#search,ISO 3166-2 subdivisions via pycountry/isocodes,REFERENCE_DATA_IMPORTED,NEEDS_AR_TRANSLATION,2026-08-05,Administrative subdivision only; cities are imported in later city files.
UPSERT,reg_br_sc,BR,BRA,Brazil,البرازيل,Federative Republic of Brazil,Americas,الأمريكتان,South America,أمريكا الجنوبية,BR-SC,,,1,state,State,Santa Catarina,,Santa Catarina,true,ISO_3166_2,https://www.iso.org/obp/ui/#search,ISO 3166-2 subdivisions via pycountry/isocodes,REFERENCE_DATA_IMPORTED,NEEDS_AR_TRANSLATION,2026-08-05,Administrative subdivision only; cities are imported in later city files.
UPSERT,reg_br_se,BR,BRA,Brazil,البرازيل,Federative Republic of Brazil,Americas,الأمريكتان,South America,أمريكا الجنوبية,BR-SE,,,1,state,State,Sergipe,,Sergipe,true,ISO_3166_2,https://www.iso.org/obp/ui/#search,ISO 3166-2 subdivisions via pycountry/isocodes,REFERENCE_DATA_IMPORTED,NEEDS_AR_TRANSLATION,2026-08-05,Administrative subdivision only; cities are imported in later city files.
UPSERT,reg_br_sp,BR,BRA,Brazil,البرازيل,Federative Republic of Brazil,Americas,الأمريكتان,South America,أمريكا الجنوبية,BR-SP,,,1,state,State,São Paulo,,São Paulo,true,ISO_3166_2,https://www.iso.org/obp/ui/#search,ISO 3166-2 subdivisions via pycountry/isocodes,REFERENCE_DATA_IMPORTED,NEEDS_AR_TRANSLATION,2026-08-05,Administrative subdivision only; cities are imported in later city files.
UPSERT,reg_br_to,BR,BRA,Brazil,البرازيل,Federative Republic of Brazil,Americas,الأمريكتان,South America,أمريكا الجنوبية,BR-TO,,,1,state,State,Tocantins,,Tocantins,true,ISO_3166_2,https://www.iso.org/obp/ui/#search,ISO 3166-2 subdivisions via pycountry/isocodes,REFERENCE_DATA_IMPORTED,NEEDS_AR_TRANSLATION,2026-08-05,Administrative subdivision only; cities are imported in later city files.
UPSERT,reg_bs_ak,BS,BHS,Bahamas,جزر البهاما,Commonwealth of the Bahamas,Americas,الأمريكتان,Caribbean,الكاريبي,BS-AK,,,1,district,District,Acklins,,Acklins,true,ISO_3166_2,https://www.iso.org/obp/ui/#search,ISO 3166-2 subdivisions via pycountry/isocodes,REFERENCE_DATA_IMPORTED,NEEDS_AR_TRANSLATION,2026-08-05,Administrative subdivision only; cities are imported in later city files.
UPSERT,reg_bs_bi,BS,BHS,Bahamas,جزر البهاما,Commonwealth of the Bahamas,Americas,الأمريكتان,Caribbean,الكاريبي,BS-BI,,,1,district,District,Bimini,,Bimini,true,ISO_3166_2,https://www.iso.org/obp/ui/#search,ISO 3166-2 subdivisions via pycountry/isocodes,REFERENCE_DATA_IMPORTED,NEEDS_AR_TRANSLATION,2026-08-05,Administrative subdivision only; cities are imported in later city files.
UPSERT,reg_bs_bp,BS,BHS,Bahamas,جزر البهاما,Commonwealth of the Bahamas,Americas,الأمريكتان,Caribbean,الكاريبي,BS-BP,,,1,district,District,Black Point,,Black Point,true,ISO_3166_2,https://www.iso.org/obp/ui/#search,ISO 3166-2 subdivisions via pycountry/isocodes,REFERENCE_DATA_IMPORTED,NEEDS_AR_TRANSLATION,2026-08-05,Administrative subdivision only; cities are imported in later city files.
UPSERT,reg_bs_by,BS,BHS,Bahamas,جزر البهاما,Commonwealth of the Bahamas,Americas,الأمريكتان,Caribbean,الكاريبي,BS-BY,,,1,district,District,Berry Islands,,Berry Islands,true,ISO_3166_2,https://www.iso.org/obp/ui/#search,ISO 3166-2 subdivisions via pycountry/isocodes,REFERENCE_DATA_IMPORTED,NEEDS_AR_TRANSLATION,2026-08-05,Administrative subdivision only; cities are imported in later city files.
UPSERT,reg_bs_ce,BS,BHS,Bahamas,جزر البهاما,Commonwealth of the Bahamas,Americas,الأمريكتان,Caribbean,الكاريبي,BS-CE,,,1,district,District,Central Eleuthera,,Central Eleuthera,true,ISO_3166_2,https://www.iso.org/obp/ui/#search,ISO 3166-2 subdivisions via pycountry/isocodes,REFERENCE_DATA_IMPORTED,NEEDS_AR_TRANSLATION,2026-08-05,Administrative subdivision only; cities are imported in later city files.
UPSERT,reg_bs_ci,BS,BHS,Bahamas,جزر البهاما,Commonwealth of the Bahamas,Americas,الأمريكتان,Caribbean,الكاريبي,BS-CI,,,1,district,District,Cat Island,,Cat Island,true,ISO_3166_2,https://www.iso.org/obp/ui/#search,ISO 3166-2 subdivisions via pycountry/isocodes,REFERENCE_DATA_IMPORTED,NEEDS_AR_TRANSLATION,2026-08-05,Administrative subdivision only; cities are imported in later city files.
UPSERT,reg_bs_ck,BS,BHS,Bahamas,جزر البهاما,Commonwealth of the Bahamas,Americas,الأمريكتان,Caribbean,الكاريبي,BS-CK,,,1,district,District,Crooked Island and Long Cay,,Crooked Island and Long Cay,true,ISO_3166_2,https://www.iso.org/obp/ui/#search,ISO 3166-2 subdivisions via pycountry/isocodes,REFERENCE_DATA_IMPORTED,NEEDS_AR_TRANSLATION,2026-08-05,Administrative subdivision only; cities are imported in later city files.
UPSERT,reg_bs_co,BS,BHS,Bahamas,جزر البهاما,Commonwealth of the Bahamas,Americas,الأمريكتان,Caribbean,الكاريبي,BS-CO,,,1,district,District,Central Abaco,,Central Abaco,true,ISO_3166_2,https://www.iso.org/obp/ui/#search,ISO 3166-2 subdivisions via pycountry/isocodes,REFERENCE_DATA_IMPORTED,NEEDS_AR_TRANSLATION,2026-08-05,Administrative subdivision only; cities are imported in later city files.
UPSERT,reg_bs_cs,BS,BHS,Bahamas,جزر البهاما,Commonwealth of the Bahamas,Americas,الأمريكتان,Caribbean,الكاريبي,BS-CS,,,1,district,District,Central Andros,,Central Andros,true,ISO_3166_2,https://www.iso.org/obp/ui/#search,ISO 3166-2 subdivisions via pycountry/isocodes,REFERENCE_DATA_IMPORTED,NEEDS_AR_TRANSLATION,2026-08-05,Administrative subdivision only; cities are imported in later city files.
UPSERT,reg_bs_eg,BS,BHS,Bahamas,جزر البهاما,Commonwealth of the Bahamas,Americas,الأمريكتان,Caribbean,الكاريبي,BS-EG,,,1,district,District,East Grand Bahama,,East Grand Bahama,true,ISO_3166_2,https://www.iso.org/obp/ui/#search,ISO 3166-2 subdivisions via pycountry/isocodes,REFERENCE_DATA_IMPORTED,NEEDS_AR_TRANSLATION,2026-08-05,Administrative subdivision only; cities are imported in later city files.
UPSERT,reg_bs_ex,BS,BHS,Bahamas,جزر البهاما,Commonwealth of the Bahamas,Americas,الأمريكتان,Caribbean,الكاريبي,BS-EX,,,1,district,District,Exuma,,Exuma,true,ISO_3166_2,https://www.iso.org/obp/ui/#search,ISO 3166-2 subdivisions via pycountry/isocodes,REFERENCE_DATA_IMPORTED,NEEDS_AR_TRANSLATION,2026-08-05,Administrative subdivision only; cities are imported in later city files.
UPSERT,reg_bs_fp,BS,BHS,Bahamas,جزر البهاما,Commonwealth of the Bahamas,Americas,الأمريكتان,Caribbean,الكاريبي,BS-FP,,,1,district,District,City of Freeport,,City of Freeport,true,ISO_3166_2,https://www.iso.org/obp/ui/#search,ISO 3166-2 subdivisions via pycountry/isocodes,REFERENCE_DATA_IMPORTED,NEEDS_AR_TRANSLATION,2026-08-05,Administrative subdivision only; cities are imported in later city files.
UPSERT,reg_bs_gc,BS,BHS,Bahamas,جزر البهاما,Commonwealth of the Bahamas,Americas,الأمريكتان,Caribbean,الكاريبي,BS-GC,,,1,district,District,Grand Cay,,Grand Cay,true,ISO_3166_2,https://www.iso.org/obp/ui/#search,ISO 3166-2 subdivisions via pycountry/isocodes,REFERENCE_DATA_IMPORTED,NEEDS_AR_TRANSLATION,2026-08-05,Administrative subdivision only; cities are imported in later city files.
UPSERT,reg_bs_hi,BS,BHS,Bahamas,جزر البهاما,Commonwealth of the Bahamas,Americas,الأمريكتان,Caribbean,الكاريبي,BS-HI,,,1,district,District,Harbour Island,,Harbour Island,true,ISO_3166_2,https://www.iso.org/obp/ui/#search,ISO 3166-2 subdivisions via pycountry/isocodes,REFERENCE_DATA_IMPORTED,NEEDS_AR_TRANSLATION,2026-08-05,Administrative subdivision only; cities are imported in later city files.
UPSERT,reg_bs_ht,BS,BHS,Bahamas,جزر البهاما,Commonwealth of the Bahamas,Americas,الأمريكتان,Caribbean,الكاريبي,BS-HT,,,1,district,District,Hope Town,,Hope Town,true,ISO_3166_2,https://www.iso.org/obp/ui/#search,ISO 3166-2 subdivisions via pycountry/isocodes,REFERENCE_DATA_IMPORTED,NEEDS_AR_TRANSLATION,2026-08-05,Administrative subdivision only; cities are imported in later city files.
UPSERT,reg_bs_in,BS,BHS,Bahamas,جزر البهاما,Commonwealth of the Bahamas,Americas,الأمريكتان,Caribbean,الكاريبي,BS-IN,,,1,district,District,Inagua,,Inagua,true,ISO_3166_2,https://www.iso.org/obp/ui/#search,ISO 3166-2 subdivisions via pycountry/isocodes,REFERENCE_DATA_IMPORTED,NEEDS_AR_TRANSLATION,2026-08-05,Administrative subdivision only; cities are imported in later city files.
UPSERT,reg_bs_li,BS,BHS,Bahamas,جزر البهاما,Commonwealth of the Bahamas,Americas,الأمريكتان,Caribbean,الكاريبي,BS-LI,,,1,district,District,Long Island,,Long Island,true,ISO_3166_2,https://www.iso.org/obp/ui/#search,ISO 3166-2 subdivisions via pycountry/isocodes,REFERENCE_DATA_IMPORTED,NEEDS_AR_TRANSLATION,2026-08-05,Administrative subdivision only; cities are imported in later city files.
UPSERT,reg_bs_mc,BS,BHS,Bahamas,جزر البهاما,Commonwealth of the Bahamas,Americas,الأمريكتان,Caribbean,الكاريبي,BS-MC,,,1,district,District,Mangrove Cay,,Mangrove Cay,true,ISO_3166_2,https://www.iso.org/obp/ui/#search,ISO 3166-2 subdivisions via pycountry/isocodes,REFERENCE_DATA_IMPORTED,NEEDS_AR_TRANSLATION,2026-08-05,Administrative subdivision only; cities are imported in later city files.
UPSERT,reg_bs_mg,BS,BHS,Bahamas,جزر البهاما,Commonwealth of the Bahamas,Americas,الأمريكتان,Caribbean,الكاريبي,BS-MG,,,1,district,District,Mayaguana,,Mayaguana,true,ISO_3166_2,https://www.iso.org/obp/ui/#search,ISO 3166-2 subdivisions via pycountry/isocodes,REFERENCE_DATA_IMPORTED,NEEDS_AR_TRANSLATION,2026-08-05,Administrative subdivision only; cities are imported in later city files.
UPSERT,reg_bs_mi,BS,BHS,Bahamas,جزر البهاما,Commonwealth of the Bahamas,Americas,الأمريكتان,Caribbean,الكاريبي,BS-MI,,,1,district,District,Moore's Island,,Moore's Island,true,ISO_3166_2,https://www.iso.org/obp/ui/#search,ISO 3166-2 subdivisions via pycountry/isocodes,REFERENCE_DATA_IMPORTED,NEEDS_AR_TRANSLATION,2026-08-05,Administrative subdivision only; cities are imported in later city files.
UPSERT,reg_bs_ne,BS,BHS,Bahamas,جزر البهاما,Commonwealth of the Bahamas,Americas,الأمريكتان,Caribbean,الكاريبي,BS-NE,,,1,district,District,North Eleuthera,,North Eleuthera,true,ISO_3166_2,https://www.iso.org/obp/ui/#search,ISO 3166-2 subdivisions via pycountry/isocodes,REFERENCE_DATA_IMPORTED,NEEDS_AR_TRANSLATION,2026-08-05,Administrative subdivision only; cities are imported in later city files.
UPSERT,reg_bs_no,BS,BHS,Bahamas,جزر البهاما,Commonwealth of the Bahamas,Americas,الأمريكتان,Caribbean,الكاريبي,BS-NO,,,1,district,District,North Abaco,,North Abaco,true,ISO_3166_2,https://www.iso.org/obp/ui/#search,ISO 3166-2 subdivisions via pycountry/isocodes,REFERENCE_DATA_IMPORTED,NEEDS_AR_TRANSLATION,2026-08-05,Administrative subdivision only; cities are imported in later city files.
UPSERT,reg_bs_np,BS,BHS,Bahamas,جزر البهاما,Commonwealth of the Bahamas,Americas,الأمريكتان,Caribbean,الكاريبي,BS-NP,,,1,island,Island,New Providence,,New Providence,true,ISO_3166_2,https://www.iso.org/obp/ui/#search,ISO 3166-2 subdivisions via pycountry/isocodes,REFERENCE_DATA_IMPORTED,NEEDS_AR_TRANSLATION,2026-08-05,Administrative subdivision only; cities are imported in later city files.
UPSERT,reg_bs_ns,BS,BHS,Bahamas,جزر البهاما,Commonwealth of the Bahamas,Americas,الأمريكتان,Caribbean,الكاريبي,BS-NS,,,1,district,District,North Andros,,North Andros,true,ISO_3166_2,https://www.iso.org/obp/ui/#search,ISO 3166-2 subdivisions via pycountry/isocodes,REFERENCE_DATA_IMPORTED,NEEDS_AR_TRANSLATION,2026-08-05,Administrative subdivision only; cities are imported in later city files.
UPSERT,reg_bs_rc,BS,BHS,Bahamas,جزر البهاما,Commonwealth of the Bahamas,Americas,الأمريكتان,Caribbean,الكاريبي,BS-RC,,,1,district,District,Rum Cay,,Rum Cay,true,ISO_3166_2,https://www.iso.org/obp/ui/#search,ISO 3166-2 subdivisions via pycountry/isocodes,REFERENCE_DATA_IMPORTED,NEEDS_AR_TRANSLATION,2026-08-05,Administrative subdivision only; cities are imported in later city files.
UPSERT,reg_bs_ri,BS,BHS,Bahamas,جزر البهاما,Commonwealth of the Bahamas,Americas,الأمريكتان,Caribbean,الكاريبي,BS-RI,,,1,district,District,Ragged Island,,Ragged Island,true,ISO_3166_2,https://www.iso.org/obp/ui/#search,ISO 3166-2 subdivisions via pycountry/isocodes,REFERENCE_DATA_IMPORTED,NEEDS_AR_TRANSLATION,2026-08-05,Administrative subdivision only; cities are imported in later city files.
UPSERT,reg_bs_sa,BS,BHS,Bahamas,جزر البهاما,Commonwealth of the Bahamas,Americas,الأمريكتان,Caribbean,الكاريبي,BS-SA,,,1,district,District,South Andros,,South Andros,true,ISO_3166_2,https://www.iso.org/obp/ui/#search,ISO 3166-2 subdivisions via pycountry/isocodes,REFERENCE_DATA_IMPORTED,NEEDS_AR_TRANSLATION,2026-08-05,Administrative subdivision only; cities are imported in later city files.
UPSERT,reg_bs_se,BS,BHS,Bahamas,جزر البهاما,Commonwealth of the Bahamas,Americas,الأمريكتان,Caribbean,الكاريبي,BS-SE,,,1,district,District,South Eleuthera,,South Eleuthera,true,ISO_3166_2,https://www.iso.org/obp/ui/#search,ISO 3166-2 subdivisions via pycountry/isocodes,REFERENCE_DATA_IMPORTED,NEEDS_AR_TRANSLATION,2026-08-05,Administrative subdivision only; cities are imported in later city files.
UPSERT,reg_bs_so,BS,BHS,Bahamas,جزر البهاما,Commonwealth of the Bahamas,Americas,الأمريكتان,Caribbean,الكاريبي,BS-SO,,,1,district,District,South Abaco,,South Abaco,true,ISO_3166_2,https://www.iso.org/obp/ui/#search,ISO 3166-2 subdivisions via pycountry/isocodes,REFERENCE_DATA_IMPORTED,NEEDS_AR_TRANSLATION,2026-08-05,Administrative subdivision only; cities are imported in later city files.
UPSERT,reg_bs_ss,BS,BHS,Bahamas,جزر البهاما,Commonwealth of the Bahamas,Americas,الأمريكتان,Caribbean,الكاريبي,BS-SS,,,1,district,District,San Salvador,,San Salvador,true,ISO_3166_2,https://www.iso.org/obp/ui/#search,ISO 3166-2 subdivisions via pycountry/isocodes,REFERENCE_DATA_IMPORTED,NEEDS_AR_TRANSLATION,2026-08-05,Administrative subdivision only; cities are imported in later city files.
UPSERT,reg_bs_sw,BS,BHS,Bahamas,جزر البهاما,Commonwealth of the Bahamas,Americas,الأمريكتان,Caribbean,الكاريبي,BS-SW,,,1,district,District,Spanish Wells,,Spanish Wells,true,ISO_3166_2,https://www.iso.org/obp/ui/#search,ISO 3166-2 subdivisions via pycountry/isocodes,REFERENCE_DATA_IMPORTED,NEEDS_AR_TRANSLATION,2026-08-05,Administrative subdivision only; cities are imported in later city files.
UPSERT,reg_bs_wg,BS,BHS,Bahamas,جزر البهاما,Commonwealth of the Bahamas,Americas,الأمريكتان,Caribbean,الكاريبي,BS-WG,,,1,district,District,West Grand Bahama,,West Grand Bahama,true,ISO_3166_2,https://www.iso.org/obp/ui/#search,ISO 3166-2 subdivisions via pycountry/isocodes,REFERENCE_DATA_IMPORTED,NEEDS_AR_TRANSLATION,2026-08-05,Administrative subdivision only; cities are imported in later city files.
UPSERT,reg_bz_bz,BZ,BLZ,Belize,بليز,,Americas,الأمريكتان,Central America,أمريكا الوسطى,BZ-BZ,,,1,district,District,Belize,,Belize,true,ISO_3166_2,https://www.iso.org/obp/ui/#search,ISO 3166-2 subdivisions via pycountry/isocodes,REFERENCE_DATA_IMPORTED,NEEDS_AR_TRANSLATION,2026-08-05,Administrative subdivision only; cities are imported in later city files.
UPSERT,reg_bz_cy,BZ,BLZ,Belize,بليز,,Americas,الأمريكتان,Central America,أمريكا الوسطى,BZ-CY,,,1,district,District,Cayo,,Cayo,true,ISO_3166_2,https://www.iso.org/obp/ui/#search,ISO 3166-2 subdivisions via pycountry/isocodes,REFERENCE_DATA_IMPORTED,NEEDS_AR_TRANSLATION,2026-08-05,Administrative subdivision only; cities are imported in later city files.
UPSERT,reg_bz_czl,BZ,BLZ,Belize,بليز,,Americas,الأمريكتان,Central America,أمريكا الوسطى,BZ-CZL,,,1,district,District,Corozal,,Corozal,true,ISO_3166_2,https://www.iso.org/obp/ui/#search,ISO 3166-2 subdivisions via pycountry/isocodes,REFERENCE_DATA_IMPORTED,NEEDS_AR_TRANSLATION,2026-08-05,Administrative subdivision only; cities are imported in later city files.
UPSERT,reg_bz_ow,BZ,BLZ,Belize,بليز,,Americas,الأمريكتان,Central America,أمريكا الوسطى,BZ-OW,,,1,district,District,Orange Walk,,Orange Walk,true,ISO_3166_2,https://www.iso.org/obp/ui/#search,ISO 3166-2 subdivisions via pycountry/isocodes,REFERENCE_DATA_IMPORTED,NEEDS_AR_TRANSLATION,2026-08-05,Administrative subdivision only; cities are imported in later city files.
UPSERT,reg_bz_sc,BZ,BLZ,Belize,بليز,,Americas,الأمريكتان,Central America,أمريكا الوسطى,BZ-SC,,,1,district,District,Stann Creek,,Stann Creek,true,ISO_3166_2,https://www.iso.org/obp/ui/#search,ISO 3166-2 subdivisions via pycountry/isocodes,REFERENCE_DATA_IMPORTED,NEEDS_AR_TRANSLATION,2026-08-05,Administrative subdivision only; cities are imported in later city files.
UPSERT,reg_bz_tol,BZ,BLZ,Belize,بليز,,Americas,الأمريكتان,Central America,أمريكا الوسطى,BZ-TOL,,,1,district,District,Toledo,,Toledo,true,ISO_3166_2,https://www.iso.org/obp/ui/#search,ISO 3166-2 subdivisions via pycountry/isocodes,REFERENCE_DATA_IMPORTED,NEEDS_AR_TRANSLATION,2026-08-05,Administrative subdivision only; cities are imported in later city files.
UPSERT,reg_ca_ab,CA,CAN,Canada,كندا,,Americas,الأمريكتان,Northern America,أمريكا الشمالية,CA-AB,,,1,province,Province,Alberta,,Alberta,true,ISO_3166_2,https://www.iso.org/obp/ui/#search,ISO 3166-2 subdivisions via pycountry/isocodes,REFERENCE_DATA_IMPORTED,NEEDS_AR_TRANSLATION,2026-08-05,Administrative subdivision only; cities are imported in later city files.
UPSERT,reg_ca_bc,CA,CAN,Canada,كندا,,Americas,الأمريكتان,Northern America,أمريكا الشمالية,CA-BC,,,1,province,Province,British Columbia,,British Columbia,true,ISO_3166_2,https://www.iso.org/obp/ui/#search,ISO 3166-2 subdivisions via pycountry/isocodes,REFERENCE_DATA_IMPORTED,NEEDS_AR_TRANSLATION,2026-08-05,Administrative subdivision only; cities are imported in later city files.
UPSERT,reg_ca_mb,CA,CAN,Canada,كندا,,Americas,الأمريكتان,Northern America,أمريكا الشمالية,CA-MB,,,1,province,Province,Manitoba,,Manitoba,true,ISO_3166_2,https://www.iso.org/obp/ui/#search,ISO 3166-2 subdivisions via pycountry/isocodes,REFERENCE_DATA_IMPORTED,NEEDS_AR_TRANSLATION,2026-08-05,Administrative subdivision only; cities are imported in later city files.
UPSERT,reg_ca_nb,CA,CAN,Canada,كندا,,Americas,الأمريكتان,Northern America,أمريكا الشمالية,CA-NB,,,1,province,Province,New Brunswick,,New Brunswick,true,ISO_3166_2,https://www.iso.org/obp/ui/#search,ISO 3166-2 subdivisions via pycountry/isocodes,REFERENCE_DATA_IMPORTED,NEEDS_AR_TRANSLATION,2026-08-05,Administrative subdivision only; cities are imported in later city files.
UPSERT,reg_ca_nl,CA,CAN,Canada,كندا,,Americas,الأمريكتان,Northern America,أمريكا الشمالية,CA-NL,,,1,province,Province,Newfoundland and Labrador,,Newfoundland and Labrador,true,ISO_3166_2,https://www.iso.org/obp/ui/#search,ISO 3166-2 subdivisions via pycountry/isocodes,REFERENCE_DATA_IMPORTED,NEEDS_AR_TRANSLATION,2026-08-05,Administrative subdivision only; cities are imported in later city files.
UPSERT,reg_ca_ns,CA,CAN,Canada,كندا,,Americas,الأمريكتان,Northern America,أمريكا الشمالية,CA-NS,,,1,province,Province,Nova Scotia,,Nova Scotia,true,ISO_3166_2,https://www.iso.org/obp/ui/#search,ISO 3166-2 subdivisions via pycountry/isocodes,REFERENCE_DATA_IMPORTED,NEEDS_AR_TRANSLATION,2026-08-05,Administrative subdivision only; cities are imported in later city files.
UPSERT,reg_ca_nt,CA,CAN,Canada,كندا,,Americas,الأمريكتان,Northern America,أمريكا الشمالية,CA-NT,,,1,territory,Territory,Northwest Territories,,Northwest Territories,true,ISO_3166_2,https://www.iso.org/obp/ui/#search,ISO 3166-2 subdivisions via pycountry/isocodes,REFERENCE_DATA_IMPORTED,NEEDS_AR_TRANSLATION,2026-08-05,Administrative subdivision only; cities are imported in later city files.
UPSERT,reg_ca_nu,CA,CAN,Canada,كندا,,Americas,الأمريكتان,Northern America,أمريكا الشمالية,CA-NU,,,1,territory,Territory,Nunavut,,Nunavut,true,ISO_3166_2,https://www.iso.org/obp/ui/#search,ISO 3166-2 subdivisions via pycountry/isocodes,REFERENCE_DATA_IMPORTED,NEEDS_AR_TRANSLATION,2026-08-05,Administrative subdivision only; cities are imported in later city files.
UPSERT,reg_ca_on,CA,CAN,Canada,كندا,,Americas,الأمريكتان,Northern America,أمريكا الشمالية,CA-ON,,,1,province,Province,Ontario,,Ontario,true,ISO_3166_2,https://www.iso.org/obp/ui/#search,ISO 3166-2 subdivisions via pycountry/isocodes,REFERENCE_DATA_IMPORTED,NEEDS_AR_TRANSLATION,2026-08-05,Administrative subdivision only; cities are imported in later city files.
UPSERT,reg_ca_pe,CA,CAN,Canada,كندا,,Americas,الأمريكتان,Northern America,أمريكا الشمالية,CA-PE,,,1,province,Province,Prince Edward Island,,Prince Edward Island,true,ISO_3166_2,https://www.iso.org/obp/ui/#search,ISO 3166-2 subdivisions via pycountry/isocodes,REFERENCE_DATA_IMPORTED,NEEDS_AR_TRANSLATION,2026-08-05,Administrative subdivision only; cities are imported in later city files.
UPSERT,reg_ca_qc,CA,CAN,Canada,كندا,,Americas,الأمريكتان,Northern America,أمريكا الشمالية,CA-QC,,,1,province,Province,Quebec,,Quebec,true,ISO_3166_2,https://www.iso.org/obp/ui/#search,ISO 3166-2 subdivisions via pycountry/isocodes,REFERENCE_DATA_IMPORTED,NEEDS_AR_TRANSLATION,2026-08-05,Administrative subdivision only; cities are imported in later city files.
UPSERT,reg_ca_sk,CA,CAN,Canada,كندا,,Americas,الأمريكتان,Northern America,أمريكا الشمالية,CA-SK,,,1,province,Province,Saskatchewan,,Saskatchewan,true,ISO_3166_2,https://www.iso.org/obp/ui/#search,ISO 3166-2 subdivisions via pycountry/isocodes,REFERENCE_DATA_IMPORTED,NEEDS_AR_TRANSLATION,2026-08-05,Administrative subdivision only; cities are imported in later city files.
UPSERT,reg_ca_yt,CA,CAN,Canada,كندا,,Americas,الأمريكتان,Northern America,أمريكا الشمالية,CA-YT,,,1,territory,Territory,Yukon,,Yukon,true,ISO_3166_2,https://www.iso.org/obp/ui/#search,ISO 3166-2 subdivisions via pycountry/isocodes,REFERENCE_DATA_IMPORTED,NEEDS_AR_TRANSLATION,2026-08-05,Administrative subdivision only; cities are imported in later city files.
UPSERT,reg_cl_ai,CL,CHL,Chile,تشيلي,Republic of Chile,Americas,الأمريكتان,South America,أمريكا الجنوبية,CL-AI,,,1,region,Region,Aisén del General Carlos Ibañez del Campo,,Aisén del General Carlos Ibañez del Campo,true,ISO_3166_2,https://www.iso.org/obp/ui/#search,ISO 3166-2 subdivisions via pycountry/isocodes,REFERENCE_DATA_IMPORTED,NEEDS_AR_TRANSLATION,2026-08-05,Administrative subdivision only; cities are imported in later city files.
UPSERT,reg_cl_an,CL,CHL,Chile,تشيلي,Republic of Chile,Americas,الأمريكتان,South America,أمريكا الجنوبية,CL-AN,,,1,region,Region,Antofagasta,,Antofagasta,true,ISO_3166_2,https://www.iso.org/obp/ui/#search,ISO 3166-2 subdivisions via pycountry/isocodes,REFERENCE_DATA_IMPORTED,NEEDS_AR_TRANSLATION,2026-08-05,Administrative subdivision only; cities are imported in later city files.
UPSERT,reg_cl_ap,CL,CHL,Chile,تشيلي,Republic of Chile,Americas,الأمريكتان,South America,أمريكا الجنوبية,CL-AP,,,1,region,Region,Arica y Parinacota,,Arica y Parinacota,true,ISO_3166_2,https://www.iso.org/obp/ui/#search,ISO 3166-2 subdivisions via pycountry/isocodes,REFERENCE_DATA_IMPORTED,NEEDS_AR_TRANSLATION,2026-08-05,Administrative subdivision only; cities are imported in later city files.
UPSERT,reg_cl_ar,CL,CHL,Chile,تشيلي,Republic of Chile,Americas,الأمريكتان,South America,أمريكا الجنوبية,CL-AR,,,1,region,Region,La Araucanía,,La Araucanía,true,ISO_3166_2,https://www.iso.org/obp/ui/#search,ISO 3166-2 subdivisions via pycountry/isocodes,REFERENCE_DATA_IMPORTED,NEEDS_AR_TRANSLATION,2026-08-05,Administrative subdivision only; cities are imported in later city files.
UPSERT,reg_cl_at,CL,CHL,Chile,تشيلي,Republic of Chile,Americas,الأمريكتان,South America,أمريكا الجنوبية,CL-AT,,,1,region,Region,Atacama,,Atacama,true,ISO_3166_2,https://www.iso.org/obp/ui/#search,ISO 3166-2 subdivisions via pycountry/isocodes,REFERENCE_DATA_IMPORTED,NEEDS_AR_TRANSLATION,2026-08-05,Administrative subdivision only; cities are imported in later city files.
UPSERT,reg_cl_bi,CL,CHL,Chile,تشيلي,Republic of Chile,Americas,الأمريكتان,South America,أمريكا الجنوبية,CL-BI,,,1,region,Region,Biobío,,Biobío,true,ISO_3166_2,https://www.iso.org/obp/ui/#search,ISO 3166-2 subdivisions via pycountry/isocodes,REFERENCE_DATA_IMPORTED,NEEDS_AR_TRANSLATION,2026-08-05,Administrative subdivision only; cities are imported in later city files.
UPSERT,reg_cl_co,CL,CHL,Chile,تشيلي,Republic of Chile,Americas,الأمريكتان,South America,أمريكا الجنوبية,CL-CO,,,1,region,Region,Coquimbo,,Coquimbo,true,ISO_3166_2,https://www.iso.org/obp/ui/#search,ISO 3166-2 subdivisions via pycountry/isocodes,REFERENCE_DATA_IMPORTED,NEEDS_AR_TRANSLATION,2026-08-05,Administrative subdivision only; cities are imported in later city files.
UPSERT,reg_cl_li,CL,CHL,Chile,تشيلي,Republic of Chile,Americas,الأمريكتان,South America,أمريكا الجنوبية,CL-LI,,,1,region,Region,Libertador General Bernardo O'Higgins,,Libertador General Bernardo O'Higgins,true,ISO_3166_2,https://www.iso.org/obp/ui/#search,ISO 3166-2 subdivisions via pycountry/isocodes,REFERENCE_DATA_IMPORTED,NEEDS_AR_TRANSLATION,2026-08-05,Administrative subdivision only; cities are imported in later city files.
UPSERT,reg_cl_ll,CL,CHL,Chile,تشيلي,Republic of Chile,Americas,الأمريكتان,South America,أمريكا الجنوبية,CL-LL,,,1,region,Region,Los Lagos,,Los Lagos,true,ISO_3166_2,https://www.iso.org/obp/ui/#search,ISO 3166-2 subdivisions via pycountry/isocodes,REFERENCE_DATA_IMPORTED,NEEDS_AR_TRANSLATION,2026-08-05,Administrative subdivision only; cities are imported in later city files.
UPSERT,reg_cl_lr,CL,CHL,Chile,تشيلي,Republic of Chile,Americas,الأمريكتان,South America,أمريكا الجنوبية,CL-LR,,,1,region,Region,Los Ríos,,Los Ríos,true,ISO_3166_2,https://www.iso.org/obp/ui/#search,ISO 3166-2 subdivisions via pycountry/isocodes,REFERENCE_DATA_IMPORTED,NEEDS_AR_TRANSLATION,2026-08-05,Administrative subdivision only; cities are imported in later city files.
UPSERT,reg_cl_ma,CL,CHL,Chile,تشيلي,Republic of Chile,Americas,الأمريكتان,South America,أمريكا الجنوبية,CL-MA,,,1,region,Region,Magallanes,,Magallanes,true,ISO_3166_2,https://www.iso.org/obp/ui/#search,ISO 3166-2 subdivisions via pycountry/isocodes,REFERENCE_DATA_IMPORTED,NEEDS_AR_TRANSLATION,2026-08-05,Administrative subdivision only; cities are imported in later city files.
UPSERT,reg_cl_ml,CL,CHL,Chile,تشيلي,Republic of Chile,Americas,الأمريكتان,South America,أمريكا الجنوبية,CL-ML,,,1,region,Region,Maule,,Maule,true,ISO_3166_2,https://www.iso.org/obp/ui/#search,ISO 3166-2 subdivisions via pycountry/isocodes,REFERENCE_DATA_IMPORTED,NEEDS_AR_TRANSLATION,2026-08-05,Administrative subdivision only; cities are imported in later city files.
UPSERT,reg_cl_nb,CL,CHL,Chile,تشيلي,Republic of Chile,Americas,الأمريكتان,South America,أمريكا الجنوبية,CL-NB,,,1,region,Region,Ñuble,,Ñuble,true,ISO_3166_2,https://www.iso.org/obp/ui/#search,ISO 3166-2 subdivisions via pycountry/isocodes,REFERENCE_DATA_IMPORTED,NEEDS_AR_TRANSLATION,2026-08-05,Administrative subdivision only; cities are imported in later city files.
UPSERT,reg_cl_rm,CL,CHL,Chile,تشيلي,Republic of Chile,Americas,الأمريكتان,South America,أمريكا الجنوبية,CL-RM,,,1,region,Region,Región Metropolitana de Santiago,,Región Metropolitana de Santiago,true,ISO_3166_2,https://www.iso.org/obp/ui/#search,ISO 3166-2 subdivisions via pycountry/isocodes,REFERENCE_DATA_IMPORTED,NEEDS_AR_TRANSLATION,2026-08-05,Administrative subdivision only; cities are imported in later city files.
UPSERT,reg_cl_ta,CL,CHL,Chile,تشيلي,Republic of Chile,Americas,الأمريكتان,South America,أمريكا الجنوبية,CL-TA,,,1,region,Region,Tarapacá,,Tarapacá,true,ISO_3166_2,https://www.iso.org/obp/ui/#search,ISO 3166-2 subdivisions via pycountry/isocodes,REFERENCE_DATA_IMPORTED,NEEDS_AR_TRANSLATION,2026-08-05,Administrative subdivision only; cities are imported in later city files.
UPSERT,reg_cl_vs,CL,CHL,Chile,تشيلي,Republic of Chile,Americas,الأمريكتان,South America,أمريكا الجنوبية,CL-VS,,,1,region,Region,Valparaíso,,Valparaíso,true,ISO_3166_2,https://www.iso.org/obp/ui/#search,ISO 3166-2 subdivisions via pycountry/isocodes,REFERENCE_DATA_IMPORTED,NEEDS_AR_TRANSLATION,2026-08-05,Administrative subdivision only; cities are imported in later city files.
UPSERT,reg_co_ama,CO,COL,Colombia,كولومبيا,Republic of Colombia,Americas,الأمريكتان,South America,أمريكا الجنوبية,CO-AMA,,,1,department,Department,Amazonas,,Amazonas,true,ISO_3166_2,https://www.iso.org/obp/ui/#search,ISO 3166-2 subdivisions via pycountry/isocodes,REFERENCE_DATA_IMPORTED,NEEDS_AR_TRANSLATION,2026-08-05,Administrative subdivision only; cities are imported in later city files.
UPSERT,reg_co_ant,CO,COL,Colombia,كولومبيا,Republic of Colombia,Americas,الأمريكتان,South America,أمريكا الجنوبية,CO-ANT,,,1,department,Department,Antioquia,,Antioquia,true,ISO_3166_2,https://www.iso.org/obp/ui/#search,ISO 3166-2 subdivisions via pycountry/isocodes,REFERENCE_DATA_IMPORTED,NEEDS_AR_TRANSLATION,2026-08-05,Administrative subdivision only; cities are imported in later city files.
UPSERT,reg_co_ara,CO,COL,Colombia,كولومبيا,Republic of Colombia,Americas,الأمريكتان,South America,أمريكا الجنوبية,CO-ARA,,,1,department,Department,Arauca,,Arauca,true,ISO_3166_2,https://www.iso.org/obp/ui/#search,ISO 3166-2 subdivisions via pycountry/isocodes,REFERENCE_DATA_IMPORTED,NEEDS_AR_TRANSLATION,2026-08-05,Administrative subdivision only; cities are imported in later city files.
UPSERT,reg_co_atl,CO,COL,Colombia,كولومبيا,Republic of Colombia,Americas,الأمريكتان,South America,أمريكا الجنوبية,CO-ATL,,,1,department,Department,Atlántico,,Atlántico,true,ISO_3166_2,https://www.iso.org/obp/ui/#search,ISO 3166-2 subdivisions via pycountry/isocodes,REFERENCE_DATA_IMPORTED,NEEDS_AR_TRANSLATION,2026-08-05,Administrative subdivision only; cities are imported in later city files.
UPSERT,reg_co_bol,CO,COL,Colombia,كولومبيا,Republic of Colombia,Americas,الأمريكتان,South America,أمريكا الجنوبية,CO-BOL,,,1,department,Department,Bolívar,,Bolívar,true,ISO_3166_2,https://www.iso.org/obp/ui/#search,ISO 3166-2 subdivisions via pycountry/isocodes,REFERENCE_DATA_IMPORTED,NEEDS_AR_TRANSLATION,2026-08-05,Administrative subdivision only; cities are imported in later city files.
UPSERT,reg_co_boy,CO,COL,Colombia,كولومبيا,Republic of Colombia,Americas,الأمريكتان,South America,أمريكا الجنوبية,CO-BOY,,,1,department,Department,Boyacá,,Boyacá,true,ISO_3166_2,https://www.iso.org/obp/ui/#search,ISO 3166-2 subdivisions via pycountry/isocodes,REFERENCE_DATA_IMPORTED,NEEDS_AR_TRANSLATION,2026-08-05,Administrative subdivision only; cities are imported in later city files.
UPSERT,reg_co_cal,CO,COL,Colombia,كولومبيا,Republic of Colombia,Americas,الأمريكتان,South America,أمريكا الجنوبية,CO-CAL,,,1,department,Department,Caldas,,Caldas,true,ISO_3166_2,https://www.iso.org/obp/ui/#search,ISO 3166-2 subdivisions via pycountry/isocodes,REFERENCE_DATA_IMPORTED,NEEDS_AR_TRANSLATION,2026-08-05,Administrative subdivision only; cities are imported in later city files.
UPSERT,reg_co_caq,CO,COL,Colombia,كولومبيا,Republic of Colombia,Americas,الأمريكتان,South America,أمريكا الجنوبية,CO-CAQ,,,1,department,Department,Caquetá,,Caquetá,true,ISO_3166_2,https://www.iso.org/obp/ui/#search,ISO 3166-2 subdivisions via pycountry/isocodes,REFERENCE_DATA_IMPORTED,NEEDS_AR_TRANSLATION,2026-08-05,Administrative subdivision only; cities are imported in later city files.
UPSERT,reg_co_cas,CO,COL,Colombia,كولومبيا,Republic of Colombia,Americas,الأمريكتان,South America,أمريكا الجنوبية,CO-CAS,,,1,department,Department,Casanare,,Casanare,true,ISO_3166_2,https://www.iso.org/obp/ui/#search,ISO 3166-2 subdivisions via pycountry/isocodes,REFERENCE_DATA_IMPORTED,NEEDS_AR_TRANSLATION,2026-08-05,Administrative subdivision only; cities are imported in later city files.
UPSERT,reg_co_cau,CO,COL,Colombia,كولومبيا,Republic of Colombia,Americas,الأمريكتان,South America,أمريكا الجنوبية,CO-CAU,,,1,department,Department,Cauca,,Cauca,true,ISO_3166_2,https://www.iso.org/obp/ui/#search,ISO 3166-2 subdivisions via pycountry/isocodes,REFERENCE_DATA_IMPORTED,NEEDS_AR_TRANSLATION,2026-08-05,Administrative subdivision only; cities are imported in later city files.
UPSERT,reg_co_ces,CO,COL,Colombia,كولومبيا,Republic of Colombia,Americas,الأمريكتان,South America,أمريكا الجنوبية,CO-CES,,,1,department,Department,Cesar,,Cesar,true,ISO_3166_2,https://www.iso.org/obp/ui/#search,ISO 3166-2 subdivisions via pycountry/isocodes,REFERENCE_DATA_IMPORTED,NEEDS_AR_TRANSLATION,2026-08-05,Administrative subdivision only; cities are imported in later city files.
UPSERT,reg_co_cho,CO,COL,Colombia,كولومبيا,Republic of Colombia,Americas,الأمريكتان,South America,أمريكا الجنوبية,CO-CHO,,,1,department,Department,Chocó,,Chocó,true,ISO_3166_2,https://www.iso.org/obp/ui/#search,ISO 3166-2 subdivisions via pycountry/isocodes,REFERENCE_DATA_IMPORTED,NEEDS_AR_TRANSLATION,2026-08-05,Administrative subdivision only; cities are imported in later city files.
UPSERT,reg_co_cor,CO,COL,Colombia,كولومبيا,Republic of Colombia,Americas,الأمريكتان,South America,أمريكا الجنوبية,CO-COR,,,1,department,Department,Córdoba,,Córdoba,true,ISO_3166_2,https://www.iso.org/obp/ui/#search,ISO 3166-2 subdivisions via pycountry/isocodes,REFERENCE_DATA_IMPORTED,NEEDS_AR_TRANSLATION,2026-08-05,Administrative subdivision only; cities are imported in later city files.
UPSERT,reg_co_cun,CO,COL,Colombia,كولومبيا,Republic of Colombia,Americas,الأمريكتان,South America,أمريكا الجنوبية,CO-CUN,,,1,department,Department,Cundinamarca,,Cundinamarca,true,ISO_3166_2,https://www.iso.org/obp/ui/#search,ISO 3166-2 subdivisions via pycountry/isocodes,REFERENCE_DATA_IMPORTED,NEEDS_AR_TRANSLATION,2026-08-05,Administrative subdivision only; cities are imported in later city files.
UPSERT,reg_co_dc,CO,COL,Colombia,كولومبيا,Republic of Colombia,Americas,الأمريكتان,South America,أمريكا الجنوبية,CO-DC,,,1,capital_district,Capital district,Distrito Capital de Bogotá,,Distrito Capital de Bogotá,true,ISO_3166_2,https://www.iso.org/obp/ui/#search,ISO 3166-2 subdivisions via pycountry/isocodes,REFERENCE_DATA_IMPORTED,NEEDS_AR_TRANSLATION,2026-08-05,Administrative subdivision only; cities are imported in later city files.
UPSERT,reg_co_gua,CO,COL,Colombia,كولومبيا,Republic of Colombia,Americas,الأمريكتان,South America,أمريكا الجنوبية,CO-GUA,,,1,department,Department,Guainía,,Guainía,true,ISO_3166_2,https://www.iso.org/obp/ui/#search,ISO 3166-2 subdivisions via pycountry/isocodes,REFERENCE_DATA_IMPORTED,NEEDS_AR_TRANSLATION,2026-08-05,Administrative subdivision only; cities are imported in later city files.
UPSERT,reg_co_guv,CO,COL,Colombia,كولومبيا,Republic of Colombia,Americas,الأمريكتان,South America,أمريكا الجنوبية,CO-GUV,,,1,department,Department,Guaviare,,Guaviare,true,ISO_3166_2,https://www.iso.org/obp/ui/#search,ISO 3166-2 subdivisions via pycountry/isocodes,REFERENCE_DATA_IMPORTED,NEEDS_AR_TRANSLATION,2026-08-05,Administrative subdivision only; cities are imported in later city files.
UPSERT,reg_co_hui,CO,COL,Colombia,كولومبيا,Republic of Colombia,Americas,الأمريكتان,South America,أمريكا الجنوبية,CO-HUI,,,1,department,Department,Huila,,Huila,true,ISO_3166_2,https://www.iso.org/obp/ui/#search,ISO 3166-2 subdivisions via pycountry/isocodes,REFERENCE_DATA_IMPORTED,NEEDS_AR_TRANSLATION,2026-08-05,Administrative subdivision only; cities are imported in later city files.
UPSERT,reg_co_lag,CO,COL,Colombia,كولومبيا,Republic of Colombia,Americas,الأمريكتان,South America,أمريكا الجنوبية,CO-LAG,,,1,department,Department,La Guajira,,La Guajira,true,ISO_3166_2,https://www.iso.org/obp/ui/#search,ISO 3166-2 subdivisions via pycountry/isocodes,REFERENCE_DATA_IMPORTED,NEEDS_AR_TRANSLATION,2026-08-05,Administrative subdivision only; cities are imported in later city files.
UPSERT,reg_co_mag,CO,COL,Colombia,كولومبيا,Republic of Colombia,Americas,الأمريكتان,South America,أمريكا الجنوبية,CO-MAG,,,1,department,Department,Magdalena,,Magdalena,true,ISO_3166_2,https://www.iso.org/obp/ui/#search,ISO 3166-2 subdivisions via pycountry/isocodes,REFERENCE_DATA_IMPORTED,NEEDS_AR_TRANSLATION,2026-08-05,Administrative subdivision only; cities are imported in later city files.
UPSERT,reg_co_met,CO,COL,Colombia,كولومبيا,Republic of Colombia,Americas,الأمريكتان,South America,أمريكا الجنوبية,CO-MET,,,1,department,Department,Meta,,Meta,true,ISO_3166_2,https://www.iso.org/obp/ui/#search,ISO 3166-2 subdivisions via pycountry/isocodes,REFERENCE_DATA_IMPORTED,NEEDS_AR_TRANSLATION,2026-08-05,Administrative subdivision only; cities are imported in later city files.
UPSERT,reg_co_nar,CO,COL,Colombia,كولومبيا,Republic of Colombia,Americas,الأمريكتان,South America,أمريكا الجنوبية,CO-NAR,,,1,department,Department,Nariño,,Nariño,true,ISO_3166_2,https://www.iso.org/obp/ui/#search,ISO 3166-2 subdivisions via pycountry/isocodes,REFERENCE_DATA_IMPORTED,NEEDS_AR_TRANSLATION,2026-08-05,Administrative subdivision only; cities are imported in later city files.
UPSERT,reg_co_nsa,CO,COL,Colombia,كولومبيا,Republic of Colombia,Americas,الأمريكتان,South America,أمريكا الجنوبية,CO-NSA,,,1,department,Department,Norte de Santander,,Norte de Santander,true,ISO_3166_2,https://www.iso.org/obp/ui/#search,ISO 3166-2 subdivisions via pycountry/isocodes,REFERENCE_DATA_IMPORTED,NEEDS_AR_TRANSLATION,2026-08-05,Administrative subdivision only; cities are imported in later city files.
UPSERT,reg_co_put,CO,COL,Colombia,كولومبيا,Republic of Colombia,Americas,الأمريكتان,South America,أمريكا الجنوبية,CO-PUT,,,1,department,Department,Putumayo,,Putumayo,true,ISO_3166_2,https://www.iso.org/obp/ui/#search,ISO 3166-2 subdivisions via pycountry/isocodes,REFERENCE_DATA_IMPORTED,NEEDS_AR_TRANSLATION,2026-08-05,Administrative subdivision only; cities are imported in later city files.
UPSERT,reg_co_qui,CO,COL,Colombia,كولومبيا,Republic of Colombia,Americas,الأمريكتان,South America,أمريكا الجنوبية,CO-QUI,,,1,department,Department,Quindío,,Quindío,true,ISO_3166_2,https://www.iso.org/obp/ui/#search,ISO 3166-2 subdivisions via pycountry/isocodes,REFERENCE_DATA_IMPORTED,NEEDS_AR_TRANSLATION,2026-08-05,Administrative subdivision only; cities are imported in later city files.
UPSERT,reg_co_ris,CO,COL,Colombia,كولومبيا,Republic of Colombia,Americas,الأمريكتان,South America,أمريكا الجنوبية,CO-RIS,,,1,department,Department,Risaralda,,Risaralda,true,ISO_3166_2,https://www.iso.org/obp/ui/#search,ISO 3166-2 subdivisions via pycountry/isocodes,REFERENCE_DATA_IMPORTED,NEEDS_AR_TRANSLATION,2026-08-05,Administrative subdivision only; cities are imported in later city files.
UPSERT,reg_co_san,CO,COL,Colombia,كولومبيا,Republic of Colombia,Americas,الأمريكتان,South America,أمريكا الجنوبية,CO-SAN,,,1,department,Department,Santander,,Santander,true,ISO_3166_2,https://www.iso.org/obp/ui/#search,ISO 3166-2 subdivisions via pycountry/isocodes,REFERENCE_DATA_IMPORTED,NEEDS_AR_TRANSLATION,2026-08-05,Administrative subdivision only; cities are imported in later city files.
UPSERT,reg_co_sap,CO,COL,Colombia,كولومبيا,Republic of Colombia,Americas,الأمريكتان,South America,أمريكا الجنوبية,CO-SAP,,,1,department,Department,"San Andrés, Providencia y Santa Catalina",,"San Andrés, Providencia y Santa Catalina",true,ISO_3166_2,https://www.iso.org/obp/ui/#search,ISO 3166-2 subdivisions via pycountry/isocodes,REFERENCE_DATA_IMPORTED,NEEDS_AR_TRANSLATION,2026-08-05,Administrative subdivision only; cities are imported in later city files.
UPSERT,reg_co_suc,CO,COL,Colombia,كولومبيا,Republic of Colombia,Americas,الأمريكتان,South America,أمريكا الجنوبية,CO-SUC,,,1,department,Department,Sucre,,Sucre,true,ISO_3166_2,https://www.iso.org/obp/ui/#search,ISO 3166-2 subdivisions via pycountry/isocodes,REFERENCE_DATA_IMPORTED,NEEDS_AR_TRANSLATION,2026-08-05,Administrative subdivision only; cities are imported in later city files.
UPSERT,reg_co_tol,CO,COL,Colombia,كولومبيا,Republic of Colombia,Americas,الأمريكتان,South America,أمريكا الجنوبية,CO-TOL,,,1,department,Department,Tolima,,Tolima,true,ISO_3166_2,https://www.iso.org/obp/ui/#search,ISO 3166-2 subdivisions via pycountry/isocodes,REFERENCE_DATA_IMPORTED,NEEDS_AR_TRANSLATION,2026-08-05,Administrative subdivision only; cities are imported in later city files.
UPSERT,reg_co_vac,CO,COL,Colombia,كولومبيا,Republic of Colombia,Americas,الأمريكتان,South America,أمريكا الجنوبية,CO-VAC,,,1,department,Department,Valle del Cauca,,Valle del Cauca,true,ISO_3166_2,https://www.iso.org/obp/ui/#search,ISO 3166-2 subdivisions via pycountry/isocodes,REFERENCE_DATA_IMPORTED,NEEDS_AR_TRANSLATION,2026-08-05,Administrative subdivision only; cities are imported in later city files.
UPSERT,reg_co_vau,CO,COL,Colombia,كولومبيا,Republic of Colombia,Americas,الأمريكتان,South America,أمريكا الجنوبية,CO-VAU,,,1,department,Department,Vaupés,,Vaupés,true,ISO_3166_2,https://www.iso.org/obp/ui/#search,ISO 3166-2 subdivisions via pycountry/isocodes,REFERENCE_DATA_IMPORTED,NEEDS_AR_TRANSLATION,2026-08-05,Administrative subdivision only; cities are imported in later city files.
UPSERT,reg_co_vid,CO,COL,Colombia,كولومبيا,Republic of Colombia,Americas,الأمريكتان,South America,أمريكا الجنوبية,CO-VID,,,1,department,Department,Vichada,,Vichada,true,ISO_3166_2,https://www.iso.org/obp/ui/#search,ISO 3166-2 subdivisions via pycountry/isocodes,REFERENCE_DATA_IMPORTED,NEEDS_AR_TRANSLATION,2026-08-05,Administrative subdivision only; cities are imported in later city files.
UPSERT,reg_cr_a,CR,CRI,Costa Rica,كوستاريكا,Republic of Costa Rica,Americas,الأمريكتان,Central America,أمريكا الوسطى,CR-A,,,1,province,Province,Alajuela,,Alajuela,true,ISO_3166_2,https://www.iso.org/obp/ui/#search,ISO 3166-2 subdivisions via pycountry/isocodes,REFERENCE_DATA_IMPORTED,NEEDS_AR_TRANSLATION,2026-08-05,Administrative subdivision only; cities are imported in later city files.
UPSERT,reg_cr_c,CR,CRI,Costa Rica,كوستاريكا,Republic of Costa Rica,Americas,الأمريكتان,Central America,أمريكا الوسطى,CR-C,,,1,province,Province,Cartago,,Cartago,true,ISO_3166_2,https://www.iso.org/obp/ui/#search,ISO 3166-2 subdivisions via pycountry/isocodes,REFERENCE_DATA_IMPORTED,NEEDS_AR_TRANSLATION,2026-08-05,Administrative subdivision only; cities are imported in later city files.
UPSERT,reg_cr_g,CR,CRI,Costa Rica,كوستاريكا,Republic of Costa Rica,Americas,الأمريكتان,Central America,أمريكا الوسطى,CR-G,,,1,province,Province,Guanacaste,,Guanacaste,true,ISO_3166_2,https://www.iso.org/obp/ui/#search,ISO 3166-2 subdivisions via pycountry/isocodes,REFERENCE_DATA_IMPORTED,NEEDS_AR_TRANSLATION,2026-08-05,Administrative subdivision only; cities are imported in later city files.
UPSERT,reg_cr_h,CR,CRI,Costa Rica,كوستاريكا,Republic of Costa Rica,Americas,الأمريكتان,Central America,أمريكا الوسطى,CR-H,,,1,province,Province,Heredia,,Heredia,true,ISO_3166_2,https://www.iso.org/obp/ui/#search,ISO 3166-2 subdivisions via pycountry/isocodes,REFERENCE_DATA_IMPORTED,NEEDS_AR_TRANSLATION,2026-08-05,Administrative subdivision only; cities are imported in later city files.
UPSERT,reg_cr_l,CR,CRI,Costa Rica,كوستاريكا,Republic of Costa Rica,Americas,الأمريكتان,Central America,أمريكا الوسطى,CR-L,,,1,province,Province,Limón,,Limón,true,ISO_3166_2,https://www.iso.org/obp/ui/#search,ISO 3166-2 subdivisions via pycountry/isocodes,REFERENCE_DATA_IMPORTED,NEEDS_AR_TRANSLATION,2026-08-05,Administrative subdivision only; cities are imported in later city files.
UPSERT,reg_cr_p,CR,CRI,Costa Rica,كوستاريكا,Republic of Costa Rica,Americas,الأمريكتان,Central America,أمريكا الوسطى,CR-P,,,1,province,Province,Puntarenas,,Puntarenas,true,ISO_3166_2,https://www.iso.org/obp/ui/#search,ISO 3166-2 subdivisions via pycountry/isocodes,REFERENCE_DATA_IMPORTED,NEEDS_AR_TRANSLATION,2026-08-05,Administrative subdivision only; cities are imported in later city files.
UPSERT,reg_cr_sj,CR,CRI,Costa Rica,كوستاريكا,Republic of Costa Rica,Americas,الأمريكتان,Central America,أمريكا الوسطى,CR-SJ,,,1,province,Province,San José,,San José,true,ISO_3166_2,https://www.iso.org/obp/ui/#search,ISO 3166-2 subdivisions via pycountry/isocodes,REFERENCE_DATA_IMPORTED,NEEDS_AR_TRANSLATION,2026-08-05,Administrative subdivision only; cities are imported in later city files.
UPSERT,reg_cu_01,CU,CUB,Cuba,كوبا,Republic of Cuba,Americas,الأمريكتان,Caribbean,الكاريبي,CU-01,,,1,province,Province,Pinar del Río,,Pinar del Río,true,ISO_3166_2,https://www.iso.org/obp/ui/#search,ISO 3166-2 subdivisions via pycountry/isocodes,REFERENCE_DATA_IMPORTED,NEEDS_AR_TRANSLATION,2026-08-05,Administrative subdivision only; cities are imported in later city files.
UPSERT,reg_cu_03,CU,CUB,Cuba,كوبا,Republic of Cuba,Americas,الأمريكتان,Caribbean,الكاريبي,CU-03,,,1,province,Province,La Habana,,La Habana,true,ISO_3166_2,https://www.iso.org/obp/ui/#search,ISO 3166-2 subdivisions via pycountry/isocodes,REFERENCE_DATA_IMPORTED,NEEDS_AR_TRANSLATION,2026-08-05,Administrative subdivision only; cities are imported in later city files.
UPSERT,reg_cu_04,CU,CUB,Cuba,كوبا,Republic of Cuba,Americas,الأمريكتان,Caribbean,الكاريبي,CU-04,,,1,province,Province,Matanzas,,Matanzas,true,ISO_3166_2,https://www.iso.org/obp/ui/#search,ISO 3166-2 subdivisions via pycountry/isocodes,REFERENCE_DATA_IMPORTED,NEEDS_AR_TRANSLATION,2026-08-05,Administrative subdivision only; cities are imported in later city files.
UPSERT,reg_cu_05,CU,CUB,Cuba,كوبا,Republic of Cuba,Americas,الأمريكتان,Caribbean,الكاريبي,CU-05,,,1,province,Province,Villa Clara,,Villa Clara,true,ISO_3166_2,https://www.iso.org/obp/ui/#search,ISO 3166-2 subdivisions via pycountry/isocodes,REFERENCE_DATA_IMPORTED,NEEDS_AR_TRANSLATION,2026-08-05,Administrative subdivision only; cities are imported in later city files.
UPSERT,reg_cu_06,CU,CUB,Cuba,كوبا,Republic of Cuba,Americas,الأمريكتان,Caribbean,الكاريبي,CU-06,,,1,province,Province,Cienfuegos,,Cienfuegos,true,ISO_3166_2,https://www.iso.org/obp/ui/#search,ISO 3166-2 subdivisions via pycountry/isocodes,REFERENCE_DATA_IMPORTED,NEEDS_AR_TRANSLATION,2026-08-05,Administrative subdivision only; cities are imported in later city files.
UPSERT,reg_cu_07,CU,CUB,Cuba,كوبا,Republic of Cuba,Americas,الأمريكتان,Caribbean,الكاريبي,CU-07,,,1,province,Province,Sancti Spíritus,,Sancti Spíritus,true,ISO_3166_2,https://www.iso.org/obp/ui/#search,ISO 3166-2 subdivisions via pycountry/isocodes,REFERENCE_DATA_IMPORTED,NEEDS_AR_TRANSLATION,2026-08-05,Administrative subdivision only; cities are imported in later city files.
UPSERT,reg_cu_08,CU,CUB,Cuba,كوبا,Republic of Cuba,Americas,الأمريكتان,Caribbean,الكاريبي,CU-08,,,1,province,Province,Ciego de Ávila,,Ciego de Ávila,true,ISO_3166_2,https://www.iso.org/obp/ui/#search,ISO 3166-2 subdivisions via pycountry/isocodes,REFERENCE_DATA_IMPORTED,NEEDS_AR_TRANSLATION,2026-08-05,Administrative subdivision only; cities are imported in later city files.
UPSERT,reg_cu_09,CU,CUB,Cuba,كوبا,Republic of Cuba,Americas,الأمريكتان,Caribbean,الكاريبي,CU-09,,,1,province,Province,Camagüey,,Camagüey,true,ISO_3166_2,https://www.iso.org/obp/ui/#search,ISO 3166-2 subdivisions via pycountry/isocodes,REFERENCE_DATA_IMPORTED,NEEDS_AR_TRANSLATION,2026-08-05,Administrative subdivision only; cities are imported in later city files.
UPSERT,reg_cu_10,CU,CUB,Cuba,كوبا,Republic of Cuba,Americas,الأمريكتان,Caribbean,الكاريبي,CU-10,,,1,province,Province,Las Tunas,,Las Tunas,true,ISO_3166_2,https://www.iso.org/obp/ui/#search,ISO 3166-2 subdivisions via pycountry/isocodes,REFERENCE_DATA_IMPORTED,NEEDS_AR_TRANSLATION,2026-08-05,Administrative subdivision only; cities are imported in later city files.
UPSERT,reg_cu_11,CU,CUB,Cuba,كوبا,Republic of Cuba,Americas,الأمريكتان,Caribbean,الكاريبي,CU-11,,,1,province,Province,Holguín,,Holguín,true,ISO_3166_2,https://www.iso.org/obp/ui/#search,ISO 3166-2 subdivisions via pycountry/isocodes,REFERENCE_DATA_IMPORTED,NEEDS_AR_TRANSLATION,2026-08-05,Administrative subdivision only; cities are imported in later city files.
UPSERT,reg_cu_12,CU,CUB,Cuba,كوبا,Republic of Cuba,Americas,الأمريكتان,Caribbean,الكاريبي,CU-12,,,1,province,Province,Granma,,Granma,true,ISO_3166_2,https://www.iso.org/obp/ui/#search,ISO 3166-2 subdivisions via pycountry/isocodes,REFERENCE_DATA_IMPORTED,NEEDS_AR_TRANSLATION,2026-08-05,Administrative subdivision only; cities are imported in later city files.
UPSERT,reg_cu_13,CU,CUB,Cuba,كوبا,Republic of Cuba,Americas,الأمريكتان,Caribbean,الكاريبي,CU-13,,,1,province,Province,Santiago de Cuba,,Santiago de Cuba,true,ISO_3166_2,https://www.iso.org/obp/ui/#search,ISO 3166-2 subdivisions via pycountry/isocodes,REFERENCE_DATA_IMPORTED,NEEDS_AR_TRANSLATION,2026-08-05,Administrative subdivision only; cities are imported in later city files.
UPSERT,reg_cu_14,CU,CUB,Cuba,كوبا,Republic of Cuba,Americas,الأمريكتان,Caribbean,الكاريبي,CU-14,,,1,province,Province,Guantánamo,,Guantánamo,true,ISO_3166_2,https://www.iso.org/obp/ui/#search,ISO 3166-2 subdivisions via pycountry/isocodes,REFERENCE_DATA_IMPORTED,NEEDS_AR_TRANSLATION,2026-08-05,Administrative subdivision only; cities are imported in later city files.
UPSERT,reg_cu_15,CU,CUB,Cuba,كوبا,Republic of Cuba,Americas,الأمريكتان,Caribbean,الكاريبي,CU-15,,,1,province,Province,Artemisa,,Artemisa,true,ISO_3166_2,https://www.iso.org/obp/ui/#search,ISO 3166-2 subdivisions via pycountry/isocodes,REFERENCE_DATA_IMPORTED,NEEDS_AR_TRANSLATION,2026-08-05,Administrative subdivision only; cities are imported in later city files.
UPSERT,reg_cu_16,CU,CUB,Cuba,كوبا,Republic of Cuba,Americas,الأمريكتان,Caribbean,الكاريبي,CU-16,,,1,province,Province,Mayabeque,,Mayabeque,true,ISO_3166_2,https://www.iso.org/obp/ui/#search,ISO 3166-2 subdivisions via pycountry/isocodes,REFERENCE_DATA_IMPORTED,NEEDS_AR_TRANSLATION,2026-08-05,Administrative subdivision only; cities are imported in later city files.
UPSERT,reg_cu_99,CU,CUB,Cuba,كوبا,Republic of Cuba,Americas,الأمريكتان,Caribbean,الكاريبي,CU-99,,,1,special_municipality,Special municipality,Isla de la Juventud,,Isla de la Juventud,true,ISO_3166_2,https://www.iso.org/obp/ui/#search,ISO 3166-2 subdivisions via pycountry/isocodes,REFERENCE_DATA_IMPORTED,NEEDS_AR_TRANSLATION,2026-08-05,Administrative subdivision only; cities are imported in later city files.
UPSERT,reg_dm_02,DM,DMA,Dominica,دومينيكا,Commonwealth of Dominica,Americas,الأمريكتان,Caribbean,الكاريبي,DM-02,,,1,parish,Parish,Saint Andrew,,Saint Andrew,true,ISO_3166_2,https://www.iso.org/obp/ui/#search,ISO 3166-2 subdivisions via pycountry/isocodes,REFERENCE_DATA_IMPORTED,NEEDS_AR_TRANSLATION,2026-08-05,Administrative subdivision only; cities are imported in later city files.
UPSERT,reg_dm_03,DM,DMA,Dominica,دومينيكا,Commonwealth of Dominica,Americas,الأمريكتان,Caribbean,الكاريبي,DM-03,,,1,parish,Parish,Saint David,,Saint David,true,ISO_3166_2,https://www.iso.org/obp/ui/#search,ISO 3166-2 subdivisions via pycountry/isocodes,REFERENCE_DATA_IMPORTED,NEEDS_AR_TRANSLATION,2026-08-05,Administrative subdivision only; cities are imported in later city files.
UPSERT,reg_dm_04,DM,DMA,Dominica,دومينيكا,Commonwealth of Dominica,Americas,الأمريكتان,Caribbean,الكاريبي,DM-04,,,1,parish,Parish,Saint George,,Saint George,true,ISO_3166_2,https://www.iso.org/obp/ui/#search,ISO 3166-2 subdivisions via pycountry/isocodes,REFERENCE_DATA_IMPORTED,NEEDS_AR_TRANSLATION,2026-08-05,Administrative subdivision only; cities are imported in later city files.
UPSERT,reg_dm_05,DM,DMA,Dominica,دومينيكا,Commonwealth of Dominica,Americas,الأمريكتان,Caribbean,الكاريبي,DM-05,,,1,parish,Parish,Saint John,,Saint John,true,ISO_3166_2,https://www.iso.org/obp/ui/#search,ISO 3166-2 subdivisions via pycountry/isocodes,REFERENCE_DATA_IMPORTED,NEEDS_AR_TRANSLATION,2026-08-05,Administrative subdivision only; cities are imported in later city files.
UPSERT,reg_dm_06,DM,DMA,Dominica,دومينيكا,Commonwealth of Dominica,Americas,الأمريكتان,Caribbean,الكاريبي,DM-06,,,1,parish,Parish,Saint Joseph,,Saint Joseph,true,ISO_3166_2,https://www.iso.org/obp/ui/#search,ISO 3166-2 subdivisions via pycountry/isocodes,REFERENCE_DATA_IMPORTED,NEEDS_AR_TRANSLATION,2026-08-05,Administrative subdivision only; cities are imported in later city files.
UPSERT,reg_dm_07,DM,DMA,Dominica,دومينيكا,Commonwealth of Dominica,Americas,الأمريكتان,Caribbean,الكاريبي,DM-07,,,1,parish,Parish,Saint Luke,,Saint Luke,true,ISO_3166_2,https://www.iso.org/obp/ui/#search,ISO 3166-2 subdivisions via pycountry/isocodes,REFERENCE_DATA_IMPORTED,NEEDS_AR_TRANSLATION,2026-08-05,Administrative subdivision only; cities are imported in later city files.
UPSERT,reg_dm_08,DM,DMA,Dominica,دومينيكا,Commonwealth of Dominica,Americas,الأمريكتان,Caribbean,الكاريبي,DM-08,,,1,parish,Parish,Saint Mark,,Saint Mark,true,ISO_3166_2,https://www.iso.org/obp/ui/#search,ISO 3166-2 subdivisions via pycountry/isocodes,REFERENCE_DATA_IMPORTED,NEEDS_AR_TRANSLATION,2026-08-05,Administrative subdivision only; cities are imported in later city files.
UPSERT,reg_dm_09,DM,DMA,Dominica,دومينيكا,Commonwealth of Dominica,Americas,الأمريكتان,Caribbean,الكاريبي,DM-09,,,1,parish,Parish,Saint Patrick,,Saint Patrick,true,ISO_3166_2,https://www.iso.org/obp/ui/#search,ISO 3166-2 subdivisions via pycountry/isocodes,REFERENCE_DATA_IMPORTED,NEEDS_AR_TRANSLATION,2026-08-05,Administrative subdivision only; cities are imported in later city files.
UPSERT,reg_dm_10,DM,DMA,Dominica,دومينيكا,Commonwealth of Dominica,Americas,الأمريكتان,Caribbean,الكاريبي,DM-10,,,1,parish,Parish,Saint Paul,,Saint Paul,true,ISO_3166_2,https://www.iso.org/obp/ui/#search,ISO 3166-2 subdivisions via pycountry/isocodes,REFERENCE_DATA_IMPORTED,NEEDS_AR_TRANSLATION,2026-08-05,Administrative subdivision only; cities are imported in later city files.
UPSERT,reg_dm_11,DM,DMA,Dominica,دومينيكا,Commonwealth of Dominica,Americas,الأمريكتان,Caribbean,الكاريبي,DM-11,,,1,parish,Parish,Saint Peter,,Saint Peter,true,ISO_3166_2,https://www.iso.org/obp/ui/#search,ISO 3166-2 subdivisions via pycountry/isocodes,REFERENCE_DATA_IMPORTED,NEEDS_AR_TRANSLATION,2026-08-05,Administrative subdivision only; cities are imported in later city files.
UPSERT,reg_do_01,DO,DOM,Dominican Republic,جمهورية الدومينيكان,,Americas,الأمريكتان,Caribbean,الكاريبي,DO-01,DO-40,Ozama,2,district,District,Distrito Nacional (Santo Domingo),,Distrito Nacional (Santo Domingo),true,ISO_3166_2,https://www.iso.org/obp/ui/#search,ISO 3166-2 subdivisions via pycountry/isocodes,REFERENCE_DATA_IMPORTED,NEEDS_AR_TRANSLATION,2026-08-05,Administrative subdivision only; cities are imported in later city files.
UPSERT,reg_do_02,DO,DOM,Dominican Republic,جمهورية الدومينيكان,,Americas,الأمريكتان,Caribbean,الكاريبي,DO-02,DO-41,Valdesia,2,province,Province,Azua,,Azua,true,ISO_3166_2,https://www.iso.org/obp/ui/#search,ISO 3166-2 subdivisions via pycountry/isocodes,REFERENCE_DATA_IMPORTED,NEEDS_AR_TRANSLATION,2026-08-05,Administrative subdivision only; cities are imported in later city files.
UPSERT,reg_do_03,DO,DOM,Dominican Republic,جمهورية الدومينيكان,,Americas,الأمريكتان,Caribbean,الكاريبي,DO-03,DO-38,Enriquillo,2,province,Province,Baoruco,,Baoruco,true,ISO_3166_2,https://www.iso.org/obp/ui/#search,ISO 3166-2 subdivisions via pycountry/isocodes,REFERENCE_DATA_IMPORTED,NEEDS_AR_TRANSLATION,2026-08-05,Administrative subdivision only; cities are imported in later city files.
UPSERT,reg_do_04,DO,DOM,Dominican Republic,جمهورية الدومينيكان,,Americas,الأمريكتان,Caribbean,الكاريبي,DO-04,DO-38,Enriquillo,2,province,Province,Barahona,,Barahona,true,ISO_3166_2,https://www.iso.org/obp/ui/#search,ISO 3166-2 subdivisions via pycountry/isocodes,REFERENCE_DATA_IMPORTED,NEEDS_AR_TRANSLATION,2026-08-05,Administrative subdivision only; cities are imported in later city files.
UPSERT,reg_do_05,DO,DOM,Dominican Republic,جمهورية الدومينيكان,,Americas,الأمريكتان,Caribbean,الكاريبي,DO-05,DO-34,Cibao Noroeste,2,province,Province,Dajabón,,Dajabón,true,ISO_3166_2,https://www.iso.org/obp/ui/#search,ISO 3166-2 subdivisions via pycountry/isocodes,REFERENCE_DATA_IMPORTED,NEEDS_AR_TRANSLATION,2026-08-05,Administrative subdivision only; cities are imported in later city files.
UPSERT,reg_do_06,DO,DOM,Dominican Republic,جمهورية الدومينيكان,,Americas,الأمريكتان,Caribbean,الكاريبي,DO-06,DO-33,Cibao Nordeste,2,province,Province,Duarte,,Duarte,true,ISO_3166_2,https://www.iso.org/obp/ui/#search,ISO 3166-2 subdivisions via pycountry/isocodes,REFERENCE_DATA_IMPORTED,NEEDS_AR_TRANSLATION,2026-08-05,Administrative subdivision only; cities are imported in later city files.
UPSERT,reg_do_07,DO,DOM,Dominican Republic,جمهورية الدومينيكان,,Americas,الأمريكتان,Caribbean,الكاريبي,DO-07,DO-37,El Valle,2,province,Province,Elías Piña,,Elías Piña,true,ISO_3166_2,https://www.iso.org/obp/ui/#search,ISO 3166-2 subdivisions via pycountry/isocodes,REFERENCE_DATA_IMPORTED,NEEDS_AR_TRANSLATION,2026-08-05,Administrative subdivision only; cities are imported in later city files.
UPSERT,reg_do_08,DO,DOM,Dominican Republic,جمهورية الدومينيكان,,Americas,الأمريكتان,Caribbean,الكاريبي,DO-08,DO-42,Yuma,2,province,Province,El Seibo,,El Seibo,true,ISO_3166_2,https://www.iso.org/obp/ui/#search,ISO 3166-2 subdivisions via pycountry/isocodes,REFERENCE_DATA_IMPORTED,NEEDS_AR_TRANSLATION,2026-08-05,Administrative subdivision only; cities are imported in later city files.
UPSERT,reg_do_09,DO,DOM,Dominican Republic,جمهورية الدومينيكان,,Americas,الأمريكتان,Caribbean,الكاريبي,DO-09,DO-35,Cibao Norte,2,province,Province,Espaillat,,Espaillat,true,ISO_3166_2,https://www.iso.org/obp/ui/#search,ISO 3166-2 subdivisions via pycountry/isocodes,REFERENCE_DATA_IMPORTED,NEEDS_AR_TRANSLATION,2026-08-05,Administrative subdivision only; cities are imported in later city files.
UPSERT,reg_do_10,DO,DOM,Dominican Republic,جمهورية الدومينيكان,,Americas,الأمريكتان,Caribbean,الكاريبي,DO-10,DO-38,Enriquillo,2,province,Province,Independencia,,Independencia,true,ISO_3166_2,https://www.iso.org/obp/ui/#search,ISO 3166-2 subdivisions via pycountry/isocodes,REFERENCE_DATA_IMPORTED,NEEDS_AR_TRANSLATION,2026-08-05,Administrative subdivision only; cities are imported in later city files.
UPSERT,reg_do_11,DO,DOM,Dominican Republic,جمهورية الدومينيكان,,Americas,الأمريكتان,Caribbean,الكاريبي,DO-11,DO-42,Yuma,2,province,Province,La Altagracia,,La Altagracia,true,ISO_3166_2,https://www.iso.org/obp/ui/#search,ISO 3166-2 subdivisions via pycountry/isocodes,REFERENCE_DATA_IMPORTED,NEEDS_AR_TRANSLATION,2026-08-05,Administrative subdivision only; cities are imported in later city files.
UPSERT,reg_do_12,DO,DOM,Dominican Republic,جمهورية الدومينيكان,,Americas,الأمريكتان,Caribbean,الكاريبي,DO-12,DO-42,Yuma,2,province,Province,La Romana,,La Romana,true,ISO_3166_2,https://www.iso.org/obp/ui/#search,ISO 3166-2 subdivisions via pycountry/isocodes,REFERENCE_DATA_IMPORTED,NEEDS_AR_TRANSLATION,2026-08-05,Administrative subdivision only; cities are imported in later city files.
UPSERT,reg_do_13,DO,DOM,Dominican Republic,جمهورية الدومينيكان,,Americas,الأمريكتان,Caribbean,الكاريبي,DO-13,DO-36,Cibao Sur,2,province,Province,La Vega,,La Vega,true,ISO_3166_2,https://www.iso.org/obp/ui/#search,ISO 3166-2 subdivisions via pycountry/isocodes,REFERENCE_DATA_IMPORTED,NEEDS_AR_TRANSLATION,2026-08-05,Administrative subdivision only; cities are imported in later city files.
UPSERT,reg_do_14,DO,DOM,Dominican Republic,جمهورية الدومينيكان,,Americas,الأمريكتان,Caribbean,الكاريبي,DO-14,DO-33,Cibao Nordeste,2,province,Province,María Trinidad Sánchez,,María Trinidad Sánchez,true,ISO_3166_2,https://www.iso.org/obp/ui/#search,ISO 3166-2 subdivisions via pycountry/isocodes,REFERENCE_DATA_IMPORTED,NEEDS_AR_TRANSLATION,2026-08-05,Administrative subdivision only; cities are imported in later city files.
UPSERT,reg_do_15,DO,DOM,Dominican Republic,جمهورية الدومينيكان,,Americas,الأمريكتان,Caribbean,الكاريبي,DO-15,DO-34,Cibao Noroeste,2,province,Province,Monte Cristi,,Monte Cristi,true,ISO_3166_2,https://www.iso.org/obp/ui/#search,ISO 3166-2 subdivisions via pycountry/isocodes,REFERENCE_DATA_IMPORTED,NEEDS_AR_TRANSLATION,2026-08-05,Administrative subdivision only; cities are imported in later city files.
UPSERT,reg_do_16,DO,DOM,Dominican Republic,جمهورية الدومينيكان,,Americas,الأمريكتان,Caribbean,الكاريبي,DO-16,DO-38,Enriquillo,2,province,Province,Pedernales,,Pedernales,true,ISO_3166_2,https://www.iso.org/obp/ui/#search,ISO 3166-2 subdivisions via pycountry/isocodes,REFERENCE_DATA_IMPORTED,NEEDS_AR_TRANSLATION,2026-08-05,Administrative subdivision only; cities are imported in later city files.
UPSERT,reg_do_17,DO,DOM,Dominican Republic,جمهورية الدومينيكان,,Americas,الأمريكتان,Caribbean,الكاريبي,DO-17,DO-41,Valdesia,2,province,Province,Peravia,,Peravia,true,ISO_3166_2,https://www.iso.org/obp/ui/#search,ISO 3166-2 subdivisions via pycountry/isocodes,REFERENCE_DATA_IMPORTED,NEEDS_AR_TRANSLATION,2026-08-05,Administrative subdivision only; cities are imported in later city files.
UPSERT,reg_do_18,DO,DOM,Dominican Republic,جمهورية الدومينيكان,,Americas,الأمريكتان,Caribbean,الكاريبي,DO-18,DO-35,Cibao Norte,2,province,Province,Puerto Plata,,Puerto Plata,true,ISO_3166_2,https://www.iso.org/obp/ui/#search,ISO 3166-2 subdivisions via pycountry/isocodes,REFERENCE_DATA_IMPORTED,NEEDS_AR_TRANSLATION,2026-08-05,Administrative subdivision only; cities are imported in later city files.
UPSERT,reg_do_19,DO,DOM,Dominican Republic,جمهورية الدومينيكان,,Americas,الأمريكتان,Caribbean,الكاريبي,DO-19,DO-33,Cibao Nordeste,2,province,Province,Hermanas Mirabal,,Hermanas Mirabal,true,ISO_3166_2,https://www.iso.org/obp/ui/#search,ISO 3166-2 subdivisions via pycountry/isocodes,REFERENCE_DATA_IMPORTED,NEEDS_AR_TRANSLATION,2026-08-05,Administrative subdivision only; cities are imported in later city files.
UPSERT,reg_do_20,DO,DOM,Dominican Republic,جمهورية الدومينيكان,,Americas,الأمريكتان,Caribbean,الكاريبي,DO-20,DO-33,Cibao Nordeste,2,province,Province,Samaná,,Samaná,true,ISO_3166_2,https://www.iso.org/obp/ui/#search,ISO 3166-2 subdivisions via pycountry/isocodes,REFERENCE_DATA_IMPORTED,NEEDS_AR_TRANSLATION,2026-08-05,Administrative subdivision only; cities are imported in later city files.
UPSERT,reg_do_21,DO,DOM,Dominican Republic,جمهورية الدومينيكان,,Americas,الأمريكتان,Caribbean,الكاريبي,DO-21,DO-41,Valdesia,2,province,Province,San Cristóbal,,San Cristóbal,true,ISO_3166_2,https://www.iso.org/obp/ui/#search,ISO 3166-2 subdivisions via pycountry/isocodes,REFERENCE_DATA_IMPORTED,NEEDS_AR_TRANSLATION,2026-08-05,Administrative subdivision only; cities are imported in later city files.
UPSERT,reg_do_22,DO,DOM,Dominican Republic,جمهورية الدومينيكان,,Americas,الأمريكتان,Caribbean,الكاريبي,DO-22,DO-37,El Valle,2,province,Province,San Juan,,San Juan,true,ISO_3166_2,https://www.iso.org/obp/ui/#search,ISO 3166-2 subdivisions via pycountry/isocodes,REFERENCE_DATA_IMPORTED,NEEDS_AR_TRANSLATION,2026-08-05,Administrative subdivision only; cities are imported in later city files.
UPSERT,reg_do_23,DO,DOM,Dominican Republic,جمهورية الدومينيكان,,Americas,الأمريكتان,Caribbean,الكاريبي,DO-23,DO-39,Higuamo,2,province,Province,San Pedro de Macorís,,San Pedro de Macorís,true,ISO_3166_2,https://www.iso.org/obp/ui/#search,ISO 3166-2 subdivisions via pycountry/isocodes,REFERENCE_DATA_IMPORTED,NEEDS_AR_TRANSLATION,2026-08-05,Administrative subdivision only; cities are imported in later city files.
UPSERT,reg_do_24,DO,DOM,Dominican Republic,جمهورية الدومينيكان,,Americas,الأمريكتان,Caribbean,الكاريبي,DO-24,DO-36,Cibao Sur,2,province,Province,Sánchez Ramírez,,Sánchez Ramírez,true,ISO_3166_2,https://www.iso.org/obp/ui/#search,ISO 3166-2 subdivisions via pycountry/isocodes,REFERENCE_DATA_IMPORTED,NEEDS_AR_TRANSLATION,2026-08-05,Administrative subdivision only; cities are imported in later city files.
UPSERT,reg_do_25,DO,DOM,Dominican Republic,جمهورية الدومينيكان,,Americas,الأمريكتان,Caribbean,الكاريبي,DO-25,DO-35,Cibao Norte,2,province,Province,Santiago,,Santiago,true,ISO_3166_2,https://www.iso.org/obp/ui/#search,ISO 3166-2 subdivisions via pycountry/isocodes,REFERENCE_DATA_IMPORTED,NEEDS_AR_TRANSLATION,2026-08-05,Administrative subdivision only; cities are imported in later city files.
UPSERT,reg_do_26,DO,DOM,Dominican Republic,جمهورية الدومينيكان,,Americas,الأمريكتان,Caribbean,الكاريبي,DO-26,DO-34,Cibao Noroeste,2,province,Province,Santiago Rodríguez,,Santiago Rodríguez,true,ISO_3166_2,https://www.iso.org/obp/ui/#search,ISO 3166-2 subdivisions via pycountry/isocodes,REFERENCE_DATA_IMPORTED,NEEDS_AR_TRANSLATION,2026-08-05,Administrative subdivision only; cities are imported in later city files.
UPSERT,reg_do_27,DO,DOM,Dominican Republic,جمهورية الدومينيكان,,Americas,الأمريكتان,Caribbean,الكاريبي,DO-27,DO-34,Cibao Noroeste,2,province,Province,Valverde,,Valverde,true,ISO_3166_2,https://www.iso.org/obp/ui/#search,ISO 3166-2 subdivisions via pycountry/isocodes,REFERENCE_DATA_IMPORTED,NEEDS_AR_TRANSLATION,2026-08-05,Administrative subdivision only; cities are imported in later city files.
UPSERT,reg_do_28,DO,DOM,Dominican Republic,جمهورية الدومينيكان,,Americas,الأمريكتان,Caribbean,الكاريبي,DO-28,DO-36,Cibao Sur,2,province,Province,Monseñor Nouel,,Monseñor Nouel,true,ISO_3166_2,https://www.iso.org/obp/ui/#search,ISO 3166-2 subdivisions via pycountry/isocodes,REFERENCE_DATA_IMPORTED,NEEDS_AR_TRANSLATION,2026-08-05,Administrative subdivision only; cities are imported in later city files.
UPSERT,reg_do_29,DO,DOM,Dominican Republic,جمهورية الدومينيكان,,Americas,الأمريكتان,Caribbean,الكاريبي,DO-29,DO-39,Higuamo,2,province,Province,Monte Plata,,Monte Plata,true,ISO_3166_2,https://www.iso.org/obp/ui/#search,ISO 3166-2 subdivisions via pycountry/isocodes,REFERENCE_DATA_IMPORTED,NEEDS_AR_TRANSLATION,2026-08-05,Administrative subdivision only; cities are imported in later city files.
UPSERT,reg_do_30,DO,DOM,Dominican Republic,جمهورية الدومينيكان,,Americas,الأمريكتان,Caribbean,الكاريبي,DO-30,DO-39,Higuamo,2,province,Province,Hato Mayor,,Hato Mayor,true,ISO_3166_2,https://www.iso.org/obp/ui/#search,ISO 3166-2 subdivisions via pycountry/isocodes,REFERENCE_DATA_IMPORTED,NEEDS_AR_TRANSLATION,2026-08-05,Administrative subdivision only; cities are imported in later city files.
UPSERT,reg_do_31,DO,DOM,Dominican Republic,جمهورية الدومينيكان,,Americas,الأمريكتان,Caribbean,الكاريبي,DO-31,DO-41,Valdesia,2,province,Province,San José de Ocoa,,San José de Ocoa,true,ISO_3166_2,https://www.iso.org/obp/ui/#search,ISO 3166-2 subdivisions via pycountry/isocodes,REFERENCE_DATA_IMPORTED,NEEDS_AR_TRANSLATION,2026-08-05,Administrative subdivision only; cities are imported in later city files.
UPSERT,reg_do_32,DO,DOM,Dominican Republic,جمهورية الدومينيكان,,Americas,الأمريكتان,Caribbean,الكاريبي,DO-32,DO-40,Ozama,2,province,Province,Santo Domingo,,Santo Domingo,true,ISO_3166_2,https://www.iso.org/obp/ui/#search,ISO 3166-2 subdivisions via pycountry/isocodes,REFERENCE_DATA_IMPORTED,NEEDS_AR_TRANSLATION,2026-08-05,Administrative subdivision only; cities are imported in later city files.
UPSERT,reg_do_33,DO,DOM,Dominican Republic,جمهورية الدومينيكان,,Americas,الأمريكتان,Caribbean,الكاريبي,DO-33,,,1,region,Region,Cibao Nordeste,,Cibao Nordeste,true,ISO_3166_2,https://www.iso.org/obp/ui/#search,ISO 3166-2 subdivisions via pycountry/isocodes,REFERENCE_DATA_IMPORTED,NEEDS_AR_TRANSLATION,2026-08-05,Administrative subdivision only; cities are imported in later city files.
UPSERT,reg_do_34,DO,DOM,Dominican Republic,جمهورية الدومينيكان,,Americas,الأمريكتان,Caribbean,الكاريبي,DO-34,,,1,region,Region,Cibao Noroeste,,Cibao Noroeste,true,ISO_3166_2,https://www.iso.org/obp/ui/#search,ISO 3166-2 subdivisions via pycountry/isocodes,REFERENCE_DATA_IMPORTED,NEEDS_AR_TRANSLATION,2026-08-05,Administrative subdivision only; cities are imported in later city files.
UPSERT,reg_do_35,DO,DOM,Dominican Republic,جمهورية الدومينيكان,,Americas,الأمريكتان,Caribbean,الكاريبي,DO-35,,,1,region,Region,Cibao Norte,,Cibao Norte,true,ISO_3166_2,https://www.iso.org/obp/ui/#search,ISO 3166-2 subdivisions via pycountry/isocodes,REFERENCE_DATA_IMPORTED,NEEDS_AR_TRANSLATION,2026-08-05,Administrative subdivision only; cities are imported in later city files.
UPSERT,reg_do_36,DO,DOM,Dominican Republic,جمهورية الدومينيكان,,Americas,الأمريكتان,Caribbean,الكاريبي,DO-36,,,1,region,Region,Cibao Sur,,Cibao Sur,true,ISO_3166_2,https://www.iso.org/obp/ui/#search,ISO 3166-2 subdivisions via pycountry/isocodes,REFERENCE_DATA_IMPORTED,NEEDS_AR_TRANSLATION,2026-08-05,Administrative subdivision only; cities are imported in later city files.
UPSERT,reg_do_37,DO,DOM,Dominican Republic,جمهورية الدومينيكان,,Americas,الأمريكتان,Caribbean,الكاريبي,DO-37,,,1,region,Region,El Valle,,El Valle,true,ISO_3166_2,https://www.iso.org/obp/ui/#search,ISO 3166-2 subdivisions via pycountry/isocodes,REFERENCE_DATA_IMPORTED,NEEDS_AR_TRANSLATION,2026-08-05,Administrative subdivision only; cities are imported in later city files.
UPSERT,reg_do_38,DO,DOM,Dominican Republic,جمهورية الدومينيكان,,Americas,الأمريكتان,Caribbean,الكاريبي,DO-38,,,1,region,Region,Enriquillo,,Enriquillo,true,ISO_3166_2,https://www.iso.org/obp/ui/#search,ISO 3166-2 subdivisions via pycountry/isocodes,REFERENCE_DATA_IMPORTED,NEEDS_AR_TRANSLATION,2026-08-05,Administrative subdivision only; cities are imported in later city files.
UPSERT,reg_do_39,DO,DOM,Dominican Republic,جمهورية الدومينيكان,,Americas,الأمريكتان,Caribbean,الكاريبي,DO-39,,,1,region,Region,Higuamo,,Higuamo,true,ISO_3166_2,https://www.iso.org/obp/ui/#search,ISO 3166-2 subdivisions via pycountry/isocodes,REFERENCE_DATA_IMPORTED,NEEDS_AR_TRANSLATION,2026-08-05,Administrative subdivision only; cities are imported in later city files.
UPSERT,reg_do_40,DO,DOM,Dominican Republic,جمهورية الدومينيكان,,Americas,الأمريكتان,Caribbean,الكاريبي,DO-40,,,1,region,Region,Ozama,,Ozama,true,ISO_3166_2,https://www.iso.org/obp/ui/#search,ISO 3166-2 subdivisions via pycountry/isocodes,REFERENCE_DATA_IMPORTED,NEEDS_AR_TRANSLATION,2026-08-05,Administrative subdivision only; cities are imported in later city files.
UPSERT,reg_do_41,DO,DOM,Dominican Republic,جمهورية الدومينيكان,,Americas,الأمريكتان,Caribbean,الكاريبي,DO-41,,,1,region,Region,Valdesia,,Valdesia,true,ISO_3166_2,https://www.iso.org/obp/ui/#search,ISO 3166-2 subdivisions via pycountry/isocodes,REFERENCE_DATA_IMPORTED,NEEDS_AR_TRANSLATION,2026-08-05,Administrative subdivision only; cities are imported in later city files.
UPSERT,reg_do_42,DO,DOM,Dominican Republic,جمهورية الدومينيكان,,Americas,الأمريكتان,Caribbean,الكاريبي,DO-42,,,1,region,Region,Yuma,,Yuma,true,ISO_3166_2,https://www.iso.org/obp/ui/#search,ISO 3166-2 subdivisions via pycountry/isocodes,REFERENCE_DATA_IMPORTED,NEEDS_AR_TRANSLATION,2026-08-05,Administrative subdivision only; cities are imported in later city files.
UPSERT,reg_ec_a,EC,ECU,Ecuador,الإكوادور,Republic of Ecuador,Americas,الأمريكتان,South America,أمريكا الجنوبية,EC-A,,,1,province,Province,Azuay,,Azuay,true,ISO_3166_2,https://www.iso.org/obp/ui/#search,ISO 3166-2 subdivisions via pycountry/isocodes,REFERENCE_DATA_IMPORTED,NEEDS_AR_TRANSLATION,2026-08-05,Administrative subdivision only; cities are imported in later city files.
UPSERT,reg_ec_b,EC,ECU,Ecuador,الإكوادور,Republic of Ecuador,Americas,الأمريكتان,South America,أمريكا الجنوبية,EC-B,,,1,province,Province,Bolívar,,Bolívar,true,ISO_3166_2,https://www.iso.org/obp/ui/#search,ISO 3166-2 subdivisions via pycountry/isocodes,REFERENCE_DATA_IMPORTED,NEEDS_AR_TRANSLATION,2026-08-05,Administrative subdivision only; cities are imported in later city files.
UPSERT,reg_ec_c,EC,ECU,Ecuador,الإكوادور,Republic of Ecuador,Americas,الأمريكتان,South America,أمريكا الجنوبية,EC-C,,,1,province,Province,Carchi,,Carchi,true,ISO_3166_2,https://www.iso.org/obp/ui/#search,ISO 3166-2 subdivisions via pycountry/isocodes,REFERENCE_DATA_IMPORTED,NEEDS_AR_TRANSLATION,2026-08-05,Administrative subdivision only; cities are imported in later city files.
UPSERT,reg_ec_d,EC,ECU,Ecuador,الإكوادور,Republic of Ecuador,Americas,الأمريكتان,South America,أمريكا الجنوبية,EC-D,,,1,province,Province,Orellana,,Orellana,true,ISO_3166_2,https://www.iso.org/obp/ui/#search,ISO 3166-2 subdivisions via pycountry/isocodes,REFERENCE_DATA_IMPORTED,NEEDS_AR_TRANSLATION,2026-08-05,Administrative subdivision only; cities are imported in later city files.
UPSERT,reg_ec_e,EC,ECU,Ecuador,الإكوادور,Republic of Ecuador,Americas,الأمريكتان,South America,أمريكا الجنوبية,EC-E,,,1,province,Province,Esmeraldas,,Esmeraldas,true,ISO_3166_2,https://www.iso.org/obp/ui/#search,ISO 3166-2 subdivisions via pycountry/isocodes,REFERENCE_DATA_IMPORTED,NEEDS_AR_TRANSLATION,2026-08-05,Administrative subdivision only; cities are imported in later city files.
UPSERT,reg_ec_f,EC,ECU,Ecuador,الإكوادور,Republic of Ecuador,Americas,الأمريكتان,South America,أمريكا الجنوبية,EC-F,,,1,province,Province,Cañar,,Cañar,true,ISO_3166_2,https://www.iso.org/obp/ui/#search,ISO 3166-2 subdivisions via pycountry/isocodes,REFERENCE_DATA_IMPORTED,NEEDS_AR_TRANSLATION,2026-08-05,Administrative subdivision only; cities are imported in later city files.
UPSERT,reg_ec_g,EC,ECU,Ecuador,الإكوادور,Republic of Ecuador,Americas,الأمريكتان,South America,أمريكا الجنوبية,EC-G,,,1,province,Province,Guayas,,Guayas,true,ISO_3166_2,https://www.iso.org/obp/ui/#search,ISO 3166-2 subdivisions via pycountry/isocodes,REFERENCE_DATA_IMPORTED,NEEDS_AR_TRANSLATION,2026-08-05,Administrative subdivision only; cities are imported in later city files.
UPSERT,reg_ec_h,EC,ECU,Ecuador,الإكوادور,Republic of Ecuador,Americas,الأمريكتان,South America,أمريكا الجنوبية,EC-H,,,1,province,Province,Chimborazo,,Chimborazo,true,ISO_3166_2,https://www.iso.org/obp/ui/#search,ISO 3166-2 subdivisions via pycountry/isocodes,REFERENCE_DATA_IMPORTED,NEEDS_AR_TRANSLATION,2026-08-05,Administrative subdivision only; cities are imported in later city files.
UPSERT,reg_ec_i,EC,ECU,Ecuador,الإكوادور,Republic of Ecuador,Americas,الأمريكتان,South America,أمريكا الجنوبية,EC-I,,,1,province,Province,Imbabura,,Imbabura,true,ISO_3166_2,https://www.iso.org/obp/ui/#search,ISO 3166-2 subdivisions via pycountry/isocodes,REFERENCE_DATA_IMPORTED,NEEDS_AR_TRANSLATION,2026-08-05,Administrative subdivision only; cities are imported in later city files.
UPSERT,reg_ec_l,EC,ECU,Ecuador,الإكوادور,Republic of Ecuador,Americas,الأمريكتان,South America,أمريكا الجنوبية,EC-L,,,1,province,Province,Loja,,Loja,true,ISO_3166_2,https://www.iso.org/obp/ui/#search,ISO 3166-2 subdivisions via pycountry/isocodes,REFERENCE_DATA_IMPORTED,NEEDS_AR_TRANSLATION,2026-08-05,Administrative subdivision only; cities are imported in later city files.
UPSERT,reg_ec_m,EC,ECU,Ecuador,الإكوادور,Republic of Ecuador,Americas,الأمريكتان,South America,أمريكا الجنوبية,EC-M,,,1,province,Province,Manabí,,Manabí,true,ISO_3166_2,https://www.iso.org/obp/ui/#search,ISO 3166-2 subdivisions via pycountry/isocodes,REFERENCE_DATA_IMPORTED,NEEDS_AR_TRANSLATION,2026-08-05,Administrative subdivision only; cities are imported in later city files.
UPSERT,reg_ec_n,EC,ECU,Ecuador,الإكوادور,Republic of Ecuador,Americas,الأمريكتان,South America,أمريكا الجنوبية,EC-N,,,1,province,Province,Napo,,Napo,true,ISO_3166_2,https://www.iso.org/obp/ui/#search,ISO 3166-2 subdivisions via pycountry/isocodes,REFERENCE_DATA_IMPORTED,NEEDS_AR_TRANSLATION,2026-08-05,Administrative subdivision only; cities are imported in later city files.
UPSERT,reg_ec_o,EC,ECU,Ecuador,الإكوادور,Republic of Ecuador,Americas,الأمريكتان,South America,أمريكا الجنوبية,EC-O,,,1,province,Province,El Oro,,El Oro,true,ISO_3166_2,https://www.iso.org/obp/ui/#search,ISO 3166-2 subdivisions via pycountry/isocodes,REFERENCE_DATA_IMPORTED,NEEDS_AR_TRANSLATION,2026-08-05,Administrative subdivision only; cities are imported in later city files.
UPSERT,reg_ec_p,EC,ECU,Ecuador,الإكوادور,Republic of Ecuador,Americas,الأمريكتان,South America,أمريكا الجنوبية,EC-P,,,1,province,Province,Pichincha,,Pichincha,true,ISO_3166_2,https://www.iso.org/obp/ui/#search,ISO 3166-2 subdivisions via pycountry/isocodes,REFERENCE_DATA_IMPORTED,NEEDS_AR_TRANSLATION,2026-08-05,Administrative subdivision only; cities are imported in later city files.
UPSERT,reg_ec_r,EC,ECU,Ecuador,الإكوادور,Republic of Ecuador,Americas,الأمريكتان,South America,أمريكا الجنوبية,EC-R,,,1,province,Province,Los Ríos,,Los Ríos,true,ISO_3166_2,https://www.iso.org/obp/ui/#search,ISO 3166-2 subdivisions via pycountry/isocodes,REFERENCE_DATA_IMPORTED,NEEDS_AR_TRANSLATION,2026-08-05,Administrative subdivision only; cities are imported in later city files.
UPSERT,reg_ec_s,EC,ECU,Ecuador,الإكوادور,Republic of Ecuador,Americas,الأمريكتان,South America,أمريكا الجنوبية,EC-S,,,1,province,Province,Morona Santiago,,Morona Santiago,true,ISO_3166_2,https://www.iso.org/obp/ui/#search,ISO 3166-2 subdivisions via pycountry/isocodes,REFERENCE_DATA_IMPORTED,NEEDS_AR_TRANSLATION,2026-08-05,Administrative subdivision only; cities are imported in later city files.
UPSERT,reg_ec_sd,EC,ECU,Ecuador,الإكوادور,Republic of Ecuador,Americas,الأمريكتان,South America,أمريكا الجنوبية,EC-SD,,,1,province,Province,Santo Domingo de los Tsáchilas,,Santo Domingo de los Tsáchilas,true,ISO_3166_2,https://www.iso.org/obp/ui/#search,ISO 3166-2 subdivisions via pycountry/isocodes,REFERENCE_DATA_IMPORTED,NEEDS_AR_TRANSLATION,2026-08-05,Administrative subdivision only; cities are imported in later city files.
UPSERT,reg_ec_se,EC,ECU,Ecuador,الإكوادور,Republic of Ecuador,Americas,الأمريكتان,South America,أمريكا الجنوبية,EC-SE,,,1,province,Province,Santa Elena,,Santa Elena,true,ISO_3166_2,https://www.iso.org/obp/ui/#search,ISO 3166-2 subdivisions via pycountry/isocodes,REFERENCE_DATA_IMPORTED,NEEDS_AR_TRANSLATION,2026-08-05,Administrative subdivision only; cities are imported in later city files.
UPSERT,reg_ec_t,EC,ECU,Ecuador,الإكوادور,Republic of Ecuador,Americas,الأمريكتان,South America,أمريكا الجنوبية,EC-T,,,1,province,Province,Tungurahua,,Tungurahua,true,ISO_3166_2,https://www.iso.org/obp/ui/#search,ISO 3166-2 subdivisions via pycountry/isocodes,REFERENCE_DATA_IMPORTED,NEEDS_AR_TRANSLATION,2026-08-05,Administrative subdivision only; cities are imported in later city files.
UPSERT,reg_ec_u,EC,ECU,Ecuador,الإكوادور,Republic of Ecuador,Americas,الأمريكتان,South America,أمريكا الجنوبية,EC-U,,,1,province,Province,Sucumbíos,,Sucumbíos,true,ISO_3166_2,https://www.iso.org/obp/ui/#search,ISO 3166-2 subdivisions via pycountry/isocodes,REFERENCE_DATA_IMPORTED,NEEDS_AR_TRANSLATION,2026-08-05,Administrative subdivision only; cities are imported in later city files.
UPSERT,reg_ec_w,EC,ECU,Ecuador,الإكوادور,Republic of Ecuador,Americas,الأمريكتان,South America,أمريكا الجنوبية,EC-W,,,1,province,Province,Galápagos,,Galápagos,true,ISO_3166_2,https://www.iso.org/obp/ui/#search,ISO 3166-2 subdivisions via pycountry/isocodes,REFERENCE_DATA_IMPORTED,NEEDS_AR_TRANSLATION,2026-08-05,Administrative subdivision only; cities are imported in later city files.
UPSERT,reg_ec_x,EC,ECU,Ecuador,الإكوادور,Republic of Ecuador,Americas,الأمريكتان,South America,أمريكا الجنوبية,EC-X,,,1,province,Province,Cotopaxi,,Cotopaxi,true,ISO_3166_2,https://www.iso.org/obp/ui/#search,ISO 3166-2 subdivisions via pycountry/isocodes,REFERENCE_DATA_IMPORTED,NEEDS_AR_TRANSLATION,2026-08-05,Administrative subdivision only; cities are imported in later city files.
UPSERT,reg_ec_y,EC,ECU,Ecuador,الإكوادور,Republic of Ecuador,Americas,الأمريكتان,South America,أمريكا الجنوبية,EC-Y,,,1,province,Province,Pastaza,,Pastaza,true,ISO_3166_2,https://www.iso.org/obp/ui/#search,ISO 3166-2 subdivisions via pycountry/isocodes,REFERENCE_DATA_IMPORTED,NEEDS_AR_TRANSLATION,2026-08-05,Administrative subdivision only; cities are imported in later city files.
UPSERT,reg_ec_z,EC,ECU,Ecuador,الإكوادور,Republic of Ecuador,Americas,الأمريكتان,South America,أمريكا الجنوبية,EC-Z,,,1,province,Province,Zamora Chinchipe,,Zamora Chinchipe,true,ISO_3166_2,https://www.iso.org/obp/ui/#search,ISO 3166-2 subdivisions via pycountry/isocodes,REFERENCE_DATA_IMPORTED,NEEDS_AR_TRANSLATION,2026-08-05,Administrative subdivision only; cities are imported in later city files.
UPSERT,reg_gd_01,GD,GRD,Grenada,غرينادا,,Americas,الأمريكتان,Caribbean,الكاريبي,GD-01,,,1,parish,Parish,Saint Andrew,,Saint Andrew,true,ISO_3166_2,https://www.iso.org/obp/ui/#search,ISO 3166-2 subdivisions via pycountry/isocodes,REFERENCE_DATA_IMPORTED,NEEDS_AR_TRANSLATION,2026-08-05,Administrative subdivision only; cities are imported in later city files.
UPSERT,reg_gd_02,GD,GRD,Grenada,غرينادا,,Americas,الأمريكتان,Caribbean,الكاريبي,GD-02,,,1,parish,Parish,Saint David,,Saint David,true,ISO_3166_2,https://www.iso.org/obp/ui/#search,ISO 3166-2 subdivisions via pycountry/isocodes,REFERENCE_DATA_IMPORTED,NEEDS_AR_TRANSLATION,2026-08-05,Administrative subdivision only; cities are imported in later city files.
UPSERT,reg_gd_03,GD,GRD,Grenada,غرينادا,,Americas,الأمريكتان,Caribbean,الكاريبي,GD-03,,,1,parish,Parish,Saint George,,Saint George,true,ISO_3166_2,https://www.iso.org/obp/ui/#search,ISO 3166-2 subdivisions via pycountry/isocodes,REFERENCE_DATA_IMPORTED,NEEDS_AR_TRANSLATION,2026-08-05,Administrative subdivision only; cities are imported in later city files.
UPSERT,reg_gd_04,GD,GRD,Grenada,غرينادا,,Americas,الأمريكتان,Caribbean,الكاريبي,GD-04,,,1,parish,Parish,Saint John,,Saint John,true,ISO_3166_2,https://www.iso.org/obp/ui/#search,ISO 3166-2 subdivisions via pycountry/isocodes,REFERENCE_DATA_IMPORTED,NEEDS_AR_TRANSLATION,2026-08-05,Administrative subdivision only; cities are imported in later city files.
UPSERT,reg_gd_05,GD,GRD,Grenada,غرينادا,,Americas,الأمريكتان,Caribbean,الكاريبي,GD-05,,,1,parish,Parish,Saint Mark,,Saint Mark,true,ISO_3166_2,https://www.iso.org/obp/ui/#search,ISO 3166-2 subdivisions via pycountry/isocodes,REFERENCE_DATA_IMPORTED,NEEDS_AR_TRANSLATION,2026-08-05,Administrative subdivision only; cities are imported in later city files.
UPSERT,reg_gd_06,GD,GRD,Grenada,غرينادا,,Americas,الأمريكتان,Caribbean,الكاريبي,GD-06,,,1,parish,Parish,Saint Patrick,,Saint Patrick,true,ISO_3166_2,https://www.iso.org/obp/ui/#search,ISO 3166-2 subdivisions via pycountry/isocodes,REFERENCE_DATA_IMPORTED,NEEDS_AR_TRANSLATION,2026-08-05,Administrative subdivision only; cities are imported in later city files.
UPSERT,reg_gd_10,GD,GRD,Grenada,غرينادا,,Americas,الأمريكتان,Caribbean,الكاريبي,GD-10,,,1,dependency,Dependency,Southern Grenadine Islands,,Southern Grenadine Islands,true,ISO_3166_2,https://www.iso.org/obp/ui/#search,ISO 3166-2 subdivisions via pycountry/isocodes,REFERENCE_DATA_IMPORTED,NEEDS_AR_TRANSLATION,2026-08-05,Administrative subdivision only; cities are imported in later city files.
UPSERT,reg_gt_01,GT,GTM,Guatemala,غواتيمالا,Republic of Guatemala,Americas,الأمريكتان,Central America,أمريكا الوسطى,GT-01,,,1,department,Department,Guatemala,,Guatemala,true,ISO_3166_2,https://www.iso.org/obp/ui/#search,ISO 3166-2 subdivisions via pycountry/isocodes,REFERENCE_DATA_IMPORTED,NEEDS_AR_TRANSLATION,2026-08-05,Administrative subdivision only; cities are imported in later city files.
UPSERT,reg_gt_02,GT,GTM,Guatemala,غواتيمالا,Republic of Guatemala,Americas,الأمريكتان,Central America,أمريكا الوسطى,GT-02,,,1,department,Department,El Progreso,,El Progreso,true,ISO_3166_2,https://www.iso.org/obp/ui/#search,ISO 3166-2 subdivisions via pycountry/isocodes,REFERENCE_DATA_IMPORTED,NEEDS_AR_TRANSLATION,2026-08-05,Administrative subdivision only; cities are imported in later city files.
UPSERT,reg_gt_03,GT,GTM,Guatemala,غواتيمالا,Republic of Guatemala,Americas,الأمريكتان,Central America,أمريكا الوسطى,GT-03,,,1,department,Department,Sacatepéquez,,Sacatepéquez,true,ISO_3166_2,https://www.iso.org/obp/ui/#search,ISO 3166-2 subdivisions via pycountry/isocodes,REFERENCE_DATA_IMPORTED,NEEDS_AR_TRANSLATION,2026-08-05,Administrative subdivision only; cities are imported in later city files.
UPSERT,reg_gt_04,GT,GTM,Guatemala,غواتيمالا,Republic of Guatemala,Americas,الأمريكتان,Central America,أمريكا الوسطى,GT-04,,,1,department,Department,Chimaltenango,,Chimaltenango,true,ISO_3166_2,https://www.iso.org/obp/ui/#search,ISO 3166-2 subdivisions via pycountry/isocodes,REFERENCE_DATA_IMPORTED,NEEDS_AR_TRANSLATION,2026-08-05,Administrative subdivision only; cities are imported in later city files.
UPSERT,reg_gt_05,GT,GTM,Guatemala,غواتيمالا,Republic of Guatemala,Americas,الأمريكتان,Central America,أمريكا الوسطى,GT-05,,,1,department,Department,Escuintla,,Escuintla,true,ISO_3166_2,https://www.iso.org/obp/ui/#search,ISO 3166-2 subdivisions via pycountry/isocodes,REFERENCE_DATA_IMPORTED,NEEDS_AR_TRANSLATION,2026-08-05,Administrative subdivision only; cities are imported in later city files.
UPSERT,reg_gt_06,GT,GTM,Guatemala,غواتيمالا,Republic of Guatemala,Americas,الأمريكتان,Central America,أمريكا الوسطى,GT-06,,,1,department,Department,Santa Rosa,,Santa Rosa,true,ISO_3166_2,https://www.iso.org/obp/ui/#search,ISO 3166-2 subdivisions via pycountry/isocodes,REFERENCE_DATA_IMPORTED,NEEDS_AR_TRANSLATION,2026-08-05,Administrative subdivision only; cities are imported in later city files.
UPSERT,reg_gt_07,GT,GTM,Guatemala,غواتيمالا,Republic of Guatemala,Americas,الأمريكتان,Central America,أمريكا الوسطى,GT-07,,,1,department,Department,Sololá,,Sololá,true,ISO_3166_2,https://www.iso.org/obp/ui/#search,ISO 3166-2 subdivisions via pycountry/isocodes,REFERENCE_DATA_IMPORTED,NEEDS_AR_TRANSLATION,2026-08-05,Administrative subdivision only; cities are imported in later city files.
UPSERT,reg_gt_08,GT,GTM,Guatemala,غواتيمالا,Republic of Guatemala,Americas,الأمريكتان,Central America,أمريكا الوسطى,GT-08,,,1,department,Department,Totonicapán,,Totonicapán,true,ISO_3166_2,https://www.iso.org/obp/ui/#search,ISO 3166-2 subdivisions via pycountry/isocodes,REFERENCE_DATA_IMPORTED,NEEDS_AR_TRANSLATION,2026-08-05,Administrative subdivision only; cities are imported in later city files.
UPSERT,reg_gt_09,GT,GTM,Guatemala,غواتيمالا,Republic of Guatemala,Americas,الأمريكتان,Central America,أمريكا الوسطى,GT-09,,,1,department,Department,Quetzaltenango,,Quetzaltenango,true,ISO_3166_2,https://www.iso.org/obp/ui/#search,ISO 3166-2 subdivisions via pycountry/isocodes,REFERENCE_DATA_IMPORTED,NEEDS_AR_TRANSLATION,2026-08-05,Administrative subdivision only; cities are imported in later city files.
UPSERT,reg_gt_10,GT,GTM,Guatemala,غواتيمالا,Republic of Guatemala,Americas,الأمريكتان,Central America,أمريكا الوسطى,GT-10,,,1,department,Department,Suchitepéquez,,Suchitepéquez,true,ISO_3166_2,https://www.iso.org/obp/ui/#search,ISO 3166-2 subdivisions via pycountry/isocodes,REFERENCE_DATA_IMPORTED,NEEDS_AR_TRANSLATION,2026-08-05,Administrative subdivision only; cities are imported in later city files.
UPSERT,reg_gt_11,GT,GTM,Guatemala,غواتيمالا,Republic of Guatemala,Americas,الأمريكتان,Central America,أمريكا الوسطى,GT-11,,,1,department,Department,Retalhuleu,,Retalhuleu,true,ISO_3166_2,https://www.iso.org/obp/ui/#search,ISO 3166-2 subdivisions via pycountry/isocodes,REFERENCE_DATA_IMPORTED,NEEDS_AR_TRANSLATION,2026-08-05,Administrative subdivision only; cities are imported in later city files.
UPSERT,reg_gt_12,GT,GTM,Guatemala,غواتيمالا,Republic of Guatemala,Americas,الأمريكتان,Central America,أمريكا الوسطى,GT-12,,,1,department,Department,San Marcos,,San Marcos,true,ISO_3166_2,https://www.iso.org/obp/ui/#search,ISO 3166-2 subdivisions via pycountry/isocodes,REFERENCE_DATA_IMPORTED,NEEDS_AR_TRANSLATION,2026-08-05,Administrative subdivision only; cities are imported in later city files.
UPSERT,reg_gt_13,GT,GTM,Guatemala,غواتيمالا,Republic of Guatemala,Americas,الأمريكتان,Central America,أمريكا الوسطى,GT-13,,,1,department,Department,Huehuetenango,,Huehuetenango,true,ISO_3166_2,https://www.iso.org/obp/ui/#search,ISO 3166-2 subdivisions via pycountry/isocodes,REFERENCE_DATA_IMPORTED,NEEDS_AR_TRANSLATION,2026-08-05,Administrative subdivision only; cities are imported in later city files.
UPSERT,reg_gt_14,GT,GTM,Guatemala,غواتيمالا,Republic of Guatemala,Americas,الأمريكتان,Central America,أمريكا الوسطى,GT-14,,,1,department,Department,Quiché,,Quiché,true,ISO_3166_2,https://www.iso.org/obp/ui/#search,ISO 3166-2 subdivisions via pycountry/isocodes,REFERENCE_DATA_IMPORTED,NEEDS_AR_TRANSLATION,2026-08-05,Administrative subdivision only; cities are imported in later city files.
UPSERT,reg_gt_15,GT,GTM,Guatemala,غواتيمالا,Republic of Guatemala,Americas,الأمريكتان,Central America,أمريكا الوسطى,GT-15,,,1,department,Department,Baja Verapaz,,Baja Verapaz,true,ISO_3166_2,https://www.iso.org/obp/ui/#search,ISO 3166-2 subdivisions via pycountry/isocodes,REFERENCE_DATA_IMPORTED,NEEDS_AR_TRANSLATION,2026-08-05,Administrative subdivision only; cities are imported in later city files.
UPSERT,reg_gt_16,GT,GTM,Guatemala,غواتيمالا,Republic of Guatemala,Americas,الأمريكتان,Central America,أمريكا الوسطى,GT-16,,,1,department,Department,Alta Verapaz,,Alta Verapaz,true,ISO_3166_2,https://www.iso.org/obp/ui/#search,ISO 3166-2 subdivisions via pycountry/isocodes,REFERENCE_DATA_IMPORTED,NEEDS_AR_TRANSLATION,2026-08-05,Administrative subdivision only; cities are imported in later city files.
UPSERT,reg_gt_17,GT,GTM,Guatemala,غواتيمالا,Republic of Guatemala,Americas,الأمريكتان,Central America,أمريكا الوسطى,GT-17,,,1,department,Department,Petén,,Petén,true,ISO_3166_2,https://www.iso.org/obp/ui/#search,ISO 3166-2 subdivisions via pycountry/isocodes,REFERENCE_DATA_IMPORTED,NEEDS_AR_TRANSLATION,2026-08-05,Administrative subdivision only; cities are imported in later city files.
UPSERT,reg_gt_18,GT,GTM,Guatemala,غواتيمالا,Republic of Guatemala,Americas,الأمريكتان,Central America,أمريكا الوسطى,GT-18,,,1,department,Department,Izabal,,Izabal,true,ISO_3166_2,https://www.iso.org/obp/ui/#search,ISO 3166-2 subdivisions via pycountry/isocodes,REFERENCE_DATA_IMPORTED,NEEDS_AR_TRANSLATION,2026-08-05,Administrative subdivision only; cities are imported in later city files.
UPSERT,reg_gt_19,GT,GTM,Guatemala,غواتيمالا,Republic of Guatemala,Americas,الأمريكتان,Central America,أمريكا الوسطى,GT-19,,,1,department,Department,Zacapa,,Zacapa,true,ISO_3166_2,https://www.iso.org/obp/ui/#search,ISO 3166-2 subdivisions via pycountry/isocodes,REFERENCE_DATA_IMPORTED,NEEDS_AR_TRANSLATION,2026-08-05,Administrative subdivision only; cities are imported in later city files.
UPSERT,reg_gt_20,GT,GTM,Guatemala,غواتيمالا,Republic of Guatemala,Americas,الأمريكتان,Central America,أمريكا الوسطى,GT-20,,,1,department,Department,Chiquimula,,Chiquimula,true,ISO_3166_2,https://www.iso.org/obp/ui/#search,ISO 3166-2 subdivisions via pycountry/isocodes,REFERENCE_DATA_IMPORTED,NEEDS_AR_TRANSLATION,2026-08-05,Administrative subdivision only; cities are imported in later city files.
UPSERT,reg_gt_21,GT,GTM,Guatemala,غواتيمالا,Republic of Guatemala,Americas,الأمريكتان,Central America,أمريكا الوسطى,GT-21,,,1,department,Department,Jalapa,,Jalapa,true,ISO_3166_2,https://www.iso.org/obp/ui/#search,ISO 3166-2 subdivisions via pycountry/isocodes,REFERENCE_DATA_IMPORTED,NEEDS_AR_TRANSLATION,2026-08-05,Administrative subdivision only; cities are imported in later city files.
UPSERT,reg_gt_22,GT,GTM,Guatemala,غواتيمالا,Republic of Guatemala,Americas,الأمريكتان,Central America,أمريكا الوسطى,GT-22,,,1,department,Department,Jutiapa,,Jutiapa,true,ISO_3166_2,https://www.iso.org/obp/ui/#search,ISO 3166-2 subdivisions via pycountry/isocodes,REFERENCE_DATA_IMPORTED,NEEDS_AR_TRANSLATION,2026-08-05,Administrative subdivision only; cities are imported in later city files.
UPSERT,reg_gy_ba,GY,GUY,Guyana,غيانا,Republic of Guyana,Americas,الأمريكتان,South America,أمريكا الجنوبية,GY-BA,,,1,region,Region,Barima-Waini,,Barima-Waini,true,ISO_3166_2,https://www.iso.org/obp/ui/#search,ISO 3166-2 subdivisions via pycountry/isocodes,REFERENCE_DATA_IMPORTED,NEEDS_AR_TRANSLATION,2026-08-05,Administrative subdivision only; cities are imported in later city files.
UPSERT,reg_gy_cu,GY,GUY,Guyana,غيانا,Republic of Guyana,Americas,الأمريكتان,South America,أمريكا الجنوبية,GY-CU,,,1,region,Region,Cuyuni-Mazaruni,,Cuyuni-Mazaruni,true,ISO_3166_2,https://www.iso.org/obp/ui/#search,ISO 3166-2 subdivisions via pycountry/isocodes,REFERENCE_DATA_IMPORTED,NEEDS_AR_TRANSLATION,2026-08-05,Administrative subdivision only; cities are imported in later city files.
UPSERT,reg_gy_de,GY,GUY,Guyana,غيانا,Republic of Guyana,Americas,الأمريكتان,South America,أمريكا الجنوبية,GY-DE,,,1,region,Region,Demerara-Mahaica,,Demerara-Mahaica,true,ISO_3166_2,https://www.iso.org/obp/ui/#search,ISO 3166-2 subdivisions via pycountry/isocodes,REFERENCE_DATA_IMPORTED,NEEDS_AR_TRANSLATION,2026-08-05,Administrative subdivision only; cities are imported in later city files.
UPSERT,reg_gy_eb,GY,GUY,Guyana,غيانا,Republic of Guyana,Americas,الأمريكتان,South America,أمريكا الجنوبية,GY-EB,,,1,region,Region,East Berbice-Corentyne,,East Berbice-Corentyne,true,ISO_3166_2,https://www.iso.org/obp/ui/#search,ISO 3166-2 subdivisions via pycountry/isocodes,REFERENCE_DATA_IMPORTED,NEEDS_AR_TRANSLATION,2026-08-05,Administrative subdivision only; cities are imported in later city files.
UPSERT,reg_gy_es,GY,GUY,Guyana,غيانا,Republic of Guyana,Americas,الأمريكتان,South America,أمريكا الجنوبية,GY-ES,,,1,region,Region,Essequibo Islands-West Demerara,,Essequibo Islands-West Demerara,true,ISO_3166_2,https://www.iso.org/obp/ui/#search,ISO 3166-2 subdivisions via pycountry/isocodes,REFERENCE_DATA_IMPORTED,NEEDS_AR_TRANSLATION,2026-08-05,Administrative subdivision only; cities are imported in later city files.
UPSERT,reg_gy_ma,GY,GUY,Guyana,غيانا,Republic of Guyana,Americas,الأمريكتان,South America,أمريكا الجنوبية,GY-MA,,,1,region,Region,Mahaica-Berbice,,Mahaica-Berbice,true,ISO_3166_2,https://www.iso.org/obp/ui/#search,ISO 3166-2 subdivisions via pycountry/isocodes,REFERENCE_DATA_IMPORTED,NEEDS_AR_TRANSLATION,2026-08-05,Administrative subdivision only; cities are imported in later city files.
UPSERT,reg_gy_pm,GY,GUY,Guyana,غيانا,Republic of Guyana,Americas,الأمريكتان,South America,أمريكا الجنوبية,GY-PM,,,1,region,Region,Pomeroon-Supenaam,,Pomeroon-Supenaam,true,ISO_3166_2,https://www.iso.org/obp/ui/#search,ISO 3166-2 subdivisions via pycountry/isocodes,REFERENCE_DATA_IMPORTED,NEEDS_AR_TRANSLATION,2026-08-05,Administrative subdivision only; cities are imported in later city files.
UPSERT,reg_gy_pt,GY,GUY,Guyana,غيانا,Republic of Guyana,Americas,الأمريكتان,South America,أمريكا الجنوبية,GY-PT,,,1,region,Region,Potaro-Siparuni,,Potaro-Siparuni,true,ISO_3166_2,https://www.iso.org/obp/ui/#search,ISO 3166-2 subdivisions via pycountry/isocodes,REFERENCE_DATA_IMPORTED,NEEDS_AR_TRANSLATION,2026-08-05,Administrative subdivision only; cities are imported in later city files.
UPSERT,reg_gy_ud,GY,GUY,Guyana,غيانا,Republic of Guyana,Americas,الأمريكتان,South America,أمريكا الجنوبية,GY-UD,,,1,region,Region,Upper Demerara-Berbice,,Upper Demerara-Berbice,true,ISO_3166_2,https://www.iso.org/obp/ui/#search,ISO 3166-2 subdivisions via pycountry/isocodes,REFERENCE_DATA_IMPORTED,NEEDS_AR_TRANSLATION,2026-08-05,Administrative subdivision only; cities are imported in later city files.
UPSERT,reg_gy_ut,GY,GUY,Guyana,غيانا,Republic of Guyana,Americas,الأمريكتان,South America,أمريكا الجنوبية,GY-UT,,,1,region,Region,Upper Takutu-Upper Essequibo,,Upper Takutu-Upper Essequibo,true,ISO_3166_2,https://www.iso.org/obp/ui/#search,ISO 3166-2 subdivisions via pycountry/isocodes,REFERENCE_DATA_IMPORTED,NEEDS_AR_TRANSLATION,2026-08-05,Administrative subdivision only; cities are imported in later city files.
UPSERT,reg_hn_at,HN,HND,Honduras,هندوراس,Republic of Honduras,Americas,الأمريكتان,Central America,أمريكا الوسطى,HN-AT,,,1,department,Department,Atlántida,,Atlántida,true,ISO_3166_2,https://www.iso.org/obp/ui/#search,ISO 3166-2 subdivisions via pycountry/isocodes,REFERENCE_DATA_IMPORTED,NEEDS_AR_TRANSLATION,2026-08-05,Administrative subdivision only; cities are imported in later city files.
UPSERT,reg_hn_ch,HN,HND,Honduras,هندوراس,Republic of Honduras,Americas,الأمريكتان,Central America,أمريكا الوسطى,HN-CH,,,1,department,Department,Choluteca,,Choluteca,true,ISO_3166_2,https://www.iso.org/obp/ui/#search,ISO 3166-2 subdivisions via pycountry/isocodes,REFERENCE_DATA_IMPORTED,NEEDS_AR_TRANSLATION,2026-08-05,Administrative subdivision only; cities are imported in later city files.
UPSERT,reg_hn_cl,HN,HND,Honduras,هندوراس,Republic of Honduras,Americas,الأمريكتان,Central America,أمريكا الوسطى,HN-CL,,,1,department,Department,Colón,,Colón,true,ISO_3166_2,https://www.iso.org/obp/ui/#search,ISO 3166-2 subdivisions via pycountry/isocodes,REFERENCE_DATA_IMPORTED,NEEDS_AR_TRANSLATION,2026-08-05,Administrative subdivision only; cities are imported in later city files.
UPSERT,reg_hn_cm,HN,HND,Honduras,هندوراس,Republic of Honduras,Americas,الأمريكتان,Central America,أمريكا الوسطى,HN-CM,,,1,department,Department,Comayagua,,Comayagua,true,ISO_3166_2,https://www.iso.org/obp/ui/#search,ISO 3166-2 subdivisions via pycountry/isocodes,REFERENCE_DATA_IMPORTED,NEEDS_AR_TRANSLATION,2026-08-05,Administrative subdivision only; cities are imported in later city files.
UPSERT,reg_hn_cp,HN,HND,Honduras,هندوراس,Republic of Honduras,Americas,الأمريكتان,Central America,أمريكا الوسطى,HN-CP,,,1,department,Department,Copán,,Copán,true,ISO_3166_2,https://www.iso.org/obp/ui/#search,ISO 3166-2 subdivisions via pycountry/isocodes,REFERENCE_DATA_IMPORTED,NEEDS_AR_TRANSLATION,2026-08-05,Administrative subdivision only; cities are imported in later city files.
UPSERT,reg_hn_cr,HN,HND,Honduras,هندوراس,Republic of Honduras,Americas,الأمريكتان,Central America,أمريكا الوسطى,HN-CR,,,1,department,Department,Cortés,,Cortés,true,ISO_3166_2,https://www.iso.org/obp/ui/#search,ISO 3166-2 subdivisions via pycountry/isocodes,REFERENCE_DATA_IMPORTED,NEEDS_AR_TRANSLATION,2026-08-05,Administrative subdivision only; cities are imported in later city files.
UPSERT,reg_hn_ep,HN,HND,Honduras,هندوراس,Republic of Honduras,Americas,الأمريكتان,Central America,أمريكا الوسطى,HN-EP,,,1,department,Department,El Paraíso,,El Paraíso,true,ISO_3166_2,https://www.iso.org/obp/ui/#search,ISO 3166-2 subdivisions via pycountry/isocodes,REFERENCE_DATA_IMPORTED,NEEDS_AR_TRANSLATION,2026-08-05,Administrative subdivision only; cities are imported in later city files.
UPSERT,reg_hn_fm,HN,HND,Honduras,هندوراس,Republic of Honduras,Americas,الأمريكتان,Central America,أمريكا الوسطى,HN-FM,,,1,department,Department,Francisco Morazán,,Francisco Morazán,true,ISO_3166_2,https://www.iso.org/obp/ui/#search,ISO 3166-2 subdivisions via pycountry/isocodes,REFERENCE_DATA_IMPORTED,NEEDS_AR_TRANSLATION,2026-08-05,Administrative subdivision only; cities are imported in later city files.
UPSERT,reg_hn_gd,HN,HND,Honduras,هندوراس,Republic of Honduras,Americas,الأمريكتان,Central America,أمريكا الوسطى,HN-GD,,,1,department,Department,Gracias a Dios,,Gracias a Dios,true,ISO_3166_2,https://www.iso.org/obp/ui/#search,ISO 3166-2 subdivisions via pycountry/isocodes,REFERENCE_DATA_IMPORTED,NEEDS_AR_TRANSLATION,2026-08-05,Administrative subdivision only; cities are imported in later city files.
UPSERT,reg_hn_ib,HN,HND,Honduras,هندوراس,Republic of Honduras,Americas,الأمريكتان,Central America,أمريكا الوسطى,HN-IB,,,1,department,Department,Islas de la Bahía,,Islas de la Bahía,true,ISO_3166_2,https://www.iso.org/obp/ui/#search,ISO 3166-2 subdivisions via pycountry/isocodes,REFERENCE_DATA_IMPORTED,NEEDS_AR_TRANSLATION,2026-08-05,Administrative subdivision only; cities are imported in later city files.
UPSERT,reg_hn_in,HN,HND,Honduras,هندوراس,Republic of Honduras,Americas,الأمريكتان,Central America,أمريكا الوسطى,HN-IN,,,1,department,Department,Intibucá,,Intibucá,true,ISO_3166_2,https://www.iso.org/obp/ui/#search,ISO 3166-2 subdivisions via pycountry/isocodes,REFERENCE_DATA_IMPORTED,NEEDS_AR_TRANSLATION,2026-08-05,Administrative subdivision only; cities are imported in later city files.
UPSERT,reg_hn_le,HN,HND,Honduras,هندوراس,Republic of Honduras,Americas,الأمريكتان,Central America,أمريكا الوسطى,HN-LE,,,1,department,Department,Lempira,,Lempira,true,ISO_3166_2,https://www.iso.org/obp/ui/#search,ISO 3166-2 subdivisions via pycountry/isocodes,REFERENCE_DATA_IMPORTED,NEEDS_AR_TRANSLATION,2026-08-05,Administrative subdivision only; cities are imported in later city files.
UPSERT,reg_hn_lp,HN,HND,Honduras,هندوراس,Republic of Honduras,Americas,الأمريكتان,Central America,أمريكا الوسطى,HN-LP,,,1,department,Department,La Paz,,La Paz,true,ISO_3166_2,https://www.iso.org/obp/ui/#search,ISO 3166-2 subdivisions via pycountry/isocodes,REFERENCE_DATA_IMPORTED,NEEDS_AR_TRANSLATION,2026-08-05,Administrative subdivision only; cities are imported in later city files.
UPSERT,reg_hn_oc,HN,HND,Honduras,هندوراس,Republic of Honduras,Americas,الأمريكتان,Central America,أمريكا الوسطى,HN-OC,,,1,department,Department,Ocotepeque,,Ocotepeque,true,ISO_3166_2,https://www.iso.org/obp/ui/#search,ISO 3166-2 subdivisions via pycountry/isocodes,REFERENCE_DATA_IMPORTED,NEEDS_AR_TRANSLATION,2026-08-05,Administrative subdivision only; cities are imported in later city files.
UPSERT,reg_hn_ol,HN,HND,Honduras,هندوراس,Republic of Honduras,Americas,الأمريكتان,Central America,أمريكا الوسطى,HN-OL,,,1,department,Department,Olancho,,Olancho,true,ISO_3166_2,https://www.iso.org/obp/ui/#search,ISO 3166-2 subdivisions via pycountry/isocodes,REFERENCE_DATA_IMPORTED,NEEDS_AR_TRANSLATION,2026-08-05,Administrative subdivision only; cities are imported in later city files.
UPSERT,reg_hn_sb,HN,HND,Honduras,هندوراس,Republic of Honduras,Americas,الأمريكتان,Central America,أمريكا الوسطى,HN-SB,,,1,department,Department,Santa Bárbara,,Santa Bárbara,true,ISO_3166_2,https://www.iso.org/obp/ui/#search,ISO 3166-2 subdivisions via pycountry/isocodes,REFERENCE_DATA_IMPORTED,NEEDS_AR_TRANSLATION,2026-08-05,Administrative subdivision only; cities are imported in later city files.
UPSERT,reg_hn_va,HN,HND,Honduras,هندوراس,Republic of Honduras,Americas,الأمريكتان,Central America,أمريكا الوسطى,HN-VA,,,1,department,Department,Valle,,Valle,true,ISO_3166_2,https://www.iso.org/obp/ui/#search,ISO 3166-2 subdivisions via pycountry/isocodes,REFERENCE_DATA_IMPORTED,NEEDS_AR_TRANSLATION,2026-08-05,Administrative subdivision only; cities are imported in later city files.
UPSERT,reg_hn_yo,HN,HND,Honduras,هندوراس,Republic of Honduras,Americas,الأمريكتان,Central America,أمريكا الوسطى,HN-YO,,,1,department,Department,Yoro,,Yoro,true,ISO_3166_2,https://www.iso.org/obp/ui/#search,ISO 3166-2 subdivisions via pycountry/isocodes,REFERENCE_DATA_IMPORTED,NEEDS_AR_TRANSLATION,2026-08-05,Administrative subdivision only; cities are imported in later city files.
UPSERT,reg_ht_ar,HT,HTI,Haiti,هايتي,Republic of Haiti,Americas,الأمريكتان,Caribbean,الكاريبي,HT-AR,,,1,department,Department,Artibonite,,Artibonite,true,ISO_3166_2,https://www.iso.org/obp/ui/#search,ISO 3166-2 subdivisions via pycountry/isocodes,REFERENCE_DATA_IMPORTED,NEEDS_AR_TRANSLATION,2026-08-05,Administrative subdivision only; cities are imported in later city files.
UPSERT,reg_ht_ce,HT,HTI,Haiti,هايتي,Republic of Haiti,Americas,الأمريكتان,Caribbean,الكاريبي,HT-CE,,,1,department,Department,Centre,,Centre,true,ISO_3166_2,https://www.iso.org/obp/ui/#search,ISO 3166-2 subdivisions via pycountry/isocodes,REFERENCE_DATA_IMPORTED,NEEDS_AR_TRANSLATION,2026-08-05,Administrative subdivision only; cities are imported in later city files.
UPSERT,reg_ht_ga,HT,HTI,Haiti,هايتي,Republic of Haiti,Americas,الأمريكتان,Caribbean,الكاريبي,HT-GA,,,1,department,Department,Grande’Anse,,Grande’Anse,true,ISO_3166_2,https://www.iso.org/obp/ui/#search,ISO 3166-2 subdivisions via pycountry/isocodes,REFERENCE_DATA_IMPORTED,NEEDS_AR_TRANSLATION,2026-08-05,Administrative subdivision only; cities are imported in later city files.
UPSERT,reg_ht_nd,HT,HTI,Haiti,هايتي,Republic of Haiti,Americas,الأمريكتان,Caribbean,الكاريبي,HT-ND,,,1,department,Department,Nord,,Nord,true,ISO_3166_2,https://www.iso.org/obp/ui/#search,ISO 3166-2 subdivisions via pycountry/isocodes,REFERENCE_DATA_IMPORTED,NEEDS_AR_TRANSLATION,2026-08-05,Administrative subdivision only; cities are imported in later city files.
UPSERT,reg_ht_ne,HT,HTI,Haiti,هايتي,Republic of Haiti,Americas,الأمريكتان,Caribbean,الكاريبي,HT-NE,,,1,department,Department,Nord-Est,,Nord-Est,true,ISO_3166_2,https://www.iso.org/obp/ui/#search,ISO 3166-2 subdivisions via pycountry/isocodes,REFERENCE_DATA_IMPORTED,NEEDS_AR_TRANSLATION,2026-08-05,Administrative subdivision only; cities are imported in later city files.
UPSERT,reg_ht_ni,HT,HTI,Haiti,هايتي,Republic of Haiti,Americas,الأمريكتان,Caribbean,الكاريبي,HT-NI,,,1,department,Department,Nippes,,Nippes,true,ISO_3166_2,https://www.iso.org/obp/ui/#search,ISO 3166-2 subdivisions via pycountry/isocodes,REFERENCE_DATA_IMPORTED,NEEDS_AR_TRANSLATION,2026-08-05,Administrative subdivision only; cities are imported in later city files.
UPSERT,reg_ht_no,HT,HTI,Haiti,هايتي,Republic of Haiti,Americas,الأمريكتان,Caribbean,الكاريبي,HT-NO,,,1,department,Department,Nord-Ouest,,Nord-Ouest,true,ISO_3166_2,https://www.iso.org/obp/ui/#search,ISO 3166-2 subdivisions via pycountry/isocodes,REFERENCE_DATA_IMPORTED,NEEDS_AR_TRANSLATION,2026-08-05,Administrative subdivision only; cities are imported in later city files.
UPSERT,reg_ht_ou,HT,HTI,Haiti,هايتي,Republic of Haiti,Americas,الأمريكتان,Caribbean,الكاريبي,HT-OU,,,1,department,Department,Ouest,,Ouest,true,ISO_3166_2,https://www.iso.org/obp/ui/#search,ISO 3166-2 subdivisions via pycountry/isocodes,REFERENCE_DATA_IMPORTED,NEEDS_AR_TRANSLATION,2026-08-05,Administrative subdivision only; cities are imported in later city files.
UPSERT,reg_ht_sd,HT,HTI,Haiti,هايتي,Republic of Haiti,Americas,الأمريكتان,Caribbean,الكاريبي,HT-SD,,,1,department,Department,Sud,,Sud,true,ISO_3166_2,https://www.iso.org/obp/ui/#search,ISO 3166-2 subdivisions via pycountry/isocodes,REFERENCE_DATA_IMPORTED,NEEDS_AR_TRANSLATION,2026-08-05,Administrative subdivision only; cities are imported in later city files.
UPSERT,reg_ht_se,HT,HTI,Haiti,هايتي,Republic of Haiti,Americas,الأمريكتان,Caribbean,الكاريبي,HT-SE,,,1,department,Department,Sud-Est,,Sud-Est,true,ISO_3166_2,https://www.iso.org/obp/ui/#search,ISO 3166-2 subdivisions via pycountry/isocodes,REFERENCE_DATA_IMPORTED,NEEDS_AR_TRANSLATION,2026-08-05,Administrative subdivision only; cities are imported in later city files.
UPSERT,reg_jm_01,JM,JAM,Jamaica,جامايكا,,Americas,الأمريكتان,Caribbean,الكاريبي,JM-01,,,1,parish,Parish,Kingston,,Kingston,true,ISO_3166_2,https://www.iso.org/obp/ui/#search,ISO 3166-2 subdivisions via pycountry/isocodes,REFERENCE_DATA_IMPORTED,NEEDS_AR_TRANSLATION,2026-08-05,Administrative subdivision only; cities are imported in later city files.
UPSERT,reg_jm_02,JM,JAM,Jamaica,جامايكا,,Americas,الأمريكتان,Caribbean,الكاريبي,JM-02,,,1,parish,Parish,Saint Andrew,,Saint Andrew,true,ISO_3166_2,https://www.iso.org/obp/ui/#search,ISO 3166-2 subdivisions via pycountry/isocodes,REFERENCE_DATA_IMPORTED,NEEDS_AR_TRANSLATION,2026-08-05,Administrative subdivision only; cities are imported in later city files.
UPSERT,reg_jm_03,JM,JAM,Jamaica,جامايكا,,Americas,الأمريكتان,Caribbean,الكاريبي,JM-03,,,1,parish,Parish,Saint Thomas,,Saint Thomas,true,ISO_3166_2,https://www.iso.org/obp/ui/#search,ISO 3166-2 subdivisions via pycountry/isocodes,REFERENCE_DATA_IMPORTED,NEEDS_AR_TRANSLATION,2026-08-05,Administrative subdivision only; cities are imported in later city files.
UPSERT,reg_jm_04,JM,JAM,Jamaica,جامايكا,,Americas,الأمريكتان,Caribbean,الكاريبي,JM-04,,,1,parish,Parish,Portland,,Portland,true,ISO_3166_2,https://www.iso.org/obp/ui/#search,ISO 3166-2 subdivisions via pycountry/isocodes,REFERENCE_DATA_IMPORTED,NEEDS_AR_TRANSLATION,2026-08-05,Administrative subdivision only; cities are imported in later city files.
UPSERT,reg_jm_05,JM,JAM,Jamaica,جامايكا,,Americas,الأمريكتان,Caribbean,الكاريبي,JM-05,,,1,parish,Parish,Saint Mary,,Saint Mary,true,ISO_3166_2,https://www.iso.org/obp/ui/#search,ISO 3166-2 subdivisions via pycountry/isocodes,REFERENCE_DATA_IMPORTED,NEEDS_AR_TRANSLATION,2026-08-05,Administrative subdivision only; cities are imported in later city files.
UPSERT,reg_jm_06,JM,JAM,Jamaica,جامايكا,,Americas,الأمريكتان,Caribbean,الكاريبي,JM-06,,,1,parish,Parish,Saint Ann,,Saint Ann,true,ISO_3166_2,https://www.iso.org/obp/ui/#search,ISO 3166-2 subdivisions via pycountry/isocodes,REFERENCE_DATA_IMPORTED,NEEDS_AR_TRANSLATION,2026-08-05,Administrative subdivision only; cities are imported in later city files.
UPSERT,reg_jm_07,JM,JAM,Jamaica,جامايكا,,Americas,الأمريكتان,Caribbean,الكاريبي,JM-07,,,1,parish,Parish,Trelawny,,Trelawny,true,ISO_3166_2,https://www.iso.org/obp/ui/#search,ISO 3166-2 subdivisions via pycountry/isocodes,REFERENCE_DATA_IMPORTED,NEEDS_AR_TRANSLATION,2026-08-05,Administrative subdivision only; cities are imported in later city files.
UPSERT,reg_jm_08,JM,JAM,Jamaica,جامايكا,,Americas,الأمريكتان,Caribbean,الكاريبي,JM-08,,,1,parish,Parish,Saint James,,Saint James,true,ISO_3166_2,https://www.iso.org/obp/ui/#search,ISO 3166-2 subdivisions via pycountry/isocodes,REFERENCE_DATA_IMPORTED,NEEDS_AR_TRANSLATION,2026-08-05,Administrative subdivision only; cities are imported in later city files.
UPSERT,reg_jm_09,JM,JAM,Jamaica,جامايكا,,Americas,الأمريكتان,Caribbean,الكاريبي,JM-09,,,1,parish,Parish,Hanover,,Hanover,true,ISO_3166_2,https://www.iso.org/obp/ui/#search,ISO 3166-2 subdivisions via pycountry/isocodes,REFERENCE_DATA_IMPORTED,NEEDS_AR_TRANSLATION,2026-08-05,Administrative subdivision only; cities are imported in later city files.
UPSERT,reg_jm_10,JM,JAM,Jamaica,جامايكا,,Americas,الأمريكتان,Caribbean,الكاريبي,JM-10,,,1,parish,Parish,Westmoreland,,Westmoreland,true,ISO_3166_2,https://www.iso.org/obp/ui/#search,ISO 3166-2 subdivisions via pycountry/isocodes,REFERENCE_DATA_IMPORTED,NEEDS_AR_TRANSLATION,2026-08-05,Administrative subdivision only; cities are imported in later city files.
UPSERT,reg_jm_11,JM,JAM,Jamaica,جامايكا,,Americas,الأمريكتان,Caribbean,الكاريبي,JM-11,,,1,parish,Parish,Saint Elizabeth,,Saint Elizabeth,true,ISO_3166_2,https://www.iso.org/obp/ui/#search,ISO 3166-2 subdivisions via pycountry/isocodes,REFERENCE_DATA_IMPORTED,NEEDS_AR_TRANSLATION,2026-08-05,Administrative subdivision only; cities are imported in later city files.
UPSERT,reg_jm_12,JM,JAM,Jamaica,جامايكا,,Americas,الأمريكتان,Caribbean,الكاريبي,JM-12,,,1,parish,Parish,Manchester,,Manchester,true,ISO_3166_2,https://www.iso.org/obp/ui/#search,ISO 3166-2 subdivisions via pycountry/isocodes,REFERENCE_DATA_IMPORTED,NEEDS_AR_TRANSLATION,2026-08-05,Administrative subdivision only; cities are imported in later city files.
UPSERT,reg_jm_13,JM,JAM,Jamaica,جامايكا,,Americas,الأمريكتان,Caribbean,الكاريبي,JM-13,,,1,parish,Parish,Clarendon,,Clarendon,true,ISO_3166_2,https://www.iso.org/obp/ui/#search,ISO 3166-2 subdivisions via pycountry/isocodes,REFERENCE_DATA_IMPORTED,NEEDS_AR_TRANSLATION,2026-08-05,Administrative subdivision only; cities are imported in later city files.
UPSERT,reg_jm_14,JM,JAM,Jamaica,جامايكا,,Americas,الأمريكتان,Caribbean,الكاريبي,JM-14,,,1,parish,Parish,Saint Catherine,,Saint Catherine,true,ISO_3166_2,https://www.iso.org/obp/ui/#search,ISO 3166-2 subdivisions via pycountry/isocodes,REFERENCE_DATA_IMPORTED,NEEDS_AR_TRANSLATION,2026-08-05,Administrative subdivision only; cities are imported in later city files.
UPSERT,reg_kn_01,KN,KNA,Saint Kitts and Nevis,سانت كيتس ونيفيس,,Americas,الأمريكتان,Caribbean,الكاريبي,KN-01,KN-K,Saint Kitts,2,parish,Parish,Christ Church Nichola Town,,Christ Church Nichola Town,true,ISO_3166_2,https://www.iso.org/obp/ui/#search,ISO 3166-2 subdivisions via pycountry/isocodes,REFERENCE_DATA_IMPORTED,NEEDS_AR_TRANSLATION,2026-08-05,Administrative subdivision only; cities are imported in later city files.
UPSERT,reg_kn_02,KN,KNA,Saint Kitts and Nevis,سانت كيتس ونيفيس,,Americas,الأمريكتان,Caribbean,الكاريبي,KN-02,KN-K,Saint Kitts,2,parish,Parish,Saint Anne Sandy Point,,Saint Anne Sandy Point,true,ISO_3166_2,https://www.iso.org/obp/ui/#search,ISO 3166-2 subdivisions via pycountry/isocodes,REFERENCE_DATA_IMPORTED,NEEDS_AR_TRANSLATION,2026-08-05,Administrative subdivision only; cities are imported in later city files.
UPSERT,reg_kn_03,KN,KNA,Saint Kitts and Nevis,سانت كيتس ونيفيس,,Americas,الأمريكتان,Caribbean,الكاريبي,KN-03,KN-K,Saint Kitts,2,parish,Parish,Saint George Basseterre,,Saint George Basseterre,true,ISO_3166_2,https://www.iso.org/obp/ui/#search,ISO 3166-2 subdivisions via pycountry/isocodes,REFERENCE_DATA_IMPORTED,NEEDS_AR_TRANSLATION,2026-08-05,Administrative subdivision only; cities are imported in later city files.
UPSERT,reg_kn_04,KN,KNA,Saint Kitts and Nevis,سانت كيتس ونيفيس,,Americas,الأمريكتان,Caribbean,الكاريبي,KN-04,KN-N,Nevis,2,parish,Parish,Saint George Gingerland,,Saint George Gingerland,true,ISO_3166_2,https://www.iso.org/obp/ui/#search,ISO 3166-2 subdivisions via pycountry/isocodes,REFERENCE_DATA_IMPORTED,NEEDS_AR_TRANSLATION,2026-08-05,Administrative subdivision only; cities are imported in later city files.
UPSERT,reg_kn_05,KN,KNA,Saint Kitts and Nevis,سانت كيتس ونيفيس,,Americas,الأمريكتان,Caribbean,الكاريبي,KN-05,KN-N,Nevis,2,parish,Parish,Saint James Windward,,Saint James Windward,true,ISO_3166_2,https://www.iso.org/obp/ui/#search,ISO 3166-2 subdivisions via pycountry/isocodes,REFERENCE_DATA_IMPORTED,NEEDS_AR_TRANSLATION,2026-08-05,Administrative subdivision only; cities are imported in later city files.
UPSERT,reg_kn_06,KN,KNA,Saint Kitts and Nevis,سانت كيتس ونيفيس,,Americas,الأمريكتان,Caribbean,الكاريبي,KN-06,KN-K,Saint Kitts,2,parish,Parish,Saint John Capisterre,,Saint John Capisterre,true,ISO_3166_2,https://www.iso.org/obp/ui/#search,ISO 3166-2 subdivisions via pycountry/isocodes,REFERENCE_DATA_IMPORTED,NEEDS_AR_TRANSLATION,2026-08-05,Administrative subdivision only; cities are imported in later city files.
UPSERT,reg_kn_07,KN,KNA,Saint Kitts and Nevis,سانت كيتس ونيفيس,,Americas,الأمريكتان,Caribbean,الكاريبي,KN-07,KN-N,Nevis,2,parish,Parish,Saint John Figtree,,Saint John Figtree,true,ISO_3166_2,https://www.iso.org/obp/ui/#search,ISO 3166-2 subdivisions via pycountry/isocodes,REFERENCE_DATA_IMPORTED,NEEDS_AR_TRANSLATION,2026-08-05,Administrative subdivision only; cities are imported in later city files.
UPSERT,reg_kn_08,KN,KNA,Saint Kitts and Nevis,سانت كيتس ونيفيس,,Americas,الأمريكتان,Caribbean,الكاريبي,KN-08,KN-K,Saint Kitts,2,parish,Parish,Saint Mary Cayon,,Saint Mary Cayon,true,ISO_3166_2,https://www.iso.org/obp/ui/#search,ISO 3166-2 subdivisions via pycountry/isocodes,REFERENCE_DATA_IMPORTED,NEEDS_AR_TRANSLATION,2026-08-05,Administrative subdivision only; cities are imported in later city files.
UPSERT,reg_kn_09,KN,KNA,Saint Kitts and Nevis,سانت كيتس ونيفيس,,Americas,الأمريكتان,Caribbean,الكاريبي,KN-09,KN-K,Saint Kitts,2,parish,Parish,Saint Paul Capisterre,,Saint Paul Capisterre,true,ISO_3166_2,https://www.iso.org/obp/ui/#search,ISO 3166-2 subdivisions via pycountry/isocodes,REFERENCE_DATA_IMPORTED,NEEDS_AR_TRANSLATION,2026-08-05,Administrative subdivision only; cities are imported in later city files.
UPSERT,reg_kn_10,KN,KNA,Saint Kitts and Nevis,سانت كيتس ونيفيس,,Americas,الأمريكتان,Caribbean,الكاريبي,KN-10,KN-N,Nevis,2,parish,Parish,Saint Paul Charlestown,,Saint Paul Charlestown,true,ISO_3166_2,https://www.iso.org/obp/ui/#search,ISO 3166-2 subdivisions via pycountry/isocodes,REFERENCE_DATA_IMPORTED,NEEDS_AR_TRANSLATION,2026-08-05,Administrative subdivision only; cities are imported in later city files.
UPSERT,reg_kn_11,KN,KNA,Saint Kitts and Nevis,سانت كيتس ونيفيس,,Americas,الأمريكتان,Caribbean,الكاريبي,KN-11,KN-K,Saint Kitts,2,parish,Parish,Saint Peter Basseterre,,Saint Peter Basseterre,true,ISO_3166_2,https://www.iso.org/obp/ui/#search,ISO 3166-2 subdivisions via pycountry/isocodes,REFERENCE_DATA_IMPORTED,NEEDS_AR_TRANSLATION,2026-08-05,Administrative subdivision only; cities are imported in later city files.
UPSERT,reg_kn_12,KN,KNA,Saint Kitts and Nevis,سانت كيتس ونيفيس,,Americas,الأمريكتان,Caribbean,الكاريبي,KN-12,KN-N,Nevis,2,parish,Parish,Saint Thomas Lowland,,Saint Thomas Lowland,true,ISO_3166_2,https://www.iso.org/obp/ui/#search,ISO 3166-2 subdivisions via pycountry/isocodes,REFERENCE_DATA_IMPORTED,NEEDS_AR_TRANSLATION,2026-08-05,Administrative subdivision only; cities are imported in later city files.
UPSERT,reg_kn_13,KN,KNA,Saint Kitts and Nevis,سانت كيتس ونيفيس,,Americas,الأمريكتان,Caribbean,الكاريبي,KN-13,KN-K,Saint Kitts,2,parish,Parish,Saint Thomas Middle Island,,Saint Thomas Middle Island,true,ISO_3166_2,https://www.iso.org/obp/ui/#search,ISO 3166-2 subdivisions via pycountry/isocodes,REFERENCE_DATA_IMPORTED,NEEDS_AR_TRANSLATION,2026-08-05,Administrative subdivision only; cities are imported in later city files.
UPSERT,reg_kn_15,KN,KNA,Saint Kitts and Nevis,سانت كيتس ونيفيس,,Americas,الأمريكتان,Caribbean,الكاريبي,KN-15,KN-K,Saint Kitts,2,parish,Parish,Trinity Palmetto Point,,Trinity Palmetto Point,true,ISO_3166_2,https://www.iso.org/obp/ui/#search,ISO 3166-2 subdivisions via pycountry/isocodes,REFERENCE_DATA_IMPORTED,NEEDS_AR_TRANSLATION,2026-08-05,Administrative subdivision only; cities are imported in later city files.
UPSERT,reg_kn_k,KN,KNA,Saint Kitts and Nevis,سانت كيتس ونيفيس,,Americas,الأمريكتان,Caribbean,الكاريبي,KN-K,,,1,state,State,Saint Kitts,,Saint Kitts,true,ISO_3166_2,https://www.iso.org/obp/ui/#search,ISO 3166-2 subdivisions via pycountry/isocodes,REFERENCE_DATA_IMPORTED,NEEDS_AR_TRANSLATION,2026-08-05,Administrative subdivision only; cities are imported in later city files.
UPSERT,reg_kn_n,KN,KNA,Saint Kitts and Nevis,سانت كيتس ونيفيس,,Americas,الأمريكتان,Caribbean,الكاريبي,KN-N,,,1,state,State,Nevis,,Nevis,true,ISO_3166_2,https://www.iso.org/obp/ui/#search,ISO 3166-2 subdivisions via pycountry/isocodes,REFERENCE_DATA_IMPORTED,NEEDS_AR_TRANSLATION,2026-08-05,Administrative subdivision only; cities are imported in later city files.
UPSERT,reg_lc_01,LC,LCA,Saint Lucia,سانت لوسيا,,Americas,الأمريكتان,Caribbean,الكاريبي,LC-01,,,1,district,District,Anse la Raye,,Anse la Raye,true,ISO_3166_2,https://www.iso.org/obp/ui/#search,ISO 3166-2 subdivisions via pycountry/isocodes,REFERENCE_DATA_IMPORTED,NEEDS_AR_TRANSLATION,2026-08-05,Administrative subdivision only; cities are imported in later city files.
UPSERT,reg_lc_02,LC,LCA,Saint Lucia,سانت لوسيا,,Americas,الأمريكتان,Caribbean,الكاريبي,LC-02,,,1,district,District,Castries,,Castries,true,ISO_3166_2,https://www.iso.org/obp/ui/#search,ISO 3166-2 subdivisions via pycountry/isocodes,REFERENCE_DATA_IMPORTED,NEEDS_AR_TRANSLATION,2026-08-05,Administrative subdivision only; cities are imported in later city files.
UPSERT,reg_lc_03,LC,LCA,Saint Lucia,سانت لوسيا,,Americas,الأمريكتان,Caribbean,الكاريبي,LC-03,,,1,district,District,Choiseul,,Choiseul,true,ISO_3166_2,https://www.iso.org/obp/ui/#search,ISO 3166-2 subdivisions via pycountry/isocodes,REFERENCE_DATA_IMPORTED,NEEDS_AR_TRANSLATION,2026-08-05,Administrative subdivision only; cities are imported in later city files.
UPSERT,reg_lc_05,LC,LCA,Saint Lucia,سانت لوسيا,,Americas,الأمريكتان,Caribbean,الكاريبي,LC-05,,,1,district,District,Dennery,,Dennery,true,ISO_3166_2,https://www.iso.org/obp/ui/#search,ISO 3166-2 subdivisions via pycountry/isocodes,REFERENCE_DATA_IMPORTED,NEEDS_AR_TRANSLATION,2026-08-05,Administrative subdivision only; cities are imported in later city files.
UPSERT,reg_lc_06,LC,LCA,Saint Lucia,سانت لوسيا,,Americas,الأمريكتان,Caribbean,الكاريبي,LC-06,,,1,district,District,Gros Islet,,Gros Islet,true,ISO_3166_2,https://www.iso.org/obp/ui/#search,ISO 3166-2 subdivisions via pycountry/isocodes,REFERENCE_DATA_IMPORTED,NEEDS_AR_TRANSLATION,2026-08-05,Administrative subdivision only; cities are imported in later city files.
UPSERT,reg_lc_07,LC,LCA,Saint Lucia,سانت لوسيا,,Americas,الأمريكتان,Caribbean,الكاريبي,LC-07,,,1,district,District,Laborie,,Laborie,true,ISO_3166_2,https://www.iso.org/obp/ui/#search,ISO 3166-2 subdivisions via pycountry/isocodes,REFERENCE_DATA_IMPORTED,NEEDS_AR_TRANSLATION,2026-08-05,Administrative subdivision only; cities are imported in later city files.
UPSERT,reg_lc_08,LC,LCA,Saint Lucia,سانت لوسيا,,Americas,الأمريكتان,Caribbean,الكاريبي,LC-08,,,1,district,District,Micoud,,Micoud,true,ISO_3166_2,https://www.iso.org/obp/ui/#search,ISO 3166-2 subdivisions via pycountry/isocodes,REFERENCE_DATA_IMPORTED,NEEDS_AR_TRANSLATION,2026-08-05,Administrative subdivision only; cities are imported in later city files.
UPSERT,reg_lc_10,LC,LCA,Saint Lucia,سانت لوسيا,,Americas,الأمريكتان,Caribbean,الكاريبي,LC-10,,,1,district,District,Soufrière,,Soufrière,true,ISO_3166_2,https://www.iso.org/obp/ui/#search,ISO 3166-2 subdivisions via pycountry/isocodes,REFERENCE_DATA_IMPORTED,NEEDS_AR_TRANSLATION,2026-08-05,Administrative subdivision only; cities are imported in later city files.
UPSERT,reg_lc_11,LC,LCA,Saint Lucia,سانت لوسيا,,Americas,الأمريكتان,Caribbean,الكاريبي,LC-11,,,1,district,District,Vieux Fort,,Vieux Fort,true,ISO_3166_2,https://www.iso.org/obp/ui/#search,ISO 3166-2 subdivisions via pycountry/isocodes,REFERENCE_DATA_IMPORTED,NEEDS_AR_TRANSLATION,2026-08-05,Administrative subdivision only; cities are imported in later city files.
UPSERT,reg_lc_12,LC,LCA,Saint Lucia,سانت لوسيا,,Americas,الأمريكتان,Caribbean,الكاريبي,LC-12,,,1,district,District,Canaries,,Canaries,true,ISO_3166_2,https://www.iso.org/obp/ui/#search,ISO 3166-2 subdivisions via pycountry/isocodes,REFERENCE_DATA_IMPORTED,NEEDS_AR_TRANSLATION,2026-08-05,Administrative subdivision only; cities are imported in later city files.
UPSERT,reg_mx_agu,MX,MEX,Mexico,المكسيك,United Mexican States,Americas,الأمريكتان,Central America,أمريكا الوسطى,MX-AGU,,,1,state,State,Aguascalientes,,Aguascalientes,true,ISO_3166_2,https://www.iso.org/obp/ui/#search,ISO 3166-2 subdivisions via pycountry/isocodes,REFERENCE_DATA_IMPORTED,NEEDS_AR_TRANSLATION,2026-08-05,Administrative subdivision only; cities are imported in later city files.
UPSERT,reg_mx_bcn,MX,MEX,Mexico,المكسيك,United Mexican States,Americas,الأمريكتان,Central America,أمريكا الوسطى,MX-BCN,,,1,state,State,Baja California,,Baja California,true,ISO_3166_2,https://www.iso.org/obp/ui/#search,ISO 3166-2 subdivisions via pycountry/isocodes,REFERENCE_DATA_IMPORTED,NEEDS_AR_TRANSLATION,2026-08-05,Administrative subdivision only; cities are imported in later city files.
UPSERT,reg_mx_bcs,MX,MEX,Mexico,المكسيك,United Mexican States,Americas,الأمريكتان,Central America,أمريكا الوسطى,MX-BCS,,,1,state,State,Baja California Sur,,Baja California Sur,true,ISO_3166_2,https://www.iso.org/obp/ui/#search,ISO 3166-2 subdivisions via pycountry/isocodes,REFERENCE_DATA_IMPORTED,NEEDS_AR_TRANSLATION,2026-08-05,Administrative subdivision only; cities are imported in later city files.
UPSERT,reg_mx_cam,MX,MEX,Mexico,المكسيك,United Mexican States,Americas,الأمريكتان,Central America,أمريكا الوسطى,MX-CAM,,,1,state,State,Campeche,,Campeche,true,ISO_3166_2,https://www.iso.org/obp/ui/#search,ISO 3166-2 subdivisions via pycountry/isocodes,REFERENCE_DATA_IMPORTED,NEEDS_AR_TRANSLATION,2026-08-05,Administrative subdivision only; cities are imported in later city files.
UPSERT,reg_mx_chh,MX,MEX,Mexico,المكسيك,United Mexican States,Americas,الأمريكتان,Central America,أمريكا الوسطى,MX-CHH,,,1,state,State,Chihuahua,,Chihuahua,true,ISO_3166_2,https://www.iso.org/obp/ui/#search,ISO 3166-2 subdivisions via pycountry/isocodes,REFERENCE_DATA_IMPORTED,NEEDS_AR_TRANSLATION,2026-08-05,Administrative subdivision only; cities are imported in later city files.
UPSERT,reg_mx_chp,MX,MEX,Mexico,المكسيك,United Mexican States,Americas,الأمريكتان,Central America,أمريكا الوسطى,MX-CHP,,,1,state,State,Chiapas,,Chiapas,true,ISO_3166_2,https://www.iso.org/obp/ui/#search,ISO 3166-2 subdivisions via pycountry/isocodes,REFERENCE_DATA_IMPORTED,NEEDS_AR_TRANSLATION,2026-08-05,Administrative subdivision only; cities are imported in later city files.
UPSERT,reg_mx_cmx,MX,MEX,Mexico,المكسيك,United Mexican States,Americas,الأمريكتان,Central America,أمريكا الوسطى,MX-CMX,,,1,federal_entity,Federal entity,Ciudad de México,,Ciudad de México,true,ISO_3166_2,https://www.iso.org/obp/ui/#search,ISO 3166-2 subdivisions via pycountry/isocodes,REFERENCE_DATA_IMPORTED,NEEDS_AR_TRANSLATION,2026-08-05,Administrative subdivision only; cities are imported in later city files.
UPSERT,reg_mx_coa,MX,MEX,Mexico,المكسيك,United Mexican States,Americas,الأمريكتان,Central America,أمريكا الوسطى,MX-COA,,,1,state,State,Coahuila de Zaragoza,,Coahuila de Zaragoza,true,ISO_3166_2,https://www.iso.org/obp/ui/#search,ISO 3166-2 subdivisions via pycountry/isocodes,REFERENCE_DATA_IMPORTED,NEEDS_AR_TRANSLATION,2026-08-05,Administrative subdivision only; cities are imported in later city files.
UPSERT,reg_mx_col,MX,MEX,Mexico,المكسيك,United Mexican States,Americas,الأمريكتان,Central America,أمريكا الوسطى,MX-COL,,,1,state,State,Colima,,Colima,true,ISO_3166_2,https://www.iso.org/obp/ui/#search,ISO 3166-2 subdivisions via pycountry/isocodes,REFERENCE_DATA_IMPORTED,NEEDS_AR_TRANSLATION,2026-08-05,Administrative subdivision only; cities are imported in later city files.
UPSERT,reg_mx_dur,MX,MEX,Mexico,المكسيك,United Mexican States,Americas,الأمريكتان,Central America,أمريكا الوسطى,MX-DUR,,,1,state,State,Durango,,Durango,true,ISO_3166_2,https://www.iso.org/obp/ui/#search,ISO 3166-2 subdivisions via pycountry/isocodes,REFERENCE_DATA_IMPORTED,NEEDS_AR_TRANSLATION,2026-08-05,Administrative subdivision only; cities are imported in later city files.
UPSERT,reg_mx_gro,MX,MEX,Mexico,المكسيك,United Mexican States,Americas,الأمريكتان,Central America,أمريكا الوسطى,MX-GRO,,,1,state,State,Guerrero,,Guerrero,true,ISO_3166_2,https://www.iso.org/obp/ui/#search,ISO 3166-2 subdivisions via pycountry/isocodes,REFERENCE_DATA_IMPORTED,NEEDS_AR_TRANSLATION,2026-08-05,Administrative subdivision only; cities are imported in later city files.
UPSERT,reg_mx_gua,MX,MEX,Mexico,المكسيك,United Mexican States,Americas,الأمريكتان,Central America,أمريكا الوسطى,MX-GUA,,,1,state,State,Guanajuato,,Guanajuato,true,ISO_3166_2,https://www.iso.org/obp/ui/#search,ISO 3166-2 subdivisions via pycountry/isocodes,REFERENCE_DATA_IMPORTED,NEEDS_AR_TRANSLATION,2026-08-05,Administrative subdivision only; cities are imported in later city files.
UPSERT,reg_mx_hid,MX,MEX,Mexico,المكسيك,United Mexican States,Americas,الأمريكتان,Central America,أمريكا الوسطى,MX-HID,,,1,state,State,Hidalgo,,Hidalgo,true,ISO_3166_2,https://www.iso.org/obp/ui/#search,ISO 3166-2 subdivisions via pycountry/isocodes,REFERENCE_DATA_IMPORTED,NEEDS_AR_TRANSLATION,2026-08-05,Administrative subdivision only; cities are imported in later city files.
UPSERT,reg_mx_jal,MX,MEX,Mexico,المكسيك,United Mexican States,Americas,الأمريكتان,Central America,أمريكا الوسطى,MX-JAL,,,1,state,State,Jalisco,,Jalisco,true,ISO_3166_2,https://www.iso.org/obp/ui/#search,ISO 3166-2 subdivisions via pycountry/isocodes,REFERENCE_DATA_IMPORTED,NEEDS_AR_TRANSLATION,2026-08-05,Administrative subdivision only; cities are imported in later city files.
UPSERT,reg_mx_mex,MX,MEX,Mexico,المكسيك,United Mexican States,Americas,الأمريكتان,Central America,أمريكا الوسطى,MX-MEX,,,1,state,State,México,,México,true,ISO_3166_2,https://www.iso.org/obp/ui/#search,ISO 3166-2 subdivisions via pycountry/isocodes,REFERENCE_DATA_IMPORTED,NEEDS_AR_TRANSLATION,2026-08-05,Administrative subdivision only; cities are imported in later city files.
UPSERT,reg_mx_mic,MX,MEX,Mexico,المكسيك,United Mexican States,Americas,الأمريكتان,Central America,أمريكا الوسطى,MX-MIC,,,1,state,State,Michoacán de Ocampo,,Michoacán de Ocampo,true,ISO_3166_2,https://www.iso.org/obp/ui/#search,ISO 3166-2 subdivisions via pycountry/isocodes,REFERENCE_DATA_IMPORTED,NEEDS_AR_TRANSLATION,2026-08-05,Administrative subdivision only; cities are imported in later city files.
UPSERT,reg_mx_mor,MX,MEX,Mexico,المكسيك,United Mexican States,Americas,الأمريكتان,Central America,أمريكا الوسطى,MX-MOR,,,1,state,State,Morelos,,Morelos,true,ISO_3166_2,https://www.iso.org/obp/ui/#search,ISO 3166-2 subdivisions via pycountry/isocodes,REFERENCE_DATA_IMPORTED,NEEDS_AR_TRANSLATION,2026-08-05,Administrative subdivision only; cities are imported in later city files.
UPSERT,reg_mx_nay,MX,MEX,Mexico,المكسيك,United Mexican States,Americas,الأمريكتان,Central America,أمريكا الوسطى,MX-NAY,,,1,state,State,Nayarit,,Nayarit,true,ISO_3166_2,https://www.iso.org/obp/ui/#search,ISO 3166-2 subdivisions via pycountry/isocodes,REFERENCE_DATA_IMPORTED,NEEDS_AR_TRANSLATION,2026-08-05,Administrative subdivision only; cities are imported in later city files.
UPSERT,reg_mx_nle,MX,MEX,Mexico,المكسيك,United Mexican States,Americas,الأمريكتان,Central America,أمريكا الوسطى,MX-NLE,,,1,state,State,Nuevo León,,Nuevo León,true,ISO_3166_2,https://www.iso.org/obp/ui/#search,ISO 3166-2 subdivisions via pycountry/isocodes,REFERENCE_DATA_IMPORTED,NEEDS_AR_TRANSLATION,2026-08-05,Administrative subdivision only; cities are imported in later city files.
UPSERT,reg_mx_oax,MX,MEX,Mexico,المكسيك,United Mexican States,Americas,الأمريكتان,Central America,أمريكا الوسطى,MX-OAX,,,1,state,State,Oaxaca,,Oaxaca,true,ISO_3166_2,https://www.iso.org/obp/ui/#search,ISO 3166-2 subdivisions via pycountry/isocodes,REFERENCE_DATA_IMPORTED,NEEDS_AR_TRANSLATION,2026-08-05,Administrative subdivision only; cities are imported in later city files.
UPSERT,reg_mx_pue,MX,MEX,Mexico,المكسيك,United Mexican States,Americas,الأمريكتان,Central America,أمريكا الوسطى,MX-PUE,,,1,state,State,Puebla,,Puebla,true,ISO_3166_2,https://www.iso.org/obp/ui/#search,ISO 3166-2 subdivisions via pycountry/isocodes,REFERENCE_DATA_IMPORTED,NEEDS_AR_TRANSLATION,2026-08-05,Administrative subdivision only; cities are imported in later city files.
UPSERT,reg_mx_que,MX,MEX,Mexico,المكسيك,United Mexican States,Americas,الأمريكتان,Central America,أمريكا الوسطى,MX-QUE,,,1,state,State,Querétaro,,Querétaro,true,ISO_3166_2,https://www.iso.org/obp/ui/#search,ISO 3166-2 subdivisions via pycountry/isocodes,REFERENCE_DATA_IMPORTED,NEEDS_AR_TRANSLATION,2026-08-05,Administrative subdivision only; cities are imported in later city files.
UPSERT,reg_mx_roo,MX,MEX,Mexico,المكسيك,United Mexican States,Americas,الأمريكتان,Central America,أمريكا الوسطى,MX-ROO,,,1,state,State,Quintana Roo,,Quintana Roo,true,ISO_3166_2,https://www.iso.org/obp/ui/#search,ISO 3166-2 subdivisions via pycountry/isocodes,REFERENCE_DATA_IMPORTED,NEEDS_AR_TRANSLATION,2026-08-05,Administrative subdivision only; cities are imported in later city files.
UPSERT,reg_mx_sin,MX,MEX,Mexico,المكسيك,United Mexican States,Americas,الأمريكتان,Central America,أمريكا الوسطى,MX-SIN,,,1,state,State,Sinaloa,,Sinaloa,true,ISO_3166_2,https://www.iso.org/obp/ui/#search,ISO 3166-2 subdivisions via pycountry/isocodes,REFERENCE_DATA_IMPORTED,NEEDS_AR_TRANSLATION,2026-08-05,Administrative subdivision only; cities are imported in later city files.
UPSERT,reg_mx_slp,MX,MEX,Mexico,المكسيك,United Mexican States,Americas,الأمريكتان,Central America,أمريكا الوسطى,MX-SLP,,,1,state,State,San Luis Potosí,,San Luis Potosí,true,ISO_3166_2,https://www.iso.org/obp/ui/#search,ISO 3166-2 subdivisions via pycountry/isocodes,REFERENCE_DATA_IMPORTED,NEEDS_AR_TRANSLATION,2026-08-05,Administrative subdivision only; cities are imported in later city files.
UPSERT,reg_mx_son,MX,MEX,Mexico,المكسيك,United Mexican States,Americas,الأمريكتان,Central America,أمريكا الوسطى,MX-SON,,,1,state,State,Sonora,,Sonora,true,ISO_3166_2,https://www.iso.org/obp/ui/#search,ISO 3166-2 subdivisions via pycountry/isocodes,REFERENCE_DATA_IMPORTED,NEEDS_AR_TRANSLATION,2026-08-05,Administrative subdivision only; cities are imported in later city files.
UPSERT,reg_mx_tab,MX,MEX,Mexico,المكسيك,United Mexican States,Americas,الأمريكتان,Central America,أمريكا الوسطى,MX-TAB,,,1,state,State,Tabasco,,Tabasco,true,ISO_3166_2,https://www.iso.org/obp/ui/#search,ISO 3166-2 subdivisions via pycountry/isocodes,REFERENCE_DATA_IMPORTED,NEEDS_AR_TRANSLATION,2026-08-05,Administrative subdivision only; cities are imported in later city files.
UPSERT,reg_mx_tam,MX,MEX,Mexico,المكسيك,United Mexican States,Americas,الأمريكتان,Central America,أمريكا الوسطى,MX-TAM,,,1,state,State,Tamaulipas,,Tamaulipas,true,ISO_3166_2,https://www.iso.org/obp/ui/#search,ISO 3166-2 subdivisions via pycountry/isocodes,REFERENCE_DATA_IMPORTED,NEEDS_AR_TRANSLATION,2026-08-05,Administrative subdivision only; cities are imported in later city files.
UPSERT,reg_mx_tla,MX,MEX,Mexico,المكسيك,United Mexican States,Americas,الأمريكتان,Central America,أمريكا الوسطى,MX-TLA,,,1,state,State,Tlaxcala,,Tlaxcala,true,ISO_3166_2,https://www.iso.org/obp/ui/#search,ISO 3166-2 subdivisions via pycountry/isocodes,REFERENCE_DATA_IMPORTED,NEEDS_AR_TRANSLATION,2026-08-05,Administrative subdivision only; cities are imported in later city files.
UPSERT,reg_mx_ver,MX,MEX,Mexico,المكسيك,United Mexican States,Americas,الأمريكتان,Central America,أمريكا الوسطى,MX-VER,,,1,state,State,Veracruz de Ignacio de la Llave,,Veracruz de Ignacio de la Llave,true,ISO_3166_2,https://www.iso.org/obp/ui/#search,ISO 3166-2 subdivisions via pycountry/isocodes,REFERENCE_DATA_IMPORTED,NEEDS_AR_TRANSLATION,2026-08-05,Administrative subdivision only; cities are imported in later city files.
UPSERT,reg_mx_yuc,MX,MEX,Mexico,المكسيك,United Mexican States,Americas,الأمريكتان,Central America,أمريكا الوسطى,MX-YUC,,,1,state,State,Yucatán,,Yucatán,true,ISO_3166_2,https://www.iso.org/obp/ui/#search,ISO 3166-2 subdivisions via pycountry/isocodes,REFERENCE_DATA_IMPORTED,NEEDS_AR_TRANSLATION,2026-08-05,Administrative subdivision only; cities are imported in later city files.
UPSERT,reg_mx_zac,MX,MEX,Mexico,المكسيك,United Mexican States,Americas,الأمريكتان,Central America,أمريكا الوسطى,MX-ZAC,,,1,state,State,Zacatecas,,Zacatecas,true,ISO_3166_2,https://www.iso.org/obp/ui/#search,ISO 3166-2 subdivisions via pycountry/isocodes,REFERENCE_DATA_IMPORTED,NEEDS_AR_TRANSLATION,2026-08-05,Administrative subdivision only; cities are imported in later city files.
UPSERT,reg_ni_an,NI,NIC,Nicaragua,نيكاراغوا,Republic of Nicaragua,Americas,الأمريكتان,Central America,أمريكا الوسطى,NI-AN,,,1,autonomous_region,Autonomous region,Costa Caribe Norte,,Costa Caribe Norte,true,ISO_3166_2,https://www.iso.org/obp/ui/#search,ISO 3166-2 subdivisions via pycountry/isocodes,REFERENCE_DATA_IMPORTED,NEEDS_AR_TRANSLATION,2026-08-05,Administrative subdivision only; cities are imported in later city files.
UPSERT,reg_ni_as,NI,NIC,Nicaragua,نيكاراغوا,Republic of Nicaragua,Americas,الأمريكتان,Central America,أمريكا الوسطى,NI-AS,,,1,autonomous_region,Autonomous region,Costa Caribe Sur,,Costa Caribe Sur,true,ISO_3166_2,https://www.iso.org/obp/ui/#search,ISO 3166-2 subdivisions via pycountry/isocodes,REFERENCE_DATA_IMPORTED,NEEDS_AR_TRANSLATION,2026-08-05,Administrative subdivision only; cities are imported in later city files.
UPSERT,reg_ni_bo,NI,NIC,Nicaragua,نيكاراغوا,Republic of Nicaragua,Americas,الأمريكتان,Central America,أمريكا الوسطى,NI-BO,,,1,department,Department,Boaco,,Boaco,true,ISO_3166_2,https://www.iso.org/obp/ui/#search,ISO 3166-2 subdivisions via pycountry/isocodes,REFERENCE_DATA_IMPORTED,NEEDS_AR_TRANSLATION,2026-08-05,Administrative subdivision only; cities are imported in later city files.
UPSERT,reg_ni_ca,NI,NIC,Nicaragua,نيكاراغوا,Republic of Nicaragua,Americas,الأمريكتان,Central America,أمريكا الوسطى,NI-CA,,,1,department,Department,Carazo,,Carazo,true,ISO_3166_2,https://www.iso.org/obp/ui/#search,ISO 3166-2 subdivisions via pycountry/isocodes,REFERENCE_DATA_IMPORTED,NEEDS_AR_TRANSLATION,2026-08-05,Administrative subdivision only; cities are imported in later city files.
UPSERT,reg_ni_ci,NI,NIC,Nicaragua,نيكاراغوا,Republic of Nicaragua,Americas,الأمريكتان,Central America,أمريكا الوسطى,NI-CI,,,1,department,Department,Chinandega,,Chinandega,true,ISO_3166_2,https://www.iso.org/obp/ui/#search,ISO 3166-2 subdivisions via pycountry/isocodes,REFERENCE_DATA_IMPORTED,NEEDS_AR_TRANSLATION,2026-08-05,Administrative subdivision only; cities are imported in later city files.
UPSERT,reg_ni_co,NI,NIC,Nicaragua,نيكاراغوا,Republic of Nicaragua,Americas,الأمريكتان,Central America,أمريكا الوسطى,NI-CO,,,1,department,Department,Chontales,,Chontales,true,ISO_3166_2,https://www.iso.org/obp/ui/#search,ISO 3166-2 subdivisions via pycountry/isocodes,REFERENCE_DATA_IMPORTED,NEEDS_AR_TRANSLATION,2026-08-05,Administrative subdivision only; cities are imported in later city files.
UPSERT,reg_ni_es,NI,NIC,Nicaragua,نيكاراغوا,Republic of Nicaragua,Americas,الأمريكتان,Central America,أمريكا الوسطى,NI-ES,,,1,department,Department,Estelí,,Estelí,true,ISO_3166_2,https://www.iso.org/obp/ui/#search,ISO 3166-2 subdivisions via pycountry/isocodes,REFERENCE_DATA_IMPORTED,NEEDS_AR_TRANSLATION,2026-08-05,Administrative subdivision only; cities are imported in later city files.
UPSERT,reg_ni_gr,NI,NIC,Nicaragua,نيكاراغوا,Republic of Nicaragua,Americas,الأمريكتان,Central America,أمريكا الوسطى,NI-GR,,,1,department,Department,Granada,,Granada,true,ISO_3166_2,https://www.iso.org/obp/ui/#search,ISO 3166-2 subdivisions via pycountry/isocodes,REFERENCE_DATA_IMPORTED,NEEDS_AR_TRANSLATION,2026-08-05,Administrative subdivision only; cities are imported in later city files.
UPSERT,reg_ni_ji,NI,NIC,Nicaragua,نيكاراغوا,Republic of Nicaragua,Americas,الأمريكتان,Central America,أمريكا الوسطى,NI-JI,,,1,department,Department,Jinotega,,Jinotega,true,ISO_3166_2,https://www.iso.org/obp/ui/#search,ISO 3166-2 subdivisions via pycountry/isocodes,REFERENCE_DATA_IMPORTED,NEEDS_AR_TRANSLATION,2026-08-05,Administrative subdivision only; cities are imported in later city files.
UPSERT,reg_ni_le,NI,NIC,Nicaragua,نيكاراغوا,Republic of Nicaragua,Americas,الأمريكتان,Central America,أمريكا الوسطى,NI-LE,,,1,department,Department,León,,León,true,ISO_3166_2,https://www.iso.org/obp/ui/#search,ISO 3166-2 subdivisions via pycountry/isocodes,REFERENCE_DATA_IMPORTED,NEEDS_AR_TRANSLATION,2026-08-05,Administrative subdivision only; cities are imported in later city files.
UPSERT,reg_ni_md,NI,NIC,Nicaragua,نيكاراغوا,Republic of Nicaragua,Americas,الأمريكتان,Central America,أمريكا الوسطى,NI-MD,,,1,department,Department,Madriz,,Madriz,true,ISO_3166_2,https://www.iso.org/obp/ui/#search,ISO 3166-2 subdivisions via pycountry/isocodes,REFERENCE_DATA_IMPORTED,NEEDS_AR_TRANSLATION,2026-08-05,Administrative subdivision only; cities are imported in later city files.
UPSERT,reg_ni_mn,NI,NIC,Nicaragua,نيكاراغوا,Republic of Nicaragua,Americas,الأمريكتان,Central America,أمريكا الوسطى,NI-MN,,,1,department,Department,Managua,,Managua,true,ISO_3166_2,https://www.iso.org/obp/ui/#search,ISO 3166-2 subdivisions via pycountry/isocodes,REFERENCE_DATA_IMPORTED,NEEDS_AR_TRANSLATION,2026-08-05,Administrative subdivision only; cities are imported in later city files.
UPSERT,reg_ni_ms,NI,NIC,Nicaragua,نيكاراغوا,Republic of Nicaragua,Americas,الأمريكتان,Central America,أمريكا الوسطى,NI-MS,,,1,department,Department,Masaya,,Masaya,true,ISO_3166_2,https://www.iso.org/obp/ui/#search,ISO 3166-2 subdivisions via pycountry/isocodes,REFERENCE_DATA_IMPORTED,NEEDS_AR_TRANSLATION,2026-08-05,Administrative subdivision only; cities are imported in later city files.
UPSERT,reg_ni_mt,NI,NIC,Nicaragua,نيكاراغوا,Republic of Nicaragua,Americas,الأمريكتان,Central America,أمريكا الوسطى,NI-MT,,,1,department,Department,Matagalpa,,Matagalpa,true,ISO_3166_2,https://www.iso.org/obp/ui/#search,ISO 3166-2 subdivisions via pycountry/isocodes,REFERENCE_DATA_IMPORTED,NEEDS_AR_TRANSLATION,2026-08-05,Administrative subdivision only; cities are imported in later city files.
UPSERT,reg_ni_ns,NI,NIC,Nicaragua,نيكاراغوا,Republic of Nicaragua,Americas,الأمريكتان,Central America,أمريكا الوسطى,NI-NS,,,1,department,Department,Nueva Segovia,,Nueva Segovia,true,ISO_3166_2,https://www.iso.org/obp/ui/#search,ISO 3166-2 subdivisions via pycountry/isocodes,REFERENCE_DATA_IMPORTED,NEEDS_AR_TRANSLATION,2026-08-05,Administrative subdivision only; cities are imported in later city files.
UPSERT,reg_ni_ri,NI,NIC,Nicaragua,نيكاراغوا,Republic of Nicaragua,Americas,الأمريكتان,Central America,أمريكا الوسطى,NI-RI,,,1,department,Department,Rivas,,Rivas,true,ISO_3166_2,https://www.iso.org/obp/ui/#search,ISO 3166-2 subdivisions via pycountry/isocodes,REFERENCE_DATA_IMPORTED,NEEDS_AR_TRANSLATION,2026-08-05,Administrative subdivision only; cities are imported in later city files.
UPSERT,reg_ni_sj,NI,NIC,Nicaragua,نيكاراغوا,Republic of Nicaragua,Americas,الأمريكتان,Central America,أمريكا الوسطى,NI-SJ,,,1,department,Department,Río San Juan,,Río San Juan,true,ISO_3166_2,https://www.iso.org/obp/ui/#search,ISO 3166-2 subdivisions via pycountry/isocodes,REFERENCE_DATA_IMPORTED,NEEDS_AR_TRANSLATION,2026-08-05,Administrative subdivision only; cities are imported in later city files.
UPSERT,reg_pa_1,PA,PAN,Panama,بنما,Republic of Panama,Americas,الأمريكتان,Central America,أمريكا الوسطى,PA-1,,,1,province,Province,Bocas del Toro,,Bocas del Toro,true,ISO_3166_2,https://www.iso.org/obp/ui/#search,ISO 3166-2 subdivisions via pycountry/isocodes,REFERENCE_DATA_IMPORTED,NEEDS_AR_TRANSLATION,2026-08-05,Administrative subdivision only; cities are imported in later city files.
UPSERT,reg_pa_10,PA,PAN,Panama,بنما,Republic of Panama,Americas,الأمريكتان,Central America,أمريكا الوسطى,PA-10,,,1,province,Province,Panamá Oeste,,Panamá Oeste,true,ISO_3166_2,https://www.iso.org/obp/ui/#search,ISO 3166-2 subdivisions via pycountry/isocodes,REFERENCE_DATA_IMPORTED,NEEDS_AR_TRANSLATION,2026-08-05,Administrative subdivision only; cities are imported in later city files.
UPSERT,reg_pa_2,PA,PAN,Panama,بنما,Republic of Panama,Americas,الأمريكتان,Central America,أمريكا الوسطى,PA-2,,,1,province,Province,Coclé,,Coclé,true,ISO_3166_2,https://www.iso.org/obp/ui/#search,ISO 3166-2 subdivisions via pycountry/isocodes,REFERENCE_DATA_IMPORTED,NEEDS_AR_TRANSLATION,2026-08-05,Administrative subdivision only; cities are imported in later city files.
UPSERT,reg_pa_3,PA,PAN,Panama,بنما,Republic of Panama,Americas,الأمريكتان,Central America,أمريكا الوسطى,PA-3,,,1,province,Province,Colón,,Colón,true,ISO_3166_2,https://www.iso.org/obp/ui/#search,ISO 3166-2 subdivisions via pycountry/isocodes,REFERENCE_DATA_IMPORTED,NEEDS_AR_TRANSLATION,2026-08-05,Administrative subdivision only; cities are imported in later city files.
UPSERT,reg_pa_4,PA,PAN,Panama,بنما,Republic of Panama,Americas,الأمريكتان,Central America,أمريكا الوسطى,PA-4,,,1,province,Province,Chiriquí,,Chiriquí,true,ISO_3166_2,https://www.iso.org/obp/ui/#search,ISO 3166-2 subdivisions via pycountry/isocodes,REFERENCE_DATA_IMPORTED,NEEDS_AR_TRANSLATION,2026-08-05,Administrative subdivision only; cities are imported in later city files.
UPSERT,reg_pa_5,PA,PAN,Panama,بنما,Republic of Panama,Americas,الأمريكتان,Central America,أمريكا الوسطى,PA-5,,,1,province,Province,Darién,,Darién,true,ISO_3166_2,https://www.iso.org/obp/ui/#search,ISO 3166-2 subdivisions via pycountry/isocodes,REFERENCE_DATA_IMPORTED,NEEDS_AR_TRANSLATION,2026-08-05,Administrative subdivision only; cities are imported in later city files.
UPSERT,reg_pa_6,PA,PAN,Panama,بنما,Republic of Panama,Americas,الأمريكتان,Central America,أمريكا الوسطى,PA-6,,,1,province,Province,Herrera,,Herrera,true,ISO_3166_2,https://www.iso.org/obp/ui/#search,ISO 3166-2 subdivisions via pycountry/isocodes,REFERENCE_DATA_IMPORTED,NEEDS_AR_TRANSLATION,2026-08-05,Administrative subdivision only; cities are imported in later city files.
UPSERT,reg_pa_7,PA,PAN,Panama,بنما,Republic of Panama,Americas,الأمريكتان,Central America,أمريكا الوسطى,PA-7,,,1,province,Province,Los Santos,,Los Santos,true,ISO_3166_2,https://www.iso.org/obp/ui/#search,ISO 3166-2 subdivisions via pycountry/isocodes,REFERENCE_DATA_IMPORTED,NEEDS_AR_TRANSLATION,2026-08-05,Administrative subdivision only; cities are imported in later city files.
UPSERT,reg_pa_8,PA,PAN,Panama,بنما,Republic of Panama,Americas,الأمريكتان,Central America,أمريكا الوسطى,PA-8,,,1,province,Province,Panamá,,Panamá,true,ISO_3166_2,https://www.iso.org/obp/ui/#search,ISO 3166-2 subdivisions via pycountry/isocodes,REFERENCE_DATA_IMPORTED,NEEDS_AR_TRANSLATION,2026-08-05,Administrative subdivision only; cities are imported in later city files.
UPSERT,reg_pa_9,PA,PAN,Panama,بنما,Republic of Panama,Americas,الأمريكتان,Central America,أمريكا الوسطى,PA-9,,,1,province,Province,Veraguas,,Veraguas,true,ISO_3166_2,https://www.iso.org/obp/ui/#search,ISO 3166-2 subdivisions via pycountry/isocodes,REFERENCE_DATA_IMPORTED,NEEDS_AR_TRANSLATION,2026-08-05,Administrative subdivision only; cities are imported in later city files.
UPSERT,reg_pa_em,PA,PAN,Panama,بنما,Republic of Panama,Americas,الأمريكتان,Central America,أمريكا الوسطى,PA-EM,,,1,indigenous_region,Indigenous region,Emberá,,Emberá,true,ISO_3166_2,https://www.iso.org/obp/ui/#search,ISO 3166-2 subdivisions via pycountry/isocodes,REFERENCE_DATA_IMPORTED,NEEDS_AR_TRANSLATION,2026-08-05,Administrative subdivision only; cities are imported in later city files.
UPSERT,reg_pa_ky,PA,PAN,Panama,بنما,Republic of Panama,Americas,الأمريكتان,Central America,أمريكا الوسطى,PA-KY,,,1,indigenous_region,Indigenous region,Guna Yala,,Guna Yala,true,ISO_3166_2,https://www.iso.org/obp/ui/#search,ISO 3166-2 subdivisions via pycountry/isocodes,REFERENCE_DATA_IMPORTED,NEEDS_AR_TRANSLATION,2026-08-05,Administrative subdivision only; cities are imported in later city files.
UPSERT,reg_pa_nb,PA,PAN,Panama,بنما,Republic of Panama,Americas,الأمريكتان,Central America,أمريكا الوسطى,PA-NB,,,1,indigenous_region,Indigenous region,Ngäbe-Buglé,,Ngäbe-Buglé,true,ISO_3166_2,https://www.iso.org/obp/ui/#search,ISO 3166-2 subdivisions via pycountry/isocodes,REFERENCE_DATA_IMPORTED,NEEDS_AR_TRANSLATION,2026-08-05,Administrative subdivision only; cities are imported in later city files.
UPSERT,reg_pa_nt,PA,PAN,Panama,بنما,Republic of Panama,Americas,الأمريكتان,Central America,أمريكا الوسطى,PA-NT,,,1,indigenous_region,Indigenous region,Naso Tjër Di,,Naso Tjër Di,true,ISO_3166_2,https://www.iso.org/obp/ui/#search,ISO 3166-2 subdivisions via pycountry/isocodes,REFERENCE_DATA_IMPORTED,NEEDS_AR_TRANSLATION,2026-08-05,Administrative subdivision only; cities are imported in later city files.
UPSERT,reg_pe_ama,PE,PER,Peru,بيرو,Republic of Peru,Americas,الأمريكتان,South America,أمريكا الجنوبية,PE-AMA,,,1,region,Region,Amarumayu,,Amarumayu,true,ISO_3166_2,https://www.iso.org/obp/ui/#search,ISO 3166-2 subdivisions via pycountry/isocodes,REFERENCE_DATA_IMPORTED,NEEDS_AR_TRANSLATION,2026-08-05,Administrative subdivision only; cities are imported in later city files.
UPSERT,reg_pe_anc,PE,PER,Peru,بيرو,Republic of Peru,Americas,الأمريكتان,South America,أمريكا الجنوبية,PE-ANC,,,1,region,Region,Ancash,,Ancash,true,ISO_3166_2,https://www.iso.org/obp/ui/#search,ISO 3166-2 subdivisions via pycountry/isocodes,REFERENCE_DATA_IMPORTED,NEEDS_AR_TRANSLATION,2026-08-05,Administrative subdivision only; cities are imported in later city files.
UPSERT,reg_pe_apu,PE,PER,Peru,بيرو,Republic of Peru,Americas,الأمريكتان,South America,أمريكا الجنوبية,PE-APU,,,1,region,Region,Apurimaq,,Apurimaq,true,ISO_3166_2,https://www.iso.org/obp/ui/#search,ISO 3166-2 subdivisions via pycountry/isocodes,REFERENCE_DATA_IMPORTED,NEEDS_AR_TRANSLATION,2026-08-05,Administrative subdivision only; cities are imported in later city files.
UPSERT,reg_pe_are,PE,PER,Peru,بيرو,Republic of Peru,Americas,الأمريكتان,South America,أمريكا الجنوبية,PE-ARE,,,1,region,Region,Arequipa,,Arequipa,true,ISO_3166_2,https://www.iso.org/obp/ui/#search,ISO 3166-2 subdivisions via pycountry/isocodes,REFERENCE_DATA_IMPORTED,NEEDS_AR_TRANSLATION,2026-08-05,Administrative subdivision only; cities are imported in later city files.
UPSERT,reg_pe_aya,PE,PER,Peru,بيرو,Republic of Peru,Americas,الأمريكتان,South America,أمريكا الجنوبية,PE-AYA,,,1,region,Region,Ayacucho,,Ayacucho,true,ISO_3166_2,https://www.iso.org/obp/ui/#search,ISO 3166-2 subdivisions via pycountry/isocodes,REFERENCE_DATA_IMPORTED,NEEDS_AR_TRANSLATION,2026-08-05,Administrative subdivision only; cities are imported in later city files.
UPSERT,reg_pe_caj,PE,PER,Peru,بيرو,Republic of Peru,Americas,الأمريكتان,South America,أمريكا الجنوبية,PE-CAJ,,,1,region,Region,Cajamarca,,Cajamarca,true,ISO_3166_2,https://www.iso.org/obp/ui/#search,ISO 3166-2 subdivisions via pycountry/isocodes,REFERENCE_DATA_IMPORTED,NEEDS_AR_TRANSLATION,2026-08-05,Administrative subdivision only; cities are imported in later city files.
UPSERT,reg_pe_cal,PE,PER,Peru,بيرو,Republic of Peru,Americas,الأمريكتان,South America,أمريكا الجنوبية,PE-CAL,,,1,region,Region,El Callao,,El Callao,true,ISO_3166_2,https://www.iso.org/obp/ui/#search,ISO 3166-2 subdivisions via pycountry/isocodes,REFERENCE_DATA_IMPORTED,NEEDS_AR_TRANSLATION,2026-08-05,Administrative subdivision only; cities are imported in later city files.
UPSERT,reg_pe_cus,PE,PER,Peru,بيرو,Republic of Peru,Americas,الأمريكتان,South America,أمريكا الجنوبية,PE-CUS,,,1,region,Region,Cusco,,Cusco,true,ISO_3166_2,https://www.iso.org/obp/ui/#search,ISO 3166-2 subdivisions via pycountry/isocodes,REFERENCE_DATA_IMPORTED,NEEDS_AR_TRANSLATION,2026-08-05,Administrative subdivision only; cities are imported in later city files.
UPSERT,reg_pe_huc,PE,PER,Peru,بيرو,Republic of Peru,Americas,الأمريكتان,South America,أمريكا الجنوبية,PE-HUC,,,1,region,Region,Huánuco,,Huánuco,true,ISO_3166_2,https://www.iso.org/obp/ui/#search,ISO 3166-2 subdivisions via pycountry/isocodes,REFERENCE_DATA_IMPORTED,NEEDS_AR_TRANSLATION,2026-08-05,Administrative subdivision only; cities are imported in later city files.
UPSERT,reg_pe_huv,PE,PER,Peru,بيرو,Republic of Peru,Americas,الأمريكتان,South America,أمريكا الجنوبية,PE-HUV,,,1,region,Region,Huancavelica,,Huancavelica,true,ISO_3166_2,https://www.iso.org/obp/ui/#search,ISO 3166-2 subdivisions via pycountry/isocodes,REFERENCE_DATA_IMPORTED,NEEDS_AR_TRANSLATION,2026-08-05,Administrative subdivision only; cities are imported in later city files.
UPSERT,reg_pe_ica,PE,PER,Peru,بيرو,Republic of Peru,Americas,الأمريكتان,South America,أمريكا الجنوبية,PE-ICA,,,1,region,Region,Ica,,Ica,true,ISO_3166_2,https://www.iso.org/obp/ui/#search,ISO 3166-2 subdivisions via pycountry/isocodes,REFERENCE_DATA_IMPORTED,NEEDS_AR_TRANSLATION,2026-08-05,Administrative subdivision only; cities are imported in later city files.
UPSERT,reg_pe_jun,PE,PER,Peru,بيرو,Republic of Peru,Americas,الأمريكتان,South America,أمريكا الجنوبية,PE-JUN,,,1,region,Region,Hunin,,Hunin,true,ISO_3166_2,https://www.iso.org/obp/ui/#search,ISO 3166-2 subdivisions via pycountry/isocodes,REFERENCE_DATA_IMPORTED,NEEDS_AR_TRANSLATION,2026-08-05,Administrative subdivision only; cities are imported in later city files.
UPSERT,reg_pe_lal,PE,PER,Peru,بيرو,Republic of Peru,Americas,الأمريكتان,South America,أمريكا الجنوبية,PE-LAL,,,1,region,Region,La Libertad,,La Libertad,true,ISO_3166_2,https://www.iso.org/obp/ui/#search,ISO 3166-2 subdivisions via pycountry/isocodes,REFERENCE_DATA_IMPORTED,NEEDS_AR_TRANSLATION,2026-08-05,Administrative subdivision only; cities are imported in later city files.
UPSERT,reg_pe_lam,PE,PER,Peru,بيرو,Republic of Peru,Americas,الأمريكتان,South America,أمريكا الجنوبية,PE-LAM,,,1,region,Region,Lambayeque,,Lambayeque,true,ISO_3166_2,https://www.iso.org/obp/ui/#search,ISO 3166-2 subdivisions via pycountry/isocodes,REFERENCE_DATA_IMPORTED,NEEDS_AR_TRANSLATION,2026-08-05,Administrative subdivision only; cities are imported in later city files.
UPSERT,reg_pe_lim,PE,PER,Peru,بيرو,Republic of Peru,Americas,الأمريكتان,South America,أمريكا الجنوبية,PE-LIM,,,1,region,Region,Lima,,Lima,true,ISO_3166_2,https://www.iso.org/obp/ui/#search,ISO 3166-2 subdivisions via pycountry/isocodes,REFERENCE_DATA_IMPORTED,NEEDS_AR_TRANSLATION,2026-08-05,Administrative subdivision only; cities are imported in later city files.
UPSERT,reg_pe_lma,PE,PER,Peru,بيرو,Republic of Peru,Americas,الأمريكتان,South America,أمريكا الجنوبية,PE-LMA,,,1,municipality,Municipality,Lima hatun llaqta,,Lima hatun llaqta,true,ISO_3166_2,https://www.iso.org/obp/ui/#search,ISO 3166-2 subdivisions via pycountry/isocodes,REFERENCE_DATA_IMPORTED,NEEDS_AR_TRANSLATION,2026-08-05,Administrative subdivision only; cities are imported in later city files.
UPSERT,reg_pe_lor,PE,PER,Peru,بيرو,Republic of Peru,Americas,الأمريكتان,South America,أمريكا الجنوبية,PE-LOR,,,1,region,Region,Loreto,,Loreto,true,ISO_3166_2,https://www.iso.org/obp/ui/#search,ISO 3166-2 subdivisions via pycountry/isocodes,REFERENCE_DATA_IMPORTED,NEEDS_AR_TRANSLATION,2026-08-05,Administrative subdivision only; cities are imported in later city files.
UPSERT,reg_pe_mdd,PE,PER,Peru,بيرو,Republic of Peru,Americas,الأمريكتان,South America,أمريكا الجنوبية,PE-MDD,,,1,region,Region,Madre de Dios,,Madre de Dios,true,ISO_3166_2,https://www.iso.org/obp/ui/#search,ISO 3166-2 subdivisions via pycountry/isocodes,REFERENCE_DATA_IMPORTED,NEEDS_AR_TRANSLATION,2026-08-05,Administrative subdivision only; cities are imported in later city files.
UPSERT,reg_pe_moq,PE,PER,Peru,بيرو,Republic of Peru,Americas,الأمريكتان,South America,أمريكا الجنوبية,PE-MOQ,,,1,region,Region,Moquegua,,Moquegua,true,ISO_3166_2,https://www.iso.org/obp/ui/#search,ISO 3166-2 subdivisions via pycountry/isocodes,REFERENCE_DATA_IMPORTED,NEEDS_AR_TRANSLATION,2026-08-05,Administrative subdivision only; cities are imported in later city files.
UPSERT,reg_pe_pas,PE,PER,Peru,بيرو,Republic of Peru,Americas,الأمريكتان,South America,أمريكا الجنوبية,PE-PAS,,,1,region,Region,Pasco,,Pasco,true,ISO_3166_2,https://www.iso.org/obp/ui/#search,ISO 3166-2 subdivisions via pycountry/isocodes,REFERENCE_DATA_IMPORTED,NEEDS_AR_TRANSLATION,2026-08-05,Administrative subdivision only; cities are imported in later city files.
UPSERT,reg_pe_piu,PE,PER,Peru,بيرو,Republic of Peru,Americas,الأمريكتان,South America,أمريكا الجنوبية,PE-PIU,,,1,region,Region,Piura,,Piura,true,ISO_3166_2,https://www.iso.org/obp/ui/#search,ISO 3166-2 subdivisions via pycountry/isocodes,REFERENCE_DATA_IMPORTED,NEEDS_AR_TRANSLATION,2026-08-05,Administrative subdivision only; cities are imported in later city files.
UPSERT,reg_pe_pun,PE,PER,Peru,بيرو,Republic of Peru,Americas,الأمريكتان,South America,أمريكا الجنوبية,PE-PUN,,,1,region,Region,Puno,,Puno,true,ISO_3166_2,https://www.iso.org/obp/ui/#search,ISO 3166-2 subdivisions via pycountry/isocodes,REFERENCE_DATA_IMPORTED,NEEDS_AR_TRANSLATION,2026-08-05,Administrative subdivision only; cities are imported in later city files.
UPSERT,reg_pe_sam,PE,PER,Peru,بيرو,Republic of Peru,Americas,الأمريكتان,South America,أمريكا الجنوبية,PE-SAM,,,1,region,Region,San Martin,,San Martin,true,ISO_3166_2,https://www.iso.org/obp/ui/#search,ISO 3166-2 subdivisions via pycountry/isocodes,REFERENCE_DATA_IMPORTED,NEEDS_AR_TRANSLATION,2026-08-05,Administrative subdivision only; cities are imported in later city files.
UPSERT,reg_pe_tac,PE,PER,Peru,بيرو,Republic of Peru,Americas,الأمريكتان,South America,أمريكا الجنوبية,PE-TAC,,,1,region,Region,Tacna,,Tacna,true,ISO_3166_2,https://www.iso.org/obp/ui/#search,ISO 3166-2 subdivisions via pycountry/isocodes,REFERENCE_DATA_IMPORTED,NEEDS_AR_TRANSLATION,2026-08-05,Administrative subdivision only; cities are imported in later city files.
UPSERT,reg_pe_tum,PE,PER,Peru,بيرو,Republic of Peru,Americas,الأمريكتان,South America,أمريكا الجنوبية,PE-TUM,,,1,region,Region,Tumbes,,Tumbes,true,ISO_3166_2,https://www.iso.org/obp/ui/#search,ISO 3166-2 subdivisions via pycountry/isocodes,REFERENCE_DATA_IMPORTED,NEEDS_AR_TRANSLATION,2026-08-05,Administrative subdivision only; cities are imported in later city files.
UPSERT,reg_pe_uca,PE,PER,Peru,بيرو,Republic of Peru,Americas,الأمريكتان,South America,أمريكا الجنوبية,PE-UCA,,,1,region,Region,Ucayali,,Ucayali,true,ISO_3166_2,https://www.iso.org/obp/ui/#search,ISO 3166-2 subdivisions via pycountry/isocodes,REFERENCE_DATA_IMPORTED,NEEDS_AR_TRANSLATION,2026-08-05,Administrative subdivision only; cities are imported in later city files.
UPSERT,reg_py_1,PY,PRY,Paraguay,باراغواي,Republic of Paraguay,Americas,الأمريكتان,South America,أمريكا الجنوبية,PY-1,,,1,department,Department,Concepción,,Concepción,true,ISO_3166_2,https://www.iso.org/obp/ui/#search,ISO 3166-2 subdivisions via pycountry/isocodes,REFERENCE_DATA_IMPORTED,NEEDS_AR_TRANSLATION,2026-08-05,Administrative subdivision only; cities are imported in later city files.
UPSERT,reg_py_10,PY,PRY,Paraguay,باراغواي,Republic of Paraguay,Americas,الأمريكتان,South America,أمريكا الجنوبية,PY-10,,,1,department,Department,Alto Paraná,,Alto Paraná,true,ISO_3166_2,https://www.iso.org/obp/ui/#search,ISO 3166-2 subdivisions via pycountry/isocodes,REFERENCE_DATA_IMPORTED,NEEDS_AR_TRANSLATION,2026-08-05,Administrative subdivision only; cities are imported in later city files.
UPSERT,reg_py_11,PY,PRY,Paraguay,باراغواي,Republic of Paraguay,Americas,الأمريكتان,South America,أمريكا الجنوبية,PY-11,,,1,department,Department,Central,,Central,true,ISO_3166_2,https://www.iso.org/obp/ui/#search,ISO 3166-2 subdivisions via pycountry/isocodes,REFERENCE_DATA_IMPORTED,NEEDS_AR_TRANSLATION,2026-08-05,Administrative subdivision only; cities are imported in later city files.
UPSERT,reg_py_12,PY,PRY,Paraguay,باراغواي,Republic of Paraguay,Americas,الأمريكتان,South America,أمريكا الجنوبية,PY-12,,,1,department,Department,Ñeembucú,,Ñeembucú,true,ISO_3166_2,https://www.iso.org/obp/ui/#search,ISO 3166-2 subdivisions via pycountry/isocodes,REFERENCE_DATA_IMPORTED,NEEDS_AR_TRANSLATION,2026-08-05,Administrative subdivision only; cities are imported in later city files.
UPSERT,reg_py_13,PY,PRY,Paraguay,باراغواي,Republic of Paraguay,Americas,الأمريكتان,South America,أمريكا الجنوبية,PY-13,,,1,department,Department,Amambay,,Amambay,true,ISO_3166_2,https://www.iso.org/obp/ui/#search,ISO 3166-2 subdivisions via pycountry/isocodes,REFERENCE_DATA_IMPORTED,NEEDS_AR_TRANSLATION,2026-08-05,Administrative subdivision only; cities are imported in later city files.
UPSERT,reg_py_14,PY,PRY,Paraguay,باراغواي,Republic of Paraguay,Americas,الأمريكتان,South America,أمريكا الجنوبية,PY-14,,,1,department,Department,Canindeyú,,Canindeyú,true,ISO_3166_2,https://www.iso.org/obp/ui/#search,ISO 3166-2 subdivisions via pycountry/isocodes,REFERENCE_DATA_IMPORTED,NEEDS_AR_TRANSLATION,2026-08-05,Administrative subdivision only; cities are imported in later city files.
UPSERT,reg_py_15,PY,PRY,Paraguay,باراغواي,Republic of Paraguay,Americas,الأمريكتان,South America,أمريكا الجنوبية,PY-15,,,1,department,Department,Presidente Hayes,,Presidente Hayes,true,ISO_3166_2,https://www.iso.org/obp/ui/#search,ISO 3166-2 subdivisions via pycountry/isocodes,REFERENCE_DATA_IMPORTED,NEEDS_AR_TRANSLATION,2026-08-05,Administrative subdivision only; cities are imported in later city files.
UPSERT,reg_py_16,PY,PRY,Paraguay,باراغواي,Republic of Paraguay,Americas,الأمريكتان,South America,أمريكا الجنوبية,PY-16,,,1,department,Department,Alto Paraguay,,Alto Paraguay,true,ISO_3166_2,https://www.iso.org/obp/ui/#search,ISO 3166-2 subdivisions via pycountry/isocodes,REFERENCE_DATA_IMPORTED,NEEDS_AR_TRANSLATION,2026-08-05,Administrative subdivision only; cities are imported in later city files.
UPSERT,reg_py_19,PY,PRY,Paraguay,باراغواي,Republic of Paraguay,Americas,الأمريكتان,South America,أمريكا الجنوبية,PY-19,,,1,department,Department,Boquerón,,Boquerón,true,ISO_3166_2,https://www.iso.org/obp/ui/#search,ISO 3166-2 subdivisions via pycountry/isocodes,REFERENCE_DATA_IMPORTED,NEEDS_AR_TRANSLATION,2026-08-05,Administrative subdivision only; cities are imported in later city files.
UPSERT,reg_py_2,PY,PRY,Paraguay,باراغواي,Republic of Paraguay,Americas,الأمريكتان,South America,أمريكا الجنوبية,PY-2,,,1,department,Department,San Pedro,,San Pedro,true,ISO_3166_2,https://www.iso.org/obp/ui/#search,ISO 3166-2 subdivisions via pycountry/isocodes,REFERENCE_DATA_IMPORTED,NEEDS_AR_TRANSLATION,2026-08-05,Administrative subdivision only; cities are imported in later city files.
UPSERT,reg_py_3,PY,PRY,Paraguay,باراغواي,Republic of Paraguay,Americas,الأمريكتان,South America,أمريكا الجنوبية,PY-3,,,1,department,Department,Cordillera,,Cordillera,true,ISO_3166_2,https://www.iso.org/obp/ui/#search,ISO 3166-2 subdivisions via pycountry/isocodes,REFERENCE_DATA_IMPORTED,NEEDS_AR_TRANSLATION,2026-08-05,Administrative subdivision only; cities are imported in later city files.
UPSERT,reg_py_4,PY,PRY,Paraguay,باراغواي,Republic of Paraguay,Americas,الأمريكتان,South America,أمريكا الجنوبية,PY-4,,,1,department,Department,Guairá,,Guairá,true,ISO_3166_2,https://www.iso.org/obp/ui/#search,ISO 3166-2 subdivisions via pycountry/isocodes,REFERENCE_DATA_IMPORTED,NEEDS_AR_TRANSLATION,2026-08-05,Administrative subdivision only; cities are imported in later city files.
UPSERT,reg_py_5,PY,PRY,Paraguay,باراغواي,Republic of Paraguay,Americas,الأمريكتان,South America,أمريكا الجنوبية,PY-5,,,1,department,Department,Caaguazú,,Caaguazú,true,ISO_3166_2,https://www.iso.org/obp/ui/#search,ISO 3166-2 subdivisions via pycountry/isocodes,REFERENCE_DATA_IMPORTED,NEEDS_AR_TRANSLATION,2026-08-05,Administrative subdivision only; cities are imported in later city files.
UPSERT,reg_py_6,PY,PRY,Paraguay,باراغواي,Republic of Paraguay,Americas,الأمريكتان,South America,أمريكا الجنوبية,PY-6,,,1,department,Department,Caazapá,,Caazapá,true,ISO_3166_2,https://www.iso.org/obp/ui/#search,ISO 3166-2 subdivisions via pycountry/isocodes,REFERENCE_DATA_IMPORTED,NEEDS_AR_TRANSLATION,2026-08-05,Administrative subdivision only; cities are imported in later city files.
UPSERT,reg_py_7,PY,PRY,Paraguay,باراغواي,Republic of Paraguay,Americas,الأمريكتان,South America,أمريكا الجنوبية,PY-7,,,1,department,Department,Itapúa,,Itapúa,true,ISO_3166_2,https://www.iso.org/obp/ui/#search,ISO 3166-2 subdivisions via pycountry/isocodes,REFERENCE_DATA_IMPORTED,NEEDS_AR_TRANSLATION,2026-08-05,Administrative subdivision only; cities are imported in later city files.
UPSERT,reg_py_8,PY,PRY,Paraguay,باراغواي,Republic of Paraguay,Americas,الأمريكتان,South America,أمريكا الجنوبية,PY-8,,,1,department,Department,Misiones,,Misiones,true,ISO_3166_2,https://www.iso.org/obp/ui/#search,ISO 3166-2 subdivisions via pycountry/isocodes,REFERENCE_DATA_IMPORTED,NEEDS_AR_TRANSLATION,2026-08-05,Administrative subdivision only; cities are imported in later city files.
UPSERT,reg_py_9,PY,PRY,Paraguay,باراغواي,Republic of Paraguay,Americas,الأمريكتان,South America,أمريكا الجنوبية,PY-9,,,1,department,Department,Paraguarí,,Paraguarí,true,ISO_3166_2,https://www.iso.org/obp/ui/#search,ISO 3166-2 subdivisions via pycountry/isocodes,REFERENCE_DATA_IMPORTED,NEEDS_AR_TRANSLATION,2026-08-05,Administrative subdivision only; cities are imported in later city files.
UPSERT,reg_py_asu,PY,PRY,Paraguay,باراغواي,Republic of Paraguay,Americas,الأمريكتان,South America,أمريكا الجنوبية,PY-ASU,,,1,capital,Capital,Asunción,,Asunción,true,ISO_3166_2,https://www.iso.org/obp/ui/#search,ISO 3166-2 subdivisions via pycountry/isocodes,REFERENCE_DATA_IMPORTED,NEEDS_AR_TRANSLATION,2026-08-05,Administrative subdivision only; cities are imported in later city files.
UPSERT,reg_sr_br,SR,SUR,Suriname,سورينام,Republic of Suriname,Americas,الأمريكتان,South America,أمريكا الجنوبية,SR-BR,,,1,district,District,Brokopondo,,Brokopondo,true,ISO_3166_2,https://www.iso.org/obp/ui/#search,ISO 3166-2 subdivisions via pycountry/isocodes,REFERENCE_DATA_IMPORTED,NEEDS_AR_TRANSLATION,2026-08-05,Administrative subdivision only; cities are imported in later city files.
UPSERT,reg_sr_cm,SR,SUR,Suriname,سورينام,Republic of Suriname,Americas,الأمريكتان,South America,أمريكا الجنوبية,SR-CM,,,1,district,District,Commewijne,,Commewijne,true,ISO_3166_2,https://www.iso.org/obp/ui/#search,ISO 3166-2 subdivisions via pycountry/isocodes,REFERENCE_DATA_IMPORTED,NEEDS_AR_TRANSLATION,2026-08-05,Administrative subdivision only; cities are imported in later city files.
UPSERT,reg_sr_cr,SR,SUR,Suriname,سورينام,Republic of Suriname,Americas,الأمريكتان,South America,أمريكا الجنوبية,SR-CR,,,1,district,District,Coronie,,Coronie,true,ISO_3166_2,https://www.iso.org/obp/ui/#search,ISO 3166-2 subdivisions via pycountry/isocodes,REFERENCE_DATA_IMPORTED,NEEDS_AR_TRANSLATION,2026-08-05,Administrative subdivision only; cities are imported in later city files.
UPSERT,reg_sr_ma,SR,SUR,Suriname,سورينام,Republic of Suriname,Americas,الأمريكتان,South America,أمريكا الجنوبية,SR-MA,,,1,district,District,Marowijne,,Marowijne,true,ISO_3166_2,https://www.iso.org/obp/ui/#search,ISO 3166-2 subdivisions via pycountry/isocodes,REFERENCE_DATA_IMPORTED,NEEDS_AR_TRANSLATION,2026-08-05,Administrative subdivision only; cities are imported in later city files.
UPSERT,reg_sr_ni,SR,SUR,Suriname,سورينام,Republic of Suriname,Americas,الأمريكتان,South America,أمريكا الجنوبية,SR-NI,,,1,district,District,Nickerie,,Nickerie,true,ISO_3166_2,https://www.iso.org/obp/ui/#search,ISO 3166-2 subdivisions via pycountry/isocodes,REFERENCE_DATA_IMPORTED,NEEDS_AR_TRANSLATION,2026-08-05,Administrative subdivision only; cities are imported in later city files.
UPSERT,reg_sr_pm,SR,SUR,Suriname,سورينام,Republic of Suriname,Americas,الأمريكتان,South America,أمريكا الجنوبية,SR-PM,,,1,district,District,Paramaribo,,Paramaribo,true,ISO_3166_2,https://www.iso.org/obp/ui/#search,ISO 3166-2 subdivisions via pycountry/isocodes,REFERENCE_DATA_IMPORTED,NEEDS_AR_TRANSLATION,2026-08-05,Administrative subdivision only; cities are imported in later city files.
UPSERT,reg_sr_pr,SR,SUR,Suriname,سورينام,Republic of Suriname,Americas,الأمريكتان,South America,أمريكا الجنوبية,SR-PR,,,1,district,District,Para,,Para,true,ISO_3166_2,https://www.iso.org/obp/ui/#search,ISO 3166-2 subdivisions via pycountry/isocodes,REFERENCE_DATA_IMPORTED,NEEDS_AR_TRANSLATION,2026-08-05,Administrative subdivision only; cities are imported in later city files.
UPSERT,reg_sr_sa,SR,SUR,Suriname,سورينام,Republic of Suriname,Americas,الأمريكتان,South America,أمريكا الجنوبية,SR-SA,,,1,district,District,Saramacca,,Saramacca,true,ISO_3166_2,https://www.iso.org/obp/ui/#search,ISO 3166-2 subdivisions via pycountry/isocodes,REFERENCE_DATA_IMPORTED,NEEDS_AR_TRANSLATION,2026-08-05,Administrative subdivision only; cities are imported in later city files.
UPSERT,reg_sr_si,SR,SUR,Suriname,سورينام,Republic of Suriname,Americas,الأمريكتان,South America,أمريكا الجنوبية,SR-SI,,,1,district,District,Sipaliwini,,Sipaliwini,true,ISO_3166_2,https://www.iso.org/obp/ui/#search,ISO 3166-2 subdivisions via pycountry/isocodes,REFERENCE_DATA_IMPORTED,NEEDS_AR_TRANSLATION,2026-08-05,Administrative subdivision only; cities are imported in later city files.
UPSERT,reg_sr_wa,SR,SUR,Suriname,سورينام,Republic of Suriname,Americas,الأمريكتان,South America,أمريكا الجنوبية,SR-WA,,,1,district,District,Wanica,,Wanica,true,ISO_3166_2,https://www.iso.org/obp/ui/#search,ISO 3166-2 subdivisions via pycountry/isocodes,REFERENCE_DATA_IMPORTED,NEEDS_AR_TRANSLATION,2026-08-05,Administrative subdivision only; cities are imported in later city files.
UPSERT,reg_sv_ah,SV,SLV,El Salvador,السلفادور,Republic of El Salvador,Americas,الأمريكتان,Central America,أمريكا الوسطى,SV-AH,,,1,department,Department,Ahuachapán,,Ahuachapán,true,ISO_3166_2,https://www.iso.org/obp/ui/#search,ISO 3166-2 subdivisions via pycountry/isocodes,REFERENCE_DATA_IMPORTED,NEEDS_AR_TRANSLATION,2026-08-05,Administrative subdivision only; cities are imported in later city files.
UPSERT,reg_sv_ca,SV,SLV,El Salvador,السلفادور,Republic of El Salvador,Americas,الأمريكتان,Central America,أمريكا الوسطى,SV-CA,,,1,department,Department,Cabañas,,Cabañas,true,ISO_3166_2,https://www.iso.org/obp/ui/#search,ISO 3166-2 subdivisions via pycountry/isocodes,REFERENCE_DATA_IMPORTED,NEEDS_AR_TRANSLATION,2026-08-05,Administrative subdivision only; cities are imported in later city files.
UPSERT,reg_sv_ch,SV,SLV,El Salvador,السلفادور,Republic of El Salvador,Americas,الأمريكتان,Central America,أمريكا الوسطى,SV-CH,,,1,department,Department,Chalatenango,,Chalatenango,true,ISO_3166_2,https://www.iso.org/obp/ui/#search,ISO 3166-2 subdivisions via pycountry/isocodes,REFERENCE_DATA_IMPORTED,NEEDS_AR_TRANSLATION,2026-08-05,Administrative subdivision only; cities are imported in later city files.
UPSERT,reg_sv_cu,SV,SLV,El Salvador,السلفادور,Republic of El Salvador,Americas,الأمريكتان,Central America,أمريكا الوسطى,SV-CU,,,1,department,Department,Cuscatlán,,Cuscatlán,true,ISO_3166_2,https://www.iso.org/obp/ui/#search,ISO 3166-2 subdivisions via pycountry/isocodes,REFERENCE_DATA_IMPORTED,NEEDS_AR_TRANSLATION,2026-08-05,Administrative subdivision only; cities are imported in later city files.
UPSERT,reg_sv_li,SV,SLV,El Salvador,السلفادور,Republic of El Salvador,Americas,الأمريكتان,Central America,أمريكا الوسطى,SV-LI,,,1,department,Department,La Libertad,,La Libertad,true,ISO_3166_2,https://www.iso.org/obp/ui/#search,ISO 3166-2 subdivisions via pycountry/isocodes,REFERENCE_DATA_IMPORTED,NEEDS_AR_TRANSLATION,2026-08-05,Administrative subdivision only; cities are imported in later city files.
UPSERT,reg_sv_mo,SV,SLV,El Salvador,السلفادور,Republic of El Salvador,Americas,الأمريكتان,Central America,أمريكا الوسطى,SV-MO,,,1,department,Department,Morazán,,Morazán,true,ISO_3166_2,https://www.iso.org/obp/ui/#search,ISO 3166-2 subdivisions via pycountry/isocodes,REFERENCE_DATA_IMPORTED,NEEDS_AR_TRANSLATION,2026-08-05,Administrative subdivision only; cities are imported in later city files.
UPSERT,reg_sv_pa,SV,SLV,El Salvador,السلفادور,Republic of El Salvador,Americas,الأمريكتان,Central America,أمريكا الوسطى,SV-PA,,,1,department,Department,La Paz,,La Paz,true,ISO_3166_2,https://www.iso.org/obp/ui/#search,ISO 3166-2 subdivisions via pycountry/isocodes,REFERENCE_DATA_IMPORTED,NEEDS_AR_TRANSLATION,2026-08-05,Administrative subdivision only; cities are imported in later city files.
UPSERT,reg_sv_sa,SV,SLV,El Salvador,السلفادور,Republic of El Salvador,Americas,الأمريكتان,Central America,أمريكا الوسطى,SV-SA,,,1,department,Department,Santa Ana,,Santa Ana,true,ISO_3166_2,https://www.iso.org/obp/ui/#search,ISO 3166-2 subdivisions via pycountry/isocodes,REFERENCE_DATA_IMPORTED,NEEDS_AR_TRANSLATION,2026-08-05,Administrative subdivision only; cities are imported in later city files.
UPSERT,reg_sv_sm,SV,SLV,El Salvador,السلفادور,Republic of El Salvador,Americas,الأمريكتان,Central America,أمريكا الوسطى,SV-SM,,,1,department,Department,San Miguel,,San Miguel,true,ISO_3166_2,https://www.iso.org/obp/ui/#search,ISO 3166-2 subdivisions via pycountry/isocodes,REFERENCE_DATA_IMPORTED,NEEDS_AR_TRANSLATION,2026-08-05,Administrative subdivision only; cities are imported in later city files.
UPSERT,reg_sv_so,SV,SLV,El Salvador,السلفادور,Republic of El Salvador,Americas,الأمريكتان,Central America,أمريكا الوسطى,SV-SO,,,1,department,Department,Sonsonate,,Sonsonate,true,ISO_3166_2,https://www.iso.org/obp/ui/#search,ISO 3166-2 subdivisions via pycountry/isocodes,REFERENCE_DATA_IMPORTED,NEEDS_AR_TRANSLATION,2026-08-05,Administrative subdivision only; cities are imported in later city files.
UPSERT,reg_sv_ss,SV,SLV,El Salvador,السلفادور,Republic of El Salvador,Americas,الأمريكتان,Central America,أمريكا الوسطى,SV-SS,,,1,department,Department,San Salvador,,San Salvador,true,ISO_3166_2,https://www.iso.org/obp/ui/#search,ISO 3166-2 subdivisions via pycountry/isocodes,REFERENCE_DATA_IMPORTED,NEEDS_AR_TRANSLATION,2026-08-05,Administrative subdivision only; cities are imported in later city files.
UPSERT,reg_sv_sv,SV,SLV,El Salvador,السلفادور,Republic of El Salvador,Americas,الأمريكتان,Central America,أمريكا الوسطى,SV-SV,,,1,department,Department,San Vicente,,San Vicente,true,ISO_3166_2,https://www.iso.org/obp/ui/#search,ISO 3166-2 subdivisions via pycountry/isocodes,REFERENCE_DATA_IMPORTED,NEEDS_AR_TRANSLATION,2026-08-05,Administrative subdivision only; cities are imported in later city files.
UPSERT,reg_sv_un,SV,SLV,El Salvador,السلفادور,Republic of El Salvador,Americas,الأمريكتان,Central America,أمريكا الوسطى,SV-UN,,,1,department,Department,La Unión,,La Unión,true,ISO_3166_2,https://www.iso.org/obp/ui/#search,ISO 3166-2 subdivisions via pycountry/isocodes,REFERENCE_DATA_IMPORTED,NEEDS_AR_TRANSLATION,2026-08-05,Administrative subdivision only; cities are imported in later city files.
UPSERT,reg_sv_us,SV,SLV,El Salvador,السلفادور,Republic of El Salvador,Americas,الأمريكتان,Central America,أمريكا الوسطى,SV-US,,,1,department,Department,Usulután,,Usulután,true,ISO_3166_2,https://www.iso.org/obp/ui/#search,ISO 3166-2 subdivisions via pycountry/isocodes,REFERENCE_DATA_IMPORTED,NEEDS_AR_TRANSLATION,2026-08-05,Administrative subdivision only; cities are imported in later city files.
UPSERT,reg_tt_ari,TT,TTO,Trinidad and Tobago,ترينيداد وتوباغو,Republic of Trinidad and Tobago,Americas,الأمريكتان,Caribbean,الكاريبي,TT-ARI,,,1,borough,Borough,Arima,,Arima,true,ISO_3166_2,https://www.iso.org/obp/ui/#search,ISO 3166-2 subdivisions via pycountry/isocodes,REFERENCE_DATA_IMPORTED,NEEDS_AR_TRANSLATION,2026-08-05,Administrative subdivision only; cities are imported in later city files.
UPSERT,reg_tt_cha,TT,TTO,Trinidad and Tobago,ترينيداد وتوباغو,Republic of Trinidad and Tobago,Americas,الأمريكتان,Caribbean,الكاريبي,TT-CHA,,,1,borough,Borough,Chaguanas,,Chaguanas,true,ISO_3166_2,https://www.iso.org/obp/ui/#search,ISO 3166-2 subdivisions via pycountry/isocodes,REFERENCE_DATA_IMPORTED,NEEDS_AR_TRANSLATION,2026-08-05,Administrative subdivision only; cities are imported in later city files.
UPSERT,reg_tt_ctt,TT,TTO,Trinidad and Tobago,ترينيداد وتوباغو,Republic of Trinidad and Tobago,Americas,الأمريكتان,Caribbean,الكاريبي,TT-CTT,,,1,region,Region,Couva-Tabaquite-Talparo,,Couva-Tabaquite-Talparo,true,ISO_3166_2,https://www.iso.org/obp/ui/#search,ISO 3166-2 subdivisions via pycountry/isocodes,REFERENCE_DATA_IMPORTED,NEEDS_AR_TRANSLATION,2026-08-05,Administrative subdivision only; cities are imported in later city files.
UPSERT,reg_tt_dmn,TT,TTO,Trinidad and Tobago,ترينيداد وتوباغو,Republic of Trinidad and Tobago,Americas,الأمريكتان,Caribbean,الكاريبي,TT-DMN,,,1,region,Region,Diego Martin,,Diego Martin,true,ISO_3166_2,https://www.iso.org/obp/ui/#search,ISO 3166-2 subdivisions via pycountry/isocodes,REFERENCE_DATA_IMPORTED,NEEDS_AR_TRANSLATION,2026-08-05,Administrative subdivision only; cities are imported in later city files.
UPSERT,reg_tt_mrc,TT,TTO,Trinidad and Tobago,ترينيداد وتوباغو,Republic of Trinidad and Tobago,Americas,الأمريكتان,Caribbean,الكاريبي,TT-MRC,,,1,region,Region,Mayaro-Rio Claro,,Mayaro-Rio Claro,true,ISO_3166_2,https://www.iso.org/obp/ui/#search,ISO 3166-2 subdivisions via pycountry/isocodes,REFERENCE_DATA_IMPORTED,NEEDS_AR_TRANSLATION,2026-08-05,Administrative subdivision only; cities are imported in later city files.
UPSERT,reg_tt_ped,TT,TTO,Trinidad and Tobago,ترينيداد وتوباغو,Republic of Trinidad and Tobago,Americas,الأمريكتان,Caribbean,الكاريبي,TT-PED,,,1,region,Region,Penal-Debe,,Penal-Debe,true,ISO_3166_2,https://www.iso.org/obp/ui/#search,ISO 3166-2 subdivisions via pycountry/isocodes,REFERENCE_DATA_IMPORTED,NEEDS_AR_TRANSLATION,2026-08-05,Administrative subdivision only; cities are imported in later city files.
UPSERT,reg_tt_pos,TT,TTO,Trinidad and Tobago,ترينيداد وتوباغو,Republic of Trinidad and Tobago,Americas,الأمريكتان,Caribbean,الكاريبي,TT-POS,,,1,city,City,Port of Spain,,Port of Spain,true,ISO_3166_2,https://www.iso.org/obp/ui/#search,ISO 3166-2 subdivisions via pycountry/isocodes,REFERENCE_DATA_IMPORTED,NEEDS_AR_TRANSLATION,2026-08-05,Administrative subdivision only; cities are imported in later city files.
UPSERT,reg_tt_prt,TT,TTO,Trinidad and Tobago,ترينيداد وتوباغو,Republic of Trinidad and Tobago,Americas,الأمريكتان,Caribbean,الكاريبي,TT-PRT,,,1,region,Region,Princes Town,,Princes Town,true,ISO_3166_2,https://www.iso.org/obp/ui/#search,ISO 3166-2 subdivisions via pycountry/isocodes,REFERENCE_DATA_IMPORTED,NEEDS_AR_TRANSLATION,2026-08-05,Administrative subdivision only; cities are imported in later city files.
UPSERT,reg_tt_ptf,TT,TTO,Trinidad and Tobago,ترينيداد وتوباغو,Republic of Trinidad and Tobago,Americas,الأمريكتان,Caribbean,الكاريبي,TT-PTF,,,1,borough,Borough,Point Fortin,,Point Fortin,true,ISO_3166_2,https://www.iso.org/obp/ui/#search,ISO 3166-2 subdivisions via pycountry/isocodes,REFERENCE_DATA_IMPORTED,NEEDS_AR_TRANSLATION,2026-08-05,Administrative subdivision only; cities are imported in later city files.
UPSERT,reg_tt_sfo,TT,TTO,Trinidad and Tobago,ترينيداد وتوباغو,Republic of Trinidad and Tobago,Americas,الأمريكتان,Caribbean,الكاريبي,TT-SFO,,,1,city,City,San Fernando,,San Fernando,true,ISO_3166_2,https://www.iso.org/obp/ui/#search,ISO 3166-2 subdivisions via pycountry/isocodes,REFERENCE_DATA_IMPORTED,NEEDS_AR_TRANSLATION,2026-08-05,Administrative subdivision only; cities are imported in later city files.
UPSERT,reg_tt_sge,TT,TTO,Trinidad and Tobago,ترينيداد وتوباغو,Republic of Trinidad and Tobago,Americas,الأمريكتان,Caribbean,الكاريبي,TT-SGE,,,1,region,Region,Sangre Grande,,Sangre Grande,true,ISO_3166_2,https://www.iso.org/obp/ui/#search,ISO 3166-2 subdivisions via pycountry/isocodes,REFERENCE_DATA_IMPORTED,NEEDS_AR_TRANSLATION,2026-08-05,Administrative subdivision only; cities are imported in later city files.
UPSERT,reg_tt_sip,TT,TTO,Trinidad and Tobago,ترينيداد وتوباغو,Republic of Trinidad and Tobago,Americas,الأمريكتان,Caribbean,الكاريبي,TT-SIP,,,1,region,Region,Siparia,,Siparia,true,ISO_3166_2,https://www.iso.org/obp/ui/#search,ISO 3166-2 subdivisions via pycountry/isocodes,REFERENCE_DATA_IMPORTED,NEEDS_AR_TRANSLATION,2026-08-05,Administrative subdivision only; cities are imported in later city files.
UPSERT,reg_tt_sjl,TT,TTO,Trinidad and Tobago,ترينيداد وتوباغو,Republic of Trinidad and Tobago,Americas,الأمريكتان,Caribbean,الكاريبي,TT-SJL,,,1,region,Region,San Juan-Laventille,,San Juan-Laventille,true,ISO_3166_2,https://www.iso.org/obp/ui/#search,ISO 3166-2 subdivisions via pycountry/isocodes,REFERENCE_DATA_IMPORTED,NEEDS_AR_TRANSLATION,2026-08-05,Administrative subdivision only; cities are imported in later city files.
UPSERT,reg_tt_tob,TT,TTO,Trinidad and Tobago,ترينيداد وتوباغو,Republic of Trinidad and Tobago,Americas,الأمريكتان,Caribbean,الكاريبي,TT-TOB,,,1,ward,Ward,Tobago,,Tobago,true,ISO_3166_2,https://www.iso.org/obp/ui/#search,ISO 3166-2 subdivisions via pycountry/isocodes,REFERENCE_DATA_IMPORTED,NEEDS_AR_TRANSLATION,2026-08-05,Administrative subdivision only; cities are imported in later city files.
UPSERT,reg_tt_tup,TT,TTO,Trinidad and Tobago,ترينيداد وتوباغو,Republic of Trinidad and Tobago,Americas,الأمريكتان,Caribbean,الكاريبي,TT-TUP,,,1,region,Region,Tunapuna-Piarco,,Tunapuna-Piarco,true,ISO_3166_2,https://www.iso.org/obp/ui/#search,ISO 3166-2 subdivisions via pycountry/isocodes,REFERENCE_DATA_IMPORTED,NEEDS_AR_TRANSLATION,2026-08-05,Administrative subdivision only; cities are imported in later city files.
UPSERT,reg_us_ak,US,USA,United States,الولايات المتحدة,United States of America,Americas,الأمريكتان,Northern America,أمريكا الشمالية,US-AK,,,1,state,State,Alaska,,Alaska,true,ISO_3166_2,https://www.iso.org/obp/ui/#search,ISO 3166-2 subdivisions via pycountry/isocodes,REFERENCE_DATA_IMPORTED,NEEDS_AR_TRANSLATION,2026-08-05,Administrative subdivision only; cities are imported in later city files.
UPSERT,reg_us_al,US,USA,United States,الولايات المتحدة,United States of America,Americas,الأمريكتان,Northern America,أمريكا الشمالية,US-AL,,,1,state,State,Alabama,,Alabama,true,ISO_3166_2,https://www.iso.org/obp/ui/#search,ISO 3166-2 subdivisions via pycountry/isocodes,REFERENCE_DATA_IMPORTED,NEEDS_AR_TRANSLATION,2026-08-05,Administrative subdivision only; cities are imported in later city files.
UPSERT,reg_us_ar,US,USA,United States,الولايات المتحدة,United States of America,Americas,الأمريكتان,Northern America,أمريكا الشمالية,US-AR,,,1,state,State,Arkansas,,Arkansas,true,ISO_3166_2,https://www.iso.org/obp/ui/#search,ISO 3166-2 subdivisions via pycountry/isocodes,REFERENCE_DATA_IMPORTED,NEEDS_AR_TRANSLATION,2026-08-05,Administrative subdivision only; cities are imported in later city files.
UPSERT,reg_us_as,US,USA,United States,الولايات المتحدة,United States of America,Americas,الأمريكتان,Northern America,أمريكا الشمالية,US-AS,,,1,outlying_area,Outlying area,American Samoa,,American Samoa,true,ISO_3166_2,https://www.iso.org/obp/ui/#search,ISO 3166-2 subdivisions via pycountry/isocodes,REFERENCE_DATA_IMPORTED,NEEDS_AR_TRANSLATION,2026-08-05,Administrative subdivision only; cities are imported in later city files.
UPSERT,reg_us_az,US,USA,United States,الولايات المتحدة,United States of America,Americas,الأمريكتان,Northern America,أمريكا الشمالية,US-AZ,,,1,state,State,Arizona,,Arizona,true,ISO_3166_2,https://www.iso.org/obp/ui/#search,ISO 3166-2 subdivisions via pycountry/isocodes,REFERENCE_DATA_IMPORTED,NEEDS_AR_TRANSLATION,2026-08-05,Administrative subdivision only; cities are imported in later city files.
UPSERT,reg_us_ca,US,USA,United States,الولايات المتحدة,United States of America,Americas,الأمريكتان,Northern America,أمريكا الشمالية,US-CA,,,1,state,State,California,,California,true,ISO_3166_2,https://www.iso.org/obp/ui/#search,ISO 3166-2 subdivisions via pycountry/isocodes,REFERENCE_DATA_IMPORTED,NEEDS_AR_TRANSLATION,2026-08-05,Administrative subdivision only; cities are imported in later city files.
UPSERT,reg_us_co,US,USA,United States,الولايات المتحدة,United States of America,Americas,الأمريكتان,Northern America,أمريكا الشمالية,US-CO,,,1,state,State,Colorado,,Colorado,true,ISO_3166_2,https://www.iso.org/obp/ui/#search,ISO 3166-2 subdivisions via pycountry/isocodes,REFERENCE_DATA_IMPORTED,NEEDS_AR_TRANSLATION,2026-08-05,Administrative subdivision only; cities are imported in later city files.
UPSERT,reg_us_ct,US,USA,United States,الولايات المتحدة,United States of America,Americas,الأمريكتان,Northern America,أمريكا الشمالية,US-CT,,,1,state,State,Connecticut,,Connecticut,true,ISO_3166_2,https://www.iso.org/obp/ui/#search,ISO 3166-2 subdivisions via pycountry/isocodes,REFERENCE_DATA_IMPORTED,NEEDS_AR_TRANSLATION,2026-08-05,Administrative subdivision only; cities are imported in later city files.
UPSERT,reg_us_dc,US,USA,United States,الولايات المتحدة,United States of America,Americas,الأمريكتان,Northern America,أمريكا الشمالية,US-DC,,,1,district,District,District of Columbia,,District of Columbia,true,ISO_3166_2,https://www.iso.org/obp/ui/#search,ISO 3166-2 subdivisions via pycountry/isocodes,REFERENCE_DATA_IMPORTED,NEEDS_AR_TRANSLATION,2026-08-05,Administrative subdivision only; cities are imported in later city files.
UPSERT,reg_us_de,US,USA,United States,الولايات المتحدة,United States of America,Americas,الأمريكتان,Northern America,أمريكا الشمالية,US-DE,,,1,state,State,Delaware,,Delaware,true,ISO_3166_2,https://www.iso.org/obp/ui/#search,ISO 3166-2 subdivisions via pycountry/isocodes,REFERENCE_DATA_IMPORTED,NEEDS_AR_TRANSLATION,2026-08-05,Administrative subdivision only; cities are imported in later city files.
UPSERT,reg_us_fl,US,USA,United States,الولايات المتحدة,United States of America,Americas,الأمريكتان,Northern America,أمريكا الشمالية,US-FL,,,1,state,State,Florida,,Florida,true,ISO_3166_2,https://www.iso.org/obp/ui/#search,ISO 3166-2 subdivisions via pycountry/isocodes,REFERENCE_DATA_IMPORTED,NEEDS_AR_TRANSLATION,2026-08-05,Administrative subdivision only; cities are imported in later city files.
UPSERT,reg_us_ga,US,USA,United States,الولايات المتحدة,United States of America,Americas,الأمريكتان,Northern America,أمريكا الشمالية,US-GA,,,1,state,State,Georgia,,Georgia,true,ISO_3166_2,https://www.iso.org/obp/ui/#search,ISO 3166-2 subdivisions via pycountry/isocodes,REFERENCE_DATA_IMPORTED,NEEDS_AR_TRANSLATION,2026-08-05,Administrative subdivision only; cities are imported in later city files.
UPSERT,reg_us_gu,US,USA,United States,الولايات المتحدة,United States of America,Americas,الأمريكتان,Northern America,أمريكا الشمالية,US-GU,,,1,outlying_area,Outlying area,Guam,,Guam,true,ISO_3166_2,https://www.iso.org/obp/ui/#search,ISO 3166-2 subdivisions via pycountry/isocodes,REFERENCE_DATA_IMPORTED,NEEDS_AR_TRANSLATION,2026-08-05,Administrative subdivision only; cities are imported in later city files.
UPSERT,reg_us_hi,US,USA,United States,الولايات المتحدة,United States of America,Americas,الأمريكتان,Northern America,أمريكا الشمالية,US-HI,,,1,state,State,Hawaii,,Hawaii,true,ISO_3166_2,https://www.iso.org/obp/ui/#search,ISO 3166-2 subdivisions via pycountry/isocodes,REFERENCE_DATA_IMPORTED,NEEDS_AR_TRANSLATION,2026-08-05,Administrative subdivision only; cities are imported in later city files.
UPSERT,reg_us_ia,US,USA,United States,الولايات المتحدة,United States of America,Americas,الأمريكتان,Northern America,أمريكا الشمالية,US-IA,,,1,state,State,Iowa,,Iowa,true,ISO_3166_2,https://www.iso.org/obp/ui/#search,ISO 3166-2 subdivisions via pycountry/isocodes,REFERENCE_DATA_IMPORTED,NEEDS_AR_TRANSLATION,2026-08-05,Administrative subdivision only; cities are imported in later city files.
UPSERT,reg_us_id,US,USA,United States,الولايات المتحدة,United States of America,Americas,الأمريكتان,Northern America,أمريكا الشمالية,US-ID,,,1,state,State,Idaho,,Idaho,true,ISO_3166_2,https://www.iso.org/obp/ui/#search,ISO 3166-2 subdivisions via pycountry/isocodes,REFERENCE_DATA_IMPORTED,NEEDS_AR_TRANSLATION,2026-08-05,Administrative subdivision only; cities are imported in later city files.
UPSERT,reg_us_il,US,USA,United States,الولايات المتحدة,United States of America,Americas,الأمريكتان,Northern America,أمريكا الشمالية,US-IL,,,1,state,State,Illinois,,Illinois,true,ISO_3166_2,https://www.iso.org/obp/ui/#search,ISO 3166-2 subdivisions via pycountry/isocodes,REFERENCE_DATA_IMPORTED,NEEDS_AR_TRANSLATION,2026-08-05,Administrative subdivision only; cities are imported in later city files.
UPSERT,reg_us_in,US,USA,United States,الولايات المتحدة,United States of America,Americas,الأمريكتان,Northern America,أمريكا الشمالية,US-IN,,,1,state,State,Indiana,,Indiana,true,ISO_3166_2,https://www.iso.org/obp/ui/#search,ISO 3166-2 subdivisions via pycountry/isocodes,REFERENCE_DATA_IMPORTED,NEEDS_AR_TRANSLATION,2026-08-05,Administrative subdivision only; cities are imported in later city files.
UPSERT,reg_us_ks,US,USA,United States,الولايات المتحدة,United States of America,Americas,الأمريكتان,Northern America,أمريكا الشمالية,US-KS,,,1,state,State,Kansas,,Kansas,true,ISO_3166_2,https://www.iso.org/obp/ui/#search,ISO 3166-2 subdivisions via pycountry/isocodes,REFERENCE_DATA_IMPORTED,NEEDS_AR_TRANSLATION,2026-08-05,Administrative subdivision only; cities are imported in later city files.
UPSERT,reg_us_ky,US,USA,United States,الولايات المتحدة,United States of America,Americas,الأمريكتان,Northern America,أمريكا الشمالية,US-KY,,,1,state,State,Kentucky,,Kentucky,true,ISO_3166_2,https://www.iso.org/obp/ui/#search,ISO 3166-2 subdivisions via pycountry/isocodes,REFERENCE_DATA_IMPORTED,NEEDS_AR_TRANSLATION,2026-08-05,Administrative subdivision only; cities are imported in later city files.
UPSERT,reg_us_la,US,USA,United States,الولايات المتحدة,United States of America,Americas,الأمريكتان,Northern America,أمريكا الشمالية,US-LA,,,1,state,State,Louisiana,,Louisiana,true,ISO_3166_2,https://www.iso.org/obp/ui/#search,ISO 3166-2 subdivisions via pycountry/isocodes,REFERENCE_DATA_IMPORTED,NEEDS_AR_TRANSLATION,2026-08-05,Administrative subdivision only; cities are imported in later city files.
UPSERT,reg_us_ma,US,USA,United States,الولايات المتحدة,United States of America,Americas,الأمريكتان,Northern America,أمريكا الشمالية,US-MA,,,1,state,State,Massachusetts,,Massachusetts,true,ISO_3166_2,https://www.iso.org/obp/ui/#search,ISO 3166-2 subdivisions via pycountry/isocodes,REFERENCE_DATA_IMPORTED,NEEDS_AR_TRANSLATION,2026-08-05,Administrative subdivision only; cities are imported in later city files.
UPSERT,reg_us_md,US,USA,United States,الولايات المتحدة,United States of America,Americas,الأمريكتان,Northern America,أمريكا الشمالية,US-MD,,,1,state,State,Maryland,,Maryland,true,ISO_3166_2,https://www.iso.org/obp/ui/#search,ISO 3166-2 subdivisions via pycountry/isocodes,REFERENCE_DATA_IMPORTED,NEEDS_AR_TRANSLATION,2026-08-05,Administrative subdivision only; cities are imported in later city files.
UPSERT,reg_us_me,US,USA,United States,الولايات المتحدة,United States of America,Americas,الأمريكتان,Northern America,أمريكا الشمالية,US-ME,,,1,state,State,Maine,,Maine,true,ISO_3166_2,https://www.iso.org/obp/ui/#search,ISO 3166-2 subdivisions via pycountry/isocodes,REFERENCE_DATA_IMPORTED,NEEDS_AR_TRANSLATION,2026-08-05,Administrative subdivision only; cities are imported in later city files.
UPSERT,reg_us_mi,US,USA,United States,الولايات المتحدة,United States of America,Americas,الأمريكتان,Northern America,أمريكا الشمالية,US-MI,,,1,state,State,Michigan,,Michigan,true,ISO_3166_2,https://www.iso.org/obp/ui/#search,ISO 3166-2 subdivisions via pycountry/isocodes,REFERENCE_DATA_IMPORTED,NEEDS_AR_TRANSLATION,2026-08-05,Administrative subdivision only; cities are imported in later city files.
UPSERT,reg_us_mn,US,USA,United States,الولايات المتحدة,United States of America,Americas,الأمريكتان,Northern America,أمريكا الشمالية,US-MN,,,1,state,State,Minnesota,,Minnesota,true,ISO_3166_2,https://www.iso.org/obp/ui/#search,ISO 3166-2 subdivisions via pycountry/isocodes,REFERENCE_DATA_IMPORTED,NEEDS_AR_TRANSLATION,2026-08-05,Administrative subdivision only; cities are imported in later city files.
UPSERT,reg_us_mo,US,USA,United States,الولايات المتحدة,United States of America,Americas,الأمريكتان,Northern America,أمريكا الشمالية,US-MO,,,1,state,State,Missouri,,Missouri,true,ISO_3166_2,https://www.iso.org/obp/ui/#search,ISO 3166-2 subdivisions via pycountry/isocodes,REFERENCE_DATA_IMPORTED,NEEDS_AR_TRANSLATION,2026-08-05,Administrative subdivision only; cities are imported in later city files.
UPSERT,reg_us_mp,US,USA,United States,الولايات المتحدة,United States of America,Americas,الأمريكتان,Northern America,أمريكا الشمالية,US-MP,,,1,outlying_area,Outlying area,Northern Mariana Islands,,Northern Mariana Islands,true,ISO_3166_2,https://www.iso.org/obp/ui/#search,ISO 3166-2 subdivisions via pycountry/isocodes,REFERENCE_DATA_IMPORTED,NEEDS_AR_TRANSLATION,2026-08-05,Administrative subdivision only; cities are imported in later city files.
UPSERT,reg_us_ms,US,USA,United States,الولايات المتحدة,United States of America,Americas,الأمريكتان,Northern America,أمريكا الشمالية,US-MS,,,1,state,State,Mississippi,,Mississippi,true,ISO_3166_2,https://www.iso.org/obp/ui/#search,ISO 3166-2 subdivisions via pycountry/isocodes,REFERENCE_DATA_IMPORTED,NEEDS_AR_TRANSLATION,2026-08-05,Administrative subdivision only; cities are imported in later city files.
UPSERT,reg_us_mt,US,USA,United States,الولايات المتحدة,United States of America,Americas,الأمريكتان,Northern America,أمريكا الشمالية,US-MT,,,1,state,State,Montana,,Montana,true,ISO_3166_2,https://www.iso.org/obp/ui/#search,ISO 3166-2 subdivisions via pycountry/isocodes,REFERENCE_DATA_IMPORTED,NEEDS_AR_TRANSLATION,2026-08-05,Administrative subdivision only; cities are imported in later city files.
UPSERT,reg_us_nc,US,USA,United States,الولايات المتحدة,United States of America,Americas,الأمريكتان,Northern America,أمريكا الشمالية,US-NC,,,1,state,State,North Carolina,,North Carolina,true,ISO_3166_2,https://www.iso.org/obp/ui/#search,ISO 3166-2 subdivisions via pycountry/isocodes,REFERENCE_DATA_IMPORTED,NEEDS_AR_TRANSLATION,2026-08-05,Administrative subdivision only; cities are imported in later city files.
UPSERT,reg_us_nd,US,USA,United States,الولايات المتحدة,United States of America,Americas,الأمريكتان,Northern America,أمريكا الشمالية,US-ND,,,1,state,State,North Dakota,,North Dakota,true,ISO_3166_2,https://www.iso.org/obp/ui/#search,ISO 3166-2 subdivisions via pycountry/isocodes,REFERENCE_DATA_IMPORTED,NEEDS_AR_TRANSLATION,2026-08-05,Administrative subdivision only; cities are imported in later city files.
UPSERT,reg_us_ne,US,USA,United States,الولايات المتحدة,United States of America,Americas,الأمريكتان,Northern America,أمريكا الشمالية,US-NE,,,1,state,State,Nebraska,,Nebraska,true,ISO_3166_2,https://www.iso.org/obp/ui/#search,ISO 3166-2 subdivisions via pycountry/isocodes,REFERENCE_DATA_IMPORTED,NEEDS_AR_TRANSLATION,2026-08-05,Administrative subdivision only; cities are imported in later city files.
UPSERT,reg_us_nh,US,USA,United States,الولايات المتحدة,United States of America,Americas,الأمريكتان,Northern America,أمريكا الشمالية,US-NH,,,1,state,State,New Hampshire,,New Hampshire,true,ISO_3166_2,https://www.iso.org/obp/ui/#search,ISO 3166-2 subdivisions via pycountry/isocodes,REFERENCE_DATA_IMPORTED,NEEDS_AR_TRANSLATION,2026-08-05,Administrative subdivision only; cities are imported in later city files.
UPSERT,reg_us_nj,US,USA,United States,الولايات المتحدة,United States of America,Americas,الأمريكتان,Northern America,أمريكا الشمالية,US-NJ,,,1,state,State,New Jersey,,New Jersey,true,ISO_3166_2,https://www.iso.org/obp/ui/#search,ISO 3166-2 subdivisions via pycountry/isocodes,REFERENCE_DATA_IMPORTED,NEEDS_AR_TRANSLATION,2026-08-05,Administrative subdivision only; cities are imported in later city files.
UPSERT,reg_us_nm,US,USA,United States,الولايات المتحدة,United States of America,Americas,الأمريكتان,Northern America,أمريكا الشمالية,US-NM,,,1,state,State,New Mexico,,New Mexico,true,ISO_3166_2,https://www.iso.org/obp/ui/#search,ISO 3166-2 subdivisions via pycountry/isocodes,REFERENCE_DATA_IMPORTED,NEEDS_AR_TRANSLATION,2026-08-05,Administrative subdivision only; cities are imported in later city files.
UPSERT,reg_us_nv,US,USA,United States,الولايات المتحدة,United States of America,Americas,الأمريكتان,Northern America,أمريكا الشمالية,US-NV,,,1,state,State,Nevada,,Nevada,true,ISO_3166_2,https://www.iso.org/obp/ui/#search,ISO 3166-2 subdivisions via pycountry/isocodes,REFERENCE_DATA_IMPORTED,NEEDS_AR_TRANSLATION,2026-08-05,Administrative subdivision only; cities are imported in later city files.
UPSERT,reg_us_ny,US,USA,United States,الولايات المتحدة,United States of America,Americas,الأمريكتان,Northern America,أمريكا الشمالية,US-NY,,,1,state,State,New York,,New York,true,ISO_3166_2,https://www.iso.org/obp/ui/#search,ISO 3166-2 subdivisions via pycountry/isocodes,REFERENCE_DATA_IMPORTED,NEEDS_AR_TRANSLATION,2026-08-05,Administrative subdivision only; cities are imported in later city files.
UPSERT,reg_us_oh,US,USA,United States,الولايات المتحدة,United States of America,Americas,الأمريكتان,Northern America,أمريكا الشمالية,US-OH,,,1,state,State,Ohio,,Ohio,true,ISO_3166_2,https://www.iso.org/obp/ui/#search,ISO 3166-2 subdivisions via pycountry/isocodes,REFERENCE_DATA_IMPORTED,NEEDS_AR_TRANSLATION,2026-08-05,Administrative subdivision only; cities are imported in later city files.
UPSERT,reg_us_ok,US,USA,United States,الولايات المتحدة,United States of America,Americas,الأمريكتان,Northern America,أمريكا الشمالية,US-OK,,,1,state,State,Oklahoma,,Oklahoma,true,ISO_3166_2,https://www.iso.org/obp/ui/#search,ISO 3166-2 subdivisions via pycountry/isocodes,REFERENCE_DATA_IMPORTED,NEEDS_AR_TRANSLATION,2026-08-05,Administrative subdivision only; cities are imported in later city files.
UPSERT,reg_us_or,US,USA,United States,الولايات المتحدة,United States of America,Americas,الأمريكتان,Northern America,أمريكا الشمالية,US-OR,,,1,state,State,Oregon,,Oregon,true,ISO_3166_2,https://www.iso.org/obp/ui/#search,ISO 3166-2 subdivisions via pycountry/isocodes,REFERENCE_DATA_IMPORTED,NEEDS_AR_TRANSLATION,2026-08-05,Administrative subdivision only; cities are imported in later city files.
UPSERT,reg_us_pa,US,USA,United States,الولايات المتحدة,United States of America,Americas,الأمريكتان,Northern America,أمريكا الشمالية,US-PA,,,1,state,State,Pennsylvania,,Pennsylvania,true,ISO_3166_2,https://www.iso.org/obp/ui/#search,ISO 3166-2 subdivisions via pycountry/isocodes,REFERENCE_DATA_IMPORTED,NEEDS_AR_TRANSLATION,2026-08-05,Administrative subdivision only; cities are imported in later city files.
UPSERT,reg_us_pr,US,USA,United States,الولايات المتحدة,United States of America,Americas,الأمريكتان,Northern America,أمريكا الشمالية,US-PR,,,1,outlying_area,Outlying area,Puerto Rico,,Puerto Rico,true,ISO_3166_2,https://www.iso.org/obp/ui/#search,ISO 3166-2 subdivisions via pycountry/isocodes,REFERENCE_DATA_IMPORTED,NEEDS_AR_TRANSLATION,2026-08-05,Administrative subdivision only; cities are imported in later city files.
UPSERT,reg_us_ri,US,USA,United States,الولايات المتحدة,United States of America,Americas,الأمريكتان,Northern America,أمريكا الشمالية,US-RI,,,1,state,State,Rhode Island,,Rhode Island,true,ISO_3166_2,https://www.iso.org/obp/ui/#search,ISO 3166-2 subdivisions via pycountry/isocodes,REFERENCE_DATA_IMPORTED,NEEDS_AR_TRANSLATION,2026-08-05,Administrative subdivision only; cities are imported in later city files.
UPSERT,reg_us_sc,US,USA,United States,الولايات المتحدة,United States of America,Americas,الأمريكتان,Northern America,أمريكا الشمالية,US-SC,,,1,state,State,South Carolina,,South Carolina,true,ISO_3166_2,https://www.iso.org/obp/ui/#search,ISO 3166-2 subdivisions via pycountry/isocodes,REFERENCE_DATA_IMPORTED,NEEDS_AR_TRANSLATION,2026-08-05,Administrative subdivision only; cities are imported in later city files.
UPSERT,reg_us_sd,US,USA,United States,الولايات المتحدة,United States of America,Americas,الأمريكتان,Northern America,أمريكا الشمالية,US-SD,,,1,state,State,South Dakota,,South Dakota,true,ISO_3166_2,https://www.iso.org/obp/ui/#search,ISO 3166-2 subdivisions via pycountry/isocodes,REFERENCE_DATA_IMPORTED,NEEDS_AR_TRANSLATION,2026-08-05,Administrative subdivision only; cities are imported in later city files.
UPSERT,reg_us_tn,US,USA,United States,الولايات المتحدة,United States of America,Americas,الأمريكتان,Northern America,أمريكا الشمالية,US-TN,,,1,state,State,Tennessee,,Tennessee,true,ISO_3166_2,https://www.iso.org/obp/ui/#search,ISO 3166-2 subdivisions via pycountry/isocodes,REFERENCE_DATA_IMPORTED,NEEDS_AR_TRANSLATION,2026-08-05,Administrative subdivision only; cities are imported in later city files.
UPSERT,reg_us_tx,US,USA,United States,الولايات المتحدة,United States of America,Americas,الأمريكتان,Northern America,أمريكا الشمالية,US-TX,,,1,state,State,Texas,,Texas,true,ISO_3166_2,https://www.iso.org/obp/ui/#search,ISO 3166-2 subdivisions via pycountry/isocodes,REFERENCE_DATA_IMPORTED,NEEDS_AR_TRANSLATION,2026-08-05,Administrative subdivision only; cities are imported in later city files.
UPSERT,reg_us_um,US,USA,United States,الولايات المتحدة,United States of America,Americas,الأمريكتان,Northern America,أمريكا الشمالية,US-UM,,,1,outlying_area,Outlying area,United States Minor Outlying Islands,,United States Minor Outlying Islands,true,ISO_3166_2,https://www.iso.org/obp/ui/#search,ISO 3166-2 subdivisions via pycountry/isocodes,REFERENCE_DATA_IMPORTED,NEEDS_AR_TRANSLATION,2026-08-05,Administrative subdivision only; cities are imported in later city files.
UPSERT,reg_us_ut,US,USA,United States,الولايات المتحدة,United States of America,Americas,الأمريكتان,Northern America,أمريكا الشمالية,US-UT,,,1,state,State,Utah,,Utah,true,ISO_3166_2,https://www.iso.org/obp/ui/#search,ISO 3166-2 subdivisions via pycountry/isocodes,REFERENCE_DATA_IMPORTED,NEEDS_AR_TRANSLATION,2026-08-05,Administrative subdivision only; cities are imported in later city files.
UPSERT,reg_us_va,US,USA,United States,الولايات المتحدة,United States of America,Americas,الأمريكتان,Northern America,أمريكا الشمالية,US-VA,,,1,state,State,Virginia,,Virginia,true,ISO_3166_2,https://www.iso.org/obp/ui/#search,ISO 3166-2 subdivisions via pycountry/isocodes,REFERENCE_DATA_IMPORTED,NEEDS_AR_TRANSLATION,2026-08-05,Administrative subdivision only; cities are imported in later city files.
UPSERT,reg_us_vi,US,USA,United States,الولايات المتحدة,United States of America,Americas,الأمريكتان,Northern America,أمريكا الشمالية,US-VI,,,1,outlying_area,Outlying area,"Virgin Islands, U.S.",,"Virgin Islands, U.S.",true,ISO_3166_2,https://www.iso.org/obp/ui/#search,ISO 3166-2 subdivisions via pycountry/isocodes,REFERENCE_DATA_IMPORTED,NEEDS_AR_TRANSLATION,2026-08-05,Administrative subdivision only; cities are imported in later city files.
UPSERT,reg_us_vt,US,USA,United States,الولايات المتحدة,United States of America,Americas,الأمريكتان,Northern America,أمريكا الشمالية,US-VT,,,1,state,State,Vermont,,Vermont,true,ISO_3166_2,https://www.iso.org/obp/ui/#search,ISO 3166-2 subdivisions via pycountry/isocodes,REFERENCE_DATA_IMPORTED,NEEDS_AR_TRANSLATION,2026-08-05,Administrative subdivision only; cities are imported in later city files.
UPSERT,reg_us_wa,US,USA,United States,الولايات المتحدة,United States of America,Americas,الأمريكتان,Northern America,أمريكا الشمالية,US-WA,,,1,state,State,Washington,,Washington,true,ISO_3166_2,https://www.iso.org/obp/ui/#search,ISO 3166-2 subdivisions via pycountry/isocodes,REFERENCE_DATA_IMPORTED,NEEDS_AR_TRANSLATION,2026-08-05,Administrative subdivision only; cities are imported in later city files.
UPSERT,reg_us_wi,US,USA,United States,الولايات المتحدة,United States of America,Americas,الأمريكتان,Northern America,أمريكا الشمالية,US-WI,,,1,state,State,Wisconsin,,Wisconsin,true,ISO_3166_2,https://www.iso.org/obp/ui/#search,ISO 3166-2 subdivisions via pycountry/isocodes,REFERENCE_DATA_IMPORTED,NEEDS_AR_TRANSLATION,2026-08-05,Administrative subdivision only; cities are imported in later city files.
UPSERT,reg_us_wv,US,USA,United States,الولايات المتحدة,United States of America,Americas,الأمريكتان,Northern America,أمريكا الشمالية,US-WV,,,1,state,State,West Virginia,,West Virginia,true,ISO_3166_2,https://www.iso.org/obp/ui/#search,ISO 3166-2 subdivisions via pycountry/isocodes,REFERENCE_DATA_IMPORTED,NEEDS_AR_TRANSLATION,2026-08-05,Administrative subdivision only; cities are imported in later city files.
UPSERT,reg_us_wy,US,USA,United States,الولايات المتحدة,United States of America,Americas,الأمريكتان,Northern America,أمريكا الشمالية,US-WY,,,1,state,State,Wyoming,,Wyoming,true,ISO_3166_2,https://www.iso.org/obp/ui/#search,ISO 3166-2 subdivisions via pycountry/isocodes,REFERENCE_DATA_IMPORTED,NEEDS_AR_TRANSLATION,2026-08-05,Administrative subdivision only; cities are imported in later city files.
UPSERT,reg_uy_ar,UY,URY,Uruguay,أورغواي,Eastern Republic of Uruguay,Americas,الأمريكتان,South America,أمريكا الجنوبية,UY-AR,,,1,department,Department,Artigas,,Artigas,true,ISO_3166_2,https://www.iso.org/obp/ui/#search,ISO 3166-2 subdivisions via pycountry/isocodes,REFERENCE_DATA_IMPORTED,NEEDS_AR_TRANSLATION,2026-08-05,Administrative subdivision only; cities are imported in later city files.
UPSERT,reg_uy_ca,UY,URY,Uruguay,أورغواي,Eastern Republic of Uruguay,Americas,الأمريكتان,South America,أمريكا الجنوبية,UY-CA,,,1,department,Department,Canelones,,Canelones,true,ISO_3166_2,https://www.iso.org/obp/ui/#search,ISO 3166-2 subdivisions via pycountry/isocodes,REFERENCE_DATA_IMPORTED,NEEDS_AR_TRANSLATION,2026-08-05,Administrative subdivision only; cities are imported in later city files.
UPSERT,reg_uy_cl,UY,URY,Uruguay,أورغواي,Eastern Republic of Uruguay,Americas,الأمريكتان,South America,أمريكا الجنوبية,UY-CL,,,1,department,Department,Cerro Largo,,Cerro Largo,true,ISO_3166_2,https://www.iso.org/obp/ui/#search,ISO 3166-2 subdivisions via pycountry/isocodes,REFERENCE_DATA_IMPORTED,NEEDS_AR_TRANSLATION,2026-08-05,Administrative subdivision only; cities are imported in later city files.
UPSERT,reg_uy_co,UY,URY,Uruguay,أورغواي,Eastern Republic of Uruguay,Americas,الأمريكتان,South America,أمريكا الجنوبية,UY-CO,,,1,department,Department,Colonia,,Colonia,true,ISO_3166_2,https://www.iso.org/obp/ui/#search,ISO 3166-2 subdivisions via pycountry/isocodes,REFERENCE_DATA_IMPORTED,NEEDS_AR_TRANSLATION,2026-08-05,Administrative subdivision only; cities are imported in later city files.
UPSERT,reg_uy_du,UY,URY,Uruguay,أورغواي,Eastern Republic of Uruguay,Americas,الأمريكتان,South America,أمريكا الجنوبية,UY-DU,,,1,department,Department,Durazno,,Durazno,true,ISO_3166_2,https://www.iso.org/obp/ui/#search,ISO 3166-2 subdivisions via pycountry/isocodes,REFERENCE_DATA_IMPORTED,NEEDS_AR_TRANSLATION,2026-08-05,Administrative subdivision only; cities are imported in later city files.
UPSERT,reg_uy_fd,UY,URY,Uruguay,أورغواي,Eastern Republic of Uruguay,Americas,الأمريكتان,South America,أمريكا الجنوبية,UY-FD,,,1,department,Department,Florida,,Florida,true,ISO_3166_2,https://www.iso.org/obp/ui/#search,ISO 3166-2 subdivisions via pycountry/isocodes,REFERENCE_DATA_IMPORTED,NEEDS_AR_TRANSLATION,2026-08-05,Administrative subdivision only; cities are imported in later city files.
UPSERT,reg_uy_fs,UY,URY,Uruguay,أورغواي,Eastern Republic of Uruguay,Americas,الأمريكتان,South America,أمريكا الجنوبية,UY-FS,,,1,department,Department,Flores,,Flores,true,ISO_3166_2,https://www.iso.org/obp/ui/#search,ISO 3166-2 subdivisions via pycountry/isocodes,REFERENCE_DATA_IMPORTED,NEEDS_AR_TRANSLATION,2026-08-05,Administrative subdivision only; cities are imported in later city files.
UPSERT,reg_uy_la,UY,URY,Uruguay,أورغواي,Eastern Republic of Uruguay,Americas,الأمريكتان,South America,أمريكا الجنوبية,UY-LA,,,1,department,Department,Lavalleja,,Lavalleja,true,ISO_3166_2,https://www.iso.org/obp/ui/#search,ISO 3166-2 subdivisions via pycountry/isocodes,REFERENCE_DATA_IMPORTED,NEEDS_AR_TRANSLATION,2026-08-05,Administrative subdivision only; cities are imported in later city files.
UPSERT,reg_uy_ma,UY,URY,Uruguay,أورغواي,Eastern Republic of Uruguay,Americas,الأمريكتان,South America,أمريكا الجنوبية,UY-MA,,,1,department,Department,Maldonado,,Maldonado,true,ISO_3166_2,https://www.iso.org/obp/ui/#search,ISO 3166-2 subdivisions via pycountry/isocodes,REFERENCE_DATA_IMPORTED,NEEDS_AR_TRANSLATION,2026-08-05,Administrative subdivision only; cities are imported in later city files.
UPSERT,reg_uy_mo,UY,URY,Uruguay,أورغواي,Eastern Republic of Uruguay,Americas,الأمريكتان,South America,أمريكا الجنوبية,UY-MO,,,1,department,Department,Montevideo,,Montevideo,true,ISO_3166_2,https://www.iso.org/obp/ui/#search,ISO 3166-2 subdivisions via pycountry/isocodes,REFERENCE_DATA_IMPORTED,NEEDS_AR_TRANSLATION,2026-08-05,Administrative subdivision only; cities are imported in later city files.
UPSERT,reg_uy_pa,UY,URY,Uruguay,أورغواي,Eastern Republic of Uruguay,Americas,الأمريكتان,South America,أمريكا الجنوبية,UY-PA,,,1,department,Department,Paysandú,,Paysandú,true,ISO_3166_2,https://www.iso.org/obp/ui/#search,ISO 3166-2 subdivisions via pycountry/isocodes,REFERENCE_DATA_IMPORTED,NEEDS_AR_TRANSLATION,2026-08-05,Administrative subdivision only; cities are imported in later city files.
UPSERT,reg_uy_rn,UY,URY,Uruguay,أورغواي,Eastern Republic of Uruguay,Americas,الأمريكتان,South America,أمريكا الجنوبية,UY-RN,,,1,department,Department,Río Negro,,Río Negro,true,ISO_3166_2,https://www.iso.org/obp/ui/#search,ISO 3166-2 subdivisions via pycountry/isocodes,REFERENCE_DATA_IMPORTED,NEEDS_AR_TRANSLATION,2026-08-05,Administrative subdivision only; cities are imported in later city files.
UPSERT,reg_uy_ro,UY,URY,Uruguay,أورغواي,Eastern Republic of Uruguay,Americas,الأمريكتان,South America,أمريكا الجنوبية,UY-RO,,,1,department,Department,Rocha,,Rocha,true,ISO_3166_2,https://www.iso.org/obp/ui/#search,ISO 3166-2 subdivisions via pycountry/isocodes,REFERENCE_DATA_IMPORTED,NEEDS_AR_TRANSLATION,2026-08-05,Administrative subdivision only; cities are imported in later city files.
UPSERT,reg_uy_rv,UY,URY,Uruguay,أورغواي,Eastern Republic of Uruguay,Americas,الأمريكتان,South America,أمريكا الجنوبية,UY-RV,,,1,department,Department,Rivera,,Rivera,true,ISO_3166_2,https://www.iso.org/obp/ui/#search,ISO 3166-2 subdivisions via pycountry/isocodes,REFERENCE_DATA_IMPORTED,NEEDS_AR_TRANSLATION,2026-08-05,Administrative subdivision only; cities are imported in later city files.
UPSERT,reg_uy_sa,UY,URY,Uruguay,أورغواي,Eastern Republic of Uruguay,Americas,الأمريكتان,South America,أمريكا الجنوبية,UY-SA,,,1,department,Department,Salto,,Salto,true,ISO_3166_2,https://www.iso.org/obp/ui/#search,ISO 3166-2 subdivisions via pycountry/isocodes,REFERENCE_DATA_IMPORTED,NEEDS_AR_TRANSLATION,2026-08-05,Administrative subdivision only; cities are imported in later city files.
UPSERT,reg_uy_sj,UY,URY,Uruguay,أورغواي,Eastern Republic of Uruguay,Americas,الأمريكتان,South America,أمريكا الجنوبية,UY-SJ,,,1,department,Department,San José,,San José,true,ISO_3166_2,https://www.iso.org/obp/ui/#search,ISO 3166-2 subdivisions via pycountry/isocodes,REFERENCE_DATA_IMPORTED,NEEDS_AR_TRANSLATION,2026-08-05,Administrative subdivision only; cities are imported in later city files.
UPSERT,reg_uy_so,UY,URY,Uruguay,أورغواي,Eastern Republic of Uruguay,Americas,الأمريكتان,South America,أمريكا الجنوبية,UY-SO,,,1,department,Department,Soriano,,Soriano,true,ISO_3166_2,https://www.iso.org/obp/ui/#search,ISO 3166-2 subdivisions via pycountry/isocodes,REFERENCE_DATA_IMPORTED,NEEDS_AR_TRANSLATION,2026-08-05,Administrative subdivision only; cities are imported in later city files.
UPSERT,reg_uy_ta,UY,URY,Uruguay,أورغواي,Eastern Republic of Uruguay,Americas,الأمريكتان,South America,أمريكا الجنوبية,UY-TA,,,1,department,Department,Tacuarembó,,Tacuarembó,true,ISO_3166_2,https://www.iso.org/obp/ui/#search,ISO 3166-2 subdivisions via pycountry/isocodes,REFERENCE_DATA_IMPORTED,NEEDS_AR_TRANSLATION,2026-08-05,Administrative subdivision only; cities are imported in later city files.
UPSERT,reg_uy_tt,UY,URY,Uruguay,أورغواي,Eastern Republic of Uruguay,Americas,الأمريكتان,South America,أمريكا الجنوبية,UY-TT,,,1,department,Department,Treinta y Tres,,Treinta y Tres,true,ISO_3166_2,https://www.iso.org/obp/ui/#search,ISO 3166-2 subdivisions via pycountry/isocodes,REFERENCE_DATA_IMPORTED,NEEDS_AR_TRANSLATION,2026-08-05,Administrative subdivision only; cities are imported in later city files.
UPSERT,reg_vc_01,VC,VCT,Saint Vincent and the Grenadines,سانت فنسنت وجزر غرينادين,,Americas,الأمريكتان,Caribbean,الكاريبي,VC-01,,,1,parish,Parish,Charlotte,,Charlotte,true,ISO_3166_2,https://www.iso.org/obp/ui/#search,ISO 3166-2 subdivisions via pycountry/isocodes,REFERENCE_DATA_IMPORTED,NEEDS_AR_TRANSLATION,2026-08-05,Administrative subdivision only; cities are imported in later city files.
UPSERT,reg_vc_02,VC,VCT,Saint Vincent and the Grenadines,سانت فنسنت وجزر غرينادين,,Americas,الأمريكتان,Caribbean,الكاريبي,VC-02,,,1,parish,Parish,Saint Andrew,,Saint Andrew,true,ISO_3166_2,https://www.iso.org/obp/ui/#search,ISO 3166-2 subdivisions via pycountry/isocodes,REFERENCE_DATA_IMPORTED,NEEDS_AR_TRANSLATION,2026-08-05,Administrative subdivision only; cities are imported in later city files.
UPSERT,reg_vc_03,VC,VCT,Saint Vincent and the Grenadines,سانت فنسنت وجزر غرينادين,,Americas,الأمريكتان,Caribbean,الكاريبي,VC-03,,,1,parish,Parish,Saint David,,Saint David,true,ISO_3166_2,https://www.iso.org/obp/ui/#search,ISO 3166-2 subdivisions via pycountry/isocodes,REFERENCE_DATA_IMPORTED,NEEDS_AR_TRANSLATION,2026-08-05,Administrative subdivision only; cities are imported in later city files.
UPSERT,reg_vc_04,VC,VCT,Saint Vincent and the Grenadines,سانت فنسنت وجزر غرينادين,,Americas,الأمريكتان,Caribbean,الكاريبي,VC-04,,,1,parish,Parish,Saint George,,Saint George,true,ISO_3166_2,https://www.iso.org/obp/ui/#search,ISO 3166-2 subdivisions via pycountry/isocodes,REFERENCE_DATA_IMPORTED,NEEDS_AR_TRANSLATION,2026-08-05,Administrative subdivision only; cities are imported in later city files.
UPSERT,reg_vc_05,VC,VCT,Saint Vincent and the Grenadines,سانت فنسنت وجزر غرينادين,,Americas,الأمريكتان,Caribbean,الكاريبي,VC-05,,,1,parish,Parish,Saint Patrick,,Saint Patrick,true,ISO_3166_2,https://www.iso.org/obp/ui/#search,ISO 3166-2 subdivisions via pycountry/isocodes,REFERENCE_DATA_IMPORTED,NEEDS_AR_TRANSLATION,2026-08-05,Administrative subdivision only; cities are imported in later city files.
UPSERT,reg_vc_06,VC,VCT,Saint Vincent and the Grenadines,سانت فنسنت وجزر غرينادين,,Americas,الأمريكتان,Caribbean,الكاريبي,VC-06,,,1,parish,Parish,Grenadines,,Grenadines,true,ISO_3166_2,https://www.iso.org/obp/ui/#search,ISO 3166-2 subdivisions via pycountry/isocodes,REFERENCE_DATA_IMPORTED,NEEDS_AR_TRANSLATION,2026-08-05,Administrative subdivision only; cities are imported in later city files.
UPSERT,reg_ve_a,VE,VEN,"Venezuela, Bolivarian Republic of",فنزويلا,Bolivarian Republic of Venezuela,Americas,الأمريكتان,South America,أمريكا الجنوبية,VE-A,,,1,capital_district,Capital district,Distrito Capital,,Distrito Capital,true,ISO_3166_2,https://www.iso.org/obp/ui/#search,ISO 3166-2 subdivisions via pycountry/isocodes,REFERENCE_DATA_IMPORTED,NEEDS_AR_TRANSLATION,2026-08-05,Administrative subdivision only; cities are imported in later city files.
UPSERT,reg_ve_b,VE,VEN,"Venezuela, Bolivarian Republic of",فنزويلا,Bolivarian Republic of Venezuela,Americas,الأمريكتان,South America,أمريكا الجنوبية,VE-B,,,1,state,State,Anzoátegui,,Anzoátegui,true,ISO_3166_2,https://www.iso.org/obp/ui/#search,ISO 3166-2 subdivisions via pycountry/isocodes,REFERENCE_DATA_IMPORTED,NEEDS_AR_TRANSLATION,2026-08-05,Administrative subdivision only; cities are imported in later city files.
UPSERT,reg_ve_c,VE,VEN,"Venezuela, Bolivarian Republic of",فنزويلا,Bolivarian Republic of Venezuela,Americas,الأمريكتان,South America,أمريكا الجنوبية,VE-C,,,1,state,State,Apure,,Apure,true,ISO_3166_2,https://www.iso.org/obp/ui/#search,ISO 3166-2 subdivisions via pycountry/isocodes,REFERENCE_DATA_IMPORTED,NEEDS_AR_TRANSLATION,2026-08-05,Administrative subdivision only; cities are imported in later city files.
UPSERT,reg_ve_d,VE,VEN,"Venezuela, Bolivarian Republic of",فنزويلا,Bolivarian Republic of Venezuela,Americas,الأمريكتان,South America,أمريكا الجنوبية,VE-D,,,1,state,State,Aragua,,Aragua,true,ISO_3166_2,https://www.iso.org/obp/ui/#search,ISO 3166-2 subdivisions via pycountry/isocodes,REFERENCE_DATA_IMPORTED,NEEDS_AR_TRANSLATION,2026-08-05,Administrative subdivision only; cities are imported in later city files.
UPSERT,reg_ve_e,VE,VEN,"Venezuela, Bolivarian Republic of",فنزويلا,Bolivarian Republic of Venezuela,Americas,الأمريكتان,South America,أمريكا الجنوبية,VE-E,,,1,state,State,Barinas,,Barinas,true,ISO_3166_2,https://www.iso.org/obp/ui/#search,ISO 3166-2 subdivisions via pycountry/isocodes,REFERENCE_DATA_IMPORTED,NEEDS_AR_TRANSLATION,2026-08-05,Administrative subdivision only; cities are imported in later city files.
UPSERT,reg_ve_f,VE,VEN,"Venezuela, Bolivarian Republic of",فنزويلا,Bolivarian Republic of Venezuela,Americas,الأمريكتان,South America,أمريكا الجنوبية,VE-F,,,1,state,State,Bolívar,,Bolívar,true,ISO_3166_2,https://www.iso.org/obp/ui/#search,ISO 3166-2 subdivisions via pycountry/isocodes,REFERENCE_DATA_IMPORTED,NEEDS_AR_TRANSLATION,2026-08-05,Administrative subdivision only; cities are imported in later city files.
UPSERT,reg_ve_g,VE,VEN,"Venezuela, Bolivarian Republic of",فنزويلا,Bolivarian Republic of Venezuela,Americas,الأمريكتان,South America,أمريكا الجنوبية,VE-G,,,1,state,State,Carabobo,,Carabobo,true,ISO_3166_2,https://www.iso.org/obp/ui/#search,ISO 3166-2 subdivisions via pycountry/isocodes,REFERENCE_DATA_IMPORTED,NEEDS_AR_TRANSLATION,2026-08-05,Administrative subdivision only; cities are imported in later city files.
UPSERT,reg_ve_h,VE,VEN,"Venezuela, Bolivarian Republic of",فنزويلا,Bolivarian Republic of Venezuela,Americas,الأمريكتان,South America,أمريكا الجنوبية,VE-H,,,1,state,State,Cojedes,,Cojedes,true,ISO_3166_2,https://www.iso.org/obp/ui/#search,ISO 3166-2 subdivisions via pycountry/isocodes,REFERENCE_DATA_IMPORTED,NEEDS_AR_TRANSLATION,2026-08-05,Administrative subdivision only; cities are imported in later city files.
UPSERT,reg_ve_i,VE,VEN,"Venezuela, Bolivarian Republic of",فنزويلا,Bolivarian Republic of Venezuela,Americas,الأمريكتان,South America,أمريكا الجنوبية,VE-I,,,1,state,State,Falcón,,Falcón,true,ISO_3166_2,https://www.iso.org/obp/ui/#search,ISO 3166-2 subdivisions via pycountry/isocodes,REFERENCE_DATA_IMPORTED,NEEDS_AR_TRANSLATION,2026-08-05,Administrative subdivision only; cities are imported in later city files.
UPSERT,reg_ve_j,VE,VEN,"Venezuela, Bolivarian Republic of",فنزويلا,Bolivarian Republic of Venezuela,Americas,الأمريكتان,South America,أمريكا الجنوبية,VE-J,,,1,state,State,Guárico,,Guárico,true,ISO_3166_2,https://www.iso.org/obp/ui/#search,ISO 3166-2 subdivisions via pycountry/isocodes,REFERENCE_DATA_IMPORTED,NEEDS_AR_TRANSLATION,2026-08-05,Administrative subdivision only; cities are imported in later city files.
UPSERT,reg_ve_k,VE,VEN,"Venezuela, Bolivarian Republic of",فنزويلا,Bolivarian Republic of Venezuela,Americas,الأمريكتان,South America,أمريكا الجنوبية,VE-K,,,1,state,State,Lara,,Lara,true,ISO_3166_2,https://www.iso.org/obp/ui/#search,ISO 3166-2 subdivisions via pycountry/isocodes,REFERENCE_DATA_IMPORTED,NEEDS_AR_TRANSLATION,2026-08-05,Administrative subdivision only; cities are imported in later city files.
UPSERT,reg_ve_l,VE,VEN,"Venezuela, Bolivarian Republic of",فنزويلا,Bolivarian Republic of Venezuela,Americas,الأمريكتان,South America,أمريكا الجنوبية,VE-L,,,1,state,State,Mérida,,Mérida,true,ISO_3166_2,https://www.iso.org/obp/ui/#search,ISO 3166-2 subdivisions via pycountry/isocodes,REFERENCE_DATA_IMPORTED,NEEDS_AR_TRANSLATION,2026-08-05,Administrative subdivision only; cities are imported in later city files.
UPSERT,reg_ve_m,VE,VEN,"Venezuela, Bolivarian Republic of",فنزويلا,Bolivarian Republic of Venezuela,Americas,الأمريكتان,South America,أمريكا الجنوبية,VE-M,,,1,state,State,Miranda,,Miranda,true,ISO_3166_2,https://www.iso.org/obp/ui/#search,ISO 3166-2 subdivisions via pycountry/isocodes,REFERENCE_DATA_IMPORTED,NEEDS_AR_TRANSLATION,2026-08-05,Administrative subdivision only; cities are imported in later city files.
UPSERT,reg_ve_n,VE,VEN,"Venezuela, Bolivarian Republic of",فنزويلا,Bolivarian Republic of Venezuela,Americas,الأمريكتان,South America,أمريكا الجنوبية,VE-N,,,1,state,State,Monagas,,Monagas,true,ISO_3166_2,https://www.iso.org/obp/ui/#search,ISO 3166-2 subdivisions via pycountry/isocodes,REFERENCE_DATA_IMPORTED,NEEDS_AR_TRANSLATION,2026-08-05,Administrative subdivision only; cities are imported in later city files.
UPSERT,reg_ve_o,VE,VEN,"Venezuela, Bolivarian Republic of",فنزويلا,Bolivarian Republic of Venezuela,Americas,الأمريكتان,South America,أمريكا الجنوبية,VE-O,,,1,state,State,Nueva Esparta,,Nueva Esparta,true,ISO_3166_2,https://www.iso.org/obp/ui/#search,ISO 3166-2 subdivisions via pycountry/isocodes,REFERENCE_DATA_IMPORTED,NEEDS_AR_TRANSLATION,2026-08-05,Administrative subdivision only; cities are imported in later city files.
UPSERT,reg_ve_p,VE,VEN,"Venezuela, Bolivarian Republic of",فنزويلا,Bolivarian Republic of Venezuela,Americas,الأمريكتان,South America,أمريكا الجنوبية,VE-P,,,1,state,State,Portuguesa,,Portuguesa,true,ISO_3166_2,https://www.iso.org/obp/ui/#search,ISO 3166-2 subdivisions via pycountry/isocodes,REFERENCE_DATA_IMPORTED,NEEDS_AR_TRANSLATION,2026-08-05,Administrative subdivision only; cities are imported in later city files.
UPSERT,reg_ve_r,VE,VEN,"Venezuela, Bolivarian Republic of",فنزويلا,Bolivarian Republic of Venezuela,Americas,الأمريكتان,South America,أمريكا الجنوبية,VE-R,,,1,state,State,Sucre,,Sucre,true,ISO_3166_2,https://www.iso.org/obp/ui/#search,ISO 3166-2 subdivisions via pycountry/isocodes,REFERENCE_DATA_IMPORTED,NEEDS_AR_TRANSLATION,2026-08-05,Administrative subdivision only; cities are imported in later city files.
UPSERT,reg_ve_s,VE,VEN,"Venezuela, Bolivarian Republic of",فنزويلا,Bolivarian Republic of Venezuela,Americas,الأمريكتان,South America,أمريكا الجنوبية,VE-S,,,1,state,State,Táchira,,Táchira,true,ISO_3166_2,https://www.iso.org/obp/ui/#search,ISO 3166-2 subdivisions via pycountry/isocodes,REFERENCE_DATA_IMPORTED,NEEDS_AR_TRANSLATION,2026-08-05,Administrative subdivision only; cities are imported in later city files.
UPSERT,reg_ve_t,VE,VEN,"Venezuela, Bolivarian Republic of",فنزويلا,Bolivarian Republic of Venezuela,Americas,الأمريكتان,South America,أمريكا الجنوبية,VE-T,,,1,state,State,Trujillo,,Trujillo,true,ISO_3166_2,https://www.iso.org/obp/ui/#search,ISO 3166-2 subdivisions via pycountry/isocodes,REFERENCE_DATA_IMPORTED,NEEDS_AR_TRANSLATION,2026-08-05,Administrative subdivision only; cities are imported in later city files.
UPSERT,reg_ve_u,VE,VEN,"Venezuela, Bolivarian Republic of",فنزويلا,Bolivarian Republic of Venezuela,Americas,الأمريكتان,South America,أمريكا الجنوبية,VE-U,,,1,state,State,Yaracuy,,Yaracuy,true,ISO_3166_2,https://www.iso.org/obp/ui/#search,ISO 3166-2 subdivisions via pycountry/isocodes,REFERENCE_DATA_IMPORTED,NEEDS_AR_TRANSLATION,2026-08-05,Administrative subdivision only; cities are imported in later city files.
UPSERT,reg_ve_v,VE,VEN,"Venezuela, Bolivarian Republic of",فنزويلا,Bolivarian Republic of Venezuela,Americas,الأمريكتان,South America,أمريكا الجنوبية,VE-V,,,1,state,State,Zulia,,Zulia,true,ISO_3166_2,https://www.iso.org/obp/ui/#search,ISO 3166-2 subdivisions via pycountry/isocodes,REFERENCE_DATA_IMPORTED,NEEDS_AR_TRANSLATION,2026-08-05,Administrative subdivision only; cities are imported in later city files.
UPSERT,reg_ve_w,VE,VEN,"Venezuela, Bolivarian Republic of",فنزويلا,Bolivarian Republic of Venezuela,Americas,الأمريكتان,South America,أمريكا الجنوبية,VE-W,,,1,federal_dependency,Federal dependency,Dependencias Federales,,Dependencias Federales,true,ISO_3166_2,https://www.iso.org/obp/ui/#search,ISO 3166-2 subdivisions via pycountry/isocodes,REFERENCE_DATA_IMPORTED,NEEDS_AR_TRANSLATION,2026-08-05,Administrative subdivision only; cities are imported in later city files.
UPSERT,reg_ve_x,VE,VEN,"Venezuela, Bolivarian Republic of",فنزويلا,Bolivarian Republic of Venezuela,Americas,الأمريكتان,South America,أمريكا الجنوبية,VE-X,,,1,state,State,La Guaira,,La Guaira,true,ISO_3166_2,https://www.iso.org/obp/ui/#search,ISO 3166-2 subdivisions via pycountry/isocodes,REFERENCE_DATA_IMPORTED,NEEDS_AR_TRANSLATION,2026-08-05,Administrative subdivision only; cities are imported in later city files.
UPSERT,reg_ve_y,VE,VEN,"Venezuela, Bolivarian Republic of",فنزويلا,Bolivarian Republic of Venezuela,Americas,الأمريكتان,South America,أمريكا الجنوبية,VE-Y,,,1,state,State,Delta Amacuro,,Delta Amacuro,true,ISO_3166_2,https://www.iso.org/obp/ui/#search,ISO 3166-2 subdivisions via pycountry/isocodes,REFERENCE_DATA_IMPORTED,NEEDS_AR_TRANSLATION,2026-08-05,Administrative subdivision only; cities are imported in later city files.
UPSERT,reg_ve_z,VE,VEN,"Venezuela, Bolivarian Republic of",فنزويلا,Bolivarian Republic of Venezuela,Americas,الأمريكتان,South America,أمريكا الجنوبية,VE-Z,,,1,state,State,Amazonas,,Amazonas,true,ISO_3166_2,https://www.iso.org/obp/ui/#search,ISO 3166-2 subdivisions via pycountry/isocodes,REFERENCE_DATA_IMPORTED,NEEDS_AR_TRANSLATION,2026-08-05,Administrative subdivision only; cities are imported in later city files.
