importAction,regionId,countryIso2,countryIso3,countryNameEn,countryNameAr,countryOfficialNameEn,continent,continentAr,subregion,subregionAr,regionCode,parentRegionCode,parentRegionNameEn,adminLevel,regionType,regionTypeRaw,nameEn,nameAr,localName,isActive,sourceType,sourceUrl,sourceDataset,verificationStatus,translationStatus,lastImportedAt,notes
UPSERT,reg_ad_02,AD,AND,Andorra,أندورا,Principality of Andorra,Europe,أوروبا,Southern Europe,جنوب أوروبا,AD-02,,,1,parish,Parish,Canillo,,Canillo,true,ISO_3166_2,https://www.iso.org/obp/ui/#search,ISO 3166-2 subdivisions via pycountry/isocodes,REFERENCE_DATA_IMPORTED,NEEDS_AR_TRANSLATION,2026-08-05,Administrative subdivision only; cities are imported in later city files.
UPSERT,reg_ad_03,AD,AND,Andorra,أندورا,Principality of Andorra,Europe,أوروبا,Southern Europe,جنوب أوروبا,AD-03,,,1,parish,Parish,Encamp,,Encamp,true,ISO_3166_2,https://www.iso.org/obp/ui/#search,ISO 3166-2 subdivisions via pycountry/isocodes,REFERENCE_DATA_IMPORTED,NEEDS_AR_TRANSLATION,2026-08-05,Administrative subdivision only; cities are imported in later city files.
UPSERT,reg_ad_04,AD,AND,Andorra,أندورا,Principality of Andorra,Europe,أوروبا,Southern Europe,جنوب أوروبا,AD-04,,,1,parish,Parish,La Massana,,La Massana,true,ISO_3166_2,https://www.iso.org/obp/ui/#search,ISO 3166-2 subdivisions via pycountry/isocodes,REFERENCE_DATA_IMPORTED,NEEDS_AR_TRANSLATION,2026-08-05,Administrative subdivision only; cities are imported in later city files.
UPSERT,reg_ad_05,AD,AND,Andorra,أندورا,Principality of Andorra,Europe,أوروبا,Southern Europe,جنوب أوروبا,AD-05,,,1,parish,Parish,Ordino,,Ordino,true,ISO_3166_2,https://www.iso.org/obp/ui/#search,ISO 3166-2 subdivisions via pycountry/isocodes,REFERENCE_DATA_IMPORTED,NEEDS_AR_TRANSLATION,2026-08-05,Administrative subdivision only; cities are imported in later city files.
UPSERT,reg_ad_06,AD,AND,Andorra,أندورا,Principality of Andorra,Europe,أوروبا,Southern Europe,جنوب أوروبا,AD-06,,,1,parish,Parish,Sant Julià de Lòria,,Sant Julià de Lòria,true,ISO_3166_2,https://www.iso.org/obp/ui/#search,ISO 3166-2 subdivisions via pycountry/isocodes,REFERENCE_DATA_IMPORTED,NEEDS_AR_TRANSLATION,2026-08-05,Administrative subdivision only; cities are imported in later city files.
UPSERT,reg_ad_07,AD,AND,Andorra,أندورا,Principality of Andorra,Europe,أوروبا,Southern Europe,جنوب أوروبا,AD-07,,,1,parish,Parish,Andorra la Vella,,Andorra la Vella,true,ISO_3166_2,https://www.iso.org/obp/ui/#search,ISO 3166-2 subdivisions via pycountry/isocodes,REFERENCE_DATA_IMPORTED,NEEDS_AR_TRANSLATION,2026-08-05,Administrative subdivision only; cities are imported in later city files.
UPSERT,reg_ad_08,AD,AND,Andorra,أندورا,Principality of Andorra,Europe,أوروبا,Southern Europe,جنوب أوروبا,AD-08,,,1,parish,Parish,Escaldes-Engordany,,Escaldes-Engordany,true,ISO_3166_2,https://www.iso.org/obp/ui/#search,ISO 3166-2 subdivisions via pycountry/isocodes,REFERENCE_DATA_IMPORTED,NEEDS_AR_TRANSLATION,2026-08-05,Administrative subdivision only; cities are imported in later city files.
UPSERT,reg_al_01,AL,ALB,Albania,ألبانيا,Republic of Albania,Europe,أوروبا,Southern Europe,جنوب أوروبا,AL-01,,,1,county,County,Berat,,Berat,true,ISO_3166_2,https://www.iso.org/obp/ui/#search,ISO 3166-2 subdivisions via pycountry/isocodes,REFERENCE_DATA_IMPORTED,NEEDS_AR_TRANSLATION,2026-08-05,Administrative subdivision only; cities are imported in later city files.
UPSERT,reg_al_02,AL,ALB,Albania,ألبانيا,Republic of Albania,Europe,أوروبا,Southern Europe,جنوب أوروبا,AL-02,,,1,county,County,Durrës,,Durrës,true,ISO_3166_2,https://www.iso.org/obp/ui/#search,ISO 3166-2 subdivisions via pycountry/isocodes,REFERENCE_DATA_IMPORTED,NEEDS_AR_TRANSLATION,2026-08-05,Administrative subdivision only; cities are imported in later city files.
UPSERT,reg_al_03,AL,ALB,Albania,ألبانيا,Republic of Albania,Europe,أوروبا,Southern Europe,جنوب أوروبا,AL-03,,,1,county,County,Elbasan,,Elbasan,true,ISO_3166_2,https://www.iso.org/obp/ui/#search,ISO 3166-2 subdivisions via pycountry/isocodes,REFERENCE_DATA_IMPORTED,NEEDS_AR_TRANSLATION,2026-08-05,Administrative subdivision only; cities are imported in later city files.
UPSERT,reg_al_04,AL,ALB,Albania,ألبانيا,Republic of Albania,Europe,أوروبا,Southern Europe,جنوب أوروبا,AL-04,,,1,county,County,Fier,,Fier,true,ISO_3166_2,https://www.iso.org/obp/ui/#search,ISO 3166-2 subdivisions via pycountry/isocodes,REFERENCE_DATA_IMPORTED,NEEDS_AR_TRANSLATION,2026-08-05,Administrative subdivision only; cities are imported in later city files.
UPSERT,reg_al_05,AL,ALB,Albania,ألبانيا,Republic of Albania,Europe,أوروبا,Southern Europe,جنوب أوروبا,AL-05,,,1,county,County,Gjirokastër,,Gjirokastër,true,ISO_3166_2,https://www.iso.org/obp/ui/#search,ISO 3166-2 subdivisions via pycountry/isocodes,REFERENCE_DATA_IMPORTED,NEEDS_AR_TRANSLATION,2026-08-05,Administrative subdivision only; cities are imported in later city files.
UPSERT,reg_al_06,AL,ALB,Albania,ألبانيا,Republic of Albania,Europe,أوروبا,Southern Europe,جنوب أوروبا,AL-06,,,1,county,County,Korçë,,Korçë,true,ISO_3166_2,https://www.iso.org/obp/ui/#search,ISO 3166-2 subdivisions via pycountry/isocodes,REFERENCE_DATA_IMPORTED,NEEDS_AR_TRANSLATION,2026-08-05,Administrative subdivision only; cities are imported in later city files.
UPSERT,reg_al_07,AL,ALB,Albania,ألبانيا,Republic of Albania,Europe,أوروبا,Southern Europe,جنوب أوروبا,AL-07,,,1,county,County,Kukës,,Kukës,true,ISO_3166_2,https://www.iso.org/obp/ui/#search,ISO 3166-2 subdivisions via pycountry/isocodes,REFERENCE_DATA_IMPORTED,NEEDS_AR_TRANSLATION,2026-08-05,Administrative subdivision only; cities are imported in later city files.
UPSERT,reg_al_08,AL,ALB,Albania,ألبانيا,Republic of Albania,Europe,أوروبا,Southern Europe,جنوب أوروبا,AL-08,,,1,county,County,Lezhë,,Lezhë,true,ISO_3166_2,https://www.iso.org/obp/ui/#search,ISO 3166-2 subdivisions via pycountry/isocodes,REFERENCE_DATA_IMPORTED,NEEDS_AR_TRANSLATION,2026-08-05,Administrative subdivision only; cities are imported in later city files.
UPSERT,reg_al_09,AL,ALB,Albania,ألبانيا,Republic of Albania,Europe,أوروبا,Southern Europe,جنوب أوروبا,AL-09,,,1,county,County,Dibër,,Dibër,true,ISO_3166_2,https://www.iso.org/obp/ui/#search,ISO 3166-2 subdivisions via pycountry/isocodes,REFERENCE_DATA_IMPORTED,NEEDS_AR_TRANSLATION,2026-08-05,Administrative subdivision only; cities are imported in later city files.
UPSERT,reg_al_10,AL,ALB,Albania,ألبانيا,Republic of Albania,Europe,أوروبا,Southern Europe,جنوب أوروبا,AL-10,,,1,county,County,Shkodër,,Shkodër,true,ISO_3166_2,https://www.iso.org/obp/ui/#search,ISO 3166-2 subdivisions via pycountry/isocodes,REFERENCE_DATA_IMPORTED,NEEDS_AR_TRANSLATION,2026-08-05,Administrative subdivision only; cities are imported in later city files.
UPSERT,reg_al_11,AL,ALB,Albania,ألبانيا,Republic of Albania,Europe,أوروبا,Southern Europe,جنوب أوروبا,AL-11,,,1,county,County,Tiranë,,Tiranë,true,ISO_3166_2,https://www.iso.org/obp/ui/#search,ISO 3166-2 subdivisions via pycountry/isocodes,REFERENCE_DATA_IMPORTED,NEEDS_AR_TRANSLATION,2026-08-05,Administrative subdivision only; cities are imported in later city files.
UPSERT,reg_al_12,AL,ALB,Albania,ألبانيا,Republic of Albania,Europe,أوروبا,Southern Europe,جنوب أوروبا,AL-12,,,1,county,County,Vlorë,,Vlorë,true,ISO_3166_2,https://www.iso.org/obp/ui/#search,ISO 3166-2 subdivisions via pycountry/isocodes,REFERENCE_DATA_IMPORTED,NEEDS_AR_TRANSLATION,2026-08-05,Administrative subdivision only; cities are imported in later city files.
UPSERT,reg_at_1,AT,AUT,Austria,النمسا,Republic of Austria,Europe,أوروبا,Western Europe,غرب أوروبا,AT-1,,,1,state,State,Burgenland,,Burgenland,true,ISO_3166_2,https://www.iso.org/obp/ui/#search,ISO 3166-2 subdivisions via pycountry/isocodes,REFERENCE_DATA_IMPORTED,NEEDS_AR_TRANSLATION,2026-08-05,Administrative subdivision only; cities are imported in later city files.
UPSERT,reg_at_2,AT,AUT,Austria,النمسا,Republic of Austria,Europe,أوروبا,Western Europe,غرب أوروبا,AT-2,,,1,state,State,Kärnten,,Kärnten,true,ISO_3166_2,https://www.iso.org/obp/ui/#search,ISO 3166-2 subdivisions via pycountry/isocodes,REFERENCE_DATA_IMPORTED,NEEDS_AR_TRANSLATION,2026-08-05,Administrative subdivision only; cities are imported in later city files.
UPSERT,reg_at_3,AT,AUT,Austria,النمسا,Republic of Austria,Europe,أوروبا,Western Europe,غرب أوروبا,AT-3,,,1,state,State,Niederösterreich,,Niederösterreich,true,ISO_3166_2,https://www.iso.org/obp/ui/#search,ISO 3166-2 subdivisions via pycountry/isocodes,REFERENCE_DATA_IMPORTED,NEEDS_AR_TRANSLATION,2026-08-05,Administrative subdivision only; cities are imported in later city files.
UPSERT,reg_at_4,AT,AUT,Austria,النمسا,Republic of Austria,Europe,أوروبا,Western Europe,غرب أوروبا,AT-4,,,1,state,State,Oberösterreich,,Oberösterreich,true,ISO_3166_2,https://www.iso.org/obp/ui/#search,ISO 3166-2 subdivisions via pycountry/isocodes,REFERENCE_DATA_IMPORTED,NEEDS_AR_TRANSLATION,2026-08-05,Administrative subdivision only; cities are imported in later city files.
UPSERT,reg_at_5,AT,AUT,Austria,النمسا,Republic of Austria,Europe,أوروبا,Western Europe,غرب أوروبا,AT-5,,,1,state,State,Salzburg,,Salzburg,true,ISO_3166_2,https://www.iso.org/obp/ui/#search,ISO 3166-2 subdivisions via pycountry/isocodes,REFERENCE_DATA_IMPORTED,NEEDS_AR_TRANSLATION,2026-08-05,Administrative subdivision only; cities are imported in later city files.
UPSERT,reg_at_6,AT,AUT,Austria,النمسا,Republic of Austria,Europe,أوروبا,Western Europe,غرب أوروبا,AT-6,,,1,state,State,Steiermark,,Steiermark,true,ISO_3166_2,https://www.iso.org/obp/ui/#search,ISO 3166-2 subdivisions via pycountry/isocodes,REFERENCE_DATA_IMPORTED,NEEDS_AR_TRANSLATION,2026-08-05,Administrative subdivision only; cities are imported in later city files.
UPSERT,reg_at_7,AT,AUT,Austria,النمسا,Republic of Austria,Europe,أوروبا,Western Europe,غرب أوروبا,AT-7,,,1,state,State,Tirol,,Tirol,true,ISO_3166_2,https://www.iso.org/obp/ui/#search,ISO 3166-2 subdivisions via pycountry/isocodes,REFERENCE_DATA_IMPORTED,NEEDS_AR_TRANSLATION,2026-08-05,Administrative subdivision only; cities are imported in later city files.
UPSERT,reg_at_8,AT,AUT,Austria,النمسا,Republic of Austria,Europe,أوروبا,Western Europe,غرب أوروبا,AT-8,,,1,state,State,Vorarlberg,,Vorarlberg,true,ISO_3166_2,https://www.iso.org/obp/ui/#search,ISO 3166-2 subdivisions via pycountry/isocodes,REFERENCE_DATA_IMPORTED,NEEDS_AR_TRANSLATION,2026-08-05,Administrative subdivision only; cities are imported in later city files.
UPSERT,reg_at_9,AT,AUT,Austria,النمسا,Republic of Austria,Europe,أوروبا,Western Europe,غرب أوروبا,AT-9,,,1,state,State,Wien,,Wien,true,ISO_3166_2,https://www.iso.org/obp/ui/#search,ISO 3166-2 subdivisions via pycountry/isocodes,REFERENCE_DATA_IMPORTED,NEEDS_AR_TRANSLATION,2026-08-05,Administrative subdivision only; cities are imported in later city files.
UPSERT,reg_ba_bih,BA,BIH,Bosnia and Herzegovina,البوسنة والهرسك,Republic of Bosnia and Herzegovina,Europe,أوروبا,Southern Europe,جنوب أوروبا,BA-BIH,,,1,entity,Entity,Federacija Bosne i Hercegovine,,Federacija Bosne i Hercegovine,true,ISO_3166_2,https://www.iso.org/obp/ui/#search,ISO 3166-2 subdivisions via pycountry/isocodes,REFERENCE_DATA_IMPORTED,NEEDS_AR_TRANSLATION,2026-08-05,Administrative subdivision only; cities are imported in later city files.
UPSERT,reg_ba_brc,BA,BIH,Bosnia and Herzegovina,البوسنة والهرسك,Republic of Bosnia and Herzegovina,Europe,أوروبا,Southern Europe,جنوب أوروبا,BA-BRC,,,1,district_with_special_status,District with special status,Brčko distrikt,,Brčko distrikt,true,ISO_3166_2,https://www.iso.org/obp/ui/#search,ISO 3166-2 subdivisions via pycountry/isocodes,REFERENCE_DATA_IMPORTED,NEEDS_AR_TRANSLATION,2026-08-05,Administrative subdivision only; cities are imported in later city files.
UPSERT,reg_ba_srp,BA,BIH,Bosnia and Herzegovina,البوسنة والهرسك,Republic of Bosnia and Herzegovina,Europe,أوروبا,Southern Europe,جنوب أوروبا,BA-SRP,,,1,entity,Entity,Republika Srpska,,Republika Srpska,true,ISO_3166_2,https://www.iso.org/obp/ui/#search,ISO 3166-2 subdivisions via pycountry/isocodes,REFERENCE_DATA_IMPORTED,NEEDS_AR_TRANSLATION,2026-08-05,Administrative subdivision only; cities are imported in later city files.
UPSERT,reg_be_bru,BE,BEL,Belgium,بلجيكا,Kingdom of Belgium,Europe,أوروبا,Western Europe,غرب أوروبا,BE-BRU,,,1,region,Region,"Bruxelles-Capitale, Région de",,"Bruxelles-Capitale, Région de",true,ISO_3166_2,https://www.iso.org/obp/ui/#search,ISO 3166-2 subdivisions via pycountry/isocodes,REFERENCE_DATA_IMPORTED,NEEDS_AR_TRANSLATION,2026-08-05,Administrative subdivision only; cities are imported in later city files.
UPSERT,reg_be_van,BE,BEL,Belgium,بلجيكا,Kingdom of Belgium,Europe,أوروبا,Western Europe,غرب أوروبا,BE-VAN,BE-VLG,Vlaams Gewest,2,province,Province,Antwerpen,,Antwerpen,true,ISO_3166_2,https://www.iso.org/obp/ui/#search,ISO 3166-2 subdivisions via pycountry/isocodes,REFERENCE_DATA_IMPORTED,NEEDS_AR_TRANSLATION,2026-08-05,Administrative subdivision only; cities are imported in later city files.
UPSERT,reg_be_vbr,BE,BEL,Belgium,بلجيكا,Kingdom of Belgium,Europe,أوروبا,Western Europe,غرب أوروبا,BE-VBR,BE-VLG,Vlaams Gewest,2,province,Province,Vlaams-Brabant,,Vlaams-Brabant,true,ISO_3166_2,https://www.iso.org/obp/ui/#search,ISO 3166-2 subdivisions via pycountry/isocodes,REFERENCE_DATA_IMPORTED,NEEDS_AR_TRANSLATION,2026-08-05,Administrative subdivision only; cities are imported in later city files.
UPSERT,reg_be_vlg,BE,BEL,Belgium,بلجيكا,Kingdom of Belgium,Europe,أوروبا,Western Europe,غرب أوروبا,BE-VLG,,,1,region,Region,Vlaams Gewest,,Vlaams Gewest,true,ISO_3166_2,https://www.iso.org/obp/ui/#search,ISO 3166-2 subdivisions via pycountry/isocodes,REFERENCE_DATA_IMPORTED,NEEDS_AR_TRANSLATION,2026-08-05,Administrative subdivision only; cities are imported in later city files.
UPSERT,reg_be_vli,BE,BEL,Belgium,بلجيكا,Kingdom of Belgium,Europe,أوروبا,Western Europe,غرب أوروبا,BE-VLI,BE-VLG,Vlaams Gewest,2,province,Province,Limburg,,Limburg,true,ISO_3166_2,https://www.iso.org/obp/ui/#search,ISO 3166-2 subdivisions via pycountry/isocodes,REFERENCE_DATA_IMPORTED,NEEDS_AR_TRANSLATION,2026-08-05,Administrative subdivision only; cities are imported in later city files.
UPSERT,reg_be_vov,BE,BEL,Belgium,بلجيكا,Kingdom of Belgium,Europe,أوروبا,Western Europe,غرب أوروبا,BE-VOV,BE-VLG,Vlaams Gewest,2,province,Province,Oost-Vlaanderen,,Oost-Vlaanderen,true,ISO_3166_2,https://www.iso.org/obp/ui/#search,ISO 3166-2 subdivisions via pycountry/isocodes,REFERENCE_DATA_IMPORTED,NEEDS_AR_TRANSLATION,2026-08-05,Administrative subdivision only; cities are imported in later city files.
UPSERT,reg_be_vwv,BE,BEL,Belgium,بلجيكا,Kingdom of Belgium,Europe,أوروبا,Western Europe,غرب أوروبا,BE-VWV,BE-VLG,Vlaams Gewest,2,province,Province,West-Vlaanderen,,West-Vlaanderen,true,ISO_3166_2,https://www.iso.org/obp/ui/#search,ISO 3166-2 subdivisions via pycountry/isocodes,REFERENCE_DATA_IMPORTED,NEEDS_AR_TRANSLATION,2026-08-05,Administrative subdivision only; cities are imported in later city files.
UPSERT,reg_be_wal,BE,BEL,Belgium,بلجيكا,Kingdom of Belgium,Europe,أوروبا,Western Europe,غرب أوروبا,BE-WAL,,,1,region,Region,"wallonne, Région",,"wallonne, Région",true,ISO_3166_2,https://www.iso.org/obp/ui/#search,ISO 3166-2 subdivisions via pycountry/isocodes,REFERENCE_DATA_IMPORTED,NEEDS_AR_TRANSLATION,2026-08-05,Administrative subdivision only; cities are imported in later city files.
UPSERT,reg_be_wbr,BE,BEL,Belgium,بلجيكا,Kingdom of Belgium,Europe,أوروبا,Western Europe,غرب أوروبا,BE-WBR,BE-WAL,"wallonne, Région",2,province,Province,Brabant wallon,,Brabant wallon,true,ISO_3166_2,https://www.iso.org/obp/ui/#search,ISO 3166-2 subdivisions via pycountry/isocodes,REFERENCE_DATA_IMPORTED,NEEDS_AR_TRANSLATION,2026-08-05,Administrative subdivision only; cities are imported in later city files.
UPSERT,reg_be_wht,BE,BEL,Belgium,بلجيكا,Kingdom of Belgium,Europe,أوروبا,Western Europe,غرب أوروبا,BE-WHT,BE-WAL,"wallonne, Région",2,province,Province,Hainaut,,Hainaut,true,ISO_3166_2,https://www.iso.org/obp/ui/#search,ISO 3166-2 subdivisions via pycountry/isocodes,REFERENCE_DATA_IMPORTED,NEEDS_AR_TRANSLATION,2026-08-05,Administrative subdivision only; cities are imported in later city files.
UPSERT,reg_be_wlg,BE,BEL,Belgium,بلجيكا,Kingdom of Belgium,Europe,أوروبا,Western Europe,غرب أوروبا,BE-WLG,BE-WAL,"wallonne, Région",2,province,Province,Liège,,Liège,true,ISO_3166_2,https://www.iso.org/obp/ui/#search,ISO 3166-2 subdivisions via pycountry/isocodes,REFERENCE_DATA_IMPORTED,NEEDS_AR_TRANSLATION,2026-08-05,Administrative subdivision only; cities are imported in later city files.
UPSERT,reg_be_wlx,BE,BEL,Belgium,بلجيكا,Kingdom of Belgium,Europe,أوروبا,Western Europe,غرب أوروبا,BE-WLX,BE-WAL,"wallonne, Région",2,province,Province,Luxembourg,,Luxembourg,true,ISO_3166_2,https://www.iso.org/obp/ui/#search,ISO 3166-2 subdivisions via pycountry/isocodes,REFERENCE_DATA_IMPORTED,NEEDS_AR_TRANSLATION,2026-08-05,Administrative subdivision only; cities are imported in later city files.
UPSERT,reg_be_wna,BE,BEL,Belgium,بلجيكا,Kingdom of Belgium,Europe,أوروبا,Western Europe,غرب أوروبا,BE-WNA,BE-WAL,"wallonne, Région",2,province,Province,Namur,,Namur,true,ISO_3166_2,https://www.iso.org/obp/ui/#search,ISO 3166-2 subdivisions via pycountry/isocodes,REFERENCE_DATA_IMPORTED,NEEDS_AR_TRANSLATION,2026-08-05,Administrative subdivision only; cities are imported in later city files.
UPSERT,reg_bg_01,BG,BGR,Bulgaria,بلغاريا,Republic of Bulgaria,Europe,أوروبا,Eastern Europe,شرق أوروبا,BG-01,,,1,district,District,Blagoevgrad,,Blagoevgrad,true,ISO_3166_2,https://www.iso.org/obp/ui/#search,ISO 3166-2 subdivisions via pycountry/isocodes,REFERENCE_DATA_IMPORTED,NEEDS_AR_TRANSLATION,2026-08-05,Administrative subdivision only; cities are imported in later city files.
UPSERT,reg_bg_02,BG,BGR,Bulgaria,بلغاريا,Republic of Bulgaria,Europe,أوروبا,Eastern Europe,شرق أوروبا,BG-02,,,1,district,District,Burgas,,Burgas,true,ISO_3166_2,https://www.iso.org/obp/ui/#search,ISO 3166-2 subdivisions via pycountry/isocodes,REFERENCE_DATA_IMPORTED,NEEDS_AR_TRANSLATION,2026-08-05,Administrative subdivision only; cities are imported in later city files.
UPSERT,reg_bg_03,BG,BGR,Bulgaria,بلغاريا,Republic of Bulgaria,Europe,أوروبا,Eastern Europe,شرق أوروبا,BG-03,,,1,district,District,Varna,,Varna,true,ISO_3166_2,https://www.iso.org/obp/ui/#search,ISO 3166-2 subdivisions via pycountry/isocodes,REFERENCE_DATA_IMPORTED,NEEDS_AR_TRANSLATION,2026-08-05,Administrative subdivision only; cities are imported in later city files.
UPSERT,reg_bg_04,BG,BGR,Bulgaria,بلغاريا,Republic of Bulgaria,Europe,أوروبا,Eastern Europe,شرق أوروبا,BG-04,,,1,district,District,Veliko Tarnovo,,Veliko Tarnovo,true,ISO_3166_2,https://www.iso.org/obp/ui/#search,ISO 3166-2 subdivisions via pycountry/isocodes,REFERENCE_DATA_IMPORTED,NEEDS_AR_TRANSLATION,2026-08-05,Administrative subdivision only; cities are imported in later city files.
UPSERT,reg_bg_05,BG,BGR,Bulgaria,بلغاريا,Republic of Bulgaria,Europe,أوروبا,Eastern Europe,شرق أوروبا,BG-05,,,1,district,District,Vidin,,Vidin,true,ISO_3166_2,https://www.iso.org/obp/ui/#search,ISO 3166-2 subdivisions via pycountry/isocodes,REFERENCE_DATA_IMPORTED,NEEDS_AR_TRANSLATION,2026-08-05,Administrative subdivision only; cities are imported in later city files.
UPSERT,reg_bg_06,BG,BGR,Bulgaria,بلغاريا,Republic of Bulgaria,Europe,أوروبا,Eastern Europe,شرق أوروبا,BG-06,,,1,district,District,Vratsa,,Vratsa,true,ISO_3166_2,https://www.iso.org/obp/ui/#search,ISO 3166-2 subdivisions via pycountry/isocodes,REFERENCE_DATA_IMPORTED,NEEDS_AR_TRANSLATION,2026-08-05,Administrative subdivision only; cities are imported in later city files.
UPSERT,reg_bg_07,BG,BGR,Bulgaria,بلغاريا,Republic of Bulgaria,Europe,أوروبا,Eastern Europe,شرق أوروبا,BG-07,,,1,district,District,Gabrovo,,Gabrovo,true,ISO_3166_2,https://www.iso.org/obp/ui/#search,ISO 3166-2 subdivisions via pycountry/isocodes,REFERENCE_DATA_IMPORTED,NEEDS_AR_TRANSLATION,2026-08-05,Administrative subdivision only; cities are imported in later city files.
UPSERT,reg_bg_08,BG,BGR,Bulgaria,بلغاريا,Republic of Bulgaria,Europe,أوروبا,Eastern Europe,شرق أوروبا,BG-08,,,1,district,District,Dobrich,,Dobrich,true,ISO_3166_2,https://www.iso.org/obp/ui/#search,ISO 3166-2 subdivisions via pycountry/isocodes,REFERENCE_DATA_IMPORTED,NEEDS_AR_TRANSLATION,2026-08-05,Administrative subdivision only; cities are imported in later city files.
UPSERT,reg_bg_09,BG,BGR,Bulgaria,بلغاريا,Republic of Bulgaria,Europe,أوروبا,Eastern Europe,شرق أوروبا,BG-09,,,1,district,District,Kardzhali,,Kardzhali,true,ISO_3166_2,https://www.iso.org/obp/ui/#search,ISO 3166-2 subdivisions via pycountry/isocodes,REFERENCE_DATA_IMPORTED,NEEDS_AR_TRANSLATION,2026-08-05,Administrative subdivision only; cities are imported in later city files.
UPSERT,reg_bg_10,BG,BGR,Bulgaria,بلغاريا,Republic of Bulgaria,Europe,أوروبا,Eastern Europe,شرق أوروبا,BG-10,,,1,district,District,Kyustendil,,Kyustendil,true,ISO_3166_2,https://www.iso.org/obp/ui/#search,ISO 3166-2 subdivisions via pycountry/isocodes,REFERENCE_DATA_IMPORTED,NEEDS_AR_TRANSLATION,2026-08-05,Administrative subdivision only; cities are imported in later city files.
UPSERT,reg_bg_11,BG,BGR,Bulgaria,بلغاريا,Republic of Bulgaria,Europe,أوروبا,Eastern Europe,شرق أوروبا,BG-11,,,1,district,District,Lovech,,Lovech,true,ISO_3166_2,https://www.iso.org/obp/ui/#search,ISO 3166-2 subdivisions via pycountry/isocodes,REFERENCE_DATA_IMPORTED,NEEDS_AR_TRANSLATION,2026-08-05,Administrative subdivision only; cities are imported in later city files.
UPSERT,reg_bg_12,BG,BGR,Bulgaria,بلغاريا,Republic of Bulgaria,Europe,أوروبا,Eastern Europe,شرق أوروبا,BG-12,,,1,district,District,Montana,,Montana,true,ISO_3166_2,https://www.iso.org/obp/ui/#search,ISO 3166-2 subdivisions via pycountry/isocodes,REFERENCE_DATA_IMPORTED,NEEDS_AR_TRANSLATION,2026-08-05,Administrative subdivision only; cities are imported in later city files.
UPSERT,reg_bg_13,BG,BGR,Bulgaria,بلغاريا,Republic of Bulgaria,Europe,أوروبا,Eastern Europe,شرق أوروبا,BG-13,,,1,district,District,Pazardzhik,,Pazardzhik,true,ISO_3166_2,https://www.iso.org/obp/ui/#search,ISO 3166-2 subdivisions via pycountry/isocodes,REFERENCE_DATA_IMPORTED,NEEDS_AR_TRANSLATION,2026-08-05,Administrative subdivision only; cities are imported in later city files.
UPSERT,reg_bg_14,BG,BGR,Bulgaria,بلغاريا,Republic of Bulgaria,Europe,أوروبا,Eastern Europe,شرق أوروبا,BG-14,,,1,district,District,Pernik,,Pernik,true,ISO_3166_2,https://www.iso.org/obp/ui/#search,ISO 3166-2 subdivisions via pycountry/isocodes,REFERENCE_DATA_IMPORTED,NEEDS_AR_TRANSLATION,2026-08-05,Administrative subdivision only; cities are imported in later city files.
UPSERT,reg_bg_15,BG,BGR,Bulgaria,بلغاريا,Republic of Bulgaria,Europe,أوروبا,Eastern Europe,شرق أوروبا,BG-15,,,1,district,District,Pleven,,Pleven,true,ISO_3166_2,https://www.iso.org/obp/ui/#search,ISO 3166-2 subdivisions via pycountry/isocodes,REFERENCE_DATA_IMPORTED,NEEDS_AR_TRANSLATION,2026-08-05,Administrative subdivision only; cities are imported in later city files.
UPSERT,reg_bg_16,BG,BGR,Bulgaria,بلغاريا,Republic of Bulgaria,Europe,أوروبا,Eastern Europe,شرق أوروبا,BG-16,,,1,district,District,Plovdiv,,Plovdiv,true,ISO_3166_2,https://www.iso.org/obp/ui/#search,ISO 3166-2 subdivisions via pycountry/isocodes,REFERENCE_DATA_IMPORTED,NEEDS_AR_TRANSLATION,2026-08-05,Administrative subdivision only; cities are imported in later city files.
UPSERT,reg_bg_17,BG,BGR,Bulgaria,بلغاريا,Republic of Bulgaria,Europe,أوروبا,Eastern Europe,شرق أوروبا,BG-17,,,1,district,District,Razgrad,,Razgrad,true,ISO_3166_2,https://www.iso.org/obp/ui/#search,ISO 3166-2 subdivisions via pycountry/isocodes,REFERENCE_DATA_IMPORTED,NEEDS_AR_TRANSLATION,2026-08-05,Administrative subdivision only; cities are imported in later city files.
UPSERT,reg_bg_18,BG,BGR,Bulgaria,بلغاريا,Republic of Bulgaria,Europe,أوروبا,Eastern Europe,شرق أوروبا,BG-18,,,1,district,District,Ruse,,Ruse,true,ISO_3166_2,https://www.iso.org/obp/ui/#search,ISO 3166-2 subdivisions via pycountry/isocodes,REFERENCE_DATA_IMPORTED,NEEDS_AR_TRANSLATION,2026-08-05,Administrative subdivision only; cities are imported in later city files.
UPSERT,reg_bg_19,BG,BGR,Bulgaria,بلغاريا,Republic of Bulgaria,Europe,أوروبا,Eastern Europe,شرق أوروبا,BG-19,,,1,district,District,Silistra,,Silistra,true,ISO_3166_2,https://www.iso.org/obp/ui/#search,ISO 3166-2 subdivisions via pycountry/isocodes,REFERENCE_DATA_IMPORTED,NEEDS_AR_TRANSLATION,2026-08-05,Administrative subdivision only; cities are imported in later city files.
UPSERT,reg_bg_20,BG,BGR,Bulgaria,بلغاريا,Republic of Bulgaria,Europe,أوروبا,Eastern Europe,شرق أوروبا,BG-20,,,1,district,District,Sliven,,Sliven,true,ISO_3166_2,https://www.iso.org/obp/ui/#search,ISO 3166-2 subdivisions via pycountry/isocodes,REFERENCE_DATA_IMPORTED,NEEDS_AR_TRANSLATION,2026-08-05,Administrative subdivision only; cities are imported in later city files.
UPSERT,reg_bg_21,BG,BGR,Bulgaria,بلغاريا,Republic of Bulgaria,Europe,أوروبا,Eastern Europe,شرق أوروبا,BG-21,,,1,district,District,Smolyan,,Smolyan,true,ISO_3166_2,https://www.iso.org/obp/ui/#search,ISO 3166-2 subdivisions via pycountry/isocodes,REFERENCE_DATA_IMPORTED,NEEDS_AR_TRANSLATION,2026-08-05,Administrative subdivision only; cities are imported in later city files.
UPSERT,reg_bg_22,BG,BGR,Bulgaria,بلغاريا,Republic of Bulgaria,Europe,أوروبا,Eastern Europe,شرق أوروبا,BG-22,,,1,district,District,Sofia (stolitsa),,Sofia (stolitsa),true,ISO_3166_2,https://www.iso.org/obp/ui/#search,ISO 3166-2 subdivisions via pycountry/isocodes,REFERENCE_DATA_IMPORTED,NEEDS_AR_TRANSLATION,2026-08-05,Administrative subdivision only; cities are imported in later city files.
UPSERT,reg_bg_23,BG,BGR,Bulgaria,بلغاريا,Republic of Bulgaria,Europe,أوروبا,Eastern Europe,شرق أوروبا,BG-23,,,1,district,District,Sofia,,Sofia,true,ISO_3166_2,https://www.iso.org/obp/ui/#search,ISO 3166-2 subdivisions via pycountry/isocodes,REFERENCE_DATA_IMPORTED,NEEDS_AR_TRANSLATION,2026-08-05,Administrative subdivision only; cities are imported in later city files.
UPSERT,reg_bg_24,BG,BGR,Bulgaria,بلغاريا,Republic of Bulgaria,Europe,أوروبا,Eastern Europe,شرق أوروبا,BG-24,,,1,district,District,Stara Zagora,,Stara Zagora,true,ISO_3166_2,https://www.iso.org/obp/ui/#search,ISO 3166-2 subdivisions via pycountry/isocodes,REFERENCE_DATA_IMPORTED,NEEDS_AR_TRANSLATION,2026-08-05,Administrative subdivision only; cities are imported in later city files.
UPSERT,reg_bg_25,BG,BGR,Bulgaria,بلغاريا,Republic of Bulgaria,Europe,أوروبا,Eastern Europe,شرق أوروبا,BG-25,,,1,district,District,Targovishte,,Targovishte,true,ISO_3166_2,https://www.iso.org/obp/ui/#search,ISO 3166-2 subdivisions via pycountry/isocodes,REFERENCE_DATA_IMPORTED,NEEDS_AR_TRANSLATION,2026-08-05,Administrative subdivision only; cities are imported in later city files.
UPSERT,reg_bg_26,BG,BGR,Bulgaria,بلغاريا,Republic of Bulgaria,Europe,أوروبا,Eastern Europe,شرق أوروبا,BG-26,,,1,district,District,Haskovo,,Haskovo,true,ISO_3166_2,https://www.iso.org/obp/ui/#search,ISO 3166-2 subdivisions via pycountry/isocodes,REFERENCE_DATA_IMPORTED,NEEDS_AR_TRANSLATION,2026-08-05,Administrative subdivision only; cities are imported in later city files.
UPSERT,reg_bg_27,BG,BGR,Bulgaria,بلغاريا,Republic of Bulgaria,Europe,أوروبا,Eastern Europe,شرق أوروبا,BG-27,,,1,district,District,Shumen,,Shumen,true,ISO_3166_2,https://www.iso.org/obp/ui/#search,ISO 3166-2 subdivisions via pycountry/isocodes,REFERENCE_DATA_IMPORTED,NEEDS_AR_TRANSLATION,2026-08-05,Administrative subdivision only; cities are imported in later city files.
UPSERT,reg_bg_28,BG,BGR,Bulgaria,بلغاريا,Republic of Bulgaria,Europe,أوروبا,Eastern Europe,شرق أوروبا,BG-28,,,1,district,District,Yambol,,Yambol,true,ISO_3166_2,https://www.iso.org/obp/ui/#search,ISO 3166-2 subdivisions via pycountry/isocodes,REFERENCE_DATA_IMPORTED,NEEDS_AR_TRANSLATION,2026-08-05,Administrative subdivision only; cities are imported in later city files.
UPSERT,reg_by_br,BY,BLR,Belarus,بيلاروس,Republic of Belarus,Europe,أوروبا,Eastern Europe,شرق أوروبا,BY-BR,,,1,oblast,Oblast,Bresckaja voblasć,,Bresckaja voblasć,true,ISO_3166_2,https://www.iso.org/obp/ui/#search,ISO 3166-2 subdivisions via pycountry/isocodes,REFERENCE_DATA_IMPORTED,NEEDS_AR_TRANSLATION,2026-08-05,Administrative subdivision only; cities are imported in later city files.
UPSERT,reg_by_hm,BY,BLR,Belarus,بيلاروس,Republic of Belarus,Europe,أوروبا,Eastern Europe,شرق أوروبا,BY-HM,,,1,city,City,Gorod Minsk,,Gorod Minsk,true,ISO_3166_2,https://www.iso.org/obp/ui/#search,ISO 3166-2 subdivisions via pycountry/isocodes,REFERENCE_DATA_IMPORTED,NEEDS_AR_TRANSLATION,2026-08-05,Administrative subdivision only; cities are imported in later city files.
UPSERT,reg_by_ho,BY,BLR,Belarus,بيلاروس,Republic of Belarus,Europe,أوروبا,Eastern Europe,شرق أوروبا,BY-HO,,,1,oblast,Oblast,Gomel'skaja oblast',,Gomel'skaja oblast',true,ISO_3166_2,https://www.iso.org/obp/ui/#search,ISO 3166-2 subdivisions via pycountry/isocodes,REFERENCE_DATA_IMPORTED,NEEDS_AR_TRANSLATION,2026-08-05,Administrative subdivision only; cities are imported in later city files.
UPSERT,reg_by_hr,BY,BLR,Belarus,بيلاروس,Republic of Belarus,Europe,أوروبا,Eastern Europe,شرق أوروبا,BY-HR,,,1,oblast,Oblast,Grodnenskaja oblast',,Grodnenskaja oblast',true,ISO_3166_2,https://www.iso.org/obp/ui/#search,ISO 3166-2 subdivisions via pycountry/isocodes,REFERENCE_DATA_IMPORTED,NEEDS_AR_TRANSLATION,2026-08-05,Administrative subdivision only; cities are imported in later city files.
UPSERT,reg_by_ma,BY,BLR,Belarus,بيلاروس,Republic of Belarus,Europe,أوروبا,Eastern Europe,شرق أوروبا,BY-MA,,,1,oblast,Oblast,Mahilioŭskaja voblasć,,Mahilioŭskaja voblasć,true,ISO_3166_2,https://www.iso.org/obp/ui/#search,ISO 3166-2 subdivisions via pycountry/isocodes,REFERENCE_DATA_IMPORTED,NEEDS_AR_TRANSLATION,2026-08-05,Administrative subdivision only; cities are imported in later city files.
UPSERT,reg_by_mi,BY,BLR,Belarus,بيلاروس,Republic of Belarus,Europe,أوروبا,Eastern Europe,شرق أوروبا,BY-MI,,,1,oblast,Oblast,Minskaja oblast',,Minskaja oblast',true,ISO_3166_2,https://www.iso.org/obp/ui/#search,ISO 3166-2 subdivisions via pycountry/isocodes,REFERENCE_DATA_IMPORTED,NEEDS_AR_TRANSLATION,2026-08-05,Administrative subdivision only; cities are imported in later city files.
UPSERT,reg_by_vi,BY,BLR,Belarus,بيلاروس,Republic of Belarus,Europe,أوروبا,Eastern Europe,شرق أوروبا,BY-VI,,,1,oblast,Oblast,Viciebskaja voblasć,,Viciebskaja voblasć,true,ISO_3166_2,https://www.iso.org/obp/ui/#search,ISO 3166-2 subdivisions via pycountry/isocodes,REFERENCE_DATA_IMPORTED,NEEDS_AR_TRANSLATION,2026-08-05,Administrative subdivision only; cities are imported in later city files.
UPSERT,reg_ch_ag,CH,CHE,Switzerland,سويسرا,Swiss Confederation,Europe,أوروبا,Western Europe,غرب أوروبا,CH-AG,,,1,canton,Canton,Aargau,,Aargau,true,ISO_3166_2,https://www.iso.org/obp/ui/#search,ISO 3166-2 subdivisions via pycountry/isocodes,REFERENCE_DATA_IMPORTED,NEEDS_AR_TRANSLATION,2026-08-05,Administrative subdivision only; cities are imported in later city files.
UPSERT,reg_ch_ai,CH,CHE,Switzerland,سويسرا,Swiss Confederation,Europe,أوروبا,Western Europe,غرب أوروبا,CH-AI,,,1,canton,Canton,Appenzell Innerrhoden,,Appenzell Innerrhoden,true,ISO_3166_2,https://www.iso.org/obp/ui/#search,ISO 3166-2 subdivisions via pycountry/isocodes,REFERENCE_DATA_IMPORTED,NEEDS_AR_TRANSLATION,2026-08-05,Administrative subdivision only; cities are imported in later city files.
UPSERT,reg_ch_ar,CH,CHE,Switzerland,سويسرا,Swiss Confederation,Europe,أوروبا,Western Europe,غرب أوروبا,CH-AR,,,1,canton,Canton,Appenzell Ausserrhoden,,Appenzell Ausserrhoden,true,ISO_3166_2,https://www.iso.org/obp/ui/#search,ISO 3166-2 subdivisions via pycountry/isocodes,REFERENCE_DATA_IMPORTED,NEEDS_AR_TRANSLATION,2026-08-05,Administrative subdivision only; cities are imported in later city files.
UPSERT,reg_ch_be,CH,CHE,Switzerland,سويسرا,Swiss Confederation,Europe,أوروبا,Western Europe,غرب أوروبا,CH-BE,,,1,canton,Canton,Berne,,Berne,true,ISO_3166_2,https://www.iso.org/obp/ui/#search,ISO 3166-2 subdivisions via pycountry/isocodes,REFERENCE_DATA_IMPORTED,NEEDS_AR_TRANSLATION,2026-08-05,Administrative subdivision only; cities are imported in later city files.
UPSERT,reg_ch_bl,CH,CHE,Switzerland,سويسرا,Swiss Confederation,Europe,أوروبا,Western Europe,غرب أوروبا,CH-BL,,,1,canton,Canton,Basel-Landschaft,,Basel-Landschaft,true,ISO_3166_2,https://www.iso.org/obp/ui/#search,ISO 3166-2 subdivisions via pycountry/isocodes,REFERENCE_DATA_IMPORTED,NEEDS_AR_TRANSLATION,2026-08-05,Administrative subdivision only; cities are imported in later city files.
UPSERT,reg_ch_bs,CH,CHE,Switzerland,سويسرا,Swiss Confederation,Europe,أوروبا,Western Europe,غرب أوروبا,CH-BS,,,1,canton,Canton,Basel-Stadt,,Basel-Stadt,true,ISO_3166_2,https://www.iso.org/obp/ui/#search,ISO 3166-2 subdivisions via pycountry/isocodes,REFERENCE_DATA_IMPORTED,NEEDS_AR_TRANSLATION,2026-08-05,Administrative subdivision only; cities are imported in later city files.
UPSERT,reg_ch_fr,CH,CHE,Switzerland,سويسرا,Swiss Confederation,Europe,أوروبا,Western Europe,غرب أوروبا,CH-FR,,,1,canton,Canton,Fribourg,,Fribourg,true,ISO_3166_2,https://www.iso.org/obp/ui/#search,ISO 3166-2 subdivisions via pycountry/isocodes,REFERENCE_DATA_IMPORTED,NEEDS_AR_TRANSLATION,2026-08-05,Administrative subdivision only; cities are imported in later city files.
UPSERT,reg_ch_ge,CH,CHE,Switzerland,سويسرا,Swiss Confederation,Europe,أوروبا,Western Europe,غرب أوروبا,CH-GE,,,1,canton,Canton,Genève,,Genève,true,ISO_3166_2,https://www.iso.org/obp/ui/#search,ISO 3166-2 subdivisions via pycountry/isocodes,REFERENCE_DATA_IMPORTED,NEEDS_AR_TRANSLATION,2026-08-05,Administrative subdivision only; cities are imported in later city files.
UPSERT,reg_ch_gl,CH,CHE,Switzerland,سويسرا,Swiss Confederation,Europe,أوروبا,Western Europe,غرب أوروبا,CH-GL,,,1,canton,Canton,Glarus,,Glarus,true,ISO_3166_2,https://www.iso.org/obp/ui/#search,ISO 3166-2 subdivisions via pycountry/isocodes,REFERENCE_DATA_IMPORTED,NEEDS_AR_TRANSLATION,2026-08-05,Administrative subdivision only; cities are imported in later city files.
UPSERT,reg_ch_gr,CH,CHE,Switzerland,سويسرا,Swiss Confederation,Europe,أوروبا,Western Europe,غرب أوروبا,CH-GR,,,1,canton,Canton,Graubünden,,Graubünden,true,ISO_3166_2,https://www.iso.org/obp/ui/#search,ISO 3166-2 subdivisions via pycountry/isocodes,REFERENCE_DATA_IMPORTED,NEEDS_AR_TRANSLATION,2026-08-05,Administrative subdivision only; cities are imported in later city files.
UPSERT,reg_ch_ju,CH,CHE,Switzerland,سويسرا,Swiss Confederation,Europe,أوروبا,Western Europe,غرب أوروبا,CH-JU,,,1,canton,Canton,Jura,,Jura,true,ISO_3166_2,https://www.iso.org/obp/ui/#search,ISO 3166-2 subdivisions via pycountry/isocodes,REFERENCE_DATA_IMPORTED,NEEDS_AR_TRANSLATION,2026-08-05,Administrative subdivision only; cities are imported in later city files.
UPSERT,reg_ch_lu,CH,CHE,Switzerland,سويسرا,Swiss Confederation,Europe,أوروبا,Western Europe,غرب أوروبا,CH-LU,,,1,canton,Canton,Luzern,,Luzern,true,ISO_3166_2,https://www.iso.org/obp/ui/#search,ISO 3166-2 subdivisions via pycountry/isocodes,REFERENCE_DATA_IMPORTED,NEEDS_AR_TRANSLATION,2026-08-05,Administrative subdivision only; cities are imported in later city files.
UPSERT,reg_ch_ne,CH,CHE,Switzerland,سويسرا,Swiss Confederation,Europe,أوروبا,Western Europe,غرب أوروبا,CH-NE,,,1,canton,Canton,Neuchâtel,,Neuchâtel,true,ISO_3166_2,https://www.iso.org/obp/ui/#search,ISO 3166-2 subdivisions via pycountry/isocodes,REFERENCE_DATA_IMPORTED,NEEDS_AR_TRANSLATION,2026-08-05,Administrative subdivision only; cities are imported in later city files.
UPSERT,reg_ch_nw,CH,CHE,Switzerland,سويسرا,Swiss Confederation,Europe,أوروبا,Western Europe,غرب أوروبا,CH-NW,,,1,canton,Canton,Nidwalden,,Nidwalden,true,ISO_3166_2,https://www.iso.org/obp/ui/#search,ISO 3166-2 subdivisions via pycountry/isocodes,REFERENCE_DATA_IMPORTED,NEEDS_AR_TRANSLATION,2026-08-05,Administrative subdivision only; cities are imported in later city files.
UPSERT,reg_ch_ow,CH,CHE,Switzerland,سويسرا,Swiss Confederation,Europe,أوروبا,Western Europe,غرب أوروبا,CH-OW,,,1,canton,Canton,Obwalden,,Obwalden,true,ISO_3166_2,https://www.iso.org/obp/ui/#search,ISO 3166-2 subdivisions via pycountry/isocodes,REFERENCE_DATA_IMPORTED,NEEDS_AR_TRANSLATION,2026-08-05,Administrative subdivision only; cities are imported in later city files.
UPSERT,reg_ch_sg,CH,CHE,Switzerland,سويسرا,Swiss Confederation,Europe,أوروبا,Western Europe,غرب أوروبا,CH-SG,,,1,canton,Canton,Sankt Gallen,,Sankt Gallen,true,ISO_3166_2,https://www.iso.org/obp/ui/#search,ISO 3166-2 subdivisions via pycountry/isocodes,REFERENCE_DATA_IMPORTED,NEEDS_AR_TRANSLATION,2026-08-05,Administrative subdivision only; cities are imported in later city files.
UPSERT,reg_ch_sh,CH,CHE,Switzerland,سويسرا,Swiss Confederation,Europe,أوروبا,Western Europe,غرب أوروبا,CH-SH,,,1,canton,Canton,Schaffhausen,,Schaffhausen,true,ISO_3166_2,https://www.iso.org/obp/ui/#search,ISO 3166-2 subdivisions via pycountry/isocodes,REFERENCE_DATA_IMPORTED,NEEDS_AR_TRANSLATION,2026-08-05,Administrative subdivision only; cities are imported in later city files.
UPSERT,reg_ch_so,CH,CHE,Switzerland,سويسرا,Swiss Confederation,Europe,أوروبا,Western Europe,غرب أوروبا,CH-SO,,,1,canton,Canton,Solothurn,,Solothurn,true,ISO_3166_2,https://www.iso.org/obp/ui/#search,ISO 3166-2 subdivisions via pycountry/isocodes,REFERENCE_DATA_IMPORTED,NEEDS_AR_TRANSLATION,2026-08-05,Administrative subdivision only; cities are imported in later city files.
UPSERT,reg_ch_sz,CH,CHE,Switzerland,سويسرا,Swiss Confederation,Europe,أوروبا,Western Europe,غرب أوروبا,CH-SZ,,,1,canton,Canton,Schwyz,,Schwyz,true,ISO_3166_2,https://www.iso.org/obp/ui/#search,ISO 3166-2 subdivisions via pycountry/isocodes,REFERENCE_DATA_IMPORTED,NEEDS_AR_TRANSLATION,2026-08-05,Administrative subdivision only; cities are imported in later city files.
UPSERT,reg_ch_tg,CH,CHE,Switzerland,سويسرا,Swiss Confederation,Europe,أوروبا,Western Europe,غرب أوروبا,CH-TG,,,1,canton,Canton,Thurgau,,Thurgau,true,ISO_3166_2,https://www.iso.org/obp/ui/#search,ISO 3166-2 subdivisions via pycountry/isocodes,REFERENCE_DATA_IMPORTED,NEEDS_AR_TRANSLATION,2026-08-05,Administrative subdivision only; cities are imported in later city files.
UPSERT,reg_ch_ti,CH,CHE,Switzerland,سويسرا,Swiss Confederation,Europe,أوروبا,Western Europe,غرب أوروبا,CH-TI,,,1,canton,Canton,Ticino,,Ticino,true,ISO_3166_2,https://www.iso.org/obp/ui/#search,ISO 3166-2 subdivisions via pycountry/isocodes,REFERENCE_DATA_IMPORTED,NEEDS_AR_TRANSLATION,2026-08-05,Administrative subdivision only; cities are imported in later city files.
UPSERT,reg_ch_ur,CH,CHE,Switzerland,سويسرا,Swiss Confederation,Europe,أوروبا,Western Europe,غرب أوروبا,CH-UR,,,1,canton,Canton,Uri,,Uri,true,ISO_3166_2,https://www.iso.org/obp/ui/#search,ISO 3166-2 subdivisions via pycountry/isocodes,REFERENCE_DATA_IMPORTED,NEEDS_AR_TRANSLATION,2026-08-05,Administrative subdivision only; cities are imported in later city files.
UPSERT,reg_ch_vd,CH,CHE,Switzerland,سويسرا,Swiss Confederation,Europe,أوروبا,Western Europe,غرب أوروبا,CH-VD,,,1,canton,Canton,Vaud,,Vaud,true,ISO_3166_2,https://www.iso.org/obp/ui/#search,ISO 3166-2 subdivisions via pycountry/isocodes,REFERENCE_DATA_IMPORTED,NEEDS_AR_TRANSLATION,2026-08-05,Administrative subdivision only; cities are imported in later city files.
UPSERT,reg_ch_vs,CH,CHE,Switzerland,سويسرا,Swiss Confederation,Europe,أوروبا,Western Europe,غرب أوروبا,CH-VS,,,1,canton,Canton,Valais,,Valais,true,ISO_3166_2,https://www.iso.org/obp/ui/#search,ISO 3166-2 subdivisions via pycountry/isocodes,REFERENCE_DATA_IMPORTED,NEEDS_AR_TRANSLATION,2026-08-05,Administrative subdivision only; cities are imported in later city files.
UPSERT,reg_ch_zg,CH,CHE,Switzerland,سويسرا,Swiss Confederation,Europe,أوروبا,Western Europe,غرب أوروبا,CH-ZG,,,1,canton,Canton,Zug,,Zug,true,ISO_3166_2,https://www.iso.org/obp/ui/#search,ISO 3166-2 subdivisions via pycountry/isocodes,REFERENCE_DATA_IMPORTED,NEEDS_AR_TRANSLATION,2026-08-05,Administrative subdivision only; cities are imported in later city files.
UPSERT,reg_ch_zh,CH,CHE,Switzerland,سويسرا,Swiss Confederation,Europe,أوروبا,Western Europe,غرب أوروبا,CH-ZH,,,1,canton,Canton,Zürich,,Zürich,true,ISO_3166_2,https://www.iso.org/obp/ui/#search,ISO 3166-2 subdivisions via pycountry/isocodes,REFERENCE_DATA_IMPORTED,NEEDS_AR_TRANSLATION,2026-08-05,Administrative subdivision only; cities are imported in later city files.
UPSERT,reg_cz_10,CZ,CZE,Czechia,التشيك,Czech Republic,Europe,أوروبا,Eastern Europe,شرق أوروبا,CZ-10,,,1,capital_city,Capital city,"Praha, Hlavní město",,"Praha, Hlavní město",true,ISO_3166_2,https://www.iso.org/obp/ui/#search,ISO 3166-2 subdivisions via pycountry/isocodes,REFERENCE_DATA_IMPORTED,NEEDS_AR_TRANSLATION,2026-08-05,Administrative subdivision only; cities are imported in later city files.
UPSERT,reg_cz_20,CZ,CZE,Czechia,التشيك,Czech Republic,Europe,أوروبا,Eastern Europe,شرق أوروبا,CZ-20,,,1,region,Region,Středočeský kraj,,Středočeský kraj,true,ISO_3166_2,https://www.iso.org/obp/ui/#search,ISO 3166-2 subdivisions via pycountry/isocodes,REFERENCE_DATA_IMPORTED,NEEDS_AR_TRANSLATION,2026-08-05,Administrative subdivision only; cities are imported in later city files.
UPSERT,reg_cz_201,CZ,CZE,Czechia,التشيك,Czech Republic,Europe,أوروبا,Eastern Europe,شرق أوروبا,CZ-201,CZ-20,Středočeský kraj,2,district,District,Benešov,,Benešov,true,ISO_3166_2,https://www.iso.org/obp/ui/#search,ISO 3166-2 subdivisions via pycountry/isocodes,REFERENCE_DATA_IMPORTED,NEEDS_AR_TRANSLATION,2026-08-05,Administrative subdivision only; cities are imported in later city files.
UPSERT,reg_cz_202,CZ,CZE,Czechia,التشيك,Czech Republic,Europe,أوروبا,Eastern Europe,شرق أوروبا,CZ-202,CZ-20,Středočeský kraj,2,district,District,Beroun,,Beroun,true,ISO_3166_2,https://www.iso.org/obp/ui/#search,ISO 3166-2 subdivisions via pycountry/isocodes,REFERENCE_DATA_IMPORTED,NEEDS_AR_TRANSLATION,2026-08-05,Administrative subdivision only; cities are imported in later city files.
UPSERT,reg_cz_203,CZ,CZE,Czechia,التشيك,Czech Republic,Europe,أوروبا,Eastern Europe,شرق أوروبا,CZ-203,CZ-20,Středočeský kraj,2,district,District,Kladno,,Kladno,true,ISO_3166_2,https://www.iso.org/obp/ui/#search,ISO 3166-2 subdivisions via pycountry/isocodes,REFERENCE_DATA_IMPORTED,NEEDS_AR_TRANSLATION,2026-08-05,Administrative subdivision only; cities are imported in later city files.
UPSERT,reg_cz_204,CZ,CZE,Czechia,التشيك,Czech Republic,Europe,أوروبا,Eastern Europe,شرق أوروبا,CZ-204,CZ-20,Středočeský kraj,2,district,District,Kolín,,Kolín,true,ISO_3166_2,https://www.iso.org/obp/ui/#search,ISO 3166-2 subdivisions via pycountry/isocodes,REFERENCE_DATA_IMPORTED,NEEDS_AR_TRANSLATION,2026-08-05,Administrative subdivision only; cities are imported in later city files.
UPSERT,reg_cz_205,CZ,CZE,Czechia,التشيك,Czech Republic,Europe,أوروبا,Eastern Europe,شرق أوروبا,CZ-205,CZ-20,Středočeský kraj,2,district,District,Kutná Hora,,Kutná Hora,true,ISO_3166_2,https://www.iso.org/obp/ui/#search,ISO 3166-2 subdivisions via pycountry/isocodes,REFERENCE_DATA_IMPORTED,NEEDS_AR_TRANSLATION,2026-08-05,Administrative subdivision only; cities are imported in later city files.
UPSERT,reg_cz_206,CZ,CZE,Czechia,التشيك,Czech Republic,Europe,أوروبا,Eastern Europe,شرق أوروبا,CZ-206,CZ-20,Středočeský kraj,2,district,District,Mělník,,Mělník,true,ISO_3166_2,https://www.iso.org/obp/ui/#search,ISO 3166-2 subdivisions via pycountry/isocodes,REFERENCE_DATA_IMPORTED,NEEDS_AR_TRANSLATION,2026-08-05,Administrative subdivision only; cities are imported in later city files.
UPSERT,reg_cz_207,CZ,CZE,Czechia,التشيك,Czech Republic,Europe,أوروبا,Eastern Europe,شرق أوروبا,CZ-207,CZ-20,Středočeský kraj,2,district,District,Mladá Boleslav,,Mladá Boleslav,true,ISO_3166_2,https://www.iso.org/obp/ui/#search,ISO 3166-2 subdivisions via pycountry/isocodes,REFERENCE_DATA_IMPORTED,NEEDS_AR_TRANSLATION,2026-08-05,Administrative subdivision only; cities are imported in later city files.
UPSERT,reg_cz_208,CZ,CZE,Czechia,التشيك,Czech Republic,Europe,أوروبا,Eastern Europe,شرق أوروبا,CZ-208,CZ-20,Středočeský kraj,2,district,District,Nymburk,,Nymburk,true,ISO_3166_2,https://www.iso.org/obp/ui/#search,ISO 3166-2 subdivisions via pycountry/isocodes,REFERENCE_DATA_IMPORTED,NEEDS_AR_TRANSLATION,2026-08-05,Administrative subdivision only; cities are imported in later city files.
UPSERT,reg_cz_209,CZ,CZE,Czechia,التشيك,Czech Republic,Europe,أوروبا,Eastern Europe,شرق أوروبا,CZ-209,CZ-20,Středočeský kraj,2,district,District,Praha-východ,,Praha-východ,true,ISO_3166_2,https://www.iso.org/obp/ui/#search,ISO 3166-2 subdivisions via pycountry/isocodes,REFERENCE_DATA_IMPORTED,NEEDS_AR_TRANSLATION,2026-08-05,Administrative subdivision only; cities are imported in later city files.
UPSERT,reg_cz_20a,CZ,CZE,Czechia,التشيك,Czech Republic,Europe,أوروبا,Eastern Europe,شرق أوروبا,CZ-20A,CZ-20,Středočeský kraj,2,district,District,Praha-západ,,Praha-západ,true,ISO_3166_2,https://www.iso.org/obp/ui/#search,ISO 3166-2 subdivisions via pycountry/isocodes,REFERENCE_DATA_IMPORTED,NEEDS_AR_TRANSLATION,2026-08-05,Administrative subdivision only; cities are imported in later city files.
UPSERT,reg_cz_20b,CZ,CZE,Czechia,التشيك,Czech Republic,Europe,أوروبا,Eastern Europe,شرق أوروبا,CZ-20B,CZ-20,Středočeský kraj,2,district,District,Příbram,,Příbram,true,ISO_3166_2,https://www.iso.org/obp/ui/#search,ISO 3166-2 subdivisions via pycountry/isocodes,REFERENCE_DATA_IMPORTED,NEEDS_AR_TRANSLATION,2026-08-05,Administrative subdivision only; cities are imported in later city files.
UPSERT,reg_cz_20c,CZ,CZE,Czechia,التشيك,Czech Republic,Europe,أوروبا,Eastern Europe,شرق أوروبا,CZ-20C,CZ-20,Středočeský kraj,2,district,District,Rakovník,,Rakovník,true,ISO_3166_2,https://www.iso.org/obp/ui/#search,ISO 3166-2 subdivisions via pycountry/isocodes,REFERENCE_DATA_IMPORTED,NEEDS_AR_TRANSLATION,2026-08-05,Administrative subdivision only; cities are imported in later city files.
UPSERT,reg_cz_31,CZ,CZE,Czechia,التشيك,Czech Republic,Europe,أوروبا,Eastern Europe,شرق أوروبا,CZ-31,,,1,region,Region,Jihočeský kraj,,Jihočeský kraj,true,ISO_3166_2,https://www.iso.org/obp/ui/#search,ISO 3166-2 subdivisions via pycountry/isocodes,REFERENCE_DATA_IMPORTED,NEEDS_AR_TRANSLATION,2026-08-05,Administrative subdivision only; cities are imported in later city files.
UPSERT,reg_cz_311,CZ,CZE,Czechia,التشيك,Czech Republic,Europe,أوروبا,Eastern Europe,شرق أوروبا,CZ-311,CZ-31,Jihočeský kraj,2,district,District,České Budějovice,,České Budějovice,true,ISO_3166_2,https://www.iso.org/obp/ui/#search,ISO 3166-2 subdivisions via pycountry/isocodes,REFERENCE_DATA_IMPORTED,NEEDS_AR_TRANSLATION,2026-08-05,Administrative subdivision only; cities are imported in later city files.
UPSERT,reg_cz_312,CZ,CZE,Czechia,التشيك,Czech Republic,Europe,أوروبا,Eastern Europe,شرق أوروبا,CZ-312,CZ-31,Jihočeský kraj,2,district,District,Český Krumlov,,Český Krumlov,true,ISO_3166_2,https://www.iso.org/obp/ui/#search,ISO 3166-2 subdivisions via pycountry/isocodes,REFERENCE_DATA_IMPORTED,NEEDS_AR_TRANSLATION,2026-08-05,Administrative subdivision only; cities are imported in later city files.
UPSERT,reg_cz_313,CZ,CZE,Czechia,التشيك,Czech Republic,Europe,أوروبا,Eastern Europe,شرق أوروبا,CZ-313,CZ-31,Jihočeský kraj,2,district,District,Jindřichův Hradec,,Jindřichův Hradec,true,ISO_3166_2,https://www.iso.org/obp/ui/#search,ISO 3166-2 subdivisions via pycountry/isocodes,REFERENCE_DATA_IMPORTED,NEEDS_AR_TRANSLATION,2026-08-05,Administrative subdivision only; cities are imported in later city files.
UPSERT,reg_cz_314,CZ,CZE,Czechia,التشيك,Czech Republic,Europe,أوروبا,Eastern Europe,شرق أوروبا,CZ-314,CZ-31,Jihočeský kraj,2,district,District,Písek,,Písek,true,ISO_3166_2,https://www.iso.org/obp/ui/#search,ISO 3166-2 subdivisions via pycountry/isocodes,REFERENCE_DATA_IMPORTED,NEEDS_AR_TRANSLATION,2026-08-05,Administrative subdivision only; cities are imported in later city files.
UPSERT,reg_cz_315,CZ,CZE,Czechia,التشيك,Czech Republic,Europe,أوروبا,Eastern Europe,شرق أوروبا,CZ-315,CZ-31,Jihočeský kraj,2,district,District,Prachatice,,Prachatice,true,ISO_3166_2,https://www.iso.org/obp/ui/#search,ISO 3166-2 subdivisions via pycountry/isocodes,REFERENCE_DATA_IMPORTED,NEEDS_AR_TRANSLATION,2026-08-05,Administrative subdivision only; cities are imported in later city files.
UPSERT,reg_cz_316,CZ,CZE,Czechia,التشيك,Czech Republic,Europe,أوروبا,Eastern Europe,شرق أوروبا,CZ-316,CZ-31,Jihočeský kraj,2,district,District,Strakonice,,Strakonice,true,ISO_3166_2,https://www.iso.org/obp/ui/#search,ISO 3166-2 subdivisions via pycountry/isocodes,REFERENCE_DATA_IMPORTED,NEEDS_AR_TRANSLATION,2026-08-05,Administrative subdivision only; cities are imported in later city files.
UPSERT,reg_cz_317,CZ,CZE,Czechia,التشيك,Czech Republic,Europe,أوروبا,Eastern Europe,شرق أوروبا,CZ-317,CZ-31,Jihočeský kraj,2,district,District,Tábor,,Tábor,true,ISO_3166_2,https://www.iso.org/obp/ui/#search,ISO 3166-2 subdivisions via pycountry/isocodes,REFERENCE_DATA_IMPORTED,NEEDS_AR_TRANSLATION,2026-08-05,Administrative subdivision only; cities are imported in later city files.
UPSERT,reg_cz_32,CZ,CZE,Czechia,التشيك,Czech Republic,Europe,أوروبا,Eastern Europe,شرق أوروبا,CZ-32,,,1,region,Region,Plzeňský kraj,,Plzeňský kraj,true,ISO_3166_2,https://www.iso.org/obp/ui/#search,ISO 3166-2 subdivisions via pycountry/isocodes,REFERENCE_DATA_IMPORTED,NEEDS_AR_TRANSLATION,2026-08-05,Administrative subdivision only; cities are imported in later city files.
UPSERT,reg_cz_321,CZ,CZE,Czechia,التشيك,Czech Republic,Europe,أوروبا,Eastern Europe,شرق أوروبا,CZ-321,CZ-32,Plzeňský kraj,2,district,District,Domažlice,,Domažlice,true,ISO_3166_2,https://www.iso.org/obp/ui/#search,ISO 3166-2 subdivisions via pycountry/isocodes,REFERENCE_DATA_IMPORTED,NEEDS_AR_TRANSLATION,2026-08-05,Administrative subdivision only; cities are imported in later city files.
UPSERT,reg_cz_322,CZ,CZE,Czechia,التشيك,Czech Republic,Europe,أوروبا,Eastern Europe,شرق أوروبا,CZ-322,CZ-32,Plzeňský kraj,2,district,District,Klatovy,,Klatovy,true,ISO_3166_2,https://www.iso.org/obp/ui/#search,ISO 3166-2 subdivisions via pycountry/isocodes,REFERENCE_DATA_IMPORTED,NEEDS_AR_TRANSLATION,2026-08-05,Administrative subdivision only; cities are imported in later city files.
UPSERT,reg_cz_323,CZ,CZE,Czechia,التشيك,Czech Republic,Europe,أوروبا,Eastern Europe,شرق أوروبا,CZ-323,CZ-32,Plzeňský kraj,2,district,District,Plzeň-město,,Plzeň-město,true,ISO_3166_2,https://www.iso.org/obp/ui/#search,ISO 3166-2 subdivisions via pycountry/isocodes,REFERENCE_DATA_IMPORTED,NEEDS_AR_TRANSLATION,2026-08-05,Administrative subdivision only; cities are imported in later city files.
UPSERT,reg_cz_324,CZ,CZE,Czechia,التشيك,Czech Republic,Europe,أوروبا,Eastern Europe,شرق أوروبا,CZ-324,CZ-32,Plzeňský kraj,2,district,District,Plzeň-jih,,Plzeň-jih,true,ISO_3166_2,https://www.iso.org/obp/ui/#search,ISO 3166-2 subdivisions via pycountry/isocodes,REFERENCE_DATA_IMPORTED,NEEDS_AR_TRANSLATION,2026-08-05,Administrative subdivision only; cities are imported in later city files.
UPSERT,reg_cz_325,CZ,CZE,Czechia,التشيك,Czech Republic,Europe,أوروبا,Eastern Europe,شرق أوروبا,CZ-325,CZ-32,Plzeňský kraj,2,district,District,Plzeň-sever,,Plzeň-sever,true,ISO_3166_2,https://www.iso.org/obp/ui/#search,ISO 3166-2 subdivisions via pycountry/isocodes,REFERENCE_DATA_IMPORTED,NEEDS_AR_TRANSLATION,2026-08-05,Administrative subdivision only; cities are imported in later city files.
UPSERT,reg_cz_326,CZ,CZE,Czechia,التشيك,Czech Republic,Europe,أوروبا,Eastern Europe,شرق أوروبا,CZ-326,CZ-32,Plzeňský kraj,2,district,District,Rokycany,,Rokycany,true,ISO_3166_2,https://www.iso.org/obp/ui/#search,ISO 3166-2 subdivisions via pycountry/isocodes,REFERENCE_DATA_IMPORTED,NEEDS_AR_TRANSLATION,2026-08-05,Administrative subdivision only; cities are imported in later city files.
UPSERT,reg_cz_327,CZ,CZE,Czechia,التشيك,Czech Republic,Europe,أوروبا,Eastern Europe,شرق أوروبا,CZ-327,CZ-32,Plzeňský kraj,2,district,District,Tachov,,Tachov,true,ISO_3166_2,https://www.iso.org/obp/ui/#search,ISO 3166-2 subdivisions via pycountry/isocodes,REFERENCE_DATA_IMPORTED,NEEDS_AR_TRANSLATION,2026-08-05,Administrative subdivision only; cities are imported in later city files.
UPSERT,reg_cz_41,CZ,CZE,Czechia,التشيك,Czech Republic,Europe,أوروبا,Eastern Europe,شرق أوروبا,CZ-41,,,1,region,Region,Karlovarský kraj,,Karlovarský kraj,true,ISO_3166_2,https://www.iso.org/obp/ui/#search,ISO 3166-2 subdivisions via pycountry/isocodes,REFERENCE_DATA_IMPORTED,NEEDS_AR_TRANSLATION,2026-08-05,Administrative subdivision only; cities are imported in later city files.
UPSERT,reg_cz_411,CZ,CZE,Czechia,التشيك,Czech Republic,Europe,أوروبا,Eastern Europe,شرق أوروبا,CZ-411,CZ-41,Karlovarský kraj,2,district,District,Cheb,,Cheb,true,ISO_3166_2,https://www.iso.org/obp/ui/#search,ISO 3166-2 subdivisions via pycountry/isocodes,REFERENCE_DATA_IMPORTED,NEEDS_AR_TRANSLATION,2026-08-05,Administrative subdivision only; cities are imported in later city files.
UPSERT,reg_cz_412,CZ,CZE,Czechia,التشيك,Czech Republic,Europe,أوروبا,Eastern Europe,شرق أوروبا,CZ-412,CZ-41,Karlovarský kraj,2,district,District,Karlovy Vary,,Karlovy Vary,true,ISO_3166_2,https://www.iso.org/obp/ui/#search,ISO 3166-2 subdivisions via pycountry/isocodes,REFERENCE_DATA_IMPORTED,NEEDS_AR_TRANSLATION,2026-08-05,Administrative subdivision only; cities are imported in later city files.
UPSERT,reg_cz_413,CZ,CZE,Czechia,التشيك,Czech Republic,Europe,أوروبا,Eastern Europe,شرق أوروبا,CZ-413,CZ-41,Karlovarský kraj,2,district,District,Sokolov,,Sokolov,true,ISO_3166_2,https://www.iso.org/obp/ui/#search,ISO 3166-2 subdivisions via pycountry/isocodes,REFERENCE_DATA_IMPORTED,NEEDS_AR_TRANSLATION,2026-08-05,Administrative subdivision only; cities are imported in later city files.
UPSERT,reg_cz_42,CZ,CZE,Czechia,التشيك,Czech Republic,Europe,أوروبا,Eastern Europe,شرق أوروبا,CZ-42,,,1,region,Region,Ústecký kraj,,Ústecký kraj,true,ISO_3166_2,https://www.iso.org/obp/ui/#search,ISO 3166-2 subdivisions via pycountry/isocodes,REFERENCE_DATA_IMPORTED,NEEDS_AR_TRANSLATION,2026-08-05,Administrative subdivision only; cities are imported in later city files.
UPSERT,reg_cz_421,CZ,CZE,Czechia,التشيك,Czech Republic,Europe,أوروبا,Eastern Europe,شرق أوروبا,CZ-421,CZ-42,Ústecký kraj,2,district,District,Děčín,,Děčín,true,ISO_3166_2,https://www.iso.org/obp/ui/#search,ISO 3166-2 subdivisions via pycountry/isocodes,REFERENCE_DATA_IMPORTED,NEEDS_AR_TRANSLATION,2026-08-05,Administrative subdivision only; cities are imported in later city files.
UPSERT,reg_cz_422,CZ,CZE,Czechia,التشيك,Czech Republic,Europe,أوروبا,Eastern Europe,شرق أوروبا,CZ-422,CZ-42,Ústecký kraj,2,district,District,Chomutov,,Chomutov,true,ISO_3166_2,https://www.iso.org/obp/ui/#search,ISO 3166-2 subdivisions via pycountry/isocodes,REFERENCE_DATA_IMPORTED,NEEDS_AR_TRANSLATION,2026-08-05,Administrative subdivision only; cities are imported in later city files.
UPSERT,reg_cz_423,CZ,CZE,Czechia,التشيك,Czech Republic,Europe,أوروبا,Eastern Europe,شرق أوروبا,CZ-423,CZ-42,Ústecký kraj,2,district,District,Litoměřice,,Litoměřice,true,ISO_3166_2,https://www.iso.org/obp/ui/#search,ISO 3166-2 subdivisions via pycountry/isocodes,REFERENCE_DATA_IMPORTED,NEEDS_AR_TRANSLATION,2026-08-05,Administrative subdivision only; cities are imported in later city files.
UPSERT,reg_cz_424,CZ,CZE,Czechia,التشيك,Czech Republic,Europe,أوروبا,Eastern Europe,شرق أوروبا,CZ-424,CZ-42,Ústecký kraj,2,district,District,Louny,,Louny,true,ISO_3166_2,https://www.iso.org/obp/ui/#search,ISO 3166-2 subdivisions via pycountry/isocodes,REFERENCE_DATA_IMPORTED,NEEDS_AR_TRANSLATION,2026-08-05,Administrative subdivision only; cities are imported in later city files.
UPSERT,reg_cz_425,CZ,CZE,Czechia,التشيك,Czech Republic,Europe,أوروبا,Eastern Europe,شرق أوروبا,CZ-425,CZ-42,Ústecký kraj,2,district,District,Most,,Most,true,ISO_3166_2,https://www.iso.org/obp/ui/#search,ISO 3166-2 subdivisions via pycountry/isocodes,REFERENCE_DATA_IMPORTED,NEEDS_AR_TRANSLATION,2026-08-05,Administrative subdivision only; cities are imported in later city files.
UPSERT,reg_cz_426,CZ,CZE,Czechia,التشيك,Czech Republic,Europe,أوروبا,Eastern Europe,شرق أوروبا,CZ-426,CZ-42,Ústecký kraj,2,district,District,Teplice,,Teplice,true,ISO_3166_2,https://www.iso.org/obp/ui/#search,ISO 3166-2 subdivisions via pycountry/isocodes,REFERENCE_DATA_IMPORTED,NEEDS_AR_TRANSLATION,2026-08-05,Administrative subdivision only; cities are imported in later city files.
UPSERT,reg_cz_427,CZ,CZE,Czechia,التشيك,Czech Republic,Europe,أوروبا,Eastern Europe,شرق أوروبا,CZ-427,CZ-42,Ústecký kraj,2,district,District,Ústí nad Labem,,Ústí nad Labem,true,ISO_3166_2,https://www.iso.org/obp/ui/#search,ISO 3166-2 subdivisions via pycountry/isocodes,REFERENCE_DATA_IMPORTED,NEEDS_AR_TRANSLATION,2026-08-05,Administrative subdivision only; cities are imported in later city files.
UPSERT,reg_cz_51,CZ,CZE,Czechia,التشيك,Czech Republic,Europe,أوروبا,Eastern Europe,شرق أوروبا,CZ-51,,,1,region,Region,Liberecký kraj,,Liberecký kraj,true,ISO_3166_2,https://www.iso.org/obp/ui/#search,ISO 3166-2 subdivisions via pycountry/isocodes,REFERENCE_DATA_IMPORTED,NEEDS_AR_TRANSLATION,2026-08-05,Administrative subdivision only; cities are imported in later city files.
UPSERT,reg_cz_511,CZ,CZE,Czechia,التشيك,Czech Republic,Europe,أوروبا,Eastern Europe,شرق أوروبا,CZ-511,CZ-51,Liberecký kraj,2,district,District,Česká Lípa,,Česká Lípa,true,ISO_3166_2,https://www.iso.org/obp/ui/#search,ISO 3166-2 subdivisions via pycountry/isocodes,REFERENCE_DATA_IMPORTED,NEEDS_AR_TRANSLATION,2026-08-05,Administrative subdivision only; cities are imported in later city files.
UPSERT,reg_cz_512,CZ,CZE,Czechia,التشيك,Czech Republic,Europe,أوروبا,Eastern Europe,شرق أوروبا,CZ-512,CZ-51,Liberecký kraj,2,district,District,Jablonec nad Nisou,,Jablonec nad Nisou,true,ISO_3166_2,https://www.iso.org/obp/ui/#search,ISO 3166-2 subdivisions via pycountry/isocodes,REFERENCE_DATA_IMPORTED,NEEDS_AR_TRANSLATION,2026-08-05,Administrative subdivision only; cities are imported in later city files.
UPSERT,reg_cz_513,CZ,CZE,Czechia,التشيك,Czech Republic,Europe,أوروبا,Eastern Europe,شرق أوروبا,CZ-513,CZ-51,Liberecký kraj,2,district,District,Liberec,,Liberec,true,ISO_3166_2,https://www.iso.org/obp/ui/#search,ISO 3166-2 subdivisions via pycountry/isocodes,REFERENCE_DATA_IMPORTED,NEEDS_AR_TRANSLATION,2026-08-05,Administrative subdivision only; cities are imported in later city files.
UPSERT,reg_cz_514,CZ,CZE,Czechia,التشيك,Czech Republic,Europe,أوروبا,Eastern Europe,شرق أوروبا,CZ-514,CZ-51,Liberecký kraj,2,district,District,Semily,,Semily,true,ISO_3166_2,https://www.iso.org/obp/ui/#search,ISO 3166-2 subdivisions via pycountry/isocodes,REFERENCE_DATA_IMPORTED,NEEDS_AR_TRANSLATION,2026-08-05,Administrative subdivision only; cities are imported in later city files.
UPSERT,reg_cz_52,CZ,CZE,Czechia,التشيك,Czech Republic,Europe,أوروبا,Eastern Europe,شرق أوروبا,CZ-52,,,1,region,Region,Královéhradecký kraj,,Královéhradecký kraj,true,ISO_3166_2,https://www.iso.org/obp/ui/#search,ISO 3166-2 subdivisions via pycountry/isocodes,REFERENCE_DATA_IMPORTED,NEEDS_AR_TRANSLATION,2026-08-05,Administrative subdivision only; cities are imported in later city files.
UPSERT,reg_cz_521,CZ,CZE,Czechia,التشيك,Czech Republic,Europe,أوروبا,Eastern Europe,شرق أوروبا,CZ-521,CZ-52,Královéhradecký kraj,2,district,District,Hradec Králové,,Hradec Králové,true,ISO_3166_2,https://www.iso.org/obp/ui/#search,ISO 3166-2 subdivisions via pycountry/isocodes,REFERENCE_DATA_IMPORTED,NEEDS_AR_TRANSLATION,2026-08-05,Administrative subdivision only; cities are imported in later city files.
UPSERT,reg_cz_522,CZ,CZE,Czechia,التشيك,Czech Republic,Europe,أوروبا,Eastern Europe,شرق أوروبا,CZ-522,CZ-52,Královéhradecký kraj,2,district,District,Jičín,,Jičín,true,ISO_3166_2,https://www.iso.org/obp/ui/#search,ISO 3166-2 subdivisions via pycountry/isocodes,REFERENCE_DATA_IMPORTED,NEEDS_AR_TRANSLATION,2026-08-05,Administrative subdivision only; cities are imported in later city files.
UPSERT,reg_cz_523,CZ,CZE,Czechia,التشيك,Czech Republic,Europe,أوروبا,Eastern Europe,شرق أوروبا,CZ-523,CZ-52,Královéhradecký kraj,2,district,District,Náchod,,Náchod,true,ISO_3166_2,https://www.iso.org/obp/ui/#search,ISO 3166-2 subdivisions via pycountry/isocodes,REFERENCE_DATA_IMPORTED,NEEDS_AR_TRANSLATION,2026-08-05,Administrative subdivision only; cities are imported in later city files.
UPSERT,reg_cz_524,CZ,CZE,Czechia,التشيك,Czech Republic,Europe,أوروبا,Eastern Europe,شرق أوروبا,CZ-524,CZ-52,Královéhradecký kraj,2,district,District,Rychnov nad Kněžnou,,Rychnov nad Kněžnou,true,ISO_3166_2,https://www.iso.org/obp/ui/#search,ISO 3166-2 subdivisions via pycountry/isocodes,REFERENCE_DATA_IMPORTED,NEEDS_AR_TRANSLATION,2026-08-05,Administrative subdivision only; cities are imported in later city files.
UPSERT,reg_cz_525,CZ,CZE,Czechia,التشيك,Czech Republic,Europe,أوروبا,Eastern Europe,شرق أوروبا,CZ-525,CZ-52,Královéhradecký kraj,2,district,District,Trutnov,,Trutnov,true,ISO_3166_2,https://www.iso.org/obp/ui/#search,ISO 3166-2 subdivisions via pycountry/isocodes,REFERENCE_DATA_IMPORTED,NEEDS_AR_TRANSLATION,2026-08-05,Administrative subdivision only; cities are imported in later city files.
UPSERT,reg_cz_53,CZ,CZE,Czechia,التشيك,Czech Republic,Europe,أوروبا,Eastern Europe,شرق أوروبا,CZ-53,,,1,region,Region,Pardubický kraj,,Pardubický kraj,true,ISO_3166_2,https://www.iso.org/obp/ui/#search,ISO 3166-2 subdivisions via pycountry/isocodes,REFERENCE_DATA_IMPORTED,NEEDS_AR_TRANSLATION,2026-08-05,Administrative subdivision only; cities are imported in later city files.
UPSERT,reg_cz_531,CZ,CZE,Czechia,التشيك,Czech Republic,Europe,أوروبا,Eastern Europe,شرق أوروبا,CZ-531,CZ-53,Pardubický kraj,2,district,District,Chrudim,,Chrudim,true,ISO_3166_2,https://www.iso.org/obp/ui/#search,ISO 3166-2 subdivisions via pycountry/isocodes,REFERENCE_DATA_IMPORTED,NEEDS_AR_TRANSLATION,2026-08-05,Administrative subdivision only; cities are imported in later city files.
UPSERT,reg_cz_532,CZ,CZE,Czechia,التشيك,Czech Republic,Europe,أوروبا,Eastern Europe,شرق أوروبا,CZ-532,CZ-53,Pardubický kraj,2,district,District,Pardubice,,Pardubice,true,ISO_3166_2,https://www.iso.org/obp/ui/#search,ISO 3166-2 subdivisions via pycountry/isocodes,REFERENCE_DATA_IMPORTED,NEEDS_AR_TRANSLATION,2026-08-05,Administrative subdivision only; cities are imported in later city files.
UPSERT,reg_cz_533,CZ,CZE,Czechia,التشيك,Czech Republic,Europe,أوروبا,Eastern Europe,شرق أوروبا,CZ-533,CZ-53,Pardubický kraj,2,district,District,Svitavy,,Svitavy,true,ISO_3166_2,https://www.iso.org/obp/ui/#search,ISO 3166-2 subdivisions via pycountry/isocodes,REFERENCE_DATA_IMPORTED,NEEDS_AR_TRANSLATION,2026-08-05,Administrative subdivision only; cities are imported in later city files.
UPSERT,reg_cz_534,CZ,CZE,Czechia,التشيك,Czech Republic,Europe,أوروبا,Eastern Europe,شرق أوروبا,CZ-534,CZ-53,Pardubický kraj,2,district,District,Ústí nad Orlicí,,Ústí nad Orlicí,true,ISO_3166_2,https://www.iso.org/obp/ui/#search,ISO 3166-2 subdivisions via pycountry/isocodes,REFERENCE_DATA_IMPORTED,NEEDS_AR_TRANSLATION,2026-08-05,Administrative subdivision only; cities are imported in later city files.
UPSERT,reg_cz_63,CZ,CZE,Czechia,التشيك,Czech Republic,Europe,أوروبا,Eastern Europe,شرق أوروبا,CZ-63,,,1,region,Region,Kraj Vysočina,,Kraj Vysočina,true,ISO_3166_2,https://www.iso.org/obp/ui/#search,ISO 3166-2 subdivisions via pycountry/isocodes,REFERENCE_DATA_IMPORTED,NEEDS_AR_TRANSLATION,2026-08-05,Administrative subdivision only; cities are imported in later city files.
UPSERT,reg_cz_631,CZ,CZE,Czechia,التشيك,Czech Republic,Europe,أوروبا,Eastern Europe,شرق أوروبا,CZ-631,CZ-63,Kraj Vysočina,2,district,District,Havlíčkův Brod,,Havlíčkův Brod,true,ISO_3166_2,https://www.iso.org/obp/ui/#search,ISO 3166-2 subdivisions via pycountry/isocodes,REFERENCE_DATA_IMPORTED,NEEDS_AR_TRANSLATION,2026-08-05,Administrative subdivision only; cities are imported in later city files.
UPSERT,reg_cz_632,CZ,CZE,Czechia,التشيك,Czech Republic,Europe,أوروبا,Eastern Europe,شرق أوروبا,CZ-632,CZ-63,Kraj Vysočina,2,district,District,Jihlava,,Jihlava,true,ISO_3166_2,https://www.iso.org/obp/ui/#search,ISO 3166-2 subdivisions via pycountry/isocodes,REFERENCE_DATA_IMPORTED,NEEDS_AR_TRANSLATION,2026-08-05,Administrative subdivision only; cities are imported in later city files.
UPSERT,reg_cz_633,CZ,CZE,Czechia,التشيك,Czech Republic,Europe,أوروبا,Eastern Europe,شرق أوروبا,CZ-633,CZ-63,Kraj Vysočina,2,district,District,Pelhřimov,,Pelhřimov,true,ISO_3166_2,https://www.iso.org/obp/ui/#search,ISO 3166-2 subdivisions via pycountry/isocodes,REFERENCE_DATA_IMPORTED,NEEDS_AR_TRANSLATION,2026-08-05,Administrative subdivision only; cities are imported in later city files.
UPSERT,reg_cz_634,CZ,CZE,Czechia,التشيك,Czech Republic,Europe,أوروبا,Eastern Europe,شرق أوروبا,CZ-634,CZ-63,Kraj Vysočina,2,district,District,Třebíč,,Třebíč,true,ISO_3166_2,https://www.iso.org/obp/ui/#search,ISO 3166-2 subdivisions via pycountry/isocodes,REFERENCE_DATA_IMPORTED,NEEDS_AR_TRANSLATION,2026-08-05,Administrative subdivision only; cities are imported in later city files.
UPSERT,reg_cz_635,CZ,CZE,Czechia,التشيك,Czech Republic,Europe,أوروبا,Eastern Europe,شرق أوروبا,CZ-635,CZ-63,Kraj Vysočina,2,district,District,Žďár nad Sázavou,,Žďár nad Sázavou,true,ISO_3166_2,https://www.iso.org/obp/ui/#search,ISO 3166-2 subdivisions via pycountry/isocodes,REFERENCE_DATA_IMPORTED,NEEDS_AR_TRANSLATION,2026-08-05,Administrative subdivision only; cities are imported in later city files.
UPSERT,reg_cz_64,CZ,CZE,Czechia,التشيك,Czech Republic,Europe,أوروبا,Eastern Europe,شرق أوروبا,CZ-64,,,1,region,Region,Jihomoravský kraj,,Jihomoravský kraj,true,ISO_3166_2,https://www.iso.org/obp/ui/#search,ISO 3166-2 subdivisions via pycountry/isocodes,REFERENCE_DATA_IMPORTED,NEEDS_AR_TRANSLATION,2026-08-05,Administrative subdivision only; cities are imported in later city files.
UPSERT,reg_cz_641,CZ,CZE,Czechia,التشيك,Czech Republic,Europe,أوروبا,Eastern Europe,شرق أوروبا,CZ-641,CZ-64,Jihomoravský kraj,2,district,District,Blansko,,Blansko,true,ISO_3166_2,https://www.iso.org/obp/ui/#search,ISO 3166-2 subdivisions via pycountry/isocodes,REFERENCE_DATA_IMPORTED,NEEDS_AR_TRANSLATION,2026-08-05,Administrative subdivision only; cities are imported in later city files.
UPSERT,reg_cz_642,CZ,CZE,Czechia,التشيك,Czech Republic,Europe,أوروبا,Eastern Europe,شرق أوروبا,CZ-642,CZ-64,Jihomoravský kraj,2,district,District,Brno-město,,Brno-město,true,ISO_3166_2,https://www.iso.org/obp/ui/#search,ISO 3166-2 subdivisions via pycountry/isocodes,REFERENCE_DATA_IMPORTED,NEEDS_AR_TRANSLATION,2026-08-05,Administrative subdivision only; cities are imported in later city files.
UPSERT,reg_cz_643,CZ,CZE,Czechia,التشيك,Czech Republic,Europe,أوروبا,Eastern Europe,شرق أوروبا,CZ-643,CZ-64,Jihomoravský kraj,2,district,District,Brno-venkov,,Brno-venkov,true,ISO_3166_2,https://www.iso.org/obp/ui/#search,ISO 3166-2 subdivisions via pycountry/isocodes,REFERENCE_DATA_IMPORTED,NEEDS_AR_TRANSLATION,2026-08-05,Administrative subdivision only; cities are imported in later city files.
UPSERT,reg_cz_644,CZ,CZE,Czechia,التشيك,Czech Republic,Europe,أوروبا,Eastern Europe,شرق أوروبا,CZ-644,CZ-64,Jihomoravský kraj,2,district,District,Břeclav,,Břeclav,true,ISO_3166_2,https://www.iso.org/obp/ui/#search,ISO 3166-2 subdivisions via pycountry/isocodes,REFERENCE_DATA_IMPORTED,NEEDS_AR_TRANSLATION,2026-08-05,Administrative subdivision only; cities are imported in later city files.
UPSERT,reg_cz_645,CZ,CZE,Czechia,التشيك,Czech Republic,Europe,أوروبا,Eastern Europe,شرق أوروبا,CZ-645,CZ-64,Jihomoravský kraj,2,district,District,Hodonín,,Hodonín,true,ISO_3166_2,https://www.iso.org/obp/ui/#search,ISO 3166-2 subdivisions via pycountry/isocodes,REFERENCE_DATA_IMPORTED,NEEDS_AR_TRANSLATION,2026-08-05,Administrative subdivision only; cities are imported in later city files.
UPSERT,reg_cz_646,CZ,CZE,Czechia,التشيك,Czech Republic,Europe,أوروبا,Eastern Europe,شرق أوروبا,CZ-646,CZ-64,Jihomoravský kraj,2,district,District,Vyškov,,Vyškov,true,ISO_3166_2,https://www.iso.org/obp/ui/#search,ISO 3166-2 subdivisions via pycountry/isocodes,REFERENCE_DATA_IMPORTED,NEEDS_AR_TRANSLATION,2026-08-05,Administrative subdivision only; cities are imported in later city files.
UPSERT,reg_cz_647,CZ,CZE,Czechia,التشيك,Czech Republic,Europe,أوروبا,Eastern Europe,شرق أوروبا,CZ-647,CZ-64,Jihomoravský kraj,2,district,District,Znojmo,,Znojmo,true,ISO_3166_2,https://www.iso.org/obp/ui/#search,ISO 3166-2 subdivisions via pycountry/isocodes,REFERENCE_DATA_IMPORTED,NEEDS_AR_TRANSLATION,2026-08-05,Administrative subdivision only; cities are imported in later city files.
UPSERT,reg_cz_71,CZ,CZE,Czechia,التشيك,Czech Republic,Europe,أوروبا,Eastern Europe,شرق أوروبا,CZ-71,,,1,region,Region,Olomoucký kraj,,Olomoucký kraj,true,ISO_3166_2,https://www.iso.org/obp/ui/#search,ISO 3166-2 subdivisions via pycountry/isocodes,REFERENCE_DATA_IMPORTED,NEEDS_AR_TRANSLATION,2026-08-05,Administrative subdivision only; cities are imported in later city files.
UPSERT,reg_cz_711,CZ,CZE,Czechia,التشيك,Czech Republic,Europe,أوروبا,Eastern Europe,شرق أوروبا,CZ-711,CZ-71,Olomoucký kraj,2,district,District,Jeseník,,Jeseník,true,ISO_3166_2,https://www.iso.org/obp/ui/#search,ISO 3166-2 subdivisions via pycountry/isocodes,REFERENCE_DATA_IMPORTED,NEEDS_AR_TRANSLATION,2026-08-05,Administrative subdivision only; cities are imported in later city files.
UPSERT,reg_cz_712,CZ,CZE,Czechia,التشيك,Czech Republic,Europe,أوروبا,Eastern Europe,شرق أوروبا,CZ-712,CZ-71,Olomoucký kraj,2,district,District,Olomouc,,Olomouc,true,ISO_3166_2,https://www.iso.org/obp/ui/#search,ISO 3166-2 subdivisions via pycountry/isocodes,REFERENCE_DATA_IMPORTED,NEEDS_AR_TRANSLATION,2026-08-05,Administrative subdivision only; cities are imported in later city files.
UPSERT,reg_cz_713,CZ,CZE,Czechia,التشيك,Czech Republic,Europe,أوروبا,Eastern Europe,شرق أوروبا,CZ-713,CZ-71,Olomoucký kraj,2,district,District,Prostějov,,Prostějov,true,ISO_3166_2,https://www.iso.org/obp/ui/#search,ISO 3166-2 subdivisions via pycountry/isocodes,REFERENCE_DATA_IMPORTED,NEEDS_AR_TRANSLATION,2026-08-05,Administrative subdivision only; cities are imported in later city files.
UPSERT,reg_cz_714,CZ,CZE,Czechia,التشيك,Czech Republic,Europe,أوروبا,Eastern Europe,شرق أوروبا,CZ-714,CZ-71,Olomoucký kraj,2,district,District,Přerov,,Přerov,true,ISO_3166_2,https://www.iso.org/obp/ui/#search,ISO 3166-2 subdivisions via pycountry/isocodes,REFERENCE_DATA_IMPORTED,NEEDS_AR_TRANSLATION,2026-08-05,Administrative subdivision only; cities are imported in later city files.
UPSERT,reg_cz_715,CZ,CZE,Czechia,التشيك,Czech Republic,Europe,أوروبا,Eastern Europe,شرق أوروبا,CZ-715,CZ-71,Olomoucký kraj,2,district,District,Šumperk,,Šumperk,true,ISO_3166_2,https://www.iso.org/obp/ui/#search,ISO 3166-2 subdivisions via pycountry/isocodes,REFERENCE_DATA_IMPORTED,NEEDS_AR_TRANSLATION,2026-08-05,Administrative subdivision only; cities are imported in later city files.
UPSERT,reg_cz_72,CZ,CZE,Czechia,التشيك,Czech Republic,Europe,أوروبا,Eastern Europe,شرق أوروبا,CZ-72,,,1,region,Region,Zlínský kraj,,Zlínský kraj,true,ISO_3166_2,https://www.iso.org/obp/ui/#search,ISO 3166-2 subdivisions via pycountry/isocodes,REFERENCE_DATA_IMPORTED,NEEDS_AR_TRANSLATION,2026-08-05,Administrative subdivision only; cities are imported in later city files.
UPSERT,reg_cz_721,CZ,CZE,Czechia,التشيك,Czech Republic,Europe,أوروبا,Eastern Europe,شرق أوروبا,CZ-721,CZ-72,Zlínský kraj,2,district,District,Kroměříž,,Kroměříž,true,ISO_3166_2,https://www.iso.org/obp/ui/#search,ISO 3166-2 subdivisions via pycountry/isocodes,REFERENCE_DATA_IMPORTED,NEEDS_AR_TRANSLATION,2026-08-05,Administrative subdivision only; cities are imported in later city files.
UPSERT,reg_cz_722,CZ,CZE,Czechia,التشيك,Czech Republic,Europe,أوروبا,Eastern Europe,شرق أوروبا,CZ-722,CZ-72,Zlínský kraj,2,district,District,Uherské Hradiště,,Uherské Hradiště,true,ISO_3166_2,https://www.iso.org/obp/ui/#search,ISO 3166-2 subdivisions via pycountry/isocodes,REFERENCE_DATA_IMPORTED,NEEDS_AR_TRANSLATION,2026-08-05,Administrative subdivision only; cities are imported in later city files.
UPSERT,reg_cz_723,CZ,CZE,Czechia,التشيك,Czech Republic,Europe,أوروبا,Eastern Europe,شرق أوروبا,CZ-723,CZ-72,Zlínský kraj,2,district,District,Vsetín,,Vsetín,true,ISO_3166_2,https://www.iso.org/obp/ui/#search,ISO 3166-2 subdivisions via pycountry/isocodes,REFERENCE_DATA_IMPORTED,NEEDS_AR_TRANSLATION,2026-08-05,Administrative subdivision only; cities are imported in later city files.
UPSERT,reg_cz_724,CZ,CZE,Czechia,التشيك,Czech Republic,Europe,أوروبا,Eastern Europe,شرق أوروبا,CZ-724,CZ-72,Zlínský kraj,2,district,District,Zlín,,Zlín,true,ISO_3166_2,https://www.iso.org/obp/ui/#search,ISO 3166-2 subdivisions via pycountry/isocodes,REFERENCE_DATA_IMPORTED,NEEDS_AR_TRANSLATION,2026-08-05,Administrative subdivision only; cities are imported in later city files.
UPSERT,reg_cz_80,CZ,CZE,Czechia,التشيك,Czech Republic,Europe,أوروبا,Eastern Europe,شرق أوروبا,CZ-80,,,1,region,Region,Moravskoslezský kraj,,Moravskoslezský kraj,true,ISO_3166_2,https://www.iso.org/obp/ui/#search,ISO 3166-2 subdivisions via pycountry/isocodes,REFERENCE_DATA_IMPORTED,NEEDS_AR_TRANSLATION,2026-08-05,Administrative subdivision only; cities are imported in later city files.
UPSERT,reg_cz_801,CZ,CZE,Czechia,التشيك,Czech Republic,Europe,أوروبا,Eastern Europe,شرق أوروبا,CZ-801,CZ-80,Moravskoslezský kraj,2,district,District,Bruntál,,Bruntál,true,ISO_3166_2,https://www.iso.org/obp/ui/#search,ISO 3166-2 subdivisions via pycountry/isocodes,REFERENCE_DATA_IMPORTED,NEEDS_AR_TRANSLATION,2026-08-05,Administrative subdivision only; cities are imported in later city files.
UPSERT,reg_cz_802,CZ,CZE,Czechia,التشيك,Czech Republic,Europe,أوروبا,Eastern Europe,شرق أوروبا,CZ-802,CZ-80,Moravskoslezský kraj,2,district,District,Frýdek-Místek,,Frýdek-Místek,true,ISO_3166_2,https://www.iso.org/obp/ui/#search,ISO 3166-2 subdivisions via pycountry/isocodes,REFERENCE_DATA_IMPORTED,NEEDS_AR_TRANSLATION,2026-08-05,Administrative subdivision only; cities are imported in later city files.
UPSERT,reg_cz_803,CZ,CZE,Czechia,التشيك,Czech Republic,Europe,أوروبا,Eastern Europe,شرق أوروبا,CZ-803,CZ-80,Moravskoslezský kraj,2,district,District,Karviná,,Karviná,true,ISO_3166_2,https://www.iso.org/obp/ui/#search,ISO 3166-2 subdivisions via pycountry/isocodes,REFERENCE_DATA_IMPORTED,NEEDS_AR_TRANSLATION,2026-08-05,Administrative subdivision only; cities are imported in later city files.
UPSERT,reg_cz_804,CZ,CZE,Czechia,التشيك,Czech Republic,Europe,أوروبا,Eastern Europe,شرق أوروبا,CZ-804,CZ-80,Moravskoslezský kraj,2,district,District,Nový Jičín,,Nový Jičín,true,ISO_3166_2,https://www.iso.org/obp/ui/#search,ISO 3166-2 subdivisions via pycountry/isocodes,REFERENCE_DATA_IMPORTED,NEEDS_AR_TRANSLATION,2026-08-05,Administrative subdivision only; cities are imported in later city files.
UPSERT,reg_cz_805,CZ,CZE,Czechia,التشيك,Czech Republic,Europe,أوروبا,Eastern Europe,شرق أوروبا,CZ-805,CZ-80,Moravskoslezský kraj,2,district,District,Opava,,Opava,true,ISO_3166_2,https://www.iso.org/obp/ui/#search,ISO 3166-2 subdivisions via pycountry/isocodes,REFERENCE_DATA_IMPORTED,NEEDS_AR_TRANSLATION,2026-08-05,Administrative subdivision only; cities are imported in later city files.
UPSERT,reg_cz_806,CZ,CZE,Czechia,التشيك,Czech Republic,Europe,أوروبا,Eastern Europe,شرق أوروبا,CZ-806,CZ-80,Moravskoslezský kraj,2,district,District,Ostrava-město,,Ostrava-město,true,ISO_3166_2,https://www.iso.org/obp/ui/#search,ISO 3166-2 subdivisions via pycountry/isocodes,REFERENCE_DATA_IMPORTED,NEEDS_AR_TRANSLATION,2026-08-05,Administrative subdivision only; cities are imported in later city files.
UPSERT,reg_de_bb,DE,DEU,Germany,ألمانيا,Federal Republic of Germany,Europe,أوروبا,Western Europe,غرب أوروبا,DE-BB,,,1,land,Land,Brandenburg,,Brandenburg,true,ISO_3166_2,https://www.iso.org/obp/ui/#search,ISO 3166-2 subdivisions via pycountry/isocodes,REFERENCE_DATA_IMPORTED,NEEDS_AR_TRANSLATION,2026-08-05,Administrative subdivision only; cities are imported in later city files.
UPSERT,reg_de_be,DE,DEU,Germany,ألمانيا,Federal Republic of Germany,Europe,أوروبا,Western Europe,غرب أوروبا,DE-BE,,,1,land,Land,Berlin,,Berlin,true,ISO_3166_2,https://www.iso.org/obp/ui/#search,ISO 3166-2 subdivisions via pycountry/isocodes,REFERENCE_DATA_IMPORTED,NEEDS_AR_TRANSLATION,2026-08-05,Administrative subdivision only; cities are imported in later city files.
UPSERT,reg_de_bw,DE,DEU,Germany,ألمانيا,Federal Republic of Germany,Europe,أوروبا,Western Europe,غرب أوروبا,DE-BW,,,1,land,Land,Baden-Württemberg,,Baden-Württemberg,true,ISO_3166_2,https://www.iso.org/obp/ui/#search,ISO 3166-2 subdivisions via pycountry/isocodes,REFERENCE_DATA_IMPORTED,NEEDS_AR_TRANSLATION,2026-08-05,Administrative subdivision only; cities are imported in later city files.
UPSERT,reg_de_by,DE,DEU,Germany,ألمانيا,Federal Republic of Germany,Europe,أوروبا,Western Europe,غرب أوروبا,DE-BY,,,1,land,Land,Bayern,,Bayern,true,ISO_3166_2,https://www.iso.org/obp/ui/#search,ISO 3166-2 subdivisions via pycountry/isocodes,REFERENCE_DATA_IMPORTED,NEEDS_AR_TRANSLATION,2026-08-05,Administrative subdivision only; cities are imported in later city files.
UPSERT,reg_de_hb,DE,DEU,Germany,ألمانيا,Federal Republic of Germany,Europe,أوروبا,Western Europe,غرب أوروبا,DE-HB,,,1,land,Land,Bremen,,Bremen,true,ISO_3166_2,https://www.iso.org/obp/ui/#search,ISO 3166-2 subdivisions via pycountry/isocodes,REFERENCE_DATA_IMPORTED,NEEDS_AR_TRANSLATION,2026-08-05,Administrative subdivision only; cities are imported in later city files.
UPSERT,reg_de_he,DE,DEU,Germany,ألمانيا,Federal Republic of Germany,Europe,أوروبا,Western Europe,غرب أوروبا,DE-HE,,,1,land,Land,Hessen,,Hessen,true,ISO_3166_2,https://www.iso.org/obp/ui/#search,ISO 3166-2 subdivisions via pycountry/isocodes,REFERENCE_DATA_IMPORTED,NEEDS_AR_TRANSLATION,2026-08-05,Administrative subdivision only; cities are imported in later city files.
UPSERT,reg_de_hh,DE,DEU,Germany,ألمانيا,Federal Republic of Germany,Europe,أوروبا,Western Europe,غرب أوروبا,DE-HH,,,1,land,Land,Hamburg,,Hamburg,true,ISO_3166_2,https://www.iso.org/obp/ui/#search,ISO 3166-2 subdivisions via pycountry/isocodes,REFERENCE_DATA_IMPORTED,NEEDS_AR_TRANSLATION,2026-08-05,Administrative subdivision only; cities are imported in later city files.
UPSERT,reg_de_mv,DE,DEU,Germany,ألمانيا,Federal Republic of Germany,Europe,أوروبا,Western Europe,غرب أوروبا,DE-MV,,,1,land,Land,Mecklenburg-Vorpommern,,Mecklenburg-Vorpommern,true,ISO_3166_2,https://www.iso.org/obp/ui/#search,ISO 3166-2 subdivisions via pycountry/isocodes,REFERENCE_DATA_IMPORTED,NEEDS_AR_TRANSLATION,2026-08-05,Administrative subdivision only; cities are imported in later city files.
UPSERT,reg_de_ni,DE,DEU,Germany,ألمانيا,Federal Republic of Germany,Europe,أوروبا,Western Europe,غرب أوروبا,DE-NI,,,1,land,Land,Niedersachsen,,Niedersachsen,true,ISO_3166_2,https://www.iso.org/obp/ui/#search,ISO 3166-2 subdivisions via pycountry/isocodes,REFERENCE_DATA_IMPORTED,NEEDS_AR_TRANSLATION,2026-08-05,Administrative subdivision only; cities are imported in later city files.
UPSERT,reg_de_nw,DE,DEU,Germany,ألمانيا,Federal Republic of Germany,Europe,أوروبا,Western Europe,غرب أوروبا,DE-NW,,,1,land,Land,Nordrhein-Westfalen,,Nordrhein-Westfalen,true,ISO_3166_2,https://www.iso.org/obp/ui/#search,ISO 3166-2 subdivisions via pycountry/isocodes,REFERENCE_DATA_IMPORTED,NEEDS_AR_TRANSLATION,2026-08-05,Administrative subdivision only; cities are imported in later city files.
UPSERT,reg_de_rp,DE,DEU,Germany,ألمانيا,Federal Republic of Germany,Europe,أوروبا,Western Europe,غرب أوروبا,DE-RP,,,1,land,Land,Rheinland-Pfalz,,Rheinland-Pfalz,true,ISO_3166_2,https://www.iso.org/obp/ui/#search,ISO 3166-2 subdivisions via pycountry/isocodes,REFERENCE_DATA_IMPORTED,NEEDS_AR_TRANSLATION,2026-08-05,Administrative subdivision only; cities are imported in later city files.
UPSERT,reg_de_sh,DE,DEU,Germany,ألمانيا,Federal Republic of Germany,Europe,أوروبا,Western Europe,غرب أوروبا,DE-SH,,,1,land,Land,Schleswig-Holstein,,Schleswig-Holstein,true,ISO_3166_2,https://www.iso.org/obp/ui/#search,ISO 3166-2 subdivisions via pycountry/isocodes,REFERENCE_DATA_IMPORTED,NEEDS_AR_TRANSLATION,2026-08-05,Administrative subdivision only; cities are imported in later city files.
UPSERT,reg_de_sl,DE,DEU,Germany,ألمانيا,Federal Republic of Germany,Europe,أوروبا,Western Europe,غرب أوروبا,DE-SL,,,1,land,Land,Saarland,,Saarland,true,ISO_3166_2,https://www.iso.org/obp/ui/#search,ISO 3166-2 subdivisions via pycountry/isocodes,REFERENCE_DATA_IMPORTED,NEEDS_AR_TRANSLATION,2026-08-05,Administrative subdivision only; cities are imported in later city files.
UPSERT,reg_de_sn,DE,DEU,Germany,ألمانيا,Federal Republic of Germany,Europe,أوروبا,Western Europe,غرب أوروبا,DE-SN,,,1,land,Land,Sachsen,,Sachsen,true,ISO_3166_2,https://www.iso.org/obp/ui/#search,ISO 3166-2 subdivisions via pycountry/isocodes,REFERENCE_DATA_IMPORTED,NEEDS_AR_TRANSLATION,2026-08-05,Administrative subdivision only; cities are imported in later city files.
UPSERT,reg_de_st,DE,DEU,Germany,ألمانيا,Federal Republic of Germany,Europe,أوروبا,Western Europe,غرب أوروبا,DE-ST,,,1,land,Land,Sachsen-Anhalt,,Sachsen-Anhalt,true,ISO_3166_2,https://www.iso.org/obp/ui/#search,ISO 3166-2 subdivisions via pycountry/isocodes,REFERENCE_DATA_IMPORTED,NEEDS_AR_TRANSLATION,2026-08-05,Administrative subdivision only; cities are imported in later city files.
UPSERT,reg_de_th,DE,DEU,Germany,ألمانيا,Federal Republic of Germany,Europe,أوروبا,Western Europe,غرب أوروبا,DE-TH,,,1,land,Land,Thüringen,,Thüringen,true,ISO_3166_2,https://www.iso.org/obp/ui/#search,ISO 3166-2 subdivisions via pycountry/isocodes,REFERENCE_DATA_IMPORTED,NEEDS_AR_TRANSLATION,2026-08-05,Administrative subdivision only; cities are imported in later city files.
UPSERT,reg_dk_81,DK,DNK,Denmark,الدانمرك,Kingdom of Denmark,Europe,أوروبا,Northern Europe,شمال أوروبا,DK-81,,,1,region,Region,Nordjylland,,Nordjylland,true,ISO_3166_2,https://www.iso.org/obp/ui/#search,ISO 3166-2 subdivisions via pycountry/isocodes,REFERENCE_DATA_IMPORTED,NEEDS_AR_TRANSLATION,2026-08-05,Administrative subdivision only; cities are imported in later city files.
UPSERT,reg_dk_82,DK,DNK,Denmark,الدانمرك,Kingdom of Denmark,Europe,أوروبا,Northern Europe,شمال أوروبا,DK-82,,,1,region,Region,Midtjylland,,Midtjylland,true,ISO_3166_2,https://www.iso.org/obp/ui/#search,ISO 3166-2 subdivisions via pycountry/isocodes,REFERENCE_DATA_IMPORTED,NEEDS_AR_TRANSLATION,2026-08-05,Administrative subdivision only; cities are imported in later city files.
UPSERT,reg_dk_83,DK,DNK,Denmark,الدانمرك,Kingdom of Denmark,Europe,أوروبا,Northern Europe,شمال أوروبا,DK-83,,,1,region,Region,Syddanmark,,Syddanmark,true,ISO_3166_2,https://www.iso.org/obp/ui/#search,ISO 3166-2 subdivisions via pycountry/isocodes,REFERENCE_DATA_IMPORTED,NEEDS_AR_TRANSLATION,2026-08-05,Administrative subdivision only; cities are imported in later city files.
UPSERT,reg_dk_84,DK,DNK,Denmark,الدانمرك,Kingdom of Denmark,Europe,أوروبا,Northern Europe,شمال أوروبا,DK-84,,,1,region,Region,Hovedstaden,,Hovedstaden,true,ISO_3166_2,https://www.iso.org/obp/ui/#search,ISO 3166-2 subdivisions via pycountry/isocodes,REFERENCE_DATA_IMPORTED,NEEDS_AR_TRANSLATION,2026-08-05,Administrative subdivision only; cities are imported in later city files.
UPSERT,reg_dk_85,DK,DNK,Denmark,الدانمرك,Kingdom of Denmark,Europe,أوروبا,Northern Europe,شمال أوروبا,DK-85,,,1,region,Region,Sjælland,,Sjælland,true,ISO_3166_2,https://www.iso.org/obp/ui/#search,ISO 3166-2 subdivisions via pycountry/isocodes,REFERENCE_DATA_IMPORTED,NEEDS_AR_TRANSLATION,2026-08-05,Administrative subdivision only; cities are imported in later city files.
UPSERT,reg_ee_130,EE,EST,Estonia,إستونيا,Republic of Estonia,Europe,أوروبا,Northern Europe,شمال أوروبا,EE-130,EE-45,Ida-Virumaa,2,rural_municipality,Rural municipality,Alutaguse,,Alutaguse,true,ISO_3166_2,https://www.iso.org/obp/ui/#search,ISO 3166-2 subdivisions via pycountry/isocodes,REFERENCE_DATA_IMPORTED,NEEDS_AR_TRANSLATION,2026-08-05,Administrative subdivision only; cities are imported in later city files.
UPSERT,reg_ee_141,EE,EST,Estonia,إستونيا,Republic of Estonia,Europe,أوروبا,Northern Europe,شمال أوروبا,EE-141,EE-37,Harjumaa,2,rural_municipality,Rural municipality,Anija,,Anija,true,ISO_3166_2,https://www.iso.org/obp/ui/#search,ISO 3166-2 subdivisions via pycountry/isocodes,REFERENCE_DATA_IMPORTED,NEEDS_AR_TRANSLATION,2026-08-05,Administrative subdivision only; cities are imported in later city files.
UPSERT,reg_ee_142,EE,EST,Estonia,إستونيا,Republic of Estonia,Europe,أوروبا,Northern Europe,شمال أوروبا,EE-142,EE-87,Võrumaa,2,rural_municipality,Rural municipality,Antsla,,Antsla,true,ISO_3166_2,https://www.iso.org/obp/ui/#search,ISO 3166-2 subdivisions via pycountry/isocodes,REFERENCE_DATA_IMPORTED,NEEDS_AR_TRANSLATION,2026-08-05,Administrative subdivision only; cities are imported in later city files.
UPSERT,reg_ee_171,EE,EST,Estonia,إستونيا,Republic of Estonia,Europe,أوروبا,Northern Europe,شمال أوروبا,EE-171,EE-79,Tartumaa,2,rural_municipality,Rural municipality,Elva,,Elva,true,ISO_3166_2,https://www.iso.org/obp/ui/#search,ISO 3166-2 subdivisions via pycountry/isocodes,REFERENCE_DATA_IMPORTED,NEEDS_AR_TRANSLATION,2026-08-05,Administrative subdivision only; cities are imported in later city files.
UPSERT,reg_ee_184,EE,EST,Estonia,إستونيا,Republic of Estonia,Europe,أوروبا,Northern Europe,شمال أوروبا,EE-184,EE-56,Läänemaa,2,urban_municipality,Urban municipality,Haapsalu,,Haapsalu,true,ISO_3166_2,https://www.iso.org/obp/ui/#search,ISO 3166-2 subdivisions via pycountry/isocodes,REFERENCE_DATA_IMPORTED,NEEDS_AR_TRANSLATION,2026-08-05,Administrative subdivision only; cities are imported in later city files.
UPSERT,reg_ee_191,EE,EST,Estonia,إستونيا,Republic of Estonia,Europe,أوروبا,Northern Europe,شمال أوروبا,EE-191,EE-60,Lääne-Virumaa,2,rural_municipality,Rural municipality,Haljala,,Haljala,true,ISO_3166_2,https://www.iso.org/obp/ui/#search,ISO 3166-2 subdivisions via pycountry/isocodes,REFERENCE_DATA_IMPORTED,NEEDS_AR_TRANSLATION,2026-08-05,Administrative subdivision only; cities are imported in later city files.
UPSERT,reg_ee_198,EE,EST,Estonia,إستونيا,Republic of Estonia,Europe,أوروبا,Northern Europe,شمال أوروبا,EE-198,EE-37,Harjumaa,2,rural_municipality,Rural municipality,Harku,,Harku,true,ISO_3166_2,https://www.iso.org/obp/ui/#search,ISO 3166-2 subdivisions via pycountry/isocodes,REFERENCE_DATA_IMPORTED,NEEDS_AR_TRANSLATION,2026-08-05,Administrative subdivision only; cities are imported in later city files.
UPSERT,reg_ee_205,EE,EST,Estonia,إستونيا,Republic of Estonia,Europe,أوروبا,Northern Europe,شمال أوروبا,EE-205,EE-39,Hiiumaa,2,rural_municipality,Rural municipality,Hiiumaa,,Hiiumaa,true,ISO_3166_2,https://www.iso.org/obp/ui/#search,ISO 3166-2 subdivisions via pycountry/isocodes,REFERENCE_DATA_IMPORTED,NEEDS_AR_TRANSLATION,2026-08-05,Administrative subdivision only; cities are imported in later city files.
UPSERT,reg_ee_214,EE,EST,Estonia,إستونيا,Republic of Estonia,Europe,أوروبا,Northern Europe,شمال أوروبا,EE-214,EE-68,Pärnumaa,2,rural_municipality,Rural municipality,Häädemeeste,,Häädemeeste,true,ISO_3166_2,https://www.iso.org/obp/ui/#search,ISO 3166-2 subdivisions via pycountry/isocodes,REFERENCE_DATA_IMPORTED,NEEDS_AR_TRANSLATION,2026-08-05,Administrative subdivision only; cities are imported in later city files.
UPSERT,reg_ee_245,EE,EST,Estonia,إستونيا,Republic of Estonia,Europe,أوروبا,Northern Europe,شمال أوروبا,EE-245,EE-37,Harjumaa,2,rural_municipality,Rural municipality,Jõelähtme,,Jõelähtme,true,ISO_3166_2,https://www.iso.org/obp/ui/#search,ISO 3166-2 subdivisions via pycountry/isocodes,REFERENCE_DATA_IMPORTED,NEEDS_AR_TRANSLATION,2026-08-05,Administrative subdivision only; cities are imported in later city files.
UPSERT,reg_ee_247,EE,EST,Estonia,إستونيا,Republic of Estonia,Europe,أوروبا,Northern Europe,شمال أوروبا,EE-247,EE-50,Jõgevamaa,2,rural_municipality,Rural municipality,Jõgeva,,Jõgeva,true,ISO_3166_2,https://www.iso.org/obp/ui/#search,ISO 3166-2 subdivisions via pycountry/isocodes,REFERENCE_DATA_IMPORTED,NEEDS_AR_TRANSLATION,2026-08-05,Administrative subdivision only; cities are imported in later city files.
UPSERT,reg_ee_251,EE,EST,Estonia,إستونيا,Republic of Estonia,Europe,أوروبا,Northern Europe,شمال أوروبا,EE-251,EE-45,Ida-Virumaa,2,rural_municipality,Rural municipality,Jõhvi,,Jõhvi,true,ISO_3166_2,https://www.iso.org/obp/ui/#search,ISO 3166-2 subdivisions via pycountry/isocodes,REFERENCE_DATA_IMPORTED,NEEDS_AR_TRANSLATION,2026-08-05,Administrative subdivision only; cities are imported in later city files.
UPSERT,reg_ee_255,EE,EST,Estonia,إستونيا,Republic of Estonia,Europe,أوروبا,Northern Europe,شمال أوروبا,EE-255,EE-52,Järvamaa,2,rural_municipality,Rural municipality,Järva,,Järva,true,ISO_3166_2,https://www.iso.org/obp/ui/#search,ISO 3166-2 subdivisions via pycountry/isocodes,REFERENCE_DATA_IMPORTED,NEEDS_AR_TRANSLATION,2026-08-05,Administrative subdivision only; cities are imported in later city files.
UPSERT,reg_ee_272,EE,EST,Estonia,إستونيا,Republic of Estonia,Europe,أوروبا,Northern Europe,شمال أوروبا,EE-272,EE-60,Lääne-Virumaa,2,rural_municipality,Rural municipality,Kadrina,,Kadrina,true,ISO_3166_2,https://www.iso.org/obp/ui/#search,ISO 3166-2 subdivisions via pycountry/isocodes,REFERENCE_DATA_IMPORTED,NEEDS_AR_TRANSLATION,2026-08-05,Administrative subdivision only; cities are imported in later city files.
UPSERT,reg_ee_283,EE,EST,Estonia,إستونيا,Republic of Estonia,Europe,أوروبا,Northern Europe,شمال أوروبا,EE-283,EE-79,Tartumaa,2,rural_municipality,Rural municipality,Kambja,,Kambja,true,ISO_3166_2,https://www.iso.org/obp/ui/#search,ISO 3166-2 subdivisions via pycountry/isocodes,REFERENCE_DATA_IMPORTED,NEEDS_AR_TRANSLATION,2026-08-05,Administrative subdivision only; cities are imported in later city files.
UPSERT,reg_ee_284,EE,EST,Estonia,إستونيا,Republic of Estonia,Europe,أوروبا,Northern Europe,شمال أوروبا,EE-284,EE-64,Põlvamaa,2,rural_municipality,Rural municipality,Kanepi,,Kanepi,true,ISO_3166_2,https://www.iso.org/obp/ui/#search,ISO 3166-2 subdivisions via pycountry/isocodes,REFERENCE_DATA_IMPORTED,NEEDS_AR_TRANSLATION,2026-08-05,Administrative subdivision only; cities are imported in later city files.
UPSERT,reg_ee_291,EE,EST,Estonia,إستونيا,Republic of Estonia,Europe,أوروبا,Northern Europe,شمال أوروبا,EE-291,EE-79,Tartumaa,2,rural_municipality,Rural municipality,Kastre,,Kastre,true,ISO_3166_2,https://www.iso.org/obp/ui/#search,ISO 3166-2 subdivisions via pycountry/isocodes,REFERENCE_DATA_IMPORTED,NEEDS_AR_TRANSLATION,2026-08-05,Administrative subdivision only; cities are imported in later city files.
UPSERT,reg_ee_293,EE,EST,Estonia,إستونيا,Republic of Estonia,Europe,أوروبا,Northern Europe,شمال أوروبا,EE-293,EE-71,Raplamaa,2,rural_municipality,Rural municipality,Kehtna,,Kehtna,true,ISO_3166_2,https://www.iso.org/obp/ui/#search,ISO 3166-2 subdivisions via pycountry/isocodes,REFERENCE_DATA_IMPORTED,NEEDS_AR_TRANSLATION,2026-08-05,Administrative subdivision only; cities are imported in later city files.
UPSERT,reg_ee_296,EE,EST,Estonia,إستونيا,Republic of Estonia,Europe,أوروبا,Northern Europe,شمال أوروبا,EE-296,EE-37,Harjumaa,2,urban_municipality,Urban municipality,Keila,,Keila,true,ISO_3166_2,https://www.iso.org/obp/ui/#search,ISO 3166-2 subdivisions via pycountry/isocodes,REFERENCE_DATA_IMPORTED,NEEDS_AR_TRANSLATION,2026-08-05,Administrative subdivision only; cities are imported in later city files.
UPSERT,reg_ee_303,EE,EST,Estonia,إستونيا,Republic of Estonia,Europe,أوروبا,Northern Europe,شمال أوروبا,EE-303,EE-68,Pärnumaa,2,rural_municipality,Rural municipality,Kihnu,,Kihnu,true,ISO_3166_2,https://www.iso.org/obp/ui/#search,ISO 3166-2 subdivisions via pycountry/isocodes,REFERENCE_DATA_IMPORTED,NEEDS_AR_TRANSLATION,2026-08-05,Administrative subdivision only; cities are imported in later city files.
UPSERT,reg_ee_305,EE,EST,Estonia,إستونيا,Republic of Estonia,Europe,أوروبا,Northern Europe,شمال أوروبا,EE-305,EE-37,Harjumaa,2,rural_municipality,Rural municipality,Kiili,,Kiili,true,ISO_3166_2,https://www.iso.org/obp/ui/#search,ISO 3166-2 subdivisions via pycountry/isocodes,REFERENCE_DATA_IMPORTED,NEEDS_AR_TRANSLATION,2026-08-05,Administrative subdivision only; cities are imported in later city files.
UPSERT,reg_ee_317,EE,EST,Estonia,إستونيا,Republic of Estonia,Europe,أوروبا,Northern Europe,شمال أوروبا,EE-317,EE-71,Raplamaa,2,rural_municipality,Rural municipality,Kohila,,Kohila,true,ISO_3166_2,https://www.iso.org/obp/ui/#search,ISO 3166-2 subdivisions via pycountry/isocodes,REFERENCE_DATA_IMPORTED,NEEDS_AR_TRANSLATION,2026-08-05,Administrative subdivision only; cities are imported in later city files.
UPSERT,reg_ee_321,EE,EST,Estonia,إستونيا,Republic of Estonia,Europe,أوروبا,Northern Europe,شمال أوروبا,EE-321,EE-45,Ida-Virumaa,2,urban_municipality,Urban municipality,Kohtla-Järve,,Kohtla-Järve,true,ISO_3166_2,https://www.iso.org/obp/ui/#search,ISO 3166-2 subdivisions via pycountry/isocodes,REFERENCE_DATA_IMPORTED,NEEDS_AR_TRANSLATION,2026-08-05,Administrative subdivision only; cities are imported in later city files.
UPSERT,reg_ee_338,EE,EST,Estonia,إستونيا,Republic of Estonia,Europe,أوروبا,Northern Europe,شمال أوروبا,EE-338,EE-37,Harjumaa,2,rural_municipality,Rural municipality,Kose,,Kose,true,ISO_3166_2,https://www.iso.org/obp/ui/#search,ISO 3166-2 subdivisions via pycountry/isocodes,REFERENCE_DATA_IMPORTED,NEEDS_AR_TRANSLATION,2026-08-05,Administrative subdivision only; cities are imported in later city files.
UPSERT,reg_ee_353,EE,EST,Estonia,إستونيا,Republic of Estonia,Europe,أوروبا,Northern Europe,شمال أوروبا,EE-353,EE-37,Harjumaa,2,rural_municipality,Rural municipality,Kuusalu,,Kuusalu,true,ISO_3166_2,https://www.iso.org/obp/ui/#search,ISO 3166-2 subdivisions via pycountry/isocodes,REFERENCE_DATA_IMPORTED,NEEDS_AR_TRANSLATION,2026-08-05,Administrative subdivision only; cities are imported in later city files.
UPSERT,reg_ee_37,EE,EST,Estonia,إستونيا,Republic of Estonia,Europe,أوروبا,Northern Europe,شمال أوروبا,EE-37,,,1,county,County,Harjumaa,,Harjumaa,true,ISO_3166_2,https://www.iso.org/obp/ui/#search,ISO 3166-2 subdivisions via pycountry/isocodes,REFERENCE_DATA_IMPORTED,NEEDS_AR_TRANSLATION,2026-08-05,Administrative subdivision only; cities are imported in later city files.
UPSERT,reg_ee_39,EE,EST,Estonia,إستونيا,Republic of Estonia,Europe,أوروبا,Northern Europe,شمال أوروبا,EE-39,,,1,county,County,Hiiumaa,,Hiiumaa,true,ISO_3166_2,https://www.iso.org/obp/ui/#search,ISO 3166-2 subdivisions via pycountry/isocodes,REFERENCE_DATA_IMPORTED,NEEDS_AR_TRANSLATION,2026-08-05,Administrative subdivision only; cities are imported in later city files.
UPSERT,reg_ee_424,EE,EST,Estonia,إستونيا,Republic of Estonia,Europe,أوروبا,Northern Europe,شمال أوروبا,EE-424,EE-37,Harjumaa,2,urban_municipality,Urban municipality,Loksa,,Loksa,true,ISO_3166_2,https://www.iso.org/obp/ui/#search,ISO 3166-2 subdivisions via pycountry/isocodes,REFERENCE_DATA_IMPORTED,NEEDS_AR_TRANSLATION,2026-08-05,Administrative subdivision only; cities are imported in later city files.
UPSERT,reg_ee_430,EE,EST,Estonia,إستونيا,Republic of Estonia,Europe,أوروبا,Northern Europe,شمال أوروبا,EE-430,EE-68,Pärnumaa,2,rural_municipality,Rural municipality,Lääneranna,,Lääneranna,true,ISO_3166_2,https://www.iso.org/obp/ui/#search,ISO 3166-2 subdivisions via pycountry/isocodes,REFERENCE_DATA_IMPORTED,NEEDS_AR_TRANSLATION,2026-08-05,Administrative subdivision only; cities are imported in later city files.
UPSERT,reg_ee_431,EE,EST,Estonia,إستونيا,Republic of Estonia,Europe,أوروبا,Northern Europe,شمال أوروبا,EE-431,EE-37,Harjumaa,2,rural_municipality,Rural municipality,Lääne-Harju,,Lääne-Harju,true,ISO_3166_2,https://www.iso.org/obp/ui/#search,ISO 3166-2 subdivisions via pycountry/isocodes,REFERENCE_DATA_IMPORTED,NEEDS_AR_TRANSLATION,2026-08-05,Administrative subdivision only; cities are imported in later city files.
UPSERT,reg_ee_432,EE,EST,Estonia,إستونيا,Republic of Estonia,Europe,أوروبا,Northern Europe,شمال أوروبا,EE-432,EE-79,Tartumaa,2,rural_municipality,Rural municipality,Luunja,,Luunja,true,ISO_3166_2,https://www.iso.org/obp/ui/#search,ISO 3166-2 subdivisions via pycountry/isocodes,REFERENCE_DATA_IMPORTED,NEEDS_AR_TRANSLATION,2026-08-05,Administrative subdivision only; cities are imported in later city files.
UPSERT,reg_ee_441,EE,EST,Estonia,إستونيا,Republic of Estonia,Europe,أوروبا,Northern Europe,شمال أوروبا,EE-441,EE-56,Läänemaa,2,rural_municipality,Rural municipality,Lääne-Nigula,,Lääne-Nigula,true,ISO_3166_2,https://www.iso.org/obp/ui/#search,ISO 3166-2 subdivisions via pycountry/isocodes,REFERENCE_DATA_IMPORTED,NEEDS_AR_TRANSLATION,2026-08-05,Administrative subdivision only; cities are imported in later city files.
UPSERT,reg_ee_442,EE,EST,Estonia,إستونيا,Republic of Estonia,Europe,أوروبا,Northern Europe,شمال أوروبا,EE-442,EE-45,Ida-Virumaa,2,rural_municipality,Rural municipality,Lüganuse,,Lüganuse,true,ISO_3166_2,https://www.iso.org/obp/ui/#search,ISO 3166-2 subdivisions via pycountry/isocodes,REFERENCE_DATA_IMPORTED,NEEDS_AR_TRANSLATION,2026-08-05,Administrative subdivision only; cities are imported in later city files.
UPSERT,reg_ee_446,EE,EST,Estonia,إستونيا,Republic of Estonia,Europe,أوروبا,Northern Europe,شمال أوروبا,EE-446,EE-37,Harjumaa,2,urban_municipality,Urban municipality,Maardu,,Maardu,true,ISO_3166_2,https://www.iso.org/obp/ui/#search,ISO 3166-2 subdivisions via pycountry/isocodes,REFERENCE_DATA_IMPORTED,NEEDS_AR_TRANSLATION,2026-08-05,Administrative subdivision only; cities are imported in later city files.
UPSERT,reg_ee_45,EE,EST,Estonia,إستونيا,Republic of Estonia,Europe,أوروبا,Northern Europe,شمال أوروبا,EE-45,,,1,county,County,Ida-Virumaa,,Ida-Virumaa,true,ISO_3166_2,https://www.iso.org/obp/ui/#search,ISO 3166-2 subdivisions via pycountry/isocodes,REFERENCE_DATA_IMPORTED,NEEDS_AR_TRANSLATION,2026-08-05,Administrative subdivision only; cities are imported in later city files.
UPSERT,reg_ee_478,EE,EST,Estonia,إستونيا,Republic of Estonia,Europe,أوروبا,Northern Europe,شمال أوروبا,EE-478,EE-74,Saaremaa,2,rural_municipality,Rural municipality,Muhu,,Muhu,true,ISO_3166_2,https://www.iso.org/obp/ui/#search,ISO 3166-2 subdivisions via pycountry/isocodes,REFERENCE_DATA_IMPORTED,NEEDS_AR_TRANSLATION,2026-08-05,Administrative subdivision only; cities are imported in later city files.
UPSERT,reg_ee_480,EE,EST,Estonia,إستونيا,Republic of Estonia,Europe,أوروبا,Northern Europe,شمال أوروبا,EE-480,EE-84,Viljandimaa,2,rural_municipality,Rural municipality,Mulgi,,Mulgi,true,ISO_3166_2,https://www.iso.org/obp/ui/#search,ISO 3166-2 subdivisions via pycountry/isocodes,REFERENCE_DATA_IMPORTED,NEEDS_AR_TRANSLATION,2026-08-05,Administrative subdivision only; cities are imported in later city files.
UPSERT,reg_ee_486,EE,EST,Estonia,إستونيا,Republic of Estonia,Europe,أوروبا,Northern Europe,شمال أوروبا,EE-486,EE-50,Jõgevamaa,2,rural_municipality,Rural municipality,Mustvee,,Mustvee,true,ISO_3166_2,https://www.iso.org/obp/ui/#search,ISO 3166-2 subdivisions via pycountry/isocodes,REFERENCE_DATA_IMPORTED,NEEDS_AR_TRANSLATION,2026-08-05,Administrative subdivision only; cities are imported in later city files.
UPSERT,reg_ee_50,EE,EST,Estonia,إستونيا,Republic of Estonia,Europe,أوروبا,Northern Europe,شمال أوروبا,EE-50,,,1,county,County,Jõgevamaa,,Jõgevamaa,true,ISO_3166_2,https://www.iso.org/obp/ui/#search,ISO 3166-2 subdivisions via pycountry/isocodes,REFERENCE_DATA_IMPORTED,NEEDS_AR_TRANSLATION,2026-08-05,Administrative subdivision only; cities are imported in later city files.
UPSERT,reg_ee_503,EE,EST,Estonia,إستونيا,Republic of Estonia,Europe,أوروبا,Northern Europe,شمال أوروبا,EE-503,EE-71,Raplamaa,2,rural_municipality,Rural municipality,Märjamaa,,Märjamaa,true,ISO_3166_2,https://www.iso.org/obp/ui/#search,ISO 3166-2 subdivisions via pycountry/isocodes,REFERENCE_DATA_IMPORTED,NEEDS_AR_TRANSLATION,2026-08-05,Administrative subdivision only; cities are imported in later city files.
UPSERT,reg_ee_511,EE,EST,Estonia,إستونيا,Republic of Estonia,Europe,أوروبا,Northern Europe,شمال أوروبا,EE-511,EE-45,Ida-Virumaa,2,urban_municipality,Urban municipality,Narva,,Narva,true,ISO_3166_2,https://www.iso.org/obp/ui/#search,ISO 3166-2 subdivisions via pycountry/isocodes,REFERENCE_DATA_IMPORTED,NEEDS_AR_TRANSLATION,2026-08-05,Administrative subdivision only; cities are imported in later city files.
UPSERT,reg_ee_514,EE,EST,Estonia,إستونيا,Republic of Estonia,Europe,أوروبا,Northern Europe,شمال أوروبا,EE-514,EE-45,Ida-Virumaa,2,urban_municipality,Urban municipality,Narva-Jõesuu,,Narva-Jõesuu,true,ISO_3166_2,https://www.iso.org/obp/ui/#search,ISO 3166-2 subdivisions via pycountry/isocodes,REFERENCE_DATA_IMPORTED,NEEDS_AR_TRANSLATION,2026-08-05,Administrative subdivision only; cities are imported in later city files.
UPSERT,reg_ee_52,EE,EST,Estonia,إستونيا,Republic of Estonia,Europe,أوروبا,Northern Europe,شمال أوروبا,EE-52,,,1,county,County,Järvamaa,,Järvamaa,true,ISO_3166_2,https://www.iso.org/obp/ui/#search,ISO 3166-2 subdivisions via pycountry/isocodes,REFERENCE_DATA_IMPORTED,NEEDS_AR_TRANSLATION,2026-08-05,Administrative subdivision only; cities are imported in later city files.
UPSERT,reg_ee_528,EE,EST,Estonia,إستونيا,Republic of Estonia,Europe,أوروبا,Northern Europe,شمال أوروبا,EE-528,EE-79,Tartumaa,2,rural_municipality,Rural municipality,Nõo,,Nõo,true,ISO_3166_2,https://www.iso.org/obp/ui/#search,ISO 3166-2 subdivisions via pycountry/isocodes,REFERENCE_DATA_IMPORTED,NEEDS_AR_TRANSLATION,2026-08-05,Administrative subdivision only; cities are imported in later city files.
UPSERT,reg_ee_557,EE,EST,Estonia,إستونيا,Republic of Estonia,Europe,أوروبا,Northern Europe,شمال أوروبا,EE-557,EE-81,Valgamaa,2,rural_municipality,Rural municipality,Otepää,,Otepää,true,ISO_3166_2,https://www.iso.org/obp/ui/#search,ISO 3166-2 subdivisions via pycountry/isocodes,REFERENCE_DATA_IMPORTED,NEEDS_AR_TRANSLATION,2026-08-05,Administrative subdivision only; cities are imported in later city files.
UPSERT,reg_ee_56,EE,EST,Estonia,إستونيا,Republic of Estonia,Europe,أوروبا,Northern Europe,شمال أوروبا,EE-56,,,1,county,County,Läänemaa,,Läänemaa,true,ISO_3166_2,https://www.iso.org/obp/ui/#search,ISO 3166-2 subdivisions via pycountry/isocodes,REFERENCE_DATA_IMPORTED,NEEDS_AR_TRANSLATION,2026-08-05,Administrative subdivision only; cities are imported in later city files.
UPSERT,reg_ee_567,EE,EST,Estonia,إستونيا,Republic of Estonia,Europe,أوروبا,Northern Europe,شمال أوروبا,EE-567,EE-52,Järvamaa,2,urban_municipality,Urban municipality,Paide,,Paide,true,ISO_3166_2,https://www.iso.org/obp/ui/#search,ISO 3166-2 subdivisions via pycountry/isocodes,REFERENCE_DATA_IMPORTED,NEEDS_AR_TRANSLATION,2026-08-05,Administrative subdivision only; cities are imported in later city files.
UPSERT,reg_ee_586,EE,EST,Estonia,إستونيا,Republic of Estonia,Europe,أوروبا,Northern Europe,شمال أوروبا,EE-586,EE-79,Tartumaa,2,rural_municipality,Rural municipality,Peipsiääre,,Peipsiääre,true,ISO_3166_2,https://www.iso.org/obp/ui/#search,ISO 3166-2 subdivisions via pycountry/isocodes,REFERENCE_DATA_IMPORTED,NEEDS_AR_TRANSLATION,2026-08-05,Administrative subdivision only; cities are imported in later city files.
UPSERT,reg_ee_60,EE,EST,Estonia,إستونيا,Republic of Estonia,Europe,أوروبا,Northern Europe,شمال أوروبا,EE-60,,,1,county,County,Lääne-Virumaa,,Lääne-Virumaa,true,ISO_3166_2,https://www.iso.org/obp/ui/#search,ISO 3166-2 subdivisions via pycountry/isocodes,REFERENCE_DATA_IMPORTED,NEEDS_AR_TRANSLATION,2026-08-05,Administrative subdivision only; cities are imported in later city files.
UPSERT,reg_ee_615,EE,EST,Estonia,إستونيا,Republic of Estonia,Europe,أوروبا,Northern Europe,شمال أوروبا,EE-615,EE-84,Viljandimaa,2,rural_municipality,Rural municipality,Põhja-Sakala,,Põhja-Sakala,true,ISO_3166_2,https://www.iso.org/obp/ui/#search,ISO 3166-2 subdivisions via pycountry/isocodes,REFERENCE_DATA_IMPORTED,NEEDS_AR_TRANSLATION,2026-08-05,Administrative subdivision only; cities are imported in later city files.
UPSERT,reg_ee_618,EE,EST,Estonia,إستونيا,Republic of Estonia,Europe,أوروبا,Northern Europe,شمال أوروبا,EE-618,EE-50,Jõgevamaa,2,rural_municipality,Rural municipality,Põltsamaa,,Põltsamaa,true,ISO_3166_2,https://www.iso.org/obp/ui/#search,ISO 3166-2 subdivisions via pycountry/isocodes,REFERENCE_DATA_IMPORTED,NEEDS_AR_TRANSLATION,2026-08-05,Administrative subdivision only; cities are imported in later city files.
UPSERT,reg_ee_622,EE,EST,Estonia,إستونيا,Republic of Estonia,Europe,أوروبا,Northern Europe,شمال أوروبا,EE-622,EE-64,Põlvamaa,2,rural_municipality,Rural municipality,Põlva,,Põlva,true,ISO_3166_2,https://www.iso.org/obp/ui/#search,ISO 3166-2 subdivisions via pycountry/isocodes,REFERENCE_DATA_IMPORTED,NEEDS_AR_TRANSLATION,2026-08-05,Administrative subdivision only; cities are imported in later city files.
UPSERT,reg_ee_624,EE,EST,Estonia,إستونيا,Republic of Estonia,Europe,أوروبا,Northern Europe,شمال أوروبا,EE-624,EE-68,Pärnumaa,2,urban_municipality,Urban municipality,Pärnu,,Pärnu,true,ISO_3166_2,https://www.iso.org/obp/ui/#search,ISO 3166-2 subdivisions via pycountry/isocodes,REFERENCE_DATA_IMPORTED,NEEDS_AR_TRANSLATION,2026-08-05,Administrative subdivision only; cities are imported in later city files.
UPSERT,reg_ee_638,EE,EST,Estonia,إستونيا,Republic of Estonia,Europe,أوروبا,Northern Europe,شمال أوروبا,EE-638,EE-68,Pärnumaa,2,rural_municipality,Rural municipality,Põhja-Pärnumaa,,Põhja-Pärnumaa,true,ISO_3166_2,https://www.iso.org/obp/ui/#search,ISO 3166-2 subdivisions via pycountry/isocodes,REFERENCE_DATA_IMPORTED,NEEDS_AR_TRANSLATION,2026-08-05,Administrative subdivision only; cities are imported in later city files.
UPSERT,reg_ee_64,EE,EST,Estonia,إستونيا,Republic of Estonia,Europe,أوروبا,Northern Europe,شمال أوروبا,EE-64,,,1,county,County,Põlvamaa,,Põlvamaa,true,ISO_3166_2,https://www.iso.org/obp/ui/#search,ISO 3166-2 subdivisions via pycountry/isocodes,REFERENCE_DATA_IMPORTED,NEEDS_AR_TRANSLATION,2026-08-05,Administrative subdivision only; cities are imported in later city files.
UPSERT,reg_ee_651,EE,EST,Estonia,إستونيا,Republic of Estonia,Europe,أوروبا,Northern Europe,شمال أوروبا,EE-651,EE-37,Harjumaa,2,rural_municipality,Rural municipality,Raasiku,,Raasiku,true,ISO_3166_2,https://www.iso.org/obp/ui/#search,ISO 3166-2 subdivisions via pycountry/isocodes,REFERENCE_DATA_IMPORTED,NEEDS_AR_TRANSLATION,2026-08-05,Administrative subdivision only; cities are imported in later city files.
UPSERT,reg_ee_653,EE,EST,Estonia,إستونيا,Republic of Estonia,Europe,أوروبا,Northern Europe,شمال أوروبا,EE-653,EE-37,Harjumaa,2,rural_municipality,Rural municipality,Rae,,Rae,true,ISO_3166_2,https://www.iso.org/obp/ui/#search,ISO 3166-2 subdivisions via pycountry/isocodes,REFERENCE_DATA_IMPORTED,NEEDS_AR_TRANSLATION,2026-08-05,Administrative subdivision only; cities are imported in later city files.
UPSERT,reg_ee_661,EE,EST,Estonia,إستونيا,Republic of Estonia,Europe,أوروبا,Northern Europe,شمال أوروبا,EE-661,EE-60,Lääne-Virumaa,2,rural_municipality,Rural municipality,Rakvere,,Rakvere,true,ISO_3166_2,https://www.iso.org/obp/ui/#search,ISO 3166-2 subdivisions via pycountry/isocodes,REFERENCE_DATA_IMPORTED,NEEDS_AR_TRANSLATION,2026-08-05,Administrative subdivision only; cities are imported in later city files.
UPSERT,reg_ee_663,EE,EST,Estonia,إستونيا,Republic of Estonia,Europe,أوروبا,Northern Europe,شمال أوروبا,EE-663,EE-60,Lääne-Virumaa,2,urban_municipality,Urban municipality,Rakvere,,Rakvere,true,ISO_3166_2,https://www.iso.org/obp/ui/#search,ISO 3166-2 subdivisions via pycountry/isocodes,REFERENCE_DATA_IMPORTED,NEEDS_AR_TRANSLATION,2026-08-05,Administrative subdivision only; cities are imported in later city files.
UPSERT,reg_ee_668,EE,EST,Estonia,إستونيا,Republic of Estonia,Europe,أوروبا,Northern Europe,شمال أوروبا,EE-668,EE-71,Raplamaa,2,rural_municipality,Rural municipality,Rapla,,Rapla,true,ISO_3166_2,https://www.iso.org/obp/ui/#search,ISO 3166-2 subdivisions via pycountry/isocodes,REFERENCE_DATA_IMPORTED,NEEDS_AR_TRANSLATION,2026-08-05,Administrative subdivision only; cities are imported in later city files.
UPSERT,reg_ee_68,EE,EST,Estonia,إستونيا,Republic of Estonia,Europe,أوروبا,Northern Europe,شمال أوروبا,EE-68,,,1,county,County,Pärnumaa,,Pärnumaa,true,ISO_3166_2,https://www.iso.org/obp/ui/#search,ISO 3166-2 subdivisions via pycountry/isocodes,REFERENCE_DATA_IMPORTED,NEEDS_AR_TRANSLATION,2026-08-05,Administrative subdivision only; cities are imported in later city files.
UPSERT,reg_ee_689,EE,EST,Estonia,إستونيا,Republic of Estonia,Europe,أوروبا,Northern Europe,شمال أوروبا,EE-689,EE-74,Saaremaa,2,rural_municipality,Rural municipality,Ruhnu,,Ruhnu,true,ISO_3166_2,https://www.iso.org/obp/ui/#search,ISO 3166-2 subdivisions via pycountry/isocodes,REFERENCE_DATA_IMPORTED,NEEDS_AR_TRANSLATION,2026-08-05,Administrative subdivision only; cities are imported in later city files.
UPSERT,reg_ee_698,EE,EST,Estonia,إستونيا,Republic of Estonia,Europe,أوروبا,Northern Europe,شمال أوروبا,EE-698,EE-87,Võrumaa,2,rural_municipality,Rural municipality,Rõuge,,Rõuge,true,ISO_3166_2,https://www.iso.org/obp/ui/#search,ISO 3166-2 subdivisions via pycountry/isocodes,REFERENCE_DATA_IMPORTED,NEEDS_AR_TRANSLATION,2026-08-05,Administrative subdivision only; cities are imported in later city files.
UPSERT,reg_ee_708,EE,EST,Estonia,إستونيا,Republic of Estonia,Europe,أوروبا,Northern Europe,شمال أوروبا,EE-708,EE-64,Põlvamaa,2,rural_municipality,Rural municipality,Räpina,,Räpina,true,ISO_3166_2,https://www.iso.org/obp/ui/#search,ISO 3166-2 subdivisions via pycountry/isocodes,REFERENCE_DATA_IMPORTED,NEEDS_AR_TRANSLATION,2026-08-05,Administrative subdivision only; cities are imported in later city files.
UPSERT,reg_ee_71,EE,EST,Estonia,إستونيا,Republic of Estonia,Europe,أوروبا,Northern Europe,شمال أوروبا,EE-71,,,1,county,County,Raplamaa,,Raplamaa,true,ISO_3166_2,https://www.iso.org/obp/ui/#search,ISO 3166-2 subdivisions via pycountry/isocodes,REFERENCE_DATA_IMPORTED,NEEDS_AR_TRANSLATION,2026-08-05,Administrative subdivision only; cities are imported in later city files.
UPSERT,reg_ee_712,EE,EST,Estonia,إستونيا,Republic of Estonia,Europe,أوروبا,Northern Europe,شمال أوروبا,EE-712,EE-68,Pärnumaa,2,rural_municipality,Rural municipality,Saarde,,Saarde,true,ISO_3166_2,https://www.iso.org/obp/ui/#search,ISO 3166-2 subdivisions via pycountry/isocodes,REFERENCE_DATA_IMPORTED,NEEDS_AR_TRANSLATION,2026-08-05,Administrative subdivision only; cities are imported in later city files.
UPSERT,reg_ee_714,EE,EST,Estonia,إستونيا,Republic of Estonia,Europe,أوروبا,Northern Europe,شمال أوروبا,EE-714,EE-74,Saaremaa,2,rural_municipality,Rural municipality,Saaremaa,,Saaremaa,true,ISO_3166_2,https://www.iso.org/obp/ui/#search,ISO 3166-2 subdivisions via pycountry/isocodes,REFERENCE_DATA_IMPORTED,NEEDS_AR_TRANSLATION,2026-08-05,Administrative subdivision only; cities are imported in later city files.
UPSERT,reg_ee_719,EE,EST,Estonia,إستونيا,Republic of Estonia,Europe,أوروبا,Northern Europe,شمال أوروبا,EE-719,EE-37,Harjumaa,2,rural_municipality,Rural municipality,Saku,,Saku,true,ISO_3166_2,https://www.iso.org/obp/ui/#search,ISO 3166-2 subdivisions via pycountry/isocodes,REFERENCE_DATA_IMPORTED,NEEDS_AR_TRANSLATION,2026-08-05,Administrative subdivision only; cities are imported in later city files.
UPSERT,reg_ee_726,EE,EST,Estonia,إستونيا,Republic of Estonia,Europe,أوروبا,Northern Europe,شمال أوروبا,EE-726,EE-37,Harjumaa,2,rural_municipality,Rural municipality,Saue,,Saue,true,ISO_3166_2,https://www.iso.org/obp/ui/#search,ISO 3166-2 subdivisions via pycountry/isocodes,REFERENCE_DATA_IMPORTED,NEEDS_AR_TRANSLATION,2026-08-05,Administrative subdivision only; cities are imported in later city files.
UPSERT,reg_ee_732,EE,EST,Estonia,إستونيا,Republic of Estonia,Europe,أوروبا,Northern Europe,شمال أوروبا,EE-732,EE-87,Võrumaa,2,rural_municipality,Rural municipality,Setomaa,,Setomaa,true,ISO_3166_2,https://www.iso.org/obp/ui/#search,ISO 3166-2 subdivisions via pycountry/isocodes,REFERENCE_DATA_IMPORTED,NEEDS_AR_TRANSLATION,2026-08-05,Administrative subdivision only; cities are imported in later city files.
UPSERT,reg_ee_735,EE,EST,Estonia,إستونيا,Republic of Estonia,Europe,أوروبا,Northern Europe,شمال أوروبا,EE-735,EE-45,Ida-Virumaa,2,urban_municipality,Urban municipality,Sillamäe,,Sillamäe,true,ISO_3166_2,https://www.iso.org/obp/ui/#search,ISO 3166-2 subdivisions via pycountry/isocodes,REFERENCE_DATA_IMPORTED,NEEDS_AR_TRANSLATION,2026-08-05,Administrative subdivision only; cities are imported in later city files.
UPSERT,reg_ee_74,EE,EST,Estonia,إستونيا,Republic of Estonia,Europe,أوروبا,Northern Europe,شمال أوروبا,EE-74,,,1,county,County,Saaremaa,,Saaremaa,true,ISO_3166_2,https://www.iso.org/obp/ui/#search,ISO 3166-2 subdivisions via pycountry/isocodes,REFERENCE_DATA_IMPORTED,NEEDS_AR_TRANSLATION,2026-08-05,Administrative subdivision only; cities are imported in later city files.
UPSERT,reg_ee_784,EE,EST,Estonia,إستونيا,Republic of Estonia,Europe,أوروبا,Northern Europe,شمال أوروبا,EE-784,EE-37,Harjumaa,2,urban_municipality,Urban municipality,Tallinn,,Tallinn,true,ISO_3166_2,https://www.iso.org/obp/ui/#search,ISO 3166-2 subdivisions via pycountry/isocodes,REFERENCE_DATA_IMPORTED,NEEDS_AR_TRANSLATION,2026-08-05,Administrative subdivision only; cities are imported in later city files.
UPSERT,reg_ee_79,EE,EST,Estonia,إستونيا,Republic of Estonia,Europe,أوروبا,Northern Europe,شمال أوروبا,EE-79,,,1,county,County,Tartumaa,,Tartumaa,true,ISO_3166_2,https://www.iso.org/obp/ui/#search,ISO 3166-2 subdivisions via pycountry/isocodes,REFERENCE_DATA_IMPORTED,NEEDS_AR_TRANSLATION,2026-08-05,Administrative subdivision only; cities are imported in later city files.
UPSERT,reg_ee_792,EE,EST,Estonia,إستونيا,Republic of Estonia,Europe,أوروبا,Northern Europe,شمال أوروبا,EE-792,EE-60,Lääne-Virumaa,2,rural_municipality,Rural municipality,Tapa,,Tapa,true,ISO_3166_2,https://www.iso.org/obp/ui/#search,ISO 3166-2 subdivisions via pycountry/isocodes,REFERENCE_DATA_IMPORTED,NEEDS_AR_TRANSLATION,2026-08-05,Administrative subdivision only; cities are imported in later city files.
UPSERT,reg_ee_793,EE,EST,Estonia,إستونيا,Republic of Estonia,Europe,أوروبا,Northern Europe,شمال أوروبا,EE-793,EE-79,Tartumaa,2,urban_municipality,Urban municipality,Tartu,,Tartu,true,ISO_3166_2,https://www.iso.org/obp/ui/#search,ISO 3166-2 subdivisions via pycountry/isocodes,REFERENCE_DATA_IMPORTED,NEEDS_AR_TRANSLATION,2026-08-05,Administrative subdivision only; cities are imported in later city files.
UPSERT,reg_ee_796,EE,EST,Estonia,إستونيا,Republic of Estonia,Europe,أوروبا,Northern Europe,شمال أوروبا,EE-796,EE-79,Tartumaa,2,rural_municipality,Rural municipality,Tartu,,Tartu,true,ISO_3166_2,https://www.iso.org/obp/ui/#search,ISO 3166-2 subdivisions via pycountry/isocodes,REFERENCE_DATA_IMPORTED,NEEDS_AR_TRANSLATION,2026-08-05,Administrative subdivision only; cities are imported in later city files.
UPSERT,reg_ee_803,EE,EST,Estonia,إستونيا,Republic of Estonia,Europe,أوروبا,Northern Europe,شمال أوروبا,EE-803,EE-45,Ida-Virumaa,2,rural_municipality,Rural municipality,Toila,,Toila,true,ISO_3166_2,https://www.iso.org/obp/ui/#search,ISO 3166-2 subdivisions via pycountry/isocodes,REFERENCE_DATA_IMPORTED,NEEDS_AR_TRANSLATION,2026-08-05,Administrative subdivision only; cities are imported in later city files.
UPSERT,reg_ee_809,EE,EST,Estonia,إستونيا,Republic of Estonia,Europe,أوروبا,Northern Europe,شمال أوروبا,EE-809,EE-68,Pärnumaa,2,rural_municipality,Rural municipality,Tori,,Tori,true,ISO_3166_2,https://www.iso.org/obp/ui/#search,ISO 3166-2 subdivisions via pycountry/isocodes,REFERENCE_DATA_IMPORTED,NEEDS_AR_TRANSLATION,2026-08-05,Administrative subdivision only; cities are imported in later city files.
UPSERT,reg_ee_81,EE,EST,Estonia,إستونيا,Republic of Estonia,Europe,أوروبا,Northern Europe,شمال أوروبا,EE-81,,,1,county,County,Valgamaa,,Valgamaa,true,ISO_3166_2,https://www.iso.org/obp/ui/#search,ISO 3166-2 subdivisions via pycountry/isocodes,REFERENCE_DATA_IMPORTED,NEEDS_AR_TRANSLATION,2026-08-05,Administrative subdivision only; cities are imported in later city files.
UPSERT,reg_ee_824,EE,EST,Estonia,إستونيا,Republic of Estonia,Europe,أوروبا,Northern Europe,شمال أوروبا,EE-824,EE-81,Valgamaa,2,rural_municipality,Rural municipality,Tõrva,,Tõrva,true,ISO_3166_2,https://www.iso.org/obp/ui/#search,ISO 3166-2 subdivisions via pycountry/isocodes,REFERENCE_DATA_IMPORTED,NEEDS_AR_TRANSLATION,2026-08-05,Administrative subdivision only; cities are imported in later city files.
UPSERT,reg_ee_834,EE,EST,Estonia,إستونيا,Republic of Estonia,Europe,أوروبا,Northern Europe,شمال أوروبا,EE-834,EE-52,Järvamaa,2,rural_municipality,Rural municipality,Türi,,Türi,true,ISO_3166_2,https://www.iso.org/obp/ui/#search,ISO 3166-2 subdivisions via pycountry/isocodes,REFERENCE_DATA_IMPORTED,NEEDS_AR_TRANSLATION,2026-08-05,Administrative subdivision only; cities are imported in later city files.
UPSERT,reg_ee_84,EE,EST,Estonia,إستونيا,Republic of Estonia,Europe,أوروبا,Northern Europe,شمال أوروبا,EE-84,,,1,county,County,Viljandimaa,,Viljandimaa,true,ISO_3166_2,https://www.iso.org/obp/ui/#search,ISO 3166-2 subdivisions via pycountry/isocodes,REFERENCE_DATA_IMPORTED,NEEDS_AR_TRANSLATION,2026-08-05,Administrative subdivision only; cities are imported in later city files.
UPSERT,reg_ee_855,EE,EST,Estonia,إستونيا,Republic of Estonia,Europe,أوروبا,Northern Europe,شمال أوروبا,EE-855,EE-81,Valgamaa,2,rural_municipality,Rural municipality,Valga,,Valga,true,ISO_3166_2,https://www.iso.org/obp/ui/#search,ISO 3166-2 subdivisions via pycountry/isocodes,REFERENCE_DATA_IMPORTED,NEEDS_AR_TRANSLATION,2026-08-05,Administrative subdivision only; cities are imported in later city files.
UPSERT,reg_ee_87,EE,EST,Estonia,إستونيا,Republic of Estonia,Europe,أوروبا,Northern Europe,شمال أوروبا,EE-87,,,1,county,County,Võrumaa,,Võrumaa,true,ISO_3166_2,https://www.iso.org/obp/ui/#search,ISO 3166-2 subdivisions via pycountry/isocodes,REFERENCE_DATA_IMPORTED,NEEDS_AR_TRANSLATION,2026-08-05,Administrative subdivision only; cities are imported in later city files.
UPSERT,reg_ee_890,EE,EST,Estonia,إستونيا,Republic of Estonia,Europe,أوروبا,Northern Europe,شمال أوروبا,EE-890,EE-37,Harjumaa,2,rural_municipality,Rural municipality,Viimsi,,Viimsi,true,ISO_3166_2,https://www.iso.org/obp/ui/#search,ISO 3166-2 subdivisions via pycountry/isocodes,REFERENCE_DATA_IMPORTED,NEEDS_AR_TRANSLATION,2026-08-05,Administrative subdivision only; cities are imported in later city files.
UPSERT,reg_ee_897,EE,EST,Estonia,إستونيا,Republic of Estonia,Europe,أوروبا,Northern Europe,شمال أوروبا,EE-897,EE-84,Viljandimaa,2,urban_municipality,Urban municipality,Viljandi,,Viljandi,true,ISO_3166_2,https://www.iso.org/obp/ui/#search,ISO 3166-2 subdivisions via pycountry/isocodes,REFERENCE_DATA_IMPORTED,NEEDS_AR_TRANSLATION,2026-08-05,Administrative subdivision only; cities are imported in later city files.
UPSERT,reg_ee_899,EE,EST,Estonia,إستونيا,Republic of Estonia,Europe,أوروبا,Northern Europe,شمال أوروبا,EE-899,EE-84,Viljandimaa,2,rural_municipality,Rural municipality,Viljandi,,Viljandi,true,ISO_3166_2,https://www.iso.org/obp/ui/#search,ISO 3166-2 subdivisions via pycountry/isocodes,REFERENCE_DATA_IMPORTED,NEEDS_AR_TRANSLATION,2026-08-05,Administrative subdivision only; cities are imported in later city files.
UPSERT,reg_ee_901,EE,EST,Estonia,إستونيا,Republic of Estonia,Europe,أوروبا,Northern Europe,شمال أوروبا,EE-901,EE-60,Lääne-Virumaa,2,rural_municipality,Rural municipality,Vinni,,Vinni,true,ISO_3166_2,https://www.iso.org/obp/ui/#search,ISO 3166-2 subdivisions via pycountry/isocodes,REFERENCE_DATA_IMPORTED,NEEDS_AR_TRANSLATION,2026-08-05,Administrative subdivision only; cities are imported in later city files.
UPSERT,reg_ee_903,EE,EST,Estonia,إستونيا,Republic of Estonia,Europe,أوروبا,Northern Europe,شمال أوروبا,EE-903,EE-60,Lääne-Virumaa,2,rural_municipality,Rural municipality,Viru-Nigula,,Viru-Nigula,true,ISO_3166_2,https://www.iso.org/obp/ui/#search,ISO 3166-2 subdivisions via pycountry/isocodes,REFERENCE_DATA_IMPORTED,NEEDS_AR_TRANSLATION,2026-08-05,Administrative subdivision only; cities are imported in later city files.
UPSERT,reg_ee_907,EE,EST,Estonia,إستونيا,Republic of Estonia,Europe,أوروبا,Northern Europe,شمال أوروبا,EE-907,EE-56,Läänemaa,2,rural_municipality,Rural municipality,Vormsi,,Vormsi,true,ISO_3166_2,https://www.iso.org/obp/ui/#search,ISO 3166-2 subdivisions via pycountry/isocodes,REFERENCE_DATA_IMPORTED,NEEDS_AR_TRANSLATION,2026-08-05,Administrative subdivision only; cities are imported in later city files.
UPSERT,reg_ee_917,EE,EST,Estonia,إستونيا,Republic of Estonia,Europe,أوروبا,Northern Europe,شمال أوروبا,EE-917,EE-87,Võrumaa,2,rural_municipality,Rural municipality,Võru,,Võru,true,ISO_3166_2,https://www.iso.org/obp/ui/#search,ISO 3166-2 subdivisions via pycountry/isocodes,REFERENCE_DATA_IMPORTED,NEEDS_AR_TRANSLATION,2026-08-05,Administrative subdivision only; cities are imported in later city files.
UPSERT,reg_ee_919,EE,EST,Estonia,إستونيا,Republic of Estonia,Europe,أوروبا,Northern Europe,شمال أوروبا,EE-919,EE-87,Võrumaa,2,urban_municipality,Urban municipality,Võru,,Võru,true,ISO_3166_2,https://www.iso.org/obp/ui/#search,ISO 3166-2 subdivisions via pycountry/isocodes,REFERENCE_DATA_IMPORTED,NEEDS_AR_TRANSLATION,2026-08-05,Administrative subdivision only; cities are imported in later city files.
UPSERT,reg_ee_928,EE,EST,Estonia,إستونيا,Republic of Estonia,Europe,أوروبا,Northern Europe,شمال أوروبا,EE-928,EE-60,Lääne-Virumaa,2,rural_municipality,Rural municipality,Väike-Maarja,,Väike-Maarja,true,ISO_3166_2,https://www.iso.org/obp/ui/#search,ISO 3166-2 subdivisions via pycountry/isocodes,REFERENCE_DATA_IMPORTED,NEEDS_AR_TRANSLATION,2026-08-05,Administrative subdivision only; cities are imported in later city files.
UPSERT,reg_es_a,ES,ESP,Spain,إسبانيا,Kingdom of Spain,Europe,أوروبا,Southern Europe,جنوب أوروبا,ES-A,ES-VC,"Valenciana, Comunidad",2,province,Province,Alacant*,,Alacant*,true,ISO_3166_2,https://www.iso.org/obp/ui/#search,ISO 3166-2 subdivisions via pycountry/isocodes,REFERENCE_DATA_IMPORTED,NEEDS_AR_TRANSLATION,2026-08-05,Administrative subdivision only; cities are imported in later city files.
UPSERT,reg_es_ab,ES,ESP,Spain,إسبانيا,Kingdom of Spain,Europe,أوروبا,Southern Europe,جنوب أوروبا,ES-AB,ES-CM,Castilla-La Mancha,2,province,Province,Albacete,,Albacete,true,ISO_3166_2,https://www.iso.org/obp/ui/#search,ISO 3166-2 subdivisions via pycountry/isocodes,REFERENCE_DATA_IMPORTED,NEEDS_AR_TRANSLATION,2026-08-05,Administrative subdivision only; cities are imported in later city files.
UPSERT,reg_es_al,ES,ESP,Spain,إسبانيا,Kingdom of Spain,Europe,أوروبا,Southern Europe,جنوب أوروبا,ES-AL,ES-AN,Andalucía,2,province,Province,Almería,,Almería,true,ISO_3166_2,https://www.iso.org/obp/ui/#search,ISO 3166-2 subdivisions via pycountry/isocodes,REFERENCE_DATA_IMPORTED,NEEDS_AR_TRANSLATION,2026-08-05,Administrative subdivision only; cities are imported in later city files.
UPSERT,reg_es_an,ES,ESP,Spain,إسبانيا,Kingdom of Spain,Europe,أوروبا,Southern Europe,جنوب أوروبا,ES-AN,,,1,autonomous_community,Autonomous community,Andalucía,,Andalucía,true,ISO_3166_2,https://www.iso.org/obp/ui/#search,ISO 3166-2 subdivisions via pycountry/isocodes,REFERENCE_DATA_IMPORTED,NEEDS_AR_TRANSLATION,2026-08-05,Administrative subdivision only; cities are imported in later city files.
UPSERT,reg_es_ar,ES,ESP,Spain,إسبانيا,Kingdom of Spain,Europe,أوروبا,Southern Europe,جنوب أوروبا,ES-AR,,,1,autonomous_community,Autonomous community,Aragón,,Aragón,true,ISO_3166_2,https://www.iso.org/obp/ui/#search,ISO 3166-2 subdivisions via pycountry/isocodes,REFERENCE_DATA_IMPORTED,NEEDS_AR_TRANSLATION,2026-08-05,Administrative subdivision only; cities are imported in later city files.
UPSERT,reg_es_as,ES,ESP,Spain,إسبانيا,Kingdom of Spain,Europe,أوروبا,Southern Europe,جنوب أوروبا,ES-AS,,,1,autonomous_community,Autonomous community,"Asturias, Principado de",,"Asturias, Principado de",true,ISO_3166_2,https://www.iso.org/obp/ui/#search,ISO 3166-2 subdivisions via pycountry/isocodes,REFERENCE_DATA_IMPORTED,NEEDS_AR_TRANSLATION,2026-08-05,Administrative subdivision only; cities are imported in later city files.
UPSERT,reg_es_av,ES,ESP,Spain,إسبانيا,Kingdom of Spain,Europe,أوروبا,Southern Europe,جنوب أوروبا,ES-AV,ES-CL,Castilla y León,2,province,Province,Ávila,,Ávila,true,ISO_3166_2,https://www.iso.org/obp/ui/#search,ISO 3166-2 subdivisions via pycountry/isocodes,REFERENCE_DATA_IMPORTED,NEEDS_AR_TRANSLATION,2026-08-05,Administrative subdivision only; cities are imported in later city files.
UPSERT,reg_es_b,ES,ESP,Spain,إسبانيا,Kingdom of Spain,Europe,أوروبا,Southern Europe,جنوب أوروبا,ES-B,ES-CT,Catalunya [Cataluña],2,province,Province,Barcelona [Barcelona],,Barcelona [Barcelona],true,ISO_3166_2,https://www.iso.org/obp/ui/#search,ISO 3166-2 subdivisions via pycountry/isocodes,REFERENCE_DATA_IMPORTED,NEEDS_AR_TRANSLATION,2026-08-05,Administrative subdivision only; cities are imported in later city files.
UPSERT,reg_es_ba,ES,ESP,Spain,إسبانيا,Kingdom of Spain,Europe,أوروبا,Southern Europe,جنوب أوروبا,ES-BA,ES-EX,Extremadura,2,province,Province,Badajoz,,Badajoz,true,ISO_3166_2,https://www.iso.org/obp/ui/#search,ISO 3166-2 subdivisions via pycountry/isocodes,REFERENCE_DATA_IMPORTED,NEEDS_AR_TRANSLATION,2026-08-05,Administrative subdivision only; cities are imported in later city files.
UPSERT,reg_es_bi,ES,ESP,Spain,إسبانيا,Kingdom of Spain,Europe,أوروبا,Southern Europe,جنوب أوروبا,ES-BI,ES-PV,Euskal Herria,2,province,Province,Bizkaia,,Bizkaia,true,ISO_3166_2,https://www.iso.org/obp/ui/#search,ISO 3166-2 subdivisions via pycountry/isocodes,REFERENCE_DATA_IMPORTED,NEEDS_AR_TRANSLATION,2026-08-05,Administrative subdivision only; cities are imported in later city files.
UPSERT,reg_es_bu,ES,ESP,Spain,إسبانيا,Kingdom of Spain,Europe,أوروبا,Southern Europe,جنوب أوروبا,ES-BU,ES-CL,Castilla y León,2,province,Province,Burgos,,Burgos,true,ISO_3166_2,https://www.iso.org/obp/ui/#search,ISO 3166-2 subdivisions via pycountry/isocodes,REFERENCE_DATA_IMPORTED,NEEDS_AR_TRANSLATION,2026-08-05,Administrative subdivision only; cities are imported in later city files.
UPSERT,reg_es_c,ES,ESP,Spain,إسبانيا,Kingdom of Spain,Europe,أوروبا,Southern Europe,جنوب أوروبا,ES-C,ES-GA,Galicia [Galicia],2,province,Province,A Coruña [La Coruña],,A Coruña [La Coruña],true,ISO_3166_2,https://www.iso.org/obp/ui/#search,ISO 3166-2 subdivisions via pycountry/isocodes,REFERENCE_DATA_IMPORTED,NEEDS_AR_TRANSLATION,2026-08-05,Administrative subdivision only; cities are imported in later city files.
UPSERT,reg_es_ca,ES,ESP,Spain,إسبانيا,Kingdom of Spain,Europe,أوروبا,Southern Europe,جنوب أوروبا,ES-CA,ES-AN,Andalucía,2,province,Province,Cádiz,,Cádiz,true,ISO_3166_2,https://www.iso.org/obp/ui/#search,ISO 3166-2 subdivisions via pycountry/isocodes,REFERENCE_DATA_IMPORTED,NEEDS_AR_TRANSLATION,2026-08-05,Administrative subdivision only; cities are imported in later city files.
UPSERT,reg_es_cb,ES,ESP,Spain,إسبانيا,Kingdom of Spain,Europe,أوروبا,Southern Europe,جنوب أوروبا,ES-CB,,,1,autonomous_community,Autonomous community,Cantabria,,Cantabria,true,ISO_3166_2,https://www.iso.org/obp/ui/#search,ISO 3166-2 subdivisions via pycountry/isocodes,REFERENCE_DATA_IMPORTED,NEEDS_AR_TRANSLATION,2026-08-05,Administrative subdivision only; cities are imported in later city files.
UPSERT,reg_es_cc,ES,ESP,Spain,إسبانيا,Kingdom of Spain,Europe,أوروبا,Southern Europe,جنوب أوروبا,ES-CC,ES-EX,Extremadura,2,province,Province,Cáceres,,Cáceres,true,ISO_3166_2,https://www.iso.org/obp/ui/#search,ISO 3166-2 subdivisions via pycountry/isocodes,REFERENCE_DATA_IMPORTED,NEEDS_AR_TRANSLATION,2026-08-05,Administrative subdivision only; cities are imported in later city files.
UPSERT,reg_es_ce,ES,ESP,Spain,إسبانيا,Kingdom of Spain,Europe,أوروبا,Southern Europe,جنوب أوروبا,ES-CE,,,1,autonomous_city_in_north_africa,Autonomous city in north africa,Ceuta,,Ceuta,true,ISO_3166_2,https://www.iso.org/obp/ui/#search,ISO 3166-2 subdivisions via pycountry/isocodes,REFERENCE_DATA_IMPORTED,NEEDS_AR_TRANSLATION,2026-08-05,Administrative subdivision only; cities are imported in later city files.
UPSERT,reg_es_cl,ES,ESP,Spain,إسبانيا,Kingdom of Spain,Europe,أوروبا,Southern Europe,جنوب أوروبا,ES-CL,,,1,autonomous_community,Autonomous community,Castilla y León,,Castilla y León,true,ISO_3166_2,https://www.iso.org/obp/ui/#search,ISO 3166-2 subdivisions via pycountry/isocodes,REFERENCE_DATA_IMPORTED,NEEDS_AR_TRANSLATION,2026-08-05,Administrative subdivision only; cities are imported in later city files.
UPSERT,reg_es_cm,ES,ESP,Spain,إسبانيا,Kingdom of Spain,Europe,أوروبا,Southern Europe,جنوب أوروبا,ES-CM,,,1,autonomous_community,Autonomous community,Castilla-La Mancha,,Castilla-La Mancha,true,ISO_3166_2,https://www.iso.org/obp/ui/#search,ISO 3166-2 subdivisions via pycountry/isocodes,REFERENCE_DATA_IMPORTED,NEEDS_AR_TRANSLATION,2026-08-05,Administrative subdivision only; cities are imported in later city files.
UPSERT,reg_es_cn,ES,ESP,Spain,إسبانيا,Kingdom of Spain,Europe,أوروبا,Southern Europe,جنوب أوروبا,ES-CN,,,1,autonomous_community,Autonomous community,Canarias,,Canarias,true,ISO_3166_2,https://www.iso.org/obp/ui/#search,ISO 3166-2 subdivisions via pycountry/isocodes,REFERENCE_DATA_IMPORTED,NEEDS_AR_TRANSLATION,2026-08-05,Administrative subdivision only; cities are imported in later city files.
UPSERT,reg_es_co,ES,ESP,Spain,إسبانيا,Kingdom of Spain,Europe,أوروبا,Southern Europe,جنوب أوروبا,ES-CO,ES-AN,Andalucía,2,province,Province,Córdoba,,Córdoba,true,ISO_3166_2,https://www.iso.org/obp/ui/#search,ISO 3166-2 subdivisions via pycountry/isocodes,REFERENCE_DATA_IMPORTED,NEEDS_AR_TRANSLATION,2026-08-05,Administrative subdivision only; cities are imported in later city files.
UPSERT,reg_es_cr,ES,ESP,Spain,إسبانيا,Kingdom of Spain,Europe,أوروبا,Southern Europe,جنوب أوروبا,ES-CR,ES-CM,Castilla-La Mancha,2,province,Province,Ciudad Real,,Ciudad Real,true,ISO_3166_2,https://www.iso.org/obp/ui/#search,ISO 3166-2 subdivisions via pycountry/isocodes,REFERENCE_DATA_IMPORTED,NEEDS_AR_TRANSLATION,2026-08-05,Administrative subdivision only; cities are imported in later city files.
UPSERT,reg_es_cs,ES,ESP,Spain,إسبانيا,Kingdom of Spain,Europe,أوروبا,Southern Europe,جنوب أوروبا,ES-CS,ES-VC,"Valenciana, Comunidad",2,province,Province,Castelló*,,Castelló*,true,ISO_3166_2,https://www.iso.org/obp/ui/#search,ISO 3166-2 subdivisions via pycountry/isocodes,REFERENCE_DATA_IMPORTED,NEEDS_AR_TRANSLATION,2026-08-05,Administrative subdivision only; cities are imported in later city files.
UPSERT,reg_es_ct,ES,ESP,Spain,إسبانيا,Kingdom of Spain,Europe,أوروبا,Southern Europe,جنوب أوروبا,ES-CT,,,1,autonomous_community,Autonomous community,Catalunya [Cataluña],,Catalunya [Cataluña],true,ISO_3166_2,https://www.iso.org/obp/ui/#search,ISO 3166-2 subdivisions via pycountry/isocodes,REFERENCE_DATA_IMPORTED,NEEDS_AR_TRANSLATION,2026-08-05,Administrative subdivision only; cities are imported in later city files.
UPSERT,reg_es_cu,ES,ESP,Spain,إسبانيا,Kingdom of Spain,Europe,أوروبا,Southern Europe,جنوب أوروبا,ES-CU,ES-CM,Castilla-La Mancha,2,province,Province,Cuenca,,Cuenca,true,ISO_3166_2,https://www.iso.org/obp/ui/#search,ISO 3166-2 subdivisions via pycountry/isocodes,REFERENCE_DATA_IMPORTED,NEEDS_AR_TRANSLATION,2026-08-05,Administrative subdivision only; cities are imported in later city files.
UPSERT,reg_es_ex,ES,ESP,Spain,إسبانيا,Kingdom of Spain,Europe,أوروبا,Southern Europe,جنوب أوروبا,ES-EX,,,1,autonomous_community,Autonomous community,Extremadura,,Extremadura,true,ISO_3166_2,https://www.iso.org/obp/ui/#search,ISO 3166-2 subdivisions via pycountry/isocodes,REFERENCE_DATA_IMPORTED,NEEDS_AR_TRANSLATION,2026-08-05,Administrative subdivision only; cities are imported in later city files.
UPSERT,reg_es_ga,ES,ESP,Spain,إسبانيا,Kingdom of Spain,Europe,أوروبا,Southern Europe,جنوب أوروبا,ES-GA,,,1,autonomous_community,Autonomous community,Galicia [Galicia],,Galicia [Galicia],true,ISO_3166_2,https://www.iso.org/obp/ui/#search,ISO 3166-2 subdivisions via pycountry/isocodes,REFERENCE_DATA_IMPORTED,NEEDS_AR_TRANSLATION,2026-08-05,Administrative subdivision only; cities are imported in later city files.
UPSERT,reg_es_gc,ES,ESP,Spain,إسبانيا,Kingdom of Spain,Europe,أوروبا,Southern Europe,جنوب أوروبا,ES-GC,ES-CN,Canarias,2,province,Province,Las Palmas,,Las Palmas,true,ISO_3166_2,https://www.iso.org/obp/ui/#search,ISO 3166-2 subdivisions via pycountry/isocodes,REFERENCE_DATA_IMPORTED,NEEDS_AR_TRANSLATION,2026-08-05,Administrative subdivision only; cities are imported in later city files.
UPSERT,reg_es_gi,ES,ESP,Spain,إسبانيا,Kingdom of Spain,Europe,أوروبا,Southern Europe,جنوب أوروبا,ES-GI,ES-CT,Catalunya [Cataluña],2,province,Province,Girona [Gerona],,Girona [Gerona],true,ISO_3166_2,https://www.iso.org/obp/ui/#search,ISO 3166-2 subdivisions via pycountry/isocodes,REFERENCE_DATA_IMPORTED,NEEDS_AR_TRANSLATION,2026-08-05,Administrative subdivision only; cities are imported in later city files.
UPSERT,reg_es_gr,ES,ESP,Spain,إسبانيا,Kingdom of Spain,Europe,أوروبا,Southern Europe,جنوب أوروبا,ES-GR,ES-AN,Andalucía,2,province,Province,Granada,,Granada,true,ISO_3166_2,https://www.iso.org/obp/ui/#search,ISO 3166-2 subdivisions via pycountry/isocodes,REFERENCE_DATA_IMPORTED,NEEDS_AR_TRANSLATION,2026-08-05,Administrative subdivision only; cities are imported in later city files.
UPSERT,reg_es_gu,ES,ESP,Spain,إسبانيا,Kingdom of Spain,Europe,أوروبا,Southern Europe,جنوب أوروبا,ES-GU,ES-CM,Castilla-La Mancha,2,province,Province,Guadalajara,,Guadalajara,true,ISO_3166_2,https://www.iso.org/obp/ui/#search,ISO 3166-2 subdivisions via pycountry/isocodes,REFERENCE_DATA_IMPORTED,NEEDS_AR_TRANSLATION,2026-08-05,Administrative subdivision only; cities are imported in later city files.
UPSERT,reg_es_h,ES,ESP,Spain,إسبانيا,Kingdom of Spain,Europe,أوروبا,Southern Europe,جنوب أوروبا,ES-H,ES-AN,Andalucía,2,province,Province,Huelva,,Huelva,true,ISO_3166_2,https://www.iso.org/obp/ui/#search,ISO 3166-2 subdivisions via pycountry/isocodes,REFERENCE_DATA_IMPORTED,NEEDS_AR_TRANSLATION,2026-08-05,Administrative subdivision only; cities are imported in later city files.
UPSERT,reg_es_hu,ES,ESP,Spain,إسبانيا,Kingdom of Spain,Europe,أوروبا,Southern Europe,جنوب أوروبا,ES-HU,ES-AR,Aragón,2,province,Province,Huesca,,Huesca,true,ISO_3166_2,https://www.iso.org/obp/ui/#search,ISO 3166-2 subdivisions via pycountry/isocodes,REFERENCE_DATA_IMPORTED,NEEDS_AR_TRANSLATION,2026-08-05,Administrative subdivision only; cities are imported in later city files.
UPSERT,reg_es_ib,ES,ESP,Spain,إسبانيا,Kingdom of Spain,Europe,أوروبا,Southern Europe,جنوب أوروبا,ES-IB,,,1,autonomous_community,Autonomous community,Illes Balears [Islas Baleares],,Illes Balears [Islas Baleares],true,ISO_3166_2,https://www.iso.org/obp/ui/#search,ISO 3166-2 subdivisions via pycountry/isocodes,REFERENCE_DATA_IMPORTED,NEEDS_AR_TRANSLATION,2026-08-05,Administrative subdivision only; cities are imported in later city files.
UPSERT,reg_es_j,ES,ESP,Spain,إسبانيا,Kingdom of Spain,Europe,أوروبا,Southern Europe,جنوب أوروبا,ES-J,ES-AN,Andalucía,2,province,Province,Jaén,,Jaén,true,ISO_3166_2,https://www.iso.org/obp/ui/#search,ISO 3166-2 subdivisions via pycountry/isocodes,REFERENCE_DATA_IMPORTED,NEEDS_AR_TRANSLATION,2026-08-05,Administrative subdivision only; cities are imported in later city files.
UPSERT,reg_es_l,ES,ESP,Spain,إسبانيا,Kingdom of Spain,Europe,أوروبا,Southern Europe,جنوب أوروبا,ES-L,ES-CT,Catalunya [Cataluña],2,province,Province,Lleida [Lérida],,Lleida [Lérida],true,ISO_3166_2,https://www.iso.org/obp/ui/#search,ISO 3166-2 subdivisions via pycountry/isocodes,REFERENCE_DATA_IMPORTED,NEEDS_AR_TRANSLATION,2026-08-05,Administrative subdivision only; cities are imported in later city files.
UPSERT,reg_es_le,ES,ESP,Spain,إسبانيا,Kingdom of Spain,Europe,أوروبا,Southern Europe,جنوب أوروبا,ES-LE,ES-CL,Castilla y León,2,province,Province,León,,León,true,ISO_3166_2,https://www.iso.org/obp/ui/#search,ISO 3166-2 subdivisions via pycountry/isocodes,REFERENCE_DATA_IMPORTED,NEEDS_AR_TRANSLATION,2026-08-05,Administrative subdivision only; cities are imported in later city files.
UPSERT,reg_es_lo,ES,ESP,Spain,إسبانيا,Kingdom of Spain,Europe,أوروبا,Southern Europe,جنوب أوروبا,ES-LO,ES-RI,La Rioja,2,province,Province,La Rioja,,La Rioja,true,ISO_3166_2,https://www.iso.org/obp/ui/#search,ISO 3166-2 subdivisions via pycountry/isocodes,REFERENCE_DATA_IMPORTED,NEEDS_AR_TRANSLATION,2026-08-05,Administrative subdivision only; cities are imported in later city files.
UPSERT,reg_es_lu,ES,ESP,Spain,إسبانيا,Kingdom of Spain,Europe,أوروبا,Southern Europe,جنوب أوروبا,ES-LU,ES-GA,Galicia [Galicia],2,province,Province,Lugo [Lugo],,Lugo [Lugo],true,ISO_3166_2,https://www.iso.org/obp/ui/#search,ISO 3166-2 subdivisions via pycountry/isocodes,REFERENCE_DATA_IMPORTED,NEEDS_AR_TRANSLATION,2026-08-05,Administrative subdivision only; cities are imported in later city files.
UPSERT,reg_es_m,ES,ESP,Spain,إسبانيا,Kingdom of Spain,Europe,أوروبا,Southern Europe,جنوب أوروبا,ES-M,ES-MD,"Madrid, Comunidad de",2,province,Province,Madrid,,Madrid,true,ISO_3166_2,https://www.iso.org/obp/ui/#search,ISO 3166-2 subdivisions via pycountry/isocodes,REFERENCE_DATA_IMPORTED,NEEDS_AR_TRANSLATION,2026-08-05,Administrative subdivision only; cities are imported in later city files.
UPSERT,reg_es_ma,ES,ESP,Spain,إسبانيا,Kingdom of Spain,Europe,أوروبا,Southern Europe,جنوب أوروبا,ES-MA,ES-AN,Andalucía,2,province,Province,Málaga,,Málaga,true,ISO_3166_2,https://www.iso.org/obp/ui/#search,ISO 3166-2 subdivisions via pycountry/isocodes,REFERENCE_DATA_IMPORTED,NEEDS_AR_TRANSLATION,2026-08-05,Administrative subdivision only; cities are imported in later city files.
UPSERT,reg_es_mc,ES,ESP,Spain,إسبانيا,Kingdom of Spain,Europe,أوروبا,Southern Europe,جنوب أوروبا,ES-MC,,,1,autonomous_community,Autonomous community,"Murcia, Región de",,"Murcia, Región de",true,ISO_3166_2,https://www.iso.org/obp/ui/#search,ISO 3166-2 subdivisions via pycountry/isocodes,REFERENCE_DATA_IMPORTED,NEEDS_AR_TRANSLATION,2026-08-05,Administrative subdivision only; cities are imported in later city files.
UPSERT,reg_es_md,ES,ESP,Spain,إسبانيا,Kingdom of Spain,Europe,أوروبا,Southern Europe,جنوب أوروبا,ES-MD,,,1,autonomous_community,Autonomous community,"Madrid, Comunidad de",,"Madrid, Comunidad de",true,ISO_3166_2,https://www.iso.org/obp/ui/#search,ISO 3166-2 subdivisions via pycountry/isocodes,REFERENCE_DATA_IMPORTED,NEEDS_AR_TRANSLATION,2026-08-05,Administrative subdivision only; cities are imported in later city files.
UPSERT,reg_es_ml,ES,ESP,Spain,إسبانيا,Kingdom of Spain,Europe,أوروبا,Southern Europe,جنوب أوروبا,ES-ML,,,1,autonomous_city_in_north_africa,Autonomous city in north africa,Melilla,,Melilla,true,ISO_3166_2,https://www.iso.org/obp/ui/#search,ISO 3166-2 subdivisions via pycountry/isocodes,REFERENCE_DATA_IMPORTED,NEEDS_AR_TRANSLATION,2026-08-05,Administrative subdivision only; cities are imported in later city files.
UPSERT,reg_es_mu,ES,ESP,Spain,إسبانيا,Kingdom of Spain,Europe,أوروبا,Southern Europe,جنوب أوروبا,ES-MU,ES-MC,"Murcia, Región de",2,province,Province,Murcia,,Murcia,true,ISO_3166_2,https://www.iso.org/obp/ui/#search,ISO 3166-2 subdivisions via pycountry/isocodes,REFERENCE_DATA_IMPORTED,NEEDS_AR_TRANSLATION,2026-08-05,Administrative subdivision only; cities are imported in later city files.
UPSERT,reg_es_na,ES,ESP,Spain,إسبانيا,Kingdom of Spain,Europe,أوروبا,Southern Europe,جنوب أوروبا,ES-NA,ES-NC,Nafarroako Foru Komunitatea*,2,province,Province,Nafarroa*,,Nafarroa*,true,ISO_3166_2,https://www.iso.org/obp/ui/#search,ISO 3166-2 subdivisions via pycountry/isocodes,REFERENCE_DATA_IMPORTED,NEEDS_AR_TRANSLATION,2026-08-05,Administrative subdivision only; cities are imported in later city files.
UPSERT,reg_es_nc,ES,ESP,Spain,إسبانيا,Kingdom of Spain,Europe,أوروبا,Southern Europe,جنوب أوروبا,ES-NC,,,1,autonomous_community,Autonomous community,Nafarroako Foru Komunitatea*,,Nafarroako Foru Komunitatea*,true,ISO_3166_2,https://www.iso.org/obp/ui/#search,ISO 3166-2 subdivisions via pycountry/isocodes,REFERENCE_DATA_IMPORTED,NEEDS_AR_TRANSLATION,2026-08-05,Administrative subdivision only; cities are imported in later city files.
UPSERT,reg_es_o,ES,ESP,Spain,إسبانيا,Kingdom of Spain,Europe,أوروبا,Southern Europe,جنوب أوروبا,ES-O,ES-AS,"Asturias, Principado de",2,province,Province,Asturias,,Asturias,true,ISO_3166_2,https://www.iso.org/obp/ui/#search,ISO 3166-2 subdivisions via pycountry/isocodes,REFERENCE_DATA_IMPORTED,NEEDS_AR_TRANSLATION,2026-08-05,Administrative subdivision only; cities are imported in later city files.
UPSERT,reg_es_or,ES,ESP,Spain,إسبانيا,Kingdom of Spain,Europe,أوروبا,Southern Europe,جنوب أوروبا,ES-OR,ES-GA,Galicia [Galicia],2,province,Province,Ourense [Orense],,Ourense [Orense],true,ISO_3166_2,https://www.iso.org/obp/ui/#search,ISO 3166-2 subdivisions via pycountry/isocodes,REFERENCE_DATA_IMPORTED,NEEDS_AR_TRANSLATION,2026-08-05,Administrative subdivision only; cities are imported in later city files.
UPSERT,reg_es_p,ES,ESP,Spain,إسبانيا,Kingdom of Spain,Europe,أوروبا,Southern Europe,جنوب أوروبا,ES-P,ES-CL,Castilla y León,2,province,Province,Palencia,,Palencia,true,ISO_3166_2,https://www.iso.org/obp/ui/#search,ISO 3166-2 subdivisions via pycountry/isocodes,REFERENCE_DATA_IMPORTED,NEEDS_AR_TRANSLATION,2026-08-05,Administrative subdivision only; cities are imported in later city files.
UPSERT,reg_es_pm,ES,ESP,Spain,إسبانيا,Kingdom of Spain,Europe,أوروبا,Southern Europe,جنوب أوروبا,ES-PM,ES-IB,Illes Balears [Islas Baleares],2,province,Province,Illes Balears [Islas Baleares],,Illes Balears [Islas Baleares],true,ISO_3166_2,https://www.iso.org/obp/ui/#search,ISO 3166-2 subdivisions via pycountry/isocodes,REFERENCE_DATA_IMPORTED,NEEDS_AR_TRANSLATION,2026-08-05,Administrative subdivision only; cities are imported in later city files.
UPSERT,reg_es_po,ES,ESP,Spain,إسبانيا,Kingdom of Spain,Europe,أوروبا,Southern Europe,جنوب أوروبا,ES-PO,ES-GA,Galicia [Galicia],2,province,Province,Pontevedra [Pontevedra],,Pontevedra [Pontevedra],true,ISO_3166_2,https://www.iso.org/obp/ui/#search,ISO 3166-2 subdivisions via pycountry/isocodes,REFERENCE_DATA_IMPORTED,NEEDS_AR_TRANSLATION,2026-08-05,Administrative subdivision only; cities are imported in later city files.
UPSERT,reg_es_pv,ES,ESP,Spain,إسبانيا,Kingdom of Spain,Europe,أوروبا,Southern Europe,جنوب أوروبا,ES-PV,,,1,autonomous_community,Autonomous community,Euskal Herria,,Euskal Herria,true,ISO_3166_2,https://www.iso.org/obp/ui/#search,ISO 3166-2 subdivisions via pycountry/isocodes,REFERENCE_DATA_IMPORTED,NEEDS_AR_TRANSLATION,2026-08-05,Administrative subdivision only; cities are imported in later city files.
UPSERT,reg_es_ri,ES,ESP,Spain,إسبانيا,Kingdom of Spain,Europe,أوروبا,Southern Europe,جنوب أوروبا,ES-RI,,,1,autonomous_community,Autonomous community,La Rioja,,La Rioja,true,ISO_3166_2,https://www.iso.org/obp/ui/#search,ISO 3166-2 subdivisions via pycountry/isocodes,REFERENCE_DATA_IMPORTED,NEEDS_AR_TRANSLATION,2026-08-05,Administrative subdivision only; cities are imported in later city files.
UPSERT,reg_es_s,ES,ESP,Spain,إسبانيا,Kingdom of Spain,Europe,أوروبا,Southern Europe,جنوب أوروبا,ES-S,ES-CB,Cantabria,2,province,Province,Cantabria,,Cantabria,true,ISO_3166_2,https://www.iso.org/obp/ui/#search,ISO 3166-2 subdivisions via pycountry/isocodes,REFERENCE_DATA_IMPORTED,NEEDS_AR_TRANSLATION,2026-08-05,Administrative subdivision only; cities are imported in later city files.
UPSERT,reg_es_sa,ES,ESP,Spain,إسبانيا,Kingdom of Spain,Europe,أوروبا,Southern Europe,جنوب أوروبا,ES-SA,ES-CL,Castilla y León,2,province,Province,Salamanca,,Salamanca,true,ISO_3166_2,https://www.iso.org/obp/ui/#search,ISO 3166-2 subdivisions via pycountry/isocodes,REFERENCE_DATA_IMPORTED,NEEDS_AR_TRANSLATION,2026-08-05,Administrative subdivision only; cities are imported in later city files.
UPSERT,reg_es_se,ES,ESP,Spain,إسبانيا,Kingdom of Spain,Europe,أوروبا,Southern Europe,جنوب أوروبا,ES-SE,ES-AN,Andalucía,2,province,Province,Sevilla,,Sevilla,true,ISO_3166_2,https://www.iso.org/obp/ui/#search,ISO 3166-2 subdivisions via pycountry/isocodes,REFERENCE_DATA_IMPORTED,NEEDS_AR_TRANSLATION,2026-08-05,Administrative subdivision only; cities are imported in later city files.
UPSERT,reg_es_sg,ES,ESP,Spain,إسبانيا,Kingdom of Spain,Europe,أوروبا,Southern Europe,جنوب أوروبا,ES-SG,ES-CL,Castilla y León,2,province,Province,Segovia,,Segovia,true,ISO_3166_2,https://www.iso.org/obp/ui/#search,ISO 3166-2 subdivisions via pycountry/isocodes,REFERENCE_DATA_IMPORTED,NEEDS_AR_TRANSLATION,2026-08-05,Administrative subdivision only; cities are imported in later city files.
UPSERT,reg_es_so,ES,ESP,Spain,إسبانيا,Kingdom of Spain,Europe,أوروبا,Southern Europe,جنوب أوروبا,ES-SO,ES-CL,Castilla y León,2,province,Province,Soria,,Soria,true,ISO_3166_2,https://www.iso.org/obp/ui/#search,ISO 3166-2 subdivisions via pycountry/isocodes,REFERENCE_DATA_IMPORTED,NEEDS_AR_TRANSLATION,2026-08-05,Administrative subdivision only; cities are imported in later city files.
UPSERT,reg_es_ss,ES,ESP,Spain,إسبانيا,Kingdom of Spain,Europe,أوروبا,Southern Europe,جنوب أوروبا,ES-SS,ES-PV,Euskal Herria,2,province,Province,Gipuzkoa,,Gipuzkoa,true,ISO_3166_2,https://www.iso.org/obp/ui/#search,ISO 3166-2 subdivisions via pycountry/isocodes,REFERENCE_DATA_IMPORTED,NEEDS_AR_TRANSLATION,2026-08-05,Administrative subdivision only; cities are imported in later city files.
UPSERT,reg_es_t,ES,ESP,Spain,إسبانيا,Kingdom of Spain,Europe,أوروبا,Southern Europe,جنوب أوروبا,ES-T,ES-CT,Catalunya [Cataluña],2,province,Province,Tarragona [Tarragona],,Tarragona [Tarragona],true,ISO_3166_2,https://www.iso.org/obp/ui/#search,ISO 3166-2 subdivisions via pycountry/isocodes,REFERENCE_DATA_IMPORTED,NEEDS_AR_TRANSLATION,2026-08-05,Administrative subdivision only; cities are imported in later city files.
UPSERT,reg_es_te,ES,ESP,Spain,إسبانيا,Kingdom of Spain,Europe,أوروبا,Southern Europe,جنوب أوروبا,ES-TE,ES-AR,Aragón,2,province,Province,Teruel,,Teruel,true,ISO_3166_2,https://www.iso.org/obp/ui/#search,ISO 3166-2 subdivisions via pycountry/isocodes,REFERENCE_DATA_IMPORTED,NEEDS_AR_TRANSLATION,2026-08-05,Administrative subdivision only; cities are imported in later city files.
UPSERT,reg_es_tf,ES,ESP,Spain,إسبانيا,Kingdom of Spain,Europe,أوروبا,Southern Europe,جنوب أوروبا,ES-TF,ES-CN,Canarias,2,province,Province,Santa Cruz de Tenerife,,Santa Cruz de Tenerife,true,ISO_3166_2,https://www.iso.org/obp/ui/#search,ISO 3166-2 subdivisions via pycountry/isocodes,REFERENCE_DATA_IMPORTED,NEEDS_AR_TRANSLATION,2026-08-05,Administrative subdivision only; cities are imported in later city files.
UPSERT,reg_es_to,ES,ESP,Spain,إسبانيا,Kingdom of Spain,Europe,أوروبا,Southern Europe,جنوب أوروبا,ES-TO,ES-CM,Castilla-La Mancha,2,province,Province,Toledo,,Toledo,true,ISO_3166_2,https://www.iso.org/obp/ui/#search,ISO 3166-2 subdivisions via pycountry/isocodes,REFERENCE_DATA_IMPORTED,NEEDS_AR_TRANSLATION,2026-08-05,Administrative subdivision only; cities are imported in later city files.
UPSERT,reg_es_v,ES,ESP,Spain,إسبانيا,Kingdom of Spain,Europe,أوروبا,Southern Europe,جنوب أوروبا,ES-V,ES-VC,"Valenciana, Comunidad",2,province,Province,Valencia,,Valencia,true,ISO_3166_2,https://www.iso.org/obp/ui/#search,ISO 3166-2 subdivisions via pycountry/isocodes,REFERENCE_DATA_IMPORTED,NEEDS_AR_TRANSLATION,2026-08-05,Administrative subdivision only; cities are imported in later city files.
UPSERT,reg_es_va,ES,ESP,Spain,إسبانيا,Kingdom of Spain,Europe,أوروبا,Southern Europe,جنوب أوروبا,ES-VA,ES-CL,Castilla y León,2,province,Province,Valladolid,,Valladolid,true,ISO_3166_2,https://www.iso.org/obp/ui/#search,ISO 3166-2 subdivisions via pycountry/isocodes,REFERENCE_DATA_IMPORTED,NEEDS_AR_TRANSLATION,2026-08-05,Administrative subdivision only; cities are imported in later city files.
UPSERT,reg_es_vc,ES,ESP,Spain,إسبانيا,Kingdom of Spain,Europe,أوروبا,Southern Europe,جنوب أوروبا,ES-VC,,,1,autonomous_community,Autonomous community,"Valenciana, Comunidad",,"Valenciana, Comunidad",true,ISO_3166_2,https://www.iso.org/obp/ui/#search,ISO 3166-2 subdivisions via pycountry/isocodes,REFERENCE_DATA_IMPORTED,NEEDS_AR_TRANSLATION,2026-08-05,Administrative subdivision only; cities are imported in later city files.
UPSERT,reg_es_vi,ES,ESP,Spain,إسبانيا,Kingdom of Spain,Europe,أوروبا,Southern Europe,جنوب أوروبا,ES-VI,ES-PV,Euskal Herria,2,province,Province,Araba*,,Araba*,true,ISO_3166_2,https://www.iso.org/obp/ui/#search,ISO 3166-2 subdivisions via pycountry/isocodes,REFERENCE_DATA_IMPORTED,NEEDS_AR_TRANSLATION,2026-08-05,Administrative subdivision only; cities are imported in later city files.
UPSERT,reg_es_z,ES,ESP,Spain,إسبانيا,Kingdom of Spain,Europe,أوروبا,Southern Europe,جنوب أوروبا,ES-Z,ES-AR,Aragón,2,province,Province,Zaragoza,,Zaragoza,true,ISO_3166_2,https://www.iso.org/obp/ui/#search,ISO 3166-2 subdivisions via pycountry/isocodes,REFERENCE_DATA_IMPORTED,NEEDS_AR_TRANSLATION,2026-08-05,Administrative subdivision only; cities are imported in later city files.
UPSERT,reg_es_za,ES,ESP,Spain,إسبانيا,Kingdom of Spain,Europe,أوروبا,Southern Europe,جنوب أوروبا,ES-ZA,ES-CL,Castilla y León,2,province,Province,Zamora,,Zamora,true,ISO_3166_2,https://www.iso.org/obp/ui/#search,ISO 3166-2 subdivisions via pycountry/isocodes,REFERENCE_DATA_IMPORTED,NEEDS_AR_TRANSLATION,2026-08-05,Administrative subdivision only; cities are imported in later city files.
UPSERT,reg_fi_01,FI,FIN,Finland,فنلندا,Republic of Finland,Europe,أوروبا,Northern Europe,شمال أوروبا,FI-01,,,1,region,Region,Landskapet Åland,,Landskapet Åland,true,ISO_3166_2,https://www.iso.org/obp/ui/#search,ISO 3166-2 subdivisions via pycountry/isocodes,REFERENCE_DATA_IMPORTED,NEEDS_AR_TRANSLATION,2026-08-05,Administrative subdivision only; cities are imported in later city files.
UPSERT,reg_fi_02,FI,FIN,Finland,فنلندا,Republic of Finland,Europe,أوروبا,Northern Europe,شمال أوروبا,FI-02,,,1,region,Region,Etelä-Karjala,,Etelä-Karjala,true,ISO_3166_2,https://www.iso.org/obp/ui/#search,ISO 3166-2 subdivisions via pycountry/isocodes,REFERENCE_DATA_IMPORTED,NEEDS_AR_TRANSLATION,2026-08-05,Administrative subdivision only; cities are imported in later city files.
UPSERT,reg_fi_03,FI,FIN,Finland,فنلندا,Republic of Finland,Europe,أوروبا,Northern Europe,شمال أوروبا,FI-03,,,1,region,Region,Etelä-Pohjanmaa,,Etelä-Pohjanmaa,true,ISO_3166_2,https://www.iso.org/obp/ui/#search,ISO 3166-2 subdivisions via pycountry/isocodes,REFERENCE_DATA_IMPORTED,NEEDS_AR_TRANSLATION,2026-08-05,Administrative subdivision only; cities are imported in later city files.
UPSERT,reg_fi_04,FI,FIN,Finland,فنلندا,Republic of Finland,Europe,أوروبا,Northern Europe,شمال أوروبا,FI-04,,,1,region,Region,Etelä-Savo,,Etelä-Savo,true,ISO_3166_2,https://www.iso.org/obp/ui/#search,ISO 3166-2 subdivisions via pycountry/isocodes,REFERENCE_DATA_IMPORTED,NEEDS_AR_TRANSLATION,2026-08-05,Administrative subdivision only; cities are imported in later city files.
UPSERT,reg_fi_05,FI,FIN,Finland,فنلندا,Republic of Finland,Europe,أوروبا,Northern Europe,شمال أوروبا,FI-05,,,1,region,Region,Kainuu,,Kainuu,true,ISO_3166_2,https://www.iso.org/obp/ui/#search,ISO 3166-2 subdivisions via pycountry/isocodes,REFERENCE_DATA_IMPORTED,NEEDS_AR_TRANSLATION,2026-08-05,Administrative subdivision only; cities are imported in later city files.
UPSERT,reg_fi_06,FI,FIN,Finland,فنلندا,Republic of Finland,Europe,أوروبا,Northern Europe,شمال أوروبا,FI-06,,,1,region,Region,Kanta-Häme,,Kanta-Häme,true,ISO_3166_2,https://www.iso.org/obp/ui/#search,ISO 3166-2 subdivisions via pycountry/isocodes,REFERENCE_DATA_IMPORTED,NEEDS_AR_TRANSLATION,2026-08-05,Administrative subdivision only; cities are imported in later city files.
UPSERT,reg_fi_07,FI,FIN,Finland,فنلندا,Republic of Finland,Europe,أوروبا,Northern Europe,شمال أوروبا,FI-07,,,1,region,Region,Keski-Pohjanmaa,,Keski-Pohjanmaa,true,ISO_3166_2,https://www.iso.org/obp/ui/#search,ISO 3166-2 subdivisions via pycountry/isocodes,REFERENCE_DATA_IMPORTED,NEEDS_AR_TRANSLATION,2026-08-05,Administrative subdivision only; cities are imported in later city files.
UPSERT,reg_fi_08,FI,FIN,Finland,فنلندا,Republic of Finland,Europe,أوروبا,Northern Europe,شمال أوروبا,FI-08,,,1,region,Region,Keski-Suomi,,Keski-Suomi,true,ISO_3166_2,https://www.iso.org/obp/ui/#search,ISO 3166-2 subdivisions via pycountry/isocodes,REFERENCE_DATA_IMPORTED,NEEDS_AR_TRANSLATION,2026-08-05,Administrative subdivision only; cities are imported in later city files.
UPSERT,reg_fi_09,FI,FIN,Finland,فنلندا,Republic of Finland,Europe,أوروبا,Northern Europe,شمال أوروبا,FI-09,,,1,region,Region,Kymenlaakso,,Kymenlaakso,true,ISO_3166_2,https://www.iso.org/obp/ui/#search,ISO 3166-2 subdivisions via pycountry/isocodes,REFERENCE_DATA_IMPORTED,NEEDS_AR_TRANSLATION,2026-08-05,Administrative subdivision only; cities are imported in later city files.
UPSERT,reg_fi_10,FI,FIN,Finland,فنلندا,Republic of Finland,Europe,أوروبا,Northern Europe,شمال أوروبا,FI-10,,,1,region,Region,Lappi,,Lappi,true,ISO_3166_2,https://www.iso.org/obp/ui/#search,ISO 3166-2 subdivisions via pycountry/isocodes,REFERENCE_DATA_IMPORTED,NEEDS_AR_TRANSLATION,2026-08-05,Administrative subdivision only; cities are imported in later city files.
UPSERT,reg_fi_11,FI,FIN,Finland,فنلندا,Republic of Finland,Europe,أوروبا,Northern Europe,شمال أوروبا,FI-11,,,1,region,Region,Pirkanmaa,,Pirkanmaa,true,ISO_3166_2,https://www.iso.org/obp/ui/#search,ISO 3166-2 subdivisions via pycountry/isocodes,REFERENCE_DATA_IMPORTED,NEEDS_AR_TRANSLATION,2026-08-05,Administrative subdivision only; cities are imported in later city files.
UPSERT,reg_fi_12,FI,FIN,Finland,فنلندا,Republic of Finland,Europe,أوروبا,Northern Europe,شمال أوروبا,FI-12,,,1,region,Region,Pohjanmaa,,Pohjanmaa,true,ISO_3166_2,https://www.iso.org/obp/ui/#search,ISO 3166-2 subdivisions via pycountry/isocodes,REFERENCE_DATA_IMPORTED,NEEDS_AR_TRANSLATION,2026-08-05,Administrative subdivision only; cities are imported in later city files.
UPSERT,reg_fi_13,FI,FIN,Finland,فنلندا,Republic of Finland,Europe,أوروبا,Northern Europe,شمال أوروبا,FI-13,,,1,region,Region,Pohjois-Karjala,,Pohjois-Karjala,true,ISO_3166_2,https://www.iso.org/obp/ui/#search,ISO 3166-2 subdivisions via pycountry/isocodes,REFERENCE_DATA_IMPORTED,NEEDS_AR_TRANSLATION,2026-08-05,Administrative subdivision only; cities are imported in later city files.
UPSERT,reg_fi_14,FI,FIN,Finland,فنلندا,Republic of Finland,Europe,أوروبا,Northern Europe,شمال أوروبا,FI-14,,,1,region,Region,Pohjois-Pohjanmaa,,Pohjois-Pohjanmaa,true,ISO_3166_2,https://www.iso.org/obp/ui/#search,ISO 3166-2 subdivisions via pycountry/isocodes,REFERENCE_DATA_IMPORTED,NEEDS_AR_TRANSLATION,2026-08-05,Administrative subdivision only; cities are imported in later city files.
UPSERT,reg_fi_15,FI,FIN,Finland,فنلندا,Republic of Finland,Europe,أوروبا,Northern Europe,شمال أوروبا,FI-15,,,1,region,Region,Pohjois-Savo,,Pohjois-Savo,true,ISO_3166_2,https://www.iso.org/obp/ui/#search,ISO 3166-2 subdivisions via pycountry/isocodes,REFERENCE_DATA_IMPORTED,NEEDS_AR_TRANSLATION,2026-08-05,Administrative subdivision only; cities are imported in later city files.
UPSERT,reg_fi_16,FI,FIN,Finland,فنلندا,Republic of Finland,Europe,أوروبا,Northern Europe,شمال أوروبا,FI-16,,,1,region,Region,Päijät-Häme,,Päijät-Häme,true,ISO_3166_2,https://www.iso.org/obp/ui/#search,ISO 3166-2 subdivisions via pycountry/isocodes,REFERENCE_DATA_IMPORTED,NEEDS_AR_TRANSLATION,2026-08-05,Administrative subdivision only; cities are imported in later city files.
UPSERT,reg_fi_17,FI,FIN,Finland,فنلندا,Republic of Finland,Europe,أوروبا,Northern Europe,شمال أوروبا,FI-17,,,1,region,Region,Satakunta,,Satakunta,true,ISO_3166_2,https://www.iso.org/obp/ui/#search,ISO 3166-2 subdivisions via pycountry/isocodes,REFERENCE_DATA_IMPORTED,NEEDS_AR_TRANSLATION,2026-08-05,Administrative subdivision only; cities are imported in later city files.
UPSERT,reg_fi_18,FI,FIN,Finland,فنلندا,Republic of Finland,Europe,أوروبا,Northern Europe,شمال أوروبا,FI-18,,,1,region,Region,Uusimaa,,Uusimaa,true,ISO_3166_2,https://www.iso.org/obp/ui/#search,ISO 3166-2 subdivisions via pycountry/isocodes,REFERENCE_DATA_IMPORTED,NEEDS_AR_TRANSLATION,2026-08-05,Administrative subdivision only; cities are imported in later city files.
UPSERT,reg_fi_19,FI,FIN,Finland,فنلندا,Republic of Finland,Europe,أوروبا,Northern Europe,شمال أوروبا,FI-19,,,1,region,Region,Varsinais-Suomi,,Varsinais-Suomi,true,ISO_3166_2,https://www.iso.org/obp/ui/#search,ISO 3166-2 subdivisions via pycountry/isocodes,REFERENCE_DATA_IMPORTED,NEEDS_AR_TRANSLATION,2026-08-05,Administrative subdivision only; cities are imported in later city files.
UPSERT,reg_fr_01,FR,FRA,France,فرنسا,French Republic,Europe,أوروبا,Western Europe,غرب أوروبا,FR-01,FR-ARA,Auvergne-Rhône-Alpes,2,metropolitan_department,Metropolitan department,Ain,,Ain,true,ISO_3166_2,https://www.iso.org/obp/ui/#search,ISO 3166-2 subdivisions via pycountry/isocodes,REFERENCE_DATA_IMPORTED,NEEDS_AR_TRANSLATION,2026-08-05,Administrative subdivision only; cities are imported in later city files.
UPSERT,reg_fr_02,FR,FRA,France,فرنسا,French Republic,Europe,أوروبا,Western Europe,غرب أوروبا,FR-02,FR-HDF,Hauts-de-France,2,metropolitan_department,Metropolitan department,Aisne,,Aisne,true,ISO_3166_2,https://www.iso.org/obp/ui/#search,ISO 3166-2 subdivisions via pycountry/isocodes,REFERENCE_DATA_IMPORTED,NEEDS_AR_TRANSLATION,2026-08-05,Administrative subdivision only; cities are imported in later city files.
UPSERT,reg_fr_03,FR,FRA,France,فرنسا,French Republic,Europe,أوروبا,Western Europe,غرب أوروبا,FR-03,FR-ARA,Auvergne-Rhône-Alpes,2,metropolitan_department,Metropolitan department,Allier,,Allier,true,ISO_3166_2,https://www.iso.org/obp/ui/#search,ISO 3166-2 subdivisions via pycountry/isocodes,REFERENCE_DATA_IMPORTED,NEEDS_AR_TRANSLATION,2026-08-05,Administrative subdivision only; cities are imported in later city files.
UPSERT,reg_fr_04,FR,FRA,France,فرنسا,French Republic,Europe,أوروبا,Western Europe,غرب أوروبا,FR-04,FR-PAC,Provence-Alpes-Côte-d’Azur,2,metropolitan_department,Metropolitan department,Alpes-de-Haute-Provence,,Alpes-de-Haute-Provence,true,ISO_3166_2,https://www.iso.org/obp/ui/#search,ISO 3166-2 subdivisions via pycountry/isocodes,REFERENCE_DATA_IMPORTED,NEEDS_AR_TRANSLATION,2026-08-05,Administrative subdivision only; cities are imported in later city files.
UPSERT,reg_fr_05,FR,FRA,France,فرنسا,French Republic,Europe,أوروبا,Western Europe,غرب أوروبا,FR-05,FR-PAC,Provence-Alpes-Côte-d’Azur,2,metropolitan_department,Metropolitan department,Hautes-Alpes,,Hautes-Alpes,true,ISO_3166_2,https://www.iso.org/obp/ui/#search,ISO 3166-2 subdivisions via pycountry/isocodes,REFERENCE_DATA_IMPORTED,NEEDS_AR_TRANSLATION,2026-08-05,Administrative subdivision only; cities are imported in later city files.
UPSERT,reg_fr_06,FR,FRA,France,فرنسا,French Republic,Europe,أوروبا,Western Europe,غرب أوروبا,FR-06,FR-PAC,Provence-Alpes-Côte-d’Azur,2,metropolitan_department,Metropolitan department,Alpes-Maritimes,,Alpes-Maritimes,true,ISO_3166_2,https://www.iso.org/obp/ui/#search,ISO 3166-2 subdivisions via pycountry/isocodes,REFERENCE_DATA_IMPORTED,NEEDS_AR_TRANSLATION,2026-08-05,Administrative subdivision only; cities are imported in later city files.
UPSERT,reg_fr_07,FR,FRA,France,فرنسا,French Republic,Europe,أوروبا,Western Europe,غرب أوروبا,FR-07,FR-ARA,Auvergne-Rhône-Alpes,2,metropolitan_department,Metropolitan department,Ardèche,,Ardèche,true,ISO_3166_2,https://www.iso.org/obp/ui/#search,ISO 3166-2 subdivisions via pycountry/isocodes,REFERENCE_DATA_IMPORTED,NEEDS_AR_TRANSLATION,2026-08-05,Administrative subdivision only; cities are imported in later city files.
UPSERT,reg_fr_08,FR,FRA,France,فرنسا,French Republic,Europe,أوروبا,Western Europe,غرب أوروبا,FR-08,FR-GES,Grand-Est,2,metropolitan_department,Metropolitan department,Ardennes,,Ardennes,true,ISO_3166_2,https://www.iso.org/obp/ui/#search,ISO 3166-2 subdivisions via pycountry/isocodes,REFERENCE_DATA_IMPORTED,NEEDS_AR_TRANSLATION,2026-08-05,Administrative subdivision only; cities are imported in later city files.
UPSERT,reg_fr_09,FR,FRA,France,فرنسا,French Republic,Europe,أوروبا,Western Europe,غرب أوروبا,FR-09,FR-OCC,Occitanie,2,metropolitan_department,Metropolitan department,Ariège,,Ariège,true,ISO_3166_2,https://www.iso.org/obp/ui/#search,ISO 3166-2 subdivisions via pycountry/isocodes,REFERENCE_DATA_IMPORTED,NEEDS_AR_TRANSLATION,2026-08-05,Administrative subdivision only; cities are imported in later city files.
UPSERT,reg_fr_10,FR,FRA,France,فرنسا,French Republic,Europe,أوروبا,Western Europe,غرب أوروبا,FR-10,FR-GES,Grand-Est,2,metropolitan_department,Metropolitan department,Aube,,Aube,true,ISO_3166_2,https://www.iso.org/obp/ui/#search,ISO 3166-2 subdivisions via pycountry/isocodes,REFERENCE_DATA_IMPORTED,NEEDS_AR_TRANSLATION,2026-08-05,Administrative subdivision only; cities are imported in later city files.
UPSERT,reg_fr_11,FR,FRA,France,فرنسا,French Republic,Europe,أوروبا,Western Europe,غرب أوروبا,FR-11,FR-OCC,Occitanie,2,metropolitan_department,Metropolitan department,Aude,,Aude,true,ISO_3166_2,https://www.iso.org/obp/ui/#search,ISO 3166-2 subdivisions via pycountry/isocodes,REFERENCE_DATA_IMPORTED,NEEDS_AR_TRANSLATION,2026-08-05,Administrative subdivision only; cities are imported in later city files.
UPSERT,reg_fr_12,FR,FRA,France,فرنسا,French Republic,Europe,أوروبا,Western Europe,غرب أوروبا,FR-12,FR-OCC,Occitanie,2,metropolitan_department,Metropolitan department,Aveyron,,Aveyron,true,ISO_3166_2,https://www.iso.org/obp/ui/#search,ISO 3166-2 subdivisions via pycountry/isocodes,REFERENCE_DATA_IMPORTED,NEEDS_AR_TRANSLATION,2026-08-05,Administrative subdivision only; cities are imported in later city files.
UPSERT,reg_fr_13,FR,FRA,France,فرنسا,French Republic,Europe,أوروبا,Western Europe,غرب أوروبا,FR-13,FR-PAC,Provence-Alpes-Côte-d’Azur,2,metropolitan_department,Metropolitan department,Bouches-du-Rhône,,Bouches-du-Rhône,true,ISO_3166_2,https://www.iso.org/obp/ui/#search,ISO 3166-2 subdivisions via pycountry/isocodes,REFERENCE_DATA_IMPORTED,NEEDS_AR_TRANSLATION,2026-08-05,Administrative subdivision only; cities are imported in later city files.
UPSERT,reg_fr_14,FR,FRA,France,فرنسا,French Republic,Europe,أوروبا,Western Europe,غرب أوروبا,FR-14,FR-NOR,Normandie,2,metropolitan_department,Metropolitan department,Calvados,,Calvados,true,ISO_3166_2,https://www.iso.org/obp/ui/#search,ISO 3166-2 subdivisions via pycountry/isocodes,REFERENCE_DATA_IMPORTED,NEEDS_AR_TRANSLATION,2026-08-05,Administrative subdivision only; cities are imported in later city files.
UPSERT,reg_fr_15,FR,FRA,France,فرنسا,French Republic,Europe,أوروبا,Western Europe,غرب أوروبا,FR-15,FR-ARA,Auvergne-Rhône-Alpes,2,metropolitan_department,Metropolitan department,Cantal,,Cantal,true,ISO_3166_2,https://www.iso.org/obp/ui/#search,ISO 3166-2 subdivisions via pycountry/isocodes,REFERENCE_DATA_IMPORTED,NEEDS_AR_TRANSLATION,2026-08-05,Administrative subdivision only; cities are imported in later city files.
UPSERT,reg_fr_16,FR,FRA,France,فرنسا,French Republic,Europe,أوروبا,Western Europe,غرب أوروبا,FR-16,FR-NAQ,Nouvelle-Aquitaine,2,metropolitan_department,Metropolitan department,Charente,,Charente,true,ISO_3166_2,https://www.iso.org/obp/ui/#search,ISO 3166-2 subdivisions via pycountry/isocodes,REFERENCE_DATA_IMPORTED,NEEDS_AR_TRANSLATION,2026-08-05,Administrative subdivision only; cities are imported in later city files.
UPSERT,reg_fr_17,FR,FRA,France,فرنسا,French Republic,Europe,أوروبا,Western Europe,غرب أوروبا,FR-17,FR-NAQ,Nouvelle-Aquitaine,2,metropolitan_department,Metropolitan department,Charente-Maritime,,Charente-Maritime,true,ISO_3166_2,https://www.iso.org/obp/ui/#search,ISO 3166-2 subdivisions via pycountry/isocodes,REFERENCE_DATA_IMPORTED,NEEDS_AR_TRANSLATION,2026-08-05,Administrative subdivision only; cities are imported in later city files.
UPSERT,reg_fr_18,FR,FRA,France,فرنسا,French Republic,Europe,أوروبا,Western Europe,غرب أوروبا,FR-18,FR-CVL,Centre-Val de Loire,2,metropolitan_department,Metropolitan department,Cher,,Cher,true,ISO_3166_2,https://www.iso.org/obp/ui/#search,ISO 3166-2 subdivisions via pycountry/isocodes,REFERENCE_DATA_IMPORTED,NEEDS_AR_TRANSLATION,2026-08-05,Administrative subdivision only; cities are imported in later city files.
UPSERT,reg_fr_19,FR,FRA,France,فرنسا,French Republic,Europe,أوروبا,Western Europe,غرب أوروبا,FR-19,FR-NAQ,Nouvelle-Aquitaine,2,metropolitan_department,Metropolitan department,Corrèze,,Corrèze,true,ISO_3166_2,https://www.iso.org/obp/ui/#search,ISO 3166-2 subdivisions via pycountry/isocodes,REFERENCE_DATA_IMPORTED,NEEDS_AR_TRANSLATION,2026-08-05,Administrative subdivision only; cities are imported in later city files.
UPSERT,reg_fr_20r,FR,FRA,France,فرنسا,French Republic,Europe,أوروبا,Western Europe,غرب أوروبا,FR-20R,,,1,metropolitan_collectivity_with_special_status,Metropolitan collectivity with special status,Corse,,Corse,true,ISO_3166_2,https://www.iso.org/obp/ui/#search,ISO 3166-2 subdivisions via pycountry/isocodes,REFERENCE_DATA_IMPORTED,NEEDS_AR_TRANSLATION,2026-08-05,Administrative subdivision only; cities are imported in later city files.
UPSERT,reg_fr_21,FR,FRA,France,فرنسا,French Republic,Europe,أوروبا,Western Europe,غرب أوروبا,FR-21,FR-BFC,Bourgogne-Franche-Comté,2,metropolitan_department,Metropolitan department,Côte-d'Or,,Côte-d'Or,true,ISO_3166_2,https://www.iso.org/obp/ui/#search,ISO 3166-2 subdivisions via pycountry/isocodes,REFERENCE_DATA_IMPORTED,NEEDS_AR_TRANSLATION,2026-08-05,Administrative subdivision only; cities are imported in later city files.
UPSERT,reg_fr_22,FR,FRA,France,فرنسا,French Republic,Europe,أوروبا,Western Europe,غرب أوروبا,FR-22,FR-BRE,Bretagne,2,metropolitan_department,Metropolitan department,Côtes-d'Armor,,Côtes-d'Armor,true,ISO_3166_2,https://www.iso.org/obp/ui/#search,ISO 3166-2 subdivisions via pycountry/isocodes,REFERENCE_DATA_IMPORTED,NEEDS_AR_TRANSLATION,2026-08-05,Administrative subdivision only; cities are imported in later city files.
UPSERT,reg_fr_23,FR,FRA,France,فرنسا,French Republic,Europe,أوروبا,Western Europe,غرب أوروبا,FR-23,FR-NAQ,Nouvelle-Aquitaine,2,metropolitan_department,Metropolitan department,Creuse,,Creuse,true,ISO_3166_2,https://www.iso.org/obp/ui/#search,ISO 3166-2 subdivisions via pycountry/isocodes,REFERENCE_DATA_IMPORTED,NEEDS_AR_TRANSLATION,2026-08-05,Administrative subdivision only; cities are imported in later city files.
UPSERT,reg_fr_24,FR,FRA,France,فرنسا,French Republic,Europe,أوروبا,Western Europe,غرب أوروبا,FR-24,FR-NAQ,Nouvelle-Aquitaine,2,metropolitan_department,Metropolitan department,Dordogne,,Dordogne,true,ISO_3166_2,https://www.iso.org/obp/ui/#search,ISO 3166-2 subdivisions via pycountry/isocodes,REFERENCE_DATA_IMPORTED,NEEDS_AR_TRANSLATION,2026-08-05,Administrative subdivision only; cities are imported in later city files.
UPSERT,reg_fr_25,FR,FRA,France,فرنسا,French Republic,Europe,أوروبا,Western Europe,غرب أوروبا,FR-25,FR-BFC,Bourgogne-Franche-Comté,2,metropolitan_department,Metropolitan department,Doubs,,Doubs,true,ISO_3166_2,https://www.iso.org/obp/ui/#search,ISO 3166-2 subdivisions via pycountry/isocodes,REFERENCE_DATA_IMPORTED,NEEDS_AR_TRANSLATION,2026-08-05,Administrative subdivision only; cities are imported in later city files.
UPSERT,reg_fr_26,FR,FRA,France,فرنسا,French Republic,Europe,أوروبا,Western Europe,غرب أوروبا,FR-26,FR-ARA,Auvergne-Rhône-Alpes,2,metropolitan_department,Metropolitan department,Drôme,,Drôme,true,ISO_3166_2,https://www.iso.org/obp/ui/#search,ISO 3166-2 subdivisions via pycountry/isocodes,REFERENCE_DATA_IMPORTED,NEEDS_AR_TRANSLATION,2026-08-05,Administrative subdivision only; cities are imported in later city files.
UPSERT,reg_fr_27,FR,FRA,France,فرنسا,French Republic,Europe,أوروبا,Western Europe,غرب أوروبا,FR-27,FR-NOR,Normandie,2,metropolitan_department,Metropolitan department,Eure,,Eure,true,ISO_3166_2,https://www.iso.org/obp/ui/#search,ISO 3166-2 subdivisions via pycountry/isocodes,REFERENCE_DATA_IMPORTED,NEEDS_AR_TRANSLATION,2026-08-05,Administrative subdivision only; cities are imported in later city files.
UPSERT,reg_fr_28,FR,FRA,France,فرنسا,French Republic,Europe,أوروبا,Western Europe,غرب أوروبا,FR-28,FR-CVL,Centre-Val de Loire,2,metropolitan_department,Metropolitan department,Eure-et-Loir,,Eure-et-Loir,true,ISO_3166_2,https://www.iso.org/obp/ui/#search,ISO 3166-2 subdivisions via pycountry/isocodes,REFERENCE_DATA_IMPORTED,NEEDS_AR_TRANSLATION,2026-08-05,Administrative subdivision only; cities are imported in later city files.
UPSERT,reg_fr_29,FR,FRA,France,فرنسا,French Republic,Europe,أوروبا,Western Europe,غرب أوروبا,FR-29,FR-BRE,Bretagne,2,metropolitan_department,Metropolitan department,Finistère,,Finistère,true,ISO_3166_2,https://www.iso.org/obp/ui/#search,ISO 3166-2 subdivisions via pycountry/isocodes,REFERENCE_DATA_IMPORTED,NEEDS_AR_TRANSLATION,2026-08-05,Administrative subdivision only; cities are imported in later city files.
UPSERT,reg_fr_2a,FR,FRA,France,فرنسا,French Republic,Europe,أوروبا,Western Europe,غرب أوروبا,FR-2A,FR-20R,Corse,2,metropolitan_department,Metropolitan department,Corse-du-Sud,,Corse-du-Sud,true,ISO_3166_2,https://www.iso.org/obp/ui/#search,ISO 3166-2 subdivisions via pycountry/isocodes,REFERENCE_DATA_IMPORTED,NEEDS_AR_TRANSLATION,2026-08-05,Administrative subdivision only; cities are imported in later city files.
UPSERT,reg_fr_2b,FR,FRA,France,فرنسا,French Republic,Europe,أوروبا,Western Europe,غرب أوروبا,FR-2B,FR-20R,Corse,2,metropolitan_department,Metropolitan department,Haute-Corse,,Haute-Corse,true,ISO_3166_2,https://www.iso.org/obp/ui/#search,ISO 3166-2 subdivisions via pycountry/isocodes,REFERENCE_DATA_IMPORTED,NEEDS_AR_TRANSLATION,2026-08-05,Administrative subdivision only; cities are imported in later city files.
UPSERT,reg_fr_30,FR,FRA,France,فرنسا,French Republic,Europe,أوروبا,Western Europe,غرب أوروبا,FR-30,FR-OCC,Occitanie,2,metropolitan_department,Metropolitan department,Gard,,Gard,true,ISO_3166_2,https://www.iso.org/obp/ui/#search,ISO 3166-2 subdivisions via pycountry/isocodes,REFERENCE_DATA_IMPORTED,NEEDS_AR_TRANSLATION,2026-08-05,Administrative subdivision only; cities are imported in later city files.
UPSERT,reg_fr_31,FR,FRA,France,فرنسا,French Republic,Europe,أوروبا,Western Europe,غرب أوروبا,FR-31,FR-OCC,Occitanie,2,metropolitan_department,Metropolitan department,Haute-Garonne,,Haute-Garonne,true,ISO_3166_2,https://www.iso.org/obp/ui/#search,ISO 3166-2 subdivisions via pycountry/isocodes,REFERENCE_DATA_IMPORTED,NEEDS_AR_TRANSLATION,2026-08-05,Administrative subdivision only; cities are imported in later city files.
UPSERT,reg_fr_32,FR,FRA,France,فرنسا,French Republic,Europe,أوروبا,Western Europe,غرب أوروبا,FR-32,FR-OCC,Occitanie,2,metropolitan_department,Metropolitan department,Gers,,Gers,true,ISO_3166_2,https://www.iso.org/obp/ui/#search,ISO 3166-2 subdivisions via pycountry/isocodes,REFERENCE_DATA_IMPORTED,NEEDS_AR_TRANSLATION,2026-08-05,Administrative subdivision only; cities are imported in later city files.
UPSERT,reg_fr_33,FR,FRA,France,فرنسا,French Republic,Europe,أوروبا,Western Europe,غرب أوروبا,FR-33,FR-NAQ,Nouvelle-Aquitaine,2,metropolitan_department,Metropolitan department,Gironde,,Gironde,true,ISO_3166_2,https://www.iso.org/obp/ui/#search,ISO 3166-2 subdivisions via pycountry/isocodes,REFERENCE_DATA_IMPORTED,NEEDS_AR_TRANSLATION,2026-08-05,Administrative subdivision only; cities are imported in later city files.
UPSERT,reg_fr_34,FR,FRA,France,فرنسا,French Republic,Europe,أوروبا,Western Europe,غرب أوروبا,FR-34,FR-OCC,Occitanie,2,metropolitan_department,Metropolitan department,Hérault,,Hérault,true,ISO_3166_2,https://www.iso.org/obp/ui/#search,ISO 3166-2 subdivisions via pycountry/isocodes,REFERENCE_DATA_IMPORTED,NEEDS_AR_TRANSLATION,2026-08-05,Administrative subdivision only; cities are imported in later city files.
UPSERT,reg_fr_35,FR,FRA,France,فرنسا,French Republic,Europe,أوروبا,Western Europe,غرب أوروبا,FR-35,FR-BRE,Bretagne,2,metropolitan_department,Metropolitan department,Ille-et-Vilaine,,Ille-et-Vilaine,true,ISO_3166_2,https://www.iso.org/obp/ui/#search,ISO 3166-2 subdivisions via pycountry/isocodes,REFERENCE_DATA_IMPORTED,NEEDS_AR_TRANSLATION,2026-08-05,Administrative subdivision only; cities are imported in later city files.
UPSERT,reg_fr_36,FR,FRA,France,فرنسا,French Republic,Europe,أوروبا,Western Europe,غرب أوروبا,FR-36,FR-CVL,Centre-Val de Loire,2,metropolitan_department,Metropolitan department,Indre,,Indre,true,ISO_3166_2,https://www.iso.org/obp/ui/#search,ISO 3166-2 subdivisions via pycountry/isocodes,REFERENCE_DATA_IMPORTED,NEEDS_AR_TRANSLATION,2026-08-05,Administrative subdivision only; cities are imported in later city files.
UPSERT,reg_fr_37,FR,FRA,France,فرنسا,French Republic,Europe,أوروبا,Western Europe,غرب أوروبا,FR-37,FR-CVL,Centre-Val de Loire,2,metropolitan_department,Metropolitan department,Indre-et-Loire,,Indre-et-Loire,true,ISO_3166_2,https://www.iso.org/obp/ui/#search,ISO 3166-2 subdivisions via pycountry/isocodes,REFERENCE_DATA_IMPORTED,NEEDS_AR_TRANSLATION,2026-08-05,Administrative subdivision only; cities are imported in later city files.
UPSERT,reg_fr_38,FR,FRA,France,فرنسا,French Republic,Europe,أوروبا,Western Europe,غرب أوروبا,FR-38,FR-ARA,Auvergne-Rhône-Alpes,2,metropolitan_department,Metropolitan department,Isère,,Isère,true,ISO_3166_2,https://www.iso.org/obp/ui/#search,ISO 3166-2 subdivisions via pycountry/isocodes,REFERENCE_DATA_IMPORTED,NEEDS_AR_TRANSLATION,2026-08-05,Administrative subdivision only; cities are imported in later city files.
UPSERT,reg_fr_39,FR,FRA,France,فرنسا,French Republic,Europe,أوروبا,Western Europe,غرب أوروبا,FR-39,FR-BFC,Bourgogne-Franche-Comté,2,metropolitan_department,Metropolitan department,Jura,,Jura,true,ISO_3166_2,https://www.iso.org/obp/ui/#search,ISO 3166-2 subdivisions via pycountry/isocodes,REFERENCE_DATA_IMPORTED,NEEDS_AR_TRANSLATION,2026-08-05,Administrative subdivision only; cities are imported in later city files.
UPSERT,reg_fr_40,FR,FRA,France,فرنسا,French Republic,Europe,أوروبا,Western Europe,غرب أوروبا,FR-40,FR-NAQ,Nouvelle-Aquitaine,2,metropolitan_department,Metropolitan department,Landes,,Landes,true,ISO_3166_2,https://www.iso.org/obp/ui/#search,ISO 3166-2 subdivisions via pycountry/isocodes,REFERENCE_DATA_IMPORTED,NEEDS_AR_TRANSLATION,2026-08-05,Administrative subdivision only; cities are imported in later city files.
UPSERT,reg_fr_41,FR,FRA,France,فرنسا,French Republic,Europe,أوروبا,Western Europe,غرب أوروبا,FR-41,FR-CVL,Centre-Val de Loire,2,metropolitan_department,Metropolitan department,Loir-et-Cher,,Loir-et-Cher,true,ISO_3166_2,https://www.iso.org/obp/ui/#search,ISO 3166-2 subdivisions via pycountry/isocodes,REFERENCE_DATA_IMPORTED,NEEDS_AR_TRANSLATION,2026-08-05,Administrative subdivision only; cities are imported in later city files.
UPSERT,reg_fr_42,FR,FRA,France,فرنسا,French Republic,Europe,أوروبا,Western Europe,غرب أوروبا,FR-42,FR-ARA,Auvergne-Rhône-Alpes,2,metropolitan_department,Metropolitan department,Loire,,Loire,true,ISO_3166_2,https://www.iso.org/obp/ui/#search,ISO 3166-2 subdivisions via pycountry/isocodes,REFERENCE_DATA_IMPORTED,NEEDS_AR_TRANSLATION,2026-08-05,Administrative subdivision only; cities are imported in later city files.
UPSERT,reg_fr_43,FR,FRA,France,فرنسا,French Republic,Europe,أوروبا,Western Europe,غرب أوروبا,FR-43,FR-ARA,Auvergne-Rhône-Alpes,2,metropolitan_department,Metropolitan department,Haute-Loire,,Haute-Loire,true,ISO_3166_2,https://www.iso.org/obp/ui/#search,ISO 3166-2 subdivisions via pycountry/isocodes,REFERENCE_DATA_IMPORTED,NEEDS_AR_TRANSLATION,2026-08-05,Administrative subdivision only; cities are imported in later city files.
UPSERT,reg_fr_44,FR,FRA,France,فرنسا,French Republic,Europe,أوروبا,Western Europe,غرب أوروبا,FR-44,FR-PDL,Pays-de-la-Loire,2,metropolitan_department,Metropolitan department,Loire-Atlantique,,Loire-Atlantique,true,ISO_3166_2,https://www.iso.org/obp/ui/#search,ISO 3166-2 subdivisions via pycountry/isocodes,REFERENCE_DATA_IMPORTED,NEEDS_AR_TRANSLATION,2026-08-05,Administrative subdivision only; cities are imported in later city files.
UPSERT,reg_fr_45,FR,FRA,France,فرنسا,French Republic,Europe,أوروبا,Western Europe,غرب أوروبا,FR-45,FR-CVL,Centre-Val de Loire,2,metropolitan_department,Metropolitan department,Loiret,,Loiret,true,ISO_3166_2,https://www.iso.org/obp/ui/#search,ISO 3166-2 subdivisions via pycountry/isocodes,REFERENCE_DATA_IMPORTED,NEEDS_AR_TRANSLATION,2026-08-05,Administrative subdivision only; cities are imported in later city files.
UPSERT,reg_fr_46,FR,FRA,France,فرنسا,French Republic,Europe,أوروبا,Western Europe,غرب أوروبا,FR-46,FR-OCC,Occitanie,2,metropolitan_department,Metropolitan department,Lot,,Lot,true,ISO_3166_2,https://www.iso.org/obp/ui/#search,ISO 3166-2 subdivisions via pycountry/isocodes,REFERENCE_DATA_IMPORTED,NEEDS_AR_TRANSLATION,2026-08-05,Administrative subdivision only; cities are imported in later city files.
UPSERT,reg_fr_47,FR,FRA,France,فرنسا,French Republic,Europe,أوروبا,Western Europe,غرب أوروبا,FR-47,FR-NAQ,Nouvelle-Aquitaine,2,metropolitan_department,Metropolitan department,Lot-et-Garonne,,Lot-et-Garonne,true,ISO_3166_2,https://www.iso.org/obp/ui/#search,ISO 3166-2 subdivisions via pycountry/isocodes,REFERENCE_DATA_IMPORTED,NEEDS_AR_TRANSLATION,2026-08-05,Administrative subdivision only; cities are imported in later city files.
UPSERT,reg_fr_48,FR,FRA,France,فرنسا,French Republic,Europe,أوروبا,Western Europe,غرب أوروبا,FR-48,FR-OCC,Occitanie,2,metropolitan_department,Metropolitan department,Lozère,,Lozère,true,ISO_3166_2,https://www.iso.org/obp/ui/#search,ISO 3166-2 subdivisions via pycountry/isocodes,REFERENCE_DATA_IMPORTED,NEEDS_AR_TRANSLATION,2026-08-05,Administrative subdivision only; cities are imported in later city files.
UPSERT,reg_fr_49,FR,FRA,France,فرنسا,French Republic,Europe,أوروبا,Western Europe,غرب أوروبا,FR-49,FR-PDL,Pays-de-la-Loire,2,metropolitan_department,Metropolitan department,Maine-et-Loire,,Maine-et-Loire,true,ISO_3166_2,https://www.iso.org/obp/ui/#search,ISO 3166-2 subdivisions via pycountry/isocodes,REFERENCE_DATA_IMPORTED,NEEDS_AR_TRANSLATION,2026-08-05,Administrative subdivision only; cities are imported in later city files.
UPSERT,reg_fr_50,FR,FRA,France,فرنسا,French Republic,Europe,أوروبا,Western Europe,غرب أوروبا,FR-50,FR-NOR,Normandie,2,metropolitan_department,Metropolitan department,Manche,,Manche,true,ISO_3166_2,https://www.iso.org/obp/ui/#search,ISO 3166-2 subdivisions via pycountry/isocodes,REFERENCE_DATA_IMPORTED,NEEDS_AR_TRANSLATION,2026-08-05,Administrative subdivision only; cities are imported in later city files.
UPSERT,reg_fr_51,FR,FRA,France,فرنسا,French Republic,Europe,أوروبا,Western Europe,غرب أوروبا,FR-51,FR-GES,Grand-Est,2,metropolitan_department,Metropolitan department,Marne,,Marne,true,ISO_3166_2,https://www.iso.org/obp/ui/#search,ISO 3166-2 subdivisions via pycountry/isocodes,REFERENCE_DATA_IMPORTED,NEEDS_AR_TRANSLATION,2026-08-05,Administrative subdivision only; cities are imported in later city files.
UPSERT,reg_fr_52,FR,FRA,France,فرنسا,French Republic,Europe,أوروبا,Western Europe,غرب أوروبا,FR-52,FR-GES,Grand-Est,2,metropolitan_department,Metropolitan department,Haute-Marne,,Haute-Marne,true,ISO_3166_2,https://www.iso.org/obp/ui/#search,ISO 3166-2 subdivisions via pycountry/isocodes,REFERENCE_DATA_IMPORTED,NEEDS_AR_TRANSLATION,2026-08-05,Administrative subdivision only; cities are imported in later city files.
UPSERT,reg_fr_53,FR,FRA,France,فرنسا,French Republic,Europe,أوروبا,Western Europe,غرب أوروبا,FR-53,FR-PDL,Pays-de-la-Loire,2,metropolitan_department,Metropolitan department,Mayenne,,Mayenne,true,ISO_3166_2,https://www.iso.org/obp/ui/#search,ISO 3166-2 subdivisions via pycountry/isocodes,REFERENCE_DATA_IMPORTED,NEEDS_AR_TRANSLATION,2026-08-05,Administrative subdivision only; cities are imported in later city files.
UPSERT,reg_fr_54,FR,FRA,France,فرنسا,French Republic,Europe,أوروبا,Western Europe,غرب أوروبا,FR-54,FR-GES,Grand-Est,2,metropolitan_department,Metropolitan department,Meurthe-et-Moselle,,Meurthe-et-Moselle,true,ISO_3166_2,https://www.iso.org/obp/ui/#search,ISO 3166-2 subdivisions via pycountry/isocodes,REFERENCE_DATA_IMPORTED,NEEDS_AR_TRANSLATION,2026-08-05,Administrative subdivision only; cities are imported in later city files.
UPSERT,reg_fr_55,FR,FRA,France,فرنسا,French Republic,Europe,أوروبا,Western Europe,غرب أوروبا,FR-55,FR-GES,Grand-Est,2,metropolitan_department,Metropolitan department,Meuse,,Meuse,true,ISO_3166_2,https://www.iso.org/obp/ui/#search,ISO 3166-2 subdivisions via pycountry/isocodes,REFERENCE_DATA_IMPORTED,NEEDS_AR_TRANSLATION,2026-08-05,Administrative subdivision only; cities are imported in later city files.
UPSERT,reg_fr_56,FR,FRA,France,فرنسا,French Republic,Europe,أوروبا,Western Europe,غرب أوروبا,FR-56,FR-BRE,Bretagne,2,metropolitan_department,Metropolitan department,Morbihan,,Morbihan,true,ISO_3166_2,https://www.iso.org/obp/ui/#search,ISO 3166-2 subdivisions via pycountry/isocodes,REFERENCE_DATA_IMPORTED,NEEDS_AR_TRANSLATION,2026-08-05,Administrative subdivision only; cities are imported in later city files.
UPSERT,reg_fr_57,FR,FRA,France,فرنسا,French Republic,Europe,أوروبا,Western Europe,غرب أوروبا,FR-57,FR-GES,Grand-Est,2,metropolitan_department,Metropolitan department,Moselle,,Moselle,true,ISO_3166_2,https://www.iso.org/obp/ui/#search,ISO 3166-2 subdivisions via pycountry/isocodes,REFERENCE_DATA_IMPORTED,NEEDS_AR_TRANSLATION,2026-08-05,Administrative subdivision only; cities are imported in later city files.
UPSERT,reg_fr_58,FR,FRA,France,فرنسا,French Republic,Europe,أوروبا,Western Europe,غرب أوروبا,FR-58,FR-BFC,Bourgogne-Franche-Comté,2,metropolitan_department,Metropolitan department,Nièvre,,Nièvre,true,ISO_3166_2,https://www.iso.org/obp/ui/#search,ISO 3166-2 subdivisions via pycountry/isocodes,REFERENCE_DATA_IMPORTED,NEEDS_AR_TRANSLATION,2026-08-05,Administrative subdivision only; cities are imported in later city files.
UPSERT,reg_fr_59,FR,FRA,France,فرنسا,French Republic,Europe,أوروبا,Western Europe,غرب أوروبا,FR-59,FR-HDF,Hauts-de-France,2,metropolitan_department,Metropolitan department,Nord,,Nord,true,ISO_3166_2,https://www.iso.org/obp/ui/#search,ISO 3166-2 subdivisions via pycountry/isocodes,REFERENCE_DATA_IMPORTED,NEEDS_AR_TRANSLATION,2026-08-05,Administrative subdivision only; cities are imported in later city files.
UPSERT,reg_fr_60,FR,FRA,France,فرنسا,French Republic,Europe,أوروبا,Western Europe,غرب أوروبا,FR-60,FR-HDF,Hauts-de-France,2,metropolitan_department,Metropolitan department,Oise,,Oise,true,ISO_3166_2,https://www.iso.org/obp/ui/#search,ISO 3166-2 subdivisions via pycountry/isocodes,REFERENCE_DATA_IMPORTED,NEEDS_AR_TRANSLATION,2026-08-05,Administrative subdivision only; cities are imported in later city files.
UPSERT,reg_fr_61,FR,FRA,France,فرنسا,French Republic,Europe,أوروبا,Western Europe,غرب أوروبا,FR-61,FR-NOR,Normandie,2,metropolitan_department,Metropolitan department,Orne,,Orne,true,ISO_3166_2,https://www.iso.org/obp/ui/#search,ISO 3166-2 subdivisions via pycountry/isocodes,REFERENCE_DATA_IMPORTED,NEEDS_AR_TRANSLATION,2026-08-05,Administrative subdivision only; cities are imported in later city files.
UPSERT,reg_fr_62,FR,FRA,France,فرنسا,French Republic,Europe,أوروبا,Western Europe,غرب أوروبا,FR-62,FR-HDF,Hauts-de-France,2,metropolitan_department,Metropolitan department,Pas-de-Calais,,Pas-de-Calais,true,ISO_3166_2,https://www.iso.org/obp/ui/#search,ISO 3166-2 subdivisions via pycountry/isocodes,REFERENCE_DATA_IMPORTED,NEEDS_AR_TRANSLATION,2026-08-05,Administrative subdivision only; cities are imported in later city files.
UPSERT,reg_fr_63,FR,FRA,France,فرنسا,French Republic,Europe,أوروبا,Western Europe,غرب أوروبا,FR-63,FR-ARA,Auvergne-Rhône-Alpes,2,metropolitan_department,Metropolitan department,Puy-de-Dôme,,Puy-de-Dôme,true,ISO_3166_2,https://www.iso.org/obp/ui/#search,ISO 3166-2 subdivisions via pycountry/isocodes,REFERENCE_DATA_IMPORTED,NEEDS_AR_TRANSLATION,2026-08-05,Administrative subdivision only; cities are imported in later city files.
UPSERT,reg_fr_64,FR,FRA,France,فرنسا,French Republic,Europe,أوروبا,Western Europe,غرب أوروبا,FR-64,FR-NAQ,Nouvelle-Aquitaine,2,metropolitan_department,Metropolitan department,Pyrénées-Atlantiques,,Pyrénées-Atlantiques,true,ISO_3166_2,https://www.iso.org/obp/ui/#search,ISO 3166-2 subdivisions via pycountry/isocodes,REFERENCE_DATA_IMPORTED,NEEDS_AR_TRANSLATION,2026-08-05,Administrative subdivision only; cities are imported in later city files.
UPSERT,reg_fr_65,FR,FRA,France,فرنسا,French Republic,Europe,أوروبا,Western Europe,غرب أوروبا,FR-65,FR-OCC,Occitanie,2,metropolitan_department,Metropolitan department,Hautes-Pyrénées,,Hautes-Pyrénées,true,ISO_3166_2,https://www.iso.org/obp/ui/#search,ISO 3166-2 subdivisions via pycountry/isocodes,REFERENCE_DATA_IMPORTED,NEEDS_AR_TRANSLATION,2026-08-05,Administrative subdivision only; cities are imported in later city files.
UPSERT,reg_fr_66,FR,FRA,France,فرنسا,French Republic,Europe,أوروبا,Western Europe,غرب أوروبا,FR-66,FR-OCC,Occitanie,2,metropolitan_department,Metropolitan department,Pyrénées-Orientales,,Pyrénées-Orientales,true,ISO_3166_2,https://www.iso.org/obp/ui/#search,ISO 3166-2 subdivisions via pycountry/isocodes,REFERENCE_DATA_IMPORTED,NEEDS_AR_TRANSLATION,2026-08-05,Administrative subdivision only; cities are imported in later city files.
UPSERT,reg_fr_67,FR,FRA,France,فرنسا,French Republic,Europe,أوروبا,Western Europe,غرب أوروبا,FR-67,FR-6AE,Alsace,3,metropolitan_department,Metropolitan department,Bas-Rhin,,Bas-Rhin,true,ISO_3166_2,https://www.iso.org/obp/ui/#search,ISO 3166-2 subdivisions via pycountry/isocodes,REFERENCE_DATA_IMPORTED,NEEDS_AR_TRANSLATION,2026-08-05,Administrative subdivision only; cities are imported in later city files.
UPSERT,reg_fr_68,FR,FRA,France,فرنسا,French Republic,Europe,أوروبا,Western Europe,غرب أوروبا,FR-68,FR-6AE,Alsace,3,metropolitan_department,Metropolitan department,Haut-Rhin,,Haut-Rhin,true,ISO_3166_2,https://www.iso.org/obp/ui/#search,ISO 3166-2 subdivisions via pycountry/isocodes,REFERENCE_DATA_IMPORTED,NEEDS_AR_TRANSLATION,2026-08-05,Administrative subdivision only; cities are imported in later city files.
UPSERT,reg_fr_69,FR,FRA,France,فرنسا,French Republic,Europe,أوروبا,Western Europe,غرب أوروبا,FR-69,FR-ARA,Auvergne-Rhône-Alpes,2,metropolitan_department,Metropolitan department,Rhône,,Rhône,true,ISO_3166_2,https://www.iso.org/obp/ui/#search,ISO 3166-2 subdivisions via pycountry/isocodes,REFERENCE_DATA_IMPORTED,NEEDS_AR_TRANSLATION,2026-08-05,Administrative subdivision only; cities are imported in later city files.
UPSERT,reg_fr_69m,FR,FRA,France,فرنسا,French Republic,Europe,أوروبا,Western Europe,غرب أوروبا,FR-69M,FR-ARA,Auvergne-Rhône-Alpes,2,metropolitan_collectivity_with_special_status,Metropolitan collectivity with special status,Métropole de Lyon,,Métropole de Lyon,true,ISO_3166_2,https://www.iso.org/obp/ui/#search,ISO 3166-2 subdivisions via pycountry/isocodes,REFERENCE_DATA_IMPORTED,NEEDS_AR_TRANSLATION,2026-08-05,Administrative subdivision only; cities are imported in later city files.
UPSERT,reg_fr_6ae,FR,FRA,France,فرنسا,French Republic,Europe,أوروبا,Western Europe,غرب أوروبا,FR-6AE,FR-GES,Grand-Est,2,european_collectivity,European collectivity,Alsace,,Alsace,true,ISO_3166_2,https://www.iso.org/obp/ui/#search,ISO 3166-2 subdivisions via pycountry/isocodes,REFERENCE_DATA_IMPORTED,NEEDS_AR_TRANSLATION,2026-08-05,Administrative subdivision only; cities are imported in later city files.
UPSERT,reg_fr_70,FR,FRA,France,فرنسا,French Republic,Europe,أوروبا,Western Europe,غرب أوروبا,FR-70,FR-BFC,Bourgogne-Franche-Comté,2,metropolitan_department,Metropolitan department,Haute-Saône,,Haute-Saône,true,ISO_3166_2,https://www.iso.org/obp/ui/#search,ISO 3166-2 subdivisions via pycountry/isocodes,REFERENCE_DATA_IMPORTED,NEEDS_AR_TRANSLATION,2026-08-05,Administrative subdivision only; cities are imported in later city files.
UPSERT,reg_fr_71,FR,FRA,France,فرنسا,French Republic,Europe,أوروبا,Western Europe,غرب أوروبا,FR-71,FR-BFC,Bourgogne-Franche-Comté,2,metropolitan_department,Metropolitan department,Saône-et-Loire,,Saône-et-Loire,true,ISO_3166_2,https://www.iso.org/obp/ui/#search,ISO 3166-2 subdivisions via pycountry/isocodes,REFERENCE_DATA_IMPORTED,NEEDS_AR_TRANSLATION,2026-08-05,Administrative subdivision only; cities are imported in later city files.
UPSERT,reg_fr_72,FR,FRA,France,فرنسا,French Republic,Europe,أوروبا,Western Europe,غرب أوروبا,FR-72,FR-PDL,Pays-de-la-Loire,2,metropolitan_department,Metropolitan department,Sarthe,,Sarthe,true,ISO_3166_2,https://www.iso.org/obp/ui/#search,ISO 3166-2 subdivisions via pycountry/isocodes,REFERENCE_DATA_IMPORTED,NEEDS_AR_TRANSLATION,2026-08-05,Administrative subdivision only; cities are imported in later city files.
UPSERT,reg_fr_73,FR,FRA,France,فرنسا,French Republic,Europe,أوروبا,Western Europe,غرب أوروبا,FR-73,FR-ARA,Auvergne-Rhône-Alpes,2,metropolitan_department,Metropolitan department,Savoie,,Savoie,true,ISO_3166_2,https://www.iso.org/obp/ui/#search,ISO 3166-2 subdivisions via pycountry/isocodes,REFERENCE_DATA_IMPORTED,NEEDS_AR_TRANSLATION,2026-08-05,Administrative subdivision only; cities are imported in later city files.
UPSERT,reg_fr_74,FR,FRA,France,فرنسا,French Republic,Europe,أوروبا,Western Europe,غرب أوروبا,FR-74,FR-ARA,Auvergne-Rhône-Alpes,2,metropolitan_department,Metropolitan department,Haute-Savoie,,Haute-Savoie,true,ISO_3166_2,https://www.iso.org/obp/ui/#search,ISO 3166-2 subdivisions via pycountry/isocodes,REFERENCE_DATA_IMPORTED,NEEDS_AR_TRANSLATION,2026-08-05,Administrative subdivision only; cities are imported in later city files.
UPSERT,reg_fr_75c,FR,FRA,France,فرنسا,French Republic,Europe,أوروبا,Western Europe,غرب أوروبا,FR-75C,FR-IDF,Île-de-France,2,metropolitan_collectivity_with_special_status,Metropolitan collectivity with special status,Paris,,Paris,true,ISO_3166_2,https://www.iso.org/obp/ui/#search,ISO 3166-2 subdivisions via pycountry/isocodes,REFERENCE_DATA_IMPORTED,NEEDS_AR_TRANSLATION,2026-08-05,Administrative subdivision only; cities are imported in later city files.
UPSERT,reg_fr_76,FR,FRA,France,فرنسا,French Republic,Europe,أوروبا,Western Europe,غرب أوروبا,FR-76,FR-NOR,Normandie,2,metropolitan_department,Metropolitan department,Seine-Maritime,,Seine-Maritime,true,ISO_3166_2,https://www.iso.org/obp/ui/#search,ISO 3166-2 subdivisions via pycountry/isocodes,REFERENCE_DATA_IMPORTED,NEEDS_AR_TRANSLATION,2026-08-05,Administrative subdivision only; cities are imported in later city files.
UPSERT,reg_fr_77,FR,FRA,France,فرنسا,French Republic,Europe,أوروبا,Western Europe,غرب أوروبا,FR-77,FR-IDF,Île-de-France,2,metropolitan_department,Metropolitan department,Seine-et-Marne,,Seine-et-Marne,true,ISO_3166_2,https://www.iso.org/obp/ui/#search,ISO 3166-2 subdivisions via pycountry/isocodes,REFERENCE_DATA_IMPORTED,NEEDS_AR_TRANSLATION,2026-08-05,Administrative subdivision only; cities are imported in later city files.
UPSERT,reg_fr_78,FR,FRA,France,فرنسا,French Republic,Europe,أوروبا,Western Europe,غرب أوروبا,FR-78,FR-IDF,Île-de-France,2,metropolitan_department,Metropolitan department,Yvelines,,Yvelines,true,ISO_3166_2,https://www.iso.org/obp/ui/#search,ISO 3166-2 subdivisions via pycountry/isocodes,REFERENCE_DATA_IMPORTED,NEEDS_AR_TRANSLATION,2026-08-05,Administrative subdivision only; cities are imported in later city files.
UPSERT,reg_fr_79,FR,FRA,France,فرنسا,French Republic,Europe,أوروبا,Western Europe,غرب أوروبا,FR-79,FR-NAQ,Nouvelle-Aquitaine,2,metropolitan_department,Metropolitan department,Deux-Sèvres,,Deux-Sèvres,true,ISO_3166_2,https://www.iso.org/obp/ui/#search,ISO 3166-2 subdivisions via pycountry/isocodes,REFERENCE_DATA_IMPORTED,NEEDS_AR_TRANSLATION,2026-08-05,Administrative subdivision only; cities are imported in later city files.
UPSERT,reg_fr_80,FR,FRA,France,فرنسا,French Republic,Europe,أوروبا,Western Europe,غرب أوروبا,FR-80,FR-HDF,Hauts-de-France,2,metropolitan_department,Metropolitan department,Somme,,Somme,true,ISO_3166_2,https://www.iso.org/obp/ui/#search,ISO 3166-2 subdivisions via pycountry/isocodes,REFERENCE_DATA_IMPORTED,NEEDS_AR_TRANSLATION,2026-08-05,Administrative subdivision only; cities are imported in later city files.
UPSERT,reg_fr_81,FR,FRA,France,فرنسا,French Republic,Europe,أوروبا,Western Europe,غرب أوروبا,FR-81,FR-OCC,Occitanie,2,metropolitan_department,Metropolitan department,Tarn,,Tarn,true,ISO_3166_2,https://www.iso.org/obp/ui/#search,ISO 3166-2 subdivisions via pycountry/isocodes,REFERENCE_DATA_IMPORTED,NEEDS_AR_TRANSLATION,2026-08-05,Administrative subdivision only; cities are imported in later city files.
UPSERT,reg_fr_82,FR,FRA,France,فرنسا,French Republic,Europe,أوروبا,Western Europe,غرب أوروبا,FR-82,FR-OCC,Occitanie,2,metropolitan_department,Metropolitan department,Tarn-et-Garonne,,Tarn-et-Garonne,true,ISO_3166_2,https://www.iso.org/obp/ui/#search,ISO 3166-2 subdivisions via pycountry/isocodes,REFERENCE_DATA_IMPORTED,NEEDS_AR_TRANSLATION,2026-08-05,Administrative subdivision only; cities are imported in later city files.
UPSERT,reg_fr_83,FR,FRA,France,فرنسا,French Republic,Europe,أوروبا,Western Europe,غرب أوروبا,FR-83,FR-PAC,Provence-Alpes-Côte-d’Azur,2,metropolitan_department,Metropolitan department,Var,,Var,true,ISO_3166_2,https://www.iso.org/obp/ui/#search,ISO 3166-2 subdivisions via pycountry/isocodes,REFERENCE_DATA_IMPORTED,NEEDS_AR_TRANSLATION,2026-08-05,Administrative subdivision only; cities are imported in later city files.
UPSERT,reg_fr_84,FR,FRA,France,فرنسا,French Republic,Europe,أوروبا,Western Europe,غرب أوروبا,FR-84,FR-PAC,Provence-Alpes-Côte-d’Azur,2,metropolitan_department,Metropolitan department,Vaucluse,,Vaucluse,true,ISO_3166_2,https://www.iso.org/obp/ui/#search,ISO 3166-2 subdivisions via pycountry/isocodes,REFERENCE_DATA_IMPORTED,NEEDS_AR_TRANSLATION,2026-08-05,Administrative subdivision only; cities are imported in later city files.
UPSERT,reg_fr_85,FR,FRA,France,فرنسا,French Republic,Europe,أوروبا,Western Europe,غرب أوروبا,FR-85,FR-PDL,Pays-de-la-Loire,2,metropolitan_department,Metropolitan department,Vendée,,Vendée,true,ISO_3166_2,https://www.iso.org/obp/ui/#search,ISO 3166-2 subdivisions via pycountry/isocodes,REFERENCE_DATA_IMPORTED,NEEDS_AR_TRANSLATION,2026-08-05,Administrative subdivision only; cities are imported in later city files.
UPSERT,reg_fr_86,FR,FRA,France,فرنسا,French Republic,Europe,أوروبا,Western Europe,غرب أوروبا,FR-86,FR-NAQ,Nouvelle-Aquitaine,2,metropolitan_department,Metropolitan department,Vienne,,Vienne,true,ISO_3166_2,https://www.iso.org/obp/ui/#search,ISO 3166-2 subdivisions via pycountry/isocodes,REFERENCE_DATA_IMPORTED,NEEDS_AR_TRANSLATION,2026-08-05,Administrative subdivision only; cities are imported in later city files.
UPSERT,reg_fr_87,FR,FRA,France,فرنسا,French Republic,Europe,أوروبا,Western Europe,غرب أوروبا,FR-87,FR-NAQ,Nouvelle-Aquitaine,2,metropolitan_department,Metropolitan department,Haute-Vienne,,Haute-Vienne,true,ISO_3166_2,https://www.iso.org/obp/ui/#search,ISO 3166-2 subdivisions via pycountry/isocodes,REFERENCE_DATA_IMPORTED,NEEDS_AR_TRANSLATION,2026-08-05,Administrative subdivision only; cities are imported in later city files.
UPSERT,reg_fr_88,FR,FRA,France,فرنسا,French Republic,Europe,أوروبا,Western Europe,غرب أوروبا,FR-88,FR-GES,Grand-Est,2,metropolitan_department,Metropolitan department,Vosges,,Vosges,true,ISO_3166_2,https://www.iso.org/obp/ui/#search,ISO 3166-2 subdivisions via pycountry/isocodes,REFERENCE_DATA_IMPORTED,NEEDS_AR_TRANSLATION,2026-08-05,Administrative subdivision only; cities are imported in later city files.
UPSERT,reg_fr_89,FR,FRA,France,فرنسا,French Republic,Europe,أوروبا,Western Europe,غرب أوروبا,FR-89,FR-BFC,Bourgogne-Franche-Comté,2,metropolitan_department,Metropolitan department,Yonne,,Yonne,true,ISO_3166_2,https://www.iso.org/obp/ui/#search,ISO 3166-2 subdivisions via pycountry/isocodes,REFERENCE_DATA_IMPORTED,NEEDS_AR_TRANSLATION,2026-08-05,Administrative subdivision only; cities are imported in later city files.
UPSERT,reg_fr_90,FR,FRA,France,فرنسا,French Republic,Europe,أوروبا,Western Europe,غرب أوروبا,FR-90,FR-BFC,Bourgogne-Franche-Comté,2,metropolitan_department,Metropolitan department,Territoire de Belfort,,Territoire de Belfort,true,ISO_3166_2,https://www.iso.org/obp/ui/#search,ISO 3166-2 subdivisions via pycountry/isocodes,REFERENCE_DATA_IMPORTED,NEEDS_AR_TRANSLATION,2026-08-05,Administrative subdivision only; cities are imported in later city files.
UPSERT,reg_fr_91,FR,FRA,France,فرنسا,French Republic,Europe,أوروبا,Western Europe,غرب أوروبا,FR-91,FR-IDF,Île-de-France,2,metropolitan_department,Metropolitan department,Essonne,,Essonne,true,ISO_3166_2,https://www.iso.org/obp/ui/#search,ISO 3166-2 subdivisions via pycountry/isocodes,REFERENCE_DATA_IMPORTED,NEEDS_AR_TRANSLATION,2026-08-05,Administrative subdivision only; cities are imported in later city files.
UPSERT,reg_fr_92,FR,FRA,France,فرنسا,French Republic,Europe,أوروبا,Western Europe,غرب أوروبا,FR-92,FR-IDF,Île-de-France,2,metropolitan_department,Metropolitan department,Hauts-de-Seine,,Hauts-de-Seine,true,ISO_3166_2,https://www.iso.org/obp/ui/#search,ISO 3166-2 subdivisions via pycountry/isocodes,REFERENCE_DATA_IMPORTED,NEEDS_AR_TRANSLATION,2026-08-05,Administrative subdivision only; cities are imported in later city files.
UPSERT,reg_fr_93,FR,FRA,France,فرنسا,French Republic,Europe,أوروبا,Western Europe,غرب أوروبا,FR-93,FR-IDF,Île-de-France,2,metropolitan_department,Metropolitan department,Seine-Saint-Denis,,Seine-Saint-Denis,true,ISO_3166_2,https://www.iso.org/obp/ui/#search,ISO 3166-2 subdivisions via pycountry/isocodes,REFERENCE_DATA_IMPORTED,NEEDS_AR_TRANSLATION,2026-08-05,Administrative subdivision only; cities are imported in later city files.
UPSERT,reg_fr_94,FR,FRA,France,فرنسا,French Republic,Europe,أوروبا,Western Europe,غرب أوروبا,FR-94,FR-IDF,Île-de-France,2,metropolitan_department,Metropolitan department,Val-de-Marne,,Val-de-Marne,true,ISO_3166_2,https://www.iso.org/obp/ui/#search,ISO 3166-2 subdivisions via pycountry/isocodes,REFERENCE_DATA_IMPORTED,NEEDS_AR_TRANSLATION,2026-08-05,Administrative subdivision only; cities are imported in later city files.
UPSERT,reg_fr_95,FR,FRA,France,فرنسا,French Republic,Europe,أوروبا,Western Europe,غرب أوروبا,FR-95,FR-IDF,Île-de-France,2,metropolitan_department,Metropolitan department,Val-d'Oise,,Val-d'Oise,true,ISO_3166_2,https://www.iso.org/obp/ui/#search,ISO 3166-2 subdivisions via pycountry/isocodes,REFERENCE_DATA_IMPORTED,NEEDS_AR_TRANSLATION,2026-08-05,Administrative subdivision only; cities are imported in later city files.
UPSERT,reg_fr_971,FR,FRA,France,فرنسا,French Republic,Europe,أوروبا,Western Europe,غرب أوروبا,FR-971,,,1,overseas_departmental_collectivity,Overseas departmental collectivity,Guadeloupe,,Guadeloupe,true,ISO_3166_2,https://www.iso.org/obp/ui/#search,ISO 3166-2 subdivisions via pycountry/isocodes,REFERENCE_DATA_IMPORTED,NEEDS_AR_TRANSLATION,2026-08-05,Administrative subdivision only; cities are imported in later city files.
UPSERT,reg_fr_972,FR,FRA,France,فرنسا,French Republic,Europe,أوروبا,Western Europe,غرب أوروبا,FR-972,,,1,overseas_unique_territorial_collectivity,Overseas unique territorial collectivity,Martinique,,Martinique,true,ISO_3166_2,https://www.iso.org/obp/ui/#search,ISO 3166-2 subdivisions via pycountry/isocodes,REFERENCE_DATA_IMPORTED,NEEDS_AR_TRANSLATION,2026-08-05,Administrative subdivision only; cities are imported in later city files.
UPSERT,reg_fr_973,FR,FRA,France,فرنسا,French Republic,Europe,أوروبا,Western Europe,غرب أوروبا,FR-973,,,1,overseas_unique_territorial_collectivity,Overseas unique territorial collectivity,Guyane (française),,Guyane (française),true,ISO_3166_2,https://www.iso.org/obp/ui/#search,ISO 3166-2 subdivisions via pycountry/isocodes,REFERENCE_DATA_IMPORTED,NEEDS_AR_TRANSLATION,2026-08-05,Administrative subdivision only; cities are imported in later city files.
UPSERT,reg_fr_974,FR,FRA,France,فرنسا,French Republic,Europe,أوروبا,Western Europe,غرب أوروبا,FR-974,,,1,overseas_departmental_collectivity,Overseas departmental collectivity,La Réunion,,La Réunion,true,ISO_3166_2,https://www.iso.org/obp/ui/#search,ISO 3166-2 subdivisions via pycountry/isocodes,REFERENCE_DATA_IMPORTED,NEEDS_AR_TRANSLATION,2026-08-05,Administrative subdivision only; cities are imported in later city files.
UPSERT,reg_fr_976,FR,FRA,France,فرنسا,French Republic,Europe,أوروبا,Western Europe,غرب أوروبا,FR-976,,,1,overseas_departmental_collectivity,Overseas departmental collectivity,Mayotte,,Mayotte,true,ISO_3166_2,https://www.iso.org/obp/ui/#search,ISO 3166-2 subdivisions via pycountry/isocodes,REFERENCE_DATA_IMPORTED,NEEDS_AR_TRANSLATION,2026-08-05,Administrative subdivision only; cities are imported in later city files.
UPSERT,reg_fr_ara,FR,FRA,France,فرنسا,French Republic,Europe,أوروبا,Western Europe,غرب أوروبا,FR-ARA,,,1,metropolitan_region,Metropolitan region,Auvergne-Rhône-Alpes,,Auvergne-Rhône-Alpes,true,ISO_3166_2,https://www.iso.org/obp/ui/#search,ISO 3166-2 subdivisions via pycountry/isocodes,REFERENCE_DATA_IMPORTED,NEEDS_AR_TRANSLATION,2026-08-05,Administrative subdivision only; cities are imported in later city files.
UPSERT,reg_fr_bfc,FR,FRA,France,فرنسا,French Republic,Europe,أوروبا,Western Europe,غرب أوروبا,FR-BFC,,,1,metropolitan_region,Metropolitan region,Bourgogne-Franche-Comté,,Bourgogne-Franche-Comté,true,ISO_3166_2,https://www.iso.org/obp/ui/#search,ISO 3166-2 subdivisions via pycountry/isocodes,REFERENCE_DATA_IMPORTED,NEEDS_AR_TRANSLATION,2026-08-05,Administrative subdivision only; cities are imported in later city files.
UPSERT,reg_fr_bl,FR,FRA,France,فرنسا,French Republic,Europe,أوروبا,Western Europe,غرب أوروبا,FR-BL,,,1,overseas_collectivity,Overseas collectivity,Saint-Barthélemy,,Saint-Barthélemy,true,ISO_3166_2,https://www.iso.org/obp/ui/#search,ISO 3166-2 subdivisions via pycountry/isocodes,REFERENCE_DATA_IMPORTED,NEEDS_AR_TRANSLATION,2026-08-05,Administrative subdivision only; cities are imported in later city files.
UPSERT,reg_fr_bre,FR,FRA,France,فرنسا,French Republic,Europe,أوروبا,Western Europe,غرب أوروبا,FR-BRE,,,1,metropolitan_region,Metropolitan region,Bretagne,,Bretagne,true,ISO_3166_2,https://www.iso.org/obp/ui/#search,ISO 3166-2 subdivisions via pycountry/isocodes,REFERENCE_DATA_IMPORTED,NEEDS_AR_TRANSLATION,2026-08-05,Administrative subdivision only; cities are imported in later city files.
UPSERT,reg_fr_cp,FR,FRA,France,فرنسا,French Republic,Europe,أوروبا,Western Europe,غرب أوروبا,FR-CP,,,1,dependency,Dependency,Clipperton,,Clipperton,true,ISO_3166_2,https://www.iso.org/obp/ui/#search,ISO 3166-2 subdivisions via pycountry/isocodes,REFERENCE_DATA_IMPORTED,NEEDS_AR_TRANSLATION,2026-08-05,Administrative subdivision only; cities are imported in later city files.
UPSERT,reg_fr_cvl,FR,FRA,France,فرنسا,French Republic,Europe,أوروبا,Western Europe,غرب أوروبا,FR-CVL,,,1,metropolitan_region,Metropolitan region,Centre-Val de Loire,,Centre-Val de Loire,true,ISO_3166_2,https://www.iso.org/obp/ui/#search,ISO 3166-2 subdivisions via pycountry/isocodes,REFERENCE_DATA_IMPORTED,NEEDS_AR_TRANSLATION,2026-08-05,Administrative subdivision only; cities are imported in later city files.
UPSERT,reg_fr_ges,FR,FRA,France,فرنسا,French Republic,Europe,أوروبا,Western Europe,غرب أوروبا,FR-GES,,,1,metropolitan_region,Metropolitan region,Grand-Est,,Grand-Est,true,ISO_3166_2,https://www.iso.org/obp/ui/#search,ISO 3166-2 subdivisions via pycountry/isocodes,REFERENCE_DATA_IMPORTED,NEEDS_AR_TRANSLATION,2026-08-05,Administrative subdivision only; cities are imported in later city files.
UPSERT,reg_fr_hdf,FR,FRA,France,فرنسا,French Republic,Europe,أوروبا,Western Europe,غرب أوروبا,FR-HDF,,,1,metropolitan_region,Metropolitan region,Hauts-de-France,,Hauts-de-France,true,ISO_3166_2,https://www.iso.org/obp/ui/#search,ISO 3166-2 subdivisions via pycountry/isocodes,REFERENCE_DATA_IMPORTED,NEEDS_AR_TRANSLATION,2026-08-05,Administrative subdivision only; cities are imported in later city files.
UPSERT,reg_fr_idf,FR,FRA,France,فرنسا,French Republic,Europe,أوروبا,Western Europe,غرب أوروبا,FR-IDF,,,1,metropolitan_region,Metropolitan region,Île-de-France,,Île-de-France,true,ISO_3166_2,https://www.iso.org/obp/ui/#search,ISO 3166-2 subdivisions via pycountry/isocodes,REFERENCE_DATA_IMPORTED,NEEDS_AR_TRANSLATION,2026-08-05,Administrative subdivision only; cities are imported in later city files.
UPSERT,reg_fr_mf,FR,FRA,France,فرنسا,French Republic,Europe,أوروبا,Western Europe,غرب أوروبا,FR-MF,,,1,overseas_collectivity,Overseas collectivity,Saint-Martin,,Saint-Martin,true,ISO_3166_2,https://www.iso.org/obp/ui/#search,ISO 3166-2 subdivisions via pycountry/isocodes,REFERENCE_DATA_IMPORTED,NEEDS_AR_TRANSLATION,2026-08-05,Administrative subdivision only; cities are imported in later city files.
UPSERT,reg_fr_naq,FR,FRA,France,فرنسا,French Republic,Europe,أوروبا,Western Europe,غرب أوروبا,FR-NAQ,,,1,metropolitan_region,Metropolitan region,Nouvelle-Aquitaine,,Nouvelle-Aquitaine,true,ISO_3166_2,https://www.iso.org/obp/ui/#search,ISO 3166-2 subdivisions via pycountry/isocodes,REFERENCE_DATA_IMPORTED,NEEDS_AR_TRANSLATION,2026-08-05,Administrative subdivision only; cities are imported in later city files.
UPSERT,reg_fr_nc,FR,FRA,France,فرنسا,French Republic,Europe,أوروبا,Western Europe,غرب أوروبا,FR-NC,,,1,overseas_collectivity_with_special_status,Overseas collectivity with special status,Nouvelle-Calédonie,,Nouvelle-Calédonie,true,ISO_3166_2,https://www.iso.org/obp/ui/#search,ISO 3166-2 subdivisions via pycountry/isocodes,REFERENCE_DATA_IMPORTED,NEEDS_AR_TRANSLATION,2026-08-05,Administrative subdivision only; cities are imported in later city files.
UPSERT,reg_fr_nor,FR,FRA,France,فرنسا,French Republic,Europe,أوروبا,Western Europe,غرب أوروبا,FR-NOR,,,1,metropolitan_region,Metropolitan region,Normandie,,Normandie,true,ISO_3166_2,https://www.iso.org/obp/ui/#search,ISO 3166-2 subdivisions via pycountry/isocodes,REFERENCE_DATA_IMPORTED,NEEDS_AR_TRANSLATION,2026-08-05,Administrative subdivision only; cities are imported in later city files.
UPSERT,reg_fr_occ,FR,FRA,France,فرنسا,French Republic,Europe,أوروبا,Western Europe,غرب أوروبا,FR-OCC,,,1,metropolitan_region,Metropolitan region,Occitanie,,Occitanie,true,ISO_3166_2,https://www.iso.org/obp/ui/#search,ISO 3166-2 subdivisions via pycountry/isocodes,REFERENCE_DATA_IMPORTED,NEEDS_AR_TRANSLATION,2026-08-05,Administrative subdivision only; cities are imported in later city files.
UPSERT,reg_fr_pac,FR,FRA,France,فرنسا,French Republic,Europe,أوروبا,Western Europe,غرب أوروبا,FR-PAC,,,1,metropolitan_region,Metropolitan region,Provence-Alpes-Côte-d’Azur,,Provence-Alpes-Côte-d’Azur,true,ISO_3166_2,https://www.iso.org/obp/ui/#search,ISO 3166-2 subdivisions via pycountry/isocodes,REFERENCE_DATA_IMPORTED,NEEDS_AR_TRANSLATION,2026-08-05,Administrative subdivision only; cities are imported in later city files.
UPSERT,reg_fr_pdl,FR,FRA,France,فرنسا,French Republic,Europe,أوروبا,Western Europe,غرب أوروبا,FR-PDL,,,1,metropolitan_region,Metropolitan region,Pays-de-la-Loire,,Pays-de-la-Loire,true,ISO_3166_2,https://www.iso.org/obp/ui/#search,ISO 3166-2 subdivisions via pycountry/isocodes,REFERENCE_DATA_IMPORTED,NEEDS_AR_TRANSLATION,2026-08-05,Administrative subdivision only; cities are imported in later city files.
UPSERT,reg_fr_pf,FR,FRA,France,فرنسا,French Republic,Europe,أوروبا,Western Europe,غرب أوروبا,FR-PF,,,1,overseas_collectivity,Overseas collectivity,Polynésie française,,Polynésie française,true,ISO_3166_2,https://www.iso.org/obp/ui/#search,ISO 3166-2 subdivisions via pycountry/isocodes,REFERENCE_DATA_IMPORTED,NEEDS_AR_TRANSLATION,2026-08-05,Administrative subdivision only; cities are imported in later city files.
UPSERT,reg_fr_pm,FR,FRA,France,فرنسا,French Republic,Europe,أوروبا,Western Europe,غرب أوروبا,FR-PM,,,1,overseas_collectivity,Overseas collectivity,Saint-Pierre-et-Miquelon,,Saint-Pierre-et-Miquelon,true,ISO_3166_2,https://www.iso.org/obp/ui/#search,ISO 3166-2 subdivisions via pycountry/isocodes,REFERENCE_DATA_IMPORTED,NEEDS_AR_TRANSLATION,2026-08-05,Administrative subdivision only; cities are imported in later city files.
UPSERT,reg_fr_tf,FR,FRA,France,فرنسا,French Republic,Europe,أوروبا,Western Europe,غرب أوروبا,FR-TF,,,1,overseas_territory,Overseas territory,Terres australes françaises,,Terres australes françaises,true,ISO_3166_2,https://www.iso.org/obp/ui/#search,ISO 3166-2 subdivisions via pycountry/isocodes,REFERENCE_DATA_IMPORTED,NEEDS_AR_TRANSLATION,2026-08-05,Administrative subdivision only; cities are imported in later city files.
UPSERT,reg_fr_wf,FR,FRA,France,فرنسا,French Republic,Europe,أوروبا,Western Europe,غرب أوروبا,FR-WF,,,1,overseas_collectivity,Overseas collectivity,Wallis-et-Futuna,,Wallis-et-Futuna,true,ISO_3166_2,https://www.iso.org/obp/ui/#search,ISO 3166-2 subdivisions via pycountry/isocodes,REFERENCE_DATA_IMPORTED,NEEDS_AR_TRANSLATION,2026-08-05,Administrative subdivision only; cities are imported in later city files.
UPSERT,reg_gb_abc,GB,GBR,United Kingdom,المملكة المتحدة,United Kingdom of Great Britain and Northern Ireland,Europe,أوروبا,Northern Europe,شمال أوروبا,GB-ABC,GB-NIR,Northern Ireland,2,district,District,"Armagh City, Banbridge and Craigavon",,"Armagh City, Banbridge and Craigavon",true,ISO_3166_2,https://www.iso.org/obp/ui/#search,ISO 3166-2 subdivisions via pycountry/isocodes,REFERENCE_DATA_IMPORTED,NEEDS_AR_TRANSLATION,2026-08-05,Administrative subdivision only; cities are imported in later city files.
UPSERT,reg_gb_abd,GB,GBR,United Kingdom,المملكة المتحدة,United Kingdom of Great Britain and Northern Ireland,Europe,أوروبا,Northern Europe,شمال أوروبا,GB-ABD,GB-SCT,Scotland,2,council_area,Council area,Aberdeenshire,,Aberdeenshire,true,ISO_3166_2,https://www.iso.org/obp/ui/#search,ISO 3166-2 subdivisions via pycountry/isocodes,REFERENCE_DATA_IMPORTED,NEEDS_AR_TRANSLATION,2026-08-05,Administrative subdivision only; cities are imported in later city files.
UPSERT,reg_gb_abe,GB,GBR,United Kingdom,المملكة المتحدة,United Kingdom of Great Britain and Northern Ireland,Europe,أوروبا,Northern Europe,شمال أوروبا,GB-ABE,GB-SCT,Scotland,2,council_area,Council area,Aberdeen City,,Aberdeen City,true,ISO_3166_2,https://www.iso.org/obp/ui/#search,ISO 3166-2 subdivisions via pycountry/isocodes,REFERENCE_DATA_IMPORTED,NEEDS_AR_TRANSLATION,2026-08-05,Administrative subdivision only; cities are imported in later city files.
UPSERT,reg_gb_agb,GB,GBR,United Kingdom,المملكة المتحدة,United Kingdom of Great Britain and Northern Ireland,Europe,أوروبا,Northern Europe,شمال أوروبا,GB-AGB,GB-SCT,Scotland,2,council_area,Council area,Argyll and Bute,,Argyll and Bute,true,ISO_3166_2,https://www.iso.org/obp/ui/#search,ISO 3166-2 subdivisions via pycountry/isocodes,REFERENCE_DATA_IMPORTED,NEEDS_AR_TRANSLATION,2026-08-05,Administrative subdivision only; cities are imported in later city files.
UPSERT,reg_gb_agy,GB,GBR,United Kingdom,المملكة المتحدة,United Kingdom of Great Britain and Northern Ireland,Europe,أوروبا,Northern Europe,شمال أوروبا,GB-AGY,GB-WLS,Wales [Cymru GB-CYM],2,unitary_authority,Unitary authority,Isle of Anglesey [Sir Ynys Môn GB-YNM],,Isle of Anglesey [Sir Ynys Môn GB-YNM],true,ISO_3166_2,https://www.iso.org/obp/ui/#search,ISO 3166-2 subdivisions via pycountry/isocodes,REFERENCE_DATA_IMPORTED,NEEDS_AR_TRANSLATION,2026-08-05,Administrative subdivision only; cities are imported in later city files.
UPSERT,reg_gb_and,GB,GBR,United Kingdom,المملكة المتحدة,United Kingdom of Great Britain and Northern Ireland,Europe,أوروبا,Northern Europe,شمال أوروبا,GB-AND,GB-NIR,Northern Ireland,2,district,District,Ards and North Down,,Ards and North Down,true,ISO_3166_2,https://www.iso.org/obp/ui/#search,ISO 3166-2 subdivisions via pycountry/isocodes,REFERENCE_DATA_IMPORTED,NEEDS_AR_TRANSLATION,2026-08-05,Administrative subdivision only; cities are imported in later city files.
UPSERT,reg_gb_ann,GB,GBR,United Kingdom,المملكة المتحدة,United Kingdom of Great Britain and Northern Ireland,Europe,أوروبا,Northern Europe,شمال أوروبا,GB-ANN,GB-NIR,Northern Ireland,2,district,District,Antrim and Newtownabbey,,Antrim and Newtownabbey,true,ISO_3166_2,https://www.iso.org/obp/ui/#search,ISO 3166-2 subdivisions via pycountry/isocodes,REFERENCE_DATA_IMPORTED,NEEDS_AR_TRANSLATION,2026-08-05,Administrative subdivision only; cities are imported in later city files.
UPSERT,reg_gb_ans,GB,GBR,United Kingdom,المملكة المتحدة,United Kingdom of Great Britain and Northern Ireland,Europe,أوروبا,Northern Europe,شمال أوروبا,GB-ANS,GB-SCT,Scotland,2,council_area,Council area,Angus,,Angus,true,ISO_3166_2,https://www.iso.org/obp/ui/#search,ISO 3166-2 subdivisions via pycountry/isocodes,REFERENCE_DATA_IMPORTED,NEEDS_AR_TRANSLATION,2026-08-05,Administrative subdivision only; cities are imported in later city files.
UPSERT,reg_gb_bas,GB,GBR,United Kingdom,المملكة المتحدة,United Kingdom of Great Britain and Northern Ireland,Europe,أوروبا,Northern Europe,شمال أوروبا,GB-BAS,GB-ENG,England,2,unitary_authority,Unitary authority,Bath and North East Somerset,,Bath and North East Somerset,true,ISO_3166_2,https://www.iso.org/obp/ui/#search,ISO 3166-2 subdivisions via pycountry/isocodes,REFERENCE_DATA_IMPORTED,NEEDS_AR_TRANSLATION,2026-08-05,Administrative subdivision only; cities are imported in later city files.
UPSERT,reg_gb_bbd,GB,GBR,United Kingdom,المملكة المتحدة,United Kingdom of Great Britain and Northern Ireland,Europe,أوروبا,Northern Europe,شمال أوروبا,GB-BBD,GB-ENG,England,2,unitary_authority,Unitary authority,Blackburn with Darwen,,Blackburn with Darwen,true,ISO_3166_2,https://www.iso.org/obp/ui/#search,ISO 3166-2 subdivisions via pycountry/isocodes,REFERENCE_DATA_IMPORTED,NEEDS_AR_TRANSLATION,2026-08-05,Administrative subdivision only; cities are imported in later city files.
UPSERT,reg_gb_bcp,GB,GBR,United Kingdom,المملكة المتحدة,United Kingdom of Great Britain and Northern Ireland,Europe,أوروبا,Northern Europe,شمال أوروبا,GB-BCP,GB-ENG,England,2,unitary_authority,Unitary authority,"Bournemouth, Christchurch and Poole",,"Bournemouth, Christchurch and Poole",true,ISO_3166_2,https://www.iso.org/obp/ui/#search,ISO 3166-2 subdivisions via pycountry/isocodes,REFERENCE_DATA_IMPORTED,NEEDS_AR_TRANSLATION,2026-08-05,Administrative subdivision only; cities are imported in later city files.
UPSERT,reg_gb_bdf,GB,GBR,United Kingdom,المملكة المتحدة,United Kingdom of Great Britain and Northern Ireland,Europe,أوروبا,Northern Europe,شمال أوروبا,GB-BDF,GB-ENG,England,2,unitary_authority,Unitary authority,Bedford,,Bedford,true,ISO_3166_2,https://www.iso.org/obp/ui/#search,ISO 3166-2 subdivisions via pycountry/isocodes,REFERENCE_DATA_IMPORTED,NEEDS_AR_TRANSLATION,2026-08-05,Administrative subdivision only; cities are imported in later city files.
UPSERT,reg_gb_bdg,GB,GBR,United Kingdom,المملكة المتحدة,United Kingdom of Great Britain and Northern Ireland,Europe,أوروبا,Northern Europe,شمال أوروبا,GB-BDG,GB-ENG,England,2,london_borough,London borough,Barking and Dagenham,,Barking and Dagenham,true,ISO_3166_2,https://www.iso.org/obp/ui/#search,ISO 3166-2 subdivisions via pycountry/isocodes,REFERENCE_DATA_IMPORTED,NEEDS_AR_TRANSLATION,2026-08-05,Administrative subdivision only; cities are imported in later city files.
UPSERT,reg_gb_ben,GB,GBR,United Kingdom,المملكة المتحدة,United Kingdom of Great Britain and Northern Ireland,Europe,أوروبا,Northern Europe,شمال أوروبا,GB-BEN,GB-ENG,England,2,london_borough,London borough,Brent,,Brent,true,ISO_3166_2,https://www.iso.org/obp/ui/#search,ISO 3166-2 subdivisions via pycountry/isocodes,REFERENCE_DATA_IMPORTED,NEEDS_AR_TRANSLATION,2026-08-05,Administrative subdivision only; cities are imported in later city files.
UPSERT,reg_gb_bex,GB,GBR,United Kingdom,المملكة المتحدة,United Kingdom of Great Britain and Northern Ireland,Europe,أوروبا,Northern Europe,شمال أوروبا,GB-BEX,GB-ENG,England,2,london_borough,London borough,Bexley,,Bexley,true,ISO_3166_2,https://www.iso.org/obp/ui/#search,ISO 3166-2 subdivisions via pycountry/isocodes,REFERENCE_DATA_IMPORTED,NEEDS_AR_TRANSLATION,2026-08-05,Administrative subdivision only; cities are imported in later city files.
UPSERT,reg_gb_bfs,GB,GBR,United Kingdom,المملكة المتحدة,United Kingdom of Great Britain and Northern Ireland,Europe,أوروبا,Northern Europe,شمال أوروبا,GB-BFS,GB-NIR,Northern Ireland,2,district,District,Belfast City,,Belfast City,true,ISO_3166_2,https://www.iso.org/obp/ui/#search,ISO 3166-2 subdivisions via pycountry/isocodes,REFERENCE_DATA_IMPORTED,NEEDS_AR_TRANSLATION,2026-08-05,Administrative subdivision only; cities are imported in later city files.
UPSERT,reg_gb_bge,GB,GBR,United Kingdom,المملكة المتحدة,United Kingdom of Great Britain and Northern Ireland,Europe,أوروبا,Northern Europe,شمال أوروبا,GB-BGE,GB-WLS,Wales [Cymru GB-CYM],2,unitary_authority,Unitary authority,Bridgend [Pen-y-bont ar Ogwr GB-POG],,Bridgend [Pen-y-bont ar Ogwr GB-POG],true,ISO_3166_2,https://www.iso.org/obp/ui/#search,ISO 3166-2 subdivisions via pycountry/isocodes,REFERENCE_DATA_IMPORTED,NEEDS_AR_TRANSLATION,2026-08-05,Administrative subdivision only; cities are imported in later city files.
UPSERT,reg_gb_bgw,GB,GBR,United Kingdom,المملكة المتحدة,United Kingdom of Great Britain and Northern Ireland,Europe,أوروبا,Northern Europe,شمال أوروبا,GB-BGW,GB-WLS,Wales [Cymru GB-CYM],2,unitary_authority,Unitary authority,Blaenau Gwent,,Blaenau Gwent,true,ISO_3166_2,https://www.iso.org/obp/ui/#search,ISO 3166-2 subdivisions via pycountry/isocodes,REFERENCE_DATA_IMPORTED,NEEDS_AR_TRANSLATION,2026-08-05,Administrative subdivision only; cities are imported in later city files.
UPSERT,reg_gb_bir,GB,GBR,United Kingdom,المملكة المتحدة,United Kingdom of Great Britain and Northern Ireland,Europe,أوروبا,Northern Europe,شمال أوروبا,GB-BIR,GB-ENG,England,2,metropolitan_district,Metropolitan district,Birmingham,,Birmingham,true,ISO_3166_2,https://www.iso.org/obp/ui/#search,ISO 3166-2 subdivisions via pycountry/isocodes,REFERENCE_DATA_IMPORTED,NEEDS_AR_TRANSLATION,2026-08-05,Administrative subdivision only; cities are imported in later city files.
UPSERT,reg_gb_bkm,GB,GBR,United Kingdom,المملكة المتحدة,United Kingdom of Great Britain and Northern Ireland,Europe,أوروبا,Northern Europe,شمال أوروبا,GB-BKM,GB-ENG,England,2,unitary_authority,Unitary authority,Buckinghamshire,,Buckinghamshire,true,ISO_3166_2,https://www.iso.org/obp/ui/#search,ISO 3166-2 subdivisions via pycountry/isocodes,REFERENCE_DATA_IMPORTED,NEEDS_AR_TRANSLATION,2026-08-05,Administrative subdivision only; cities are imported in later city files.
UPSERT,reg_gb_bne,GB,GBR,United Kingdom,المملكة المتحدة,United Kingdom of Great Britain and Northern Ireland,Europe,أوروبا,Northern Europe,شمال أوروبا,GB-BNE,GB-ENG,England,2,london_borough,London borough,Barnet,,Barnet,true,ISO_3166_2,https://www.iso.org/obp/ui/#search,ISO 3166-2 subdivisions via pycountry/isocodes,REFERENCE_DATA_IMPORTED,NEEDS_AR_TRANSLATION,2026-08-05,Administrative subdivision only; cities are imported in later city files.
UPSERT,reg_gb_bnh,GB,GBR,United Kingdom,المملكة المتحدة,United Kingdom of Great Britain and Northern Ireland,Europe,أوروبا,Northern Europe,شمال أوروبا,GB-BNH,GB-ENG,England,2,unitary_authority,Unitary authority,Brighton and Hove,,Brighton and Hove,true,ISO_3166_2,https://www.iso.org/obp/ui/#search,ISO 3166-2 subdivisions via pycountry/isocodes,REFERENCE_DATA_IMPORTED,NEEDS_AR_TRANSLATION,2026-08-05,Administrative subdivision only; cities are imported in later city files.
UPSERT,reg_gb_bns,GB,GBR,United Kingdom,المملكة المتحدة,United Kingdom of Great Britain and Northern Ireland,Europe,أوروبا,Northern Europe,شمال أوروبا,GB-BNS,GB-ENG,England,2,metropolitan_district,Metropolitan district,Barnsley,,Barnsley,true,ISO_3166_2,https://www.iso.org/obp/ui/#search,ISO 3166-2 subdivisions via pycountry/isocodes,REFERENCE_DATA_IMPORTED,NEEDS_AR_TRANSLATION,2026-08-05,Administrative subdivision only; cities are imported in later city files.
UPSERT,reg_gb_bol,GB,GBR,United Kingdom,المملكة المتحدة,United Kingdom of Great Britain and Northern Ireland,Europe,أوروبا,Northern Europe,شمال أوروبا,GB-BOL,GB-ENG,England,2,metropolitan_district,Metropolitan district,Bolton,,Bolton,true,ISO_3166_2,https://www.iso.org/obp/ui/#search,ISO 3166-2 subdivisions via pycountry/isocodes,REFERENCE_DATA_IMPORTED,NEEDS_AR_TRANSLATION,2026-08-05,Administrative subdivision only; cities are imported in later city files.
UPSERT,reg_gb_bpl,GB,GBR,United Kingdom,المملكة المتحدة,United Kingdom of Great Britain and Northern Ireland,Europe,أوروبا,Northern Europe,شمال أوروبا,GB-BPL,GB-ENG,England,2,unitary_authority,Unitary authority,Blackpool,,Blackpool,true,ISO_3166_2,https://www.iso.org/obp/ui/#search,ISO 3166-2 subdivisions via pycountry/isocodes,REFERENCE_DATA_IMPORTED,NEEDS_AR_TRANSLATION,2026-08-05,Administrative subdivision only; cities are imported in later city files.
UPSERT,reg_gb_brc,GB,GBR,United Kingdom,المملكة المتحدة,United Kingdom of Great Britain and Northern Ireland,Europe,أوروبا,Northern Europe,شمال أوروبا,GB-BRC,GB-ENG,England,2,unitary_authority,Unitary authority,Bracknell Forest,,Bracknell Forest,true,ISO_3166_2,https://www.iso.org/obp/ui/#search,ISO 3166-2 subdivisions via pycountry/isocodes,REFERENCE_DATA_IMPORTED,NEEDS_AR_TRANSLATION,2026-08-05,Administrative subdivision only; cities are imported in later city files.
UPSERT,reg_gb_brd,GB,GBR,United Kingdom,المملكة المتحدة,United Kingdom of Great Britain and Northern Ireland,Europe,أوروبا,Northern Europe,شمال أوروبا,GB-BRD,GB-ENG,England,2,metropolitan_district,Metropolitan district,Bradford,,Bradford,true,ISO_3166_2,https://www.iso.org/obp/ui/#search,ISO 3166-2 subdivisions via pycountry/isocodes,REFERENCE_DATA_IMPORTED,NEEDS_AR_TRANSLATION,2026-08-05,Administrative subdivision only; cities are imported in later city files.
UPSERT,reg_gb_bry,GB,GBR,United Kingdom,المملكة المتحدة,United Kingdom of Great Britain and Northern Ireland,Europe,أوروبا,Northern Europe,شمال أوروبا,GB-BRY,GB-ENG,England,2,london_borough,London borough,Bromley,,Bromley,true,ISO_3166_2,https://www.iso.org/obp/ui/#search,ISO 3166-2 subdivisions via pycountry/isocodes,REFERENCE_DATA_IMPORTED,NEEDS_AR_TRANSLATION,2026-08-05,Administrative subdivision only; cities are imported in later city files.
UPSERT,reg_gb_bst,GB,GBR,United Kingdom,المملكة المتحدة,United Kingdom of Great Britain and Northern Ireland,Europe,أوروبا,Northern Europe,شمال أوروبا,GB-BST,GB-ENG,England,2,unitary_authority,Unitary authority,"Bristol, City of",,"Bristol, City of",true,ISO_3166_2,https://www.iso.org/obp/ui/#search,ISO 3166-2 subdivisions via pycountry/isocodes,REFERENCE_DATA_IMPORTED,NEEDS_AR_TRANSLATION,2026-08-05,Administrative subdivision only; cities are imported in later city files.
UPSERT,reg_gb_bur,GB,GBR,United Kingdom,المملكة المتحدة,United Kingdom of Great Britain and Northern Ireland,Europe,أوروبا,Northern Europe,شمال أوروبا,GB-BUR,GB-ENG,England,2,metropolitan_district,Metropolitan district,Bury,,Bury,true,ISO_3166_2,https://www.iso.org/obp/ui/#search,ISO 3166-2 subdivisions via pycountry/isocodes,REFERENCE_DATA_IMPORTED,NEEDS_AR_TRANSLATION,2026-08-05,Administrative subdivision only; cities are imported in later city files.
UPSERT,reg_gb_cam,GB,GBR,United Kingdom,المملكة المتحدة,United Kingdom of Great Britain and Northern Ireland,Europe,أوروبا,Northern Europe,شمال أوروبا,GB-CAM,GB-ENG,England,2,two_tier_county,Two-tier county,Cambridgeshire,,Cambridgeshire,true,ISO_3166_2,https://www.iso.org/obp/ui/#search,ISO 3166-2 subdivisions via pycountry/isocodes,REFERENCE_DATA_IMPORTED,NEEDS_AR_TRANSLATION,2026-08-05,Administrative subdivision only; cities are imported in later city files.
UPSERT,reg_gb_cay,GB,GBR,United Kingdom,المملكة المتحدة,United Kingdom of Great Britain and Northern Ireland,Europe,أوروبا,Northern Europe,شمال أوروبا,GB-CAY,GB-WLS,Wales [Cymru GB-CYM],2,unitary_authority,Unitary authority,Caerphilly [Caerffili GB-CAF],,Caerphilly [Caerffili GB-CAF],true,ISO_3166_2,https://www.iso.org/obp/ui/#search,ISO 3166-2 subdivisions via pycountry/isocodes,REFERENCE_DATA_IMPORTED,NEEDS_AR_TRANSLATION,2026-08-05,Administrative subdivision only; cities are imported in later city files.
UPSERT,reg_gb_cbf,GB,GBR,United Kingdom,المملكة المتحدة,United Kingdom of Great Britain and Northern Ireland,Europe,أوروبا,Northern Europe,شمال أوروبا,GB-CBF,GB-ENG,England,2,unitary_authority,Unitary authority,Central Bedfordshire,,Central Bedfordshire,true,ISO_3166_2,https://www.iso.org/obp/ui/#search,ISO 3166-2 subdivisions via pycountry/isocodes,REFERENCE_DATA_IMPORTED,NEEDS_AR_TRANSLATION,2026-08-05,Administrative subdivision only; cities are imported in later city files.
UPSERT,reg_gb_ccg,GB,GBR,United Kingdom,المملكة المتحدة,United Kingdom of Great Britain and Northern Ireland,Europe,أوروبا,Northern Europe,شمال أوروبا,GB-CCG,GB-NIR,Northern Ireland,2,district,District,Causeway Coast and Glens,,Causeway Coast and Glens,true,ISO_3166_2,https://www.iso.org/obp/ui/#search,ISO 3166-2 subdivisions via pycountry/isocodes,REFERENCE_DATA_IMPORTED,NEEDS_AR_TRANSLATION,2026-08-05,Administrative subdivision only; cities are imported in later city files.
UPSERT,reg_gb_cgn,GB,GBR,United Kingdom,المملكة المتحدة,United Kingdom of Great Britain and Northern Ireland,Europe,أوروبا,Northern Europe,شمال أوروبا,GB-CGN,GB-WLS,Wales [Cymru GB-CYM],2,unitary_authority,Unitary authority,Ceredigion [Sir Ceredigion],,Ceredigion [Sir Ceredigion],true,ISO_3166_2,https://www.iso.org/obp/ui/#search,ISO 3166-2 subdivisions via pycountry/isocodes,REFERENCE_DATA_IMPORTED,NEEDS_AR_TRANSLATION,2026-08-05,Administrative subdivision only; cities are imported in later city files.
UPSERT,reg_gb_che,GB,GBR,United Kingdom,المملكة المتحدة,United Kingdom of Great Britain and Northern Ireland,Europe,أوروبا,Northern Europe,شمال أوروبا,GB-CHE,GB-ENG,England,2,unitary_authority,Unitary authority,Cheshire East,,Cheshire East,true,ISO_3166_2,https://www.iso.org/obp/ui/#search,ISO 3166-2 subdivisions via pycountry/isocodes,REFERENCE_DATA_IMPORTED,NEEDS_AR_TRANSLATION,2026-08-05,Administrative subdivision only; cities are imported in later city files.
UPSERT,reg_gb_chw,GB,GBR,United Kingdom,المملكة المتحدة,United Kingdom of Great Britain and Northern Ireland,Europe,أوروبا,Northern Europe,شمال أوروبا,GB-CHW,GB-ENG,England,2,unitary_authority,Unitary authority,Cheshire West and Chester,,Cheshire West and Chester,true,ISO_3166_2,https://www.iso.org/obp/ui/#search,ISO 3166-2 subdivisions via pycountry/isocodes,REFERENCE_DATA_IMPORTED,NEEDS_AR_TRANSLATION,2026-08-05,Administrative subdivision only; cities are imported in later city files.
UPSERT,reg_gb_cld,GB,GBR,United Kingdom,المملكة المتحدة,United Kingdom of Great Britain and Northern Ireland,Europe,أوروبا,Northern Europe,شمال أوروبا,GB-CLD,GB-ENG,England,2,metropolitan_district,Metropolitan district,Calderdale,,Calderdale,true,ISO_3166_2,https://www.iso.org/obp/ui/#search,ISO 3166-2 subdivisions via pycountry/isocodes,REFERENCE_DATA_IMPORTED,NEEDS_AR_TRANSLATION,2026-08-05,Administrative subdivision only; cities are imported in later city files.
UPSERT,reg_gb_clk,GB,GBR,United Kingdom,المملكة المتحدة,United Kingdom of Great Britain and Northern Ireland,Europe,أوروبا,Northern Europe,شمال أوروبا,GB-CLK,GB-SCT,Scotland,2,council_area,Council area,Clackmannanshire,,Clackmannanshire,true,ISO_3166_2,https://www.iso.org/obp/ui/#search,ISO 3166-2 subdivisions via pycountry/isocodes,REFERENCE_DATA_IMPORTED,NEEDS_AR_TRANSLATION,2026-08-05,Administrative subdivision only; cities are imported in later city files.
UPSERT,reg_gb_cma,GB,GBR,United Kingdom,المملكة المتحدة,United Kingdom of Great Britain and Northern Ireland,Europe,أوروبا,Northern Europe,شمال أوروبا,GB-CMA,GB-ENG,England,2,two_tier_county,Two-tier county,Cumbria,,Cumbria,true,ISO_3166_2,https://www.iso.org/obp/ui/#search,ISO 3166-2 subdivisions via pycountry/isocodes,REFERENCE_DATA_IMPORTED,NEEDS_AR_TRANSLATION,2026-08-05,Administrative subdivision only; cities are imported in later city files.
UPSERT,reg_gb_cmd,GB,GBR,United Kingdom,المملكة المتحدة,United Kingdom of Great Britain and Northern Ireland,Europe,أوروبا,Northern Europe,شمال أوروبا,GB-CMD,GB-ENG,England,2,london_borough,London borough,Camden,,Camden,true,ISO_3166_2,https://www.iso.org/obp/ui/#search,ISO 3166-2 subdivisions via pycountry/isocodes,REFERENCE_DATA_IMPORTED,NEEDS_AR_TRANSLATION,2026-08-05,Administrative subdivision only; cities are imported in later city files.
UPSERT,reg_gb_cmn,GB,GBR,United Kingdom,المملكة المتحدة,United Kingdom of Great Britain and Northern Ireland,Europe,أوروبا,Northern Europe,شمال أوروبا,GB-CMN,GB-WLS,Wales [Cymru GB-CYM],2,unitary_authority,Unitary authority,Carmarthenshire [Sir Gaerfyrddin GB-GFY],,Carmarthenshire [Sir Gaerfyrddin GB-GFY],true,ISO_3166_2,https://www.iso.org/obp/ui/#search,ISO 3166-2 subdivisions via pycountry/isocodes,REFERENCE_DATA_IMPORTED,NEEDS_AR_TRANSLATION,2026-08-05,Administrative subdivision only; cities are imported in later city files.
UPSERT,reg_gb_con,GB,GBR,United Kingdom,المملكة المتحدة,United Kingdom of Great Britain and Northern Ireland,Europe,أوروبا,Northern Europe,شمال أوروبا,GB-CON,GB-ENG,England,2,unitary_authority,Unitary authority,Cornwall,,Cornwall,true,ISO_3166_2,https://www.iso.org/obp/ui/#search,ISO 3166-2 subdivisions via pycountry/isocodes,REFERENCE_DATA_IMPORTED,NEEDS_AR_TRANSLATION,2026-08-05,Administrative subdivision only; cities are imported in later city files.
UPSERT,reg_gb_cov,GB,GBR,United Kingdom,المملكة المتحدة,United Kingdom of Great Britain and Northern Ireland,Europe,أوروبا,Northern Europe,شمال أوروبا,GB-COV,GB-ENG,England,2,metropolitan_district,Metropolitan district,Coventry,,Coventry,true,ISO_3166_2,https://www.iso.org/obp/ui/#search,ISO 3166-2 subdivisions via pycountry/isocodes,REFERENCE_DATA_IMPORTED,NEEDS_AR_TRANSLATION,2026-08-05,Administrative subdivision only; cities are imported in later city files.
UPSERT,reg_gb_crf,GB,GBR,United Kingdom,المملكة المتحدة,United Kingdom of Great Britain and Northern Ireland,Europe,أوروبا,Northern Europe,شمال أوروبا,GB-CRF,GB-WLS,Wales [Cymru GB-CYM],2,unitary_authority,Unitary authority,Cardiff [Caerdydd GB-CRD],,Cardiff [Caerdydd GB-CRD],true,ISO_3166_2,https://www.iso.org/obp/ui/#search,ISO 3166-2 subdivisions via pycountry/isocodes,REFERENCE_DATA_IMPORTED,NEEDS_AR_TRANSLATION,2026-08-05,Administrative subdivision only; cities are imported in later city files.
UPSERT,reg_gb_cry,GB,GBR,United Kingdom,المملكة المتحدة,United Kingdom of Great Britain and Northern Ireland,Europe,أوروبا,Northern Europe,شمال أوروبا,GB-CRY,GB-ENG,England,2,london_borough,London borough,Croydon,,Croydon,true,ISO_3166_2,https://www.iso.org/obp/ui/#search,ISO 3166-2 subdivisions via pycountry/isocodes,REFERENCE_DATA_IMPORTED,NEEDS_AR_TRANSLATION,2026-08-05,Administrative subdivision only; cities are imported in later city files.
UPSERT,reg_gb_cwy,GB,GBR,United Kingdom,المملكة المتحدة,United Kingdom of Great Britain and Northern Ireland,Europe,أوروبا,Northern Europe,شمال أوروبا,GB-CWY,GB-WLS,Wales [Cymru GB-CYM],2,unitary_authority,Unitary authority,Conwy,,Conwy,true,ISO_3166_2,https://www.iso.org/obp/ui/#search,ISO 3166-2 subdivisions via pycountry/isocodes,REFERENCE_DATA_IMPORTED,NEEDS_AR_TRANSLATION,2026-08-05,Administrative subdivision only; cities are imported in later city files.
UPSERT,reg_gb_dal,GB,GBR,United Kingdom,المملكة المتحدة,United Kingdom of Great Britain and Northern Ireland,Europe,أوروبا,Northern Europe,شمال أوروبا,GB-DAL,GB-ENG,England,2,unitary_authority,Unitary authority,Darlington,,Darlington,true,ISO_3166_2,https://www.iso.org/obp/ui/#search,ISO 3166-2 subdivisions via pycountry/isocodes,REFERENCE_DATA_IMPORTED,NEEDS_AR_TRANSLATION,2026-08-05,Administrative subdivision only; cities are imported in later city files.
UPSERT,reg_gb_dby,GB,GBR,United Kingdom,المملكة المتحدة,United Kingdom of Great Britain and Northern Ireland,Europe,أوروبا,Northern Europe,شمال أوروبا,GB-DBY,GB-ENG,England,2,two_tier_county,Two-tier county,Derbyshire,,Derbyshire,true,ISO_3166_2,https://www.iso.org/obp/ui/#search,ISO 3166-2 subdivisions via pycountry/isocodes,REFERENCE_DATA_IMPORTED,NEEDS_AR_TRANSLATION,2026-08-05,Administrative subdivision only; cities are imported in later city files.
UPSERT,reg_gb_den,GB,GBR,United Kingdom,المملكة المتحدة,United Kingdom of Great Britain and Northern Ireland,Europe,أوروبا,Northern Europe,شمال أوروبا,GB-DEN,GB-WLS,Wales [Cymru GB-CYM],2,unitary_authority,Unitary authority,Denbighshire [Sir Ddinbych GB-DDB],,Denbighshire [Sir Ddinbych GB-DDB],true,ISO_3166_2,https://www.iso.org/obp/ui/#search,ISO 3166-2 subdivisions via pycountry/isocodes,REFERENCE_DATA_IMPORTED,NEEDS_AR_TRANSLATION,2026-08-05,Administrative subdivision only; cities are imported in later city files.
UPSERT,reg_gb_der,GB,GBR,United Kingdom,المملكة المتحدة,United Kingdom of Great Britain and Northern Ireland,Europe,أوروبا,Northern Europe,شمال أوروبا,GB-DER,GB-ENG,England,2,unitary_authority,Unitary authority,Derby,,Derby,true,ISO_3166_2,https://www.iso.org/obp/ui/#search,ISO 3166-2 subdivisions via pycountry/isocodes,REFERENCE_DATA_IMPORTED,NEEDS_AR_TRANSLATION,2026-08-05,Administrative subdivision only; cities are imported in later city files.
UPSERT,reg_gb_dev,GB,GBR,United Kingdom,المملكة المتحدة,United Kingdom of Great Britain and Northern Ireland,Europe,أوروبا,Northern Europe,شمال أوروبا,GB-DEV,GB-ENG,England,2,two_tier_county,Two-tier county,Devon,,Devon,true,ISO_3166_2,https://www.iso.org/obp/ui/#search,ISO 3166-2 subdivisions via pycountry/isocodes,REFERENCE_DATA_IMPORTED,NEEDS_AR_TRANSLATION,2026-08-05,Administrative subdivision only; cities are imported in later city files.
UPSERT,reg_gb_dgy,GB,GBR,United Kingdom,المملكة المتحدة,United Kingdom of Great Britain and Northern Ireland,Europe,أوروبا,Northern Europe,شمال أوروبا,GB-DGY,GB-SCT,Scotland,2,council_area,Council area,Dumfries and Galloway,,Dumfries and Galloway,true,ISO_3166_2,https://www.iso.org/obp/ui/#search,ISO 3166-2 subdivisions via pycountry/isocodes,REFERENCE_DATA_IMPORTED,NEEDS_AR_TRANSLATION,2026-08-05,Administrative subdivision only; cities are imported in later city files.
UPSERT,reg_gb_dnc,GB,GBR,United Kingdom,المملكة المتحدة,United Kingdom of Great Britain and Northern Ireland,Europe,أوروبا,Northern Europe,شمال أوروبا,GB-DNC,GB-ENG,England,2,metropolitan_district,Metropolitan district,Doncaster,,Doncaster,true,ISO_3166_2,https://www.iso.org/obp/ui/#search,ISO 3166-2 subdivisions via pycountry/isocodes,REFERENCE_DATA_IMPORTED,NEEDS_AR_TRANSLATION,2026-08-05,Administrative subdivision only; cities are imported in later city files.
UPSERT,reg_gb_dnd,GB,GBR,United Kingdom,المملكة المتحدة,United Kingdom of Great Britain and Northern Ireland,Europe,أوروبا,Northern Europe,شمال أوروبا,GB-DND,GB-SCT,Scotland,2,council_area,Council area,Dundee City,,Dundee City,true,ISO_3166_2,https://www.iso.org/obp/ui/#search,ISO 3166-2 subdivisions via pycountry/isocodes,REFERENCE_DATA_IMPORTED,NEEDS_AR_TRANSLATION,2026-08-05,Administrative subdivision only; cities are imported in later city files.
UPSERT,reg_gb_dor,GB,GBR,United Kingdom,المملكة المتحدة,United Kingdom of Great Britain and Northern Ireland,Europe,أوروبا,Northern Europe,شمال أوروبا,GB-DOR,GB-ENG,England,2,two_tier_county,Two-tier county,Dorset,,Dorset,true,ISO_3166_2,https://www.iso.org/obp/ui/#search,ISO 3166-2 subdivisions via pycountry/isocodes,REFERENCE_DATA_IMPORTED,NEEDS_AR_TRANSLATION,2026-08-05,Administrative subdivision only; cities are imported in later city files.
UPSERT,reg_gb_drs,GB,GBR,United Kingdom,المملكة المتحدة,United Kingdom of Great Britain and Northern Ireland,Europe,أوروبا,Northern Europe,شمال أوروبا,GB-DRS,GB-NIR,Northern Ireland,2,district,District,Derry and Strabane,,Derry and Strabane,true,ISO_3166_2,https://www.iso.org/obp/ui/#search,ISO 3166-2 subdivisions via pycountry/isocodes,REFERENCE_DATA_IMPORTED,NEEDS_AR_TRANSLATION,2026-08-05,Administrative subdivision only; cities are imported in later city files.
UPSERT,reg_gb_dud,GB,GBR,United Kingdom,المملكة المتحدة,United Kingdom of Great Britain and Northern Ireland,Europe,أوروبا,Northern Europe,شمال أوروبا,GB-DUD,GB-ENG,England,2,metropolitan_district,Metropolitan district,Dudley,,Dudley,true,ISO_3166_2,https://www.iso.org/obp/ui/#search,ISO 3166-2 subdivisions via pycountry/isocodes,REFERENCE_DATA_IMPORTED,NEEDS_AR_TRANSLATION,2026-08-05,Administrative subdivision only; cities are imported in later city files.
UPSERT,reg_gb_dur,GB,GBR,United Kingdom,المملكة المتحدة,United Kingdom of Great Britain and Northern Ireland,Europe,أوروبا,Northern Europe,شمال أوروبا,GB-DUR,GB-ENG,England,2,unitary_authority,Unitary authority,"Durham, County",,"Durham, County",true,ISO_3166_2,https://www.iso.org/obp/ui/#search,ISO 3166-2 subdivisions via pycountry/isocodes,REFERENCE_DATA_IMPORTED,NEEDS_AR_TRANSLATION,2026-08-05,Administrative subdivision only; cities are imported in later city files.
UPSERT,reg_gb_eal,GB,GBR,United Kingdom,المملكة المتحدة,United Kingdom of Great Britain and Northern Ireland,Europe,أوروبا,Northern Europe,شمال أوروبا,GB-EAL,GB-ENG,England,2,london_borough,London borough,Ealing,,Ealing,true,ISO_3166_2,https://www.iso.org/obp/ui/#search,ISO 3166-2 subdivisions via pycountry/isocodes,REFERENCE_DATA_IMPORTED,NEEDS_AR_TRANSLATION,2026-08-05,Administrative subdivision only; cities are imported in later city files.
UPSERT,reg_gb_eay,GB,GBR,United Kingdom,المملكة المتحدة,United Kingdom of Great Britain and Northern Ireland,Europe,أوروبا,Northern Europe,شمال أوروبا,GB-EAY,GB-SCT,Scotland,2,council_area,Council area,East Ayrshire,,East Ayrshire,true,ISO_3166_2,https://www.iso.org/obp/ui/#search,ISO 3166-2 subdivisions via pycountry/isocodes,REFERENCE_DATA_IMPORTED,NEEDS_AR_TRANSLATION,2026-08-05,Administrative subdivision only; cities are imported in later city files.
UPSERT,reg_gb_edh,GB,GBR,United Kingdom,المملكة المتحدة,United Kingdom of Great Britain and Northern Ireland,Europe,أوروبا,Northern Europe,شمال أوروبا,GB-EDH,GB-SCT,Scotland,2,council_area,Council area,"Edinburgh, City of",,"Edinburgh, City of",true,ISO_3166_2,https://www.iso.org/obp/ui/#search,ISO 3166-2 subdivisions via pycountry/isocodes,REFERENCE_DATA_IMPORTED,NEEDS_AR_TRANSLATION,2026-08-05,Administrative subdivision only; cities are imported in later city files.
UPSERT,reg_gb_edu,GB,GBR,United Kingdom,المملكة المتحدة,United Kingdom of Great Britain and Northern Ireland,Europe,أوروبا,Northern Europe,شمال أوروبا,GB-EDU,GB-SCT,Scotland,2,council_area,Council area,East Dunbartonshire,,East Dunbartonshire,true,ISO_3166_2,https://www.iso.org/obp/ui/#search,ISO 3166-2 subdivisions via pycountry/isocodes,REFERENCE_DATA_IMPORTED,NEEDS_AR_TRANSLATION,2026-08-05,Administrative subdivision only; cities are imported in later city files.
UPSERT,reg_gb_eln,GB,GBR,United Kingdom,المملكة المتحدة,United Kingdom of Great Britain and Northern Ireland,Europe,أوروبا,Northern Europe,شمال أوروبا,GB-ELN,GB-SCT,Scotland,2,council_area,Council area,East Lothian,,East Lothian,true,ISO_3166_2,https://www.iso.org/obp/ui/#search,ISO 3166-2 subdivisions via pycountry/isocodes,REFERENCE_DATA_IMPORTED,NEEDS_AR_TRANSLATION,2026-08-05,Administrative subdivision only; cities are imported in later city files.
UPSERT,reg_gb_els,GB,GBR,United Kingdom,المملكة المتحدة,United Kingdom of Great Britain and Northern Ireland,Europe,أوروبا,Northern Europe,شمال أوروبا,GB-ELS,GB-SCT,Scotland,2,council_area,Council area,Eilean Siar,,Eilean Siar,true,ISO_3166_2,https://www.iso.org/obp/ui/#search,ISO 3166-2 subdivisions via pycountry/isocodes,REFERENCE_DATA_IMPORTED,NEEDS_AR_TRANSLATION,2026-08-05,Administrative subdivision only; cities are imported in later city files.
UPSERT,reg_gb_enf,GB,GBR,United Kingdom,المملكة المتحدة,United Kingdom of Great Britain and Northern Ireland,Europe,أوروبا,Northern Europe,شمال أوروبا,GB-ENF,GB-ENG,England,2,london_borough,London borough,Enfield,,Enfield,true,ISO_3166_2,https://www.iso.org/obp/ui/#search,ISO 3166-2 subdivisions via pycountry/isocodes,REFERENCE_DATA_IMPORTED,NEEDS_AR_TRANSLATION,2026-08-05,Administrative subdivision only; cities are imported in later city files.
UPSERT,reg_gb_eng,GB,GBR,United Kingdom,المملكة المتحدة,United Kingdom of Great Britain and Northern Ireland,Europe,أوروبا,Northern Europe,شمال أوروبا,GB-ENG,,,1,country,Country,England,,England,true,ISO_3166_2,https://www.iso.org/obp/ui/#search,ISO 3166-2 subdivisions via pycountry/isocodes,REFERENCE_DATA_IMPORTED,NEEDS_AR_TRANSLATION,2026-08-05,Administrative subdivision only; cities are imported in later city files.
UPSERT,reg_gb_erw,GB,GBR,United Kingdom,المملكة المتحدة,United Kingdom of Great Britain and Northern Ireland,Europe,أوروبا,Northern Europe,شمال أوروبا,GB-ERW,GB-SCT,Scotland,2,council_area,Council area,East Renfrewshire,,East Renfrewshire,true,ISO_3166_2,https://www.iso.org/obp/ui/#search,ISO 3166-2 subdivisions via pycountry/isocodes,REFERENCE_DATA_IMPORTED,NEEDS_AR_TRANSLATION,2026-08-05,Administrative subdivision only; cities are imported in later city files.
UPSERT,reg_gb_ery,GB,GBR,United Kingdom,المملكة المتحدة,United Kingdom of Great Britain and Northern Ireland,Europe,أوروبا,Northern Europe,شمال أوروبا,GB-ERY,GB-ENG,England,2,unitary_authority,Unitary authority,East Riding of Yorkshire,,East Riding of Yorkshire,true,ISO_3166_2,https://www.iso.org/obp/ui/#search,ISO 3166-2 subdivisions via pycountry/isocodes,REFERENCE_DATA_IMPORTED,NEEDS_AR_TRANSLATION,2026-08-05,Administrative subdivision only; cities are imported in later city files.
UPSERT,reg_gb_ess,GB,GBR,United Kingdom,المملكة المتحدة,United Kingdom of Great Britain and Northern Ireland,Europe,أوروبا,Northern Europe,شمال أوروبا,GB-ESS,GB-ENG,England,2,two_tier_county,Two-tier county,Essex,,Essex,true,ISO_3166_2,https://www.iso.org/obp/ui/#search,ISO 3166-2 subdivisions via pycountry/isocodes,REFERENCE_DATA_IMPORTED,NEEDS_AR_TRANSLATION,2026-08-05,Administrative subdivision only; cities are imported in later city files.
UPSERT,reg_gb_esx,GB,GBR,United Kingdom,المملكة المتحدة,United Kingdom of Great Britain and Northern Ireland,Europe,أوروبا,Northern Europe,شمال أوروبا,GB-ESX,GB-ENG,England,2,two_tier_county,Two-tier county,East Sussex,,East Sussex,true,ISO_3166_2,https://www.iso.org/obp/ui/#search,ISO 3166-2 subdivisions via pycountry/isocodes,REFERENCE_DATA_IMPORTED,NEEDS_AR_TRANSLATION,2026-08-05,Administrative subdivision only; cities are imported in later city files.
UPSERT,reg_gb_fal,GB,GBR,United Kingdom,المملكة المتحدة,United Kingdom of Great Britain and Northern Ireland,Europe,أوروبا,Northern Europe,شمال أوروبا,GB-FAL,GB-SCT,Scotland,2,council_area,Council area,Falkirk,,Falkirk,true,ISO_3166_2,https://www.iso.org/obp/ui/#search,ISO 3166-2 subdivisions via pycountry/isocodes,REFERENCE_DATA_IMPORTED,NEEDS_AR_TRANSLATION,2026-08-05,Administrative subdivision only; cities are imported in later city files.
UPSERT,reg_gb_fif,GB,GBR,United Kingdom,المملكة المتحدة,United Kingdom of Great Britain and Northern Ireland,Europe,أوروبا,Northern Europe,شمال أوروبا,GB-FIF,GB-SCT,Scotland,2,council_area,Council area,Fife,,Fife,true,ISO_3166_2,https://www.iso.org/obp/ui/#search,ISO 3166-2 subdivisions via pycountry/isocodes,REFERENCE_DATA_IMPORTED,NEEDS_AR_TRANSLATION,2026-08-05,Administrative subdivision only; cities are imported in later city files.
UPSERT,reg_gb_fln,GB,GBR,United Kingdom,المملكة المتحدة,United Kingdom of Great Britain and Northern Ireland,Europe,أوروبا,Northern Europe,شمال أوروبا,GB-FLN,GB-WLS,Wales [Cymru GB-CYM],2,unitary_authority,Unitary authority,Flintshire [Sir y Fflint GB-FFL],,Flintshire [Sir y Fflint GB-FFL],true,ISO_3166_2,https://www.iso.org/obp/ui/#search,ISO 3166-2 subdivisions via pycountry/isocodes,REFERENCE_DATA_IMPORTED,NEEDS_AR_TRANSLATION,2026-08-05,Administrative subdivision only; cities are imported in later city files.
UPSERT,reg_gb_fmo,GB,GBR,United Kingdom,المملكة المتحدة,United Kingdom of Great Britain and Northern Ireland,Europe,أوروبا,Northern Europe,شمال أوروبا,GB-FMO,GB-NIR,Northern Ireland,2,district,District,Fermanagh and Omagh,,Fermanagh and Omagh,true,ISO_3166_2,https://www.iso.org/obp/ui/#search,ISO 3166-2 subdivisions via pycountry/isocodes,REFERENCE_DATA_IMPORTED,NEEDS_AR_TRANSLATION,2026-08-05,Administrative subdivision only; cities are imported in later city files.
UPSERT,reg_gb_gat,GB,GBR,United Kingdom,المملكة المتحدة,United Kingdom of Great Britain and Northern Ireland,Europe,أوروبا,Northern Europe,شمال أوروبا,GB-GAT,GB-ENG,England,2,metropolitan_district,Metropolitan district,Gateshead,,Gateshead,true,ISO_3166_2,https://www.iso.org/obp/ui/#search,ISO 3166-2 subdivisions via pycountry/isocodes,REFERENCE_DATA_IMPORTED,NEEDS_AR_TRANSLATION,2026-08-05,Administrative subdivision only; cities are imported in later city files.
UPSERT,reg_gb_glg,GB,GBR,United Kingdom,المملكة المتحدة,United Kingdom of Great Britain and Northern Ireland,Europe,أوروبا,Northern Europe,شمال أوروبا,GB-GLG,GB-SCT,Scotland,2,council_area,Council area,Glasgow City,,Glasgow City,true,ISO_3166_2,https://www.iso.org/obp/ui/#search,ISO 3166-2 subdivisions via pycountry/isocodes,REFERENCE_DATA_IMPORTED,NEEDS_AR_TRANSLATION,2026-08-05,Administrative subdivision only; cities are imported in later city files.
UPSERT,reg_gb_gls,GB,GBR,United Kingdom,المملكة المتحدة,United Kingdom of Great Britain and Northern Ireland,Europe,أوروبا,Northern Europe,شمال أوروبا,GB-GLS,GB-ENG,England,2,two_tier_county,Two-tier county,Gloucestershire,,Gloucestershire,true,ISO_3166_2,https://www.iso.org/obp/ui/#search,ISO 3166-2 subdivisions via pycountry/isocodes,REFERENCE_DATA_IMPORTED,NEEDS_AR_TRANSLATION,2026-08-05,Administrative subdivision only; cities are imported in later city files.
UPSERT,reg_gb_gre,GB,GBR,United Kingdom,المملكة المتحدة,United Kingdom of Great Britain and Northern Ireland,Europe,أوروبا,Northern Europe,شمال أوروبا,GB-GRE,GB-ENG,England,2,london_borough,London borough,Greenwich,,Greenwich,true,ISO_3166_2,https://www.iso.org/obp/ui/#search,ISO 3166-2 subdivisions via pycountry/isocodes,REFERENCE_DATA_IMPORTED,NEEDS_AR_TRANSLATION,2026-08-05,Administrative subdivision only; cities are imported in later city files.
UPSERT,reg_gb_gwn,GB,GBR,United Kingdom,المملكة المتحدة,United Kingdom of Great Britain and Northern Ireland,Europe,أوروبا,Northern Europe,شمال أوروبا,GB-GWN,GB-WLS,Wales [Cymru GB-CYM],2,unitary_authority,Unitary authority,Gwynedd,,Gwynedd,true,ISO_3166_2,https://www.iso.org/obp/ui/#search,ISO 3166-2 subdivisions via pycountry/isocodes,REFERENCE_DATA_IMPORTED,NEEDS_AR_TRANSLATION,2026-08-05,Administrative subdivision only; cities are imported in later city files.
UPSERT,reg_gb_hal,GB,GBR,United Kingdom,المملكة المتحدة,United Kingdom of Great Britain and Northern Ireland,Europe,أوروبا,Northern Europe,شمال أوروبا,GB-HAL,GB-ENG,England,2,unitary_authority,Unitary authority,Halton,,Halton,true,ISO_3166_2,https://www.iso.org/obp/ui/#search,ISO 3166-2 subdivisions via pycountry/isocodes,REFERENCE_DATA_IMPORTED,NEEDS_AR_TRANSLATION,2026-08-05,Administrative subdivision only; cities are imported in later city files.
UPSERT,reg_gb_ham,GB,GBR,United Kingdom,المملكة المتحدة,United Kingdom of Great Britain and Northern Ireland,Europe,أوروبا,Northern Europe,شمال أوروبا,GB-HAM,GB-ENG,England,2,two_tier_county,Two-tier county,Hampshire,,Hampshire,true,ISO_3166_2,https://www.iso.org/obp/ui/#search,ISO 3166-2 subdivisions via pycountry/isocodes,REFERENCE_DATA_IMPORTED,NEEDS_AR_TRANSLATION,2026-08-05,Administrative subdivision only; cities are imported in later city files.
UPSERT,reg_gb_hav,GB,GBR,United Kingdom,المملكة المتحدة,United Kingdom of Great Britain and Northern Ireland,Europe,أوروبا,Northern Europe,شمال أوروبا,GB-HAV,GB-ENG,England,2,london_borough,London borough,Havering,,Havering,true,ISO_3166_2,https://www.iso.org/obp/ui/#search,ISO 3166-2 subdivisions via pycountry/isocodes,REFERENCE_DATA_IMPORTED,NEEDS_AR_TRANSLATION,2026-08-05,Administrative subdivision only; cities are imported in later city files.
UPSERT,reg_gb_hck,GB,GBR,United Kingdom,المملكة المتحدة,United Kingdom of Great Britain and Northern Ireland,Europe,أوروبا,Northern Europe,شمال أوروبا,GB-HCK,GB-ENG,England,2,london_borough,London borough,Hackney,,Hackney,true,ISO_3166_2,https://www.iso.org/obp/ui/#search,ISO 3166-2 subdivisions via pycountry/isocodes,REFERENCE_DATA_IMPORTED,NEEDS_AR_TRANSLATION,2026-08-05,Administrative subdivision only; cities are imported in later city files.
UPSERT,reg_gb_hef,GB,GBR,United Kingdom,المملكة المتحدة,United Kingdom of Great Britain and Northern Ireland,Europe,أوروبا,Northern Europe,شمال أوروبا,GB-HEF,GB-ENG,England,2,unitary_authority,Unitary authority,Herefordshire,,Herefordshire,true,ISO_3166_2,https://www.iso.org/obp/ui/#search,ISO 3166-2 subdivisions via pycountry/isocodes,REFERENCE_DATA_IMPORTED,NEEDS_AR_TRANSLATION,2026-08-05,Administrative subdivision only; cities are imported in later city files.
UPSERT,reg_gb_hil,GB,GBR,United Kingdom,المملكة المتحدة,United Kingdom of Great Britain and Northern Ireland,Europe,أوروبا,Northern Europe,شمال أوروبا,GB-HIL,GB-ENG,England,2,london_borough,London borough,Hillingdon,,Hillingdon,true,ISO_3166_2,https://www.iso.org/obp/ui/#search,ISO 3166-2 subdivisions via pycountry/isocodes,REFERENCE_DATA_IMPORTED,NEEDS_AR_TRANSLATION,2026-08-05,Administrative subdivision only; cities are imported in later city files.
UPSERT,reg_gb_hld,GB,GBR,United Kingdom,المملكة المتحدة,United Kingdom of Great Britain and Northern Ireland,Europe,أوروبا,Northern Europe,شمال أوروبا,GB-HLD,GB-SCT,Scotland,2,council_area,Council area,Highland,,Highland,true,ISO_3166_2,https://www.iso.org/obp/ui/#search,ISO 3166-2 subdivisions via pycountry/isocodes,REFERENCE_DATA_IMPORTED,NEEDS_AR_TRANSLATION,2026-08-05,Administrative subdivision only; cities are imported in later city files.
UPSERT,reg_gb_hmf,GB,GBR,United Kingdom,المملكة المتحدة,United Kingdom of Great Britain and Northern Ireland,Europe,أوروبا,Northern Europe,شمال أوروبا,GB-HMF,GB-ENG,England,2,london_borough,London borough,Hammersmith and Fulham,,Hammersmith and Fulham,true,ISO_3166_2,https://www.iso.org/obp/ui/#search,ISO 3166-2 subdivisions via pycountry/isocodes,REFERENCE_DATA_IMPORTED,NEEDS_AR_TRANSLATION,2026-08-05,Administrative subdivision only; cities are imported in later city files.
UPSERT,reg_gb_hns,GB,GBR,United Kingdom,المملكة المتحدة,United Kingdom of Great Britain and Northern Ireland,Europe,أوروبا,Northern Europe,شمال أوروبا,GB-HNS,GB-ENG,England,2,london_borough,London borough,Hounslow,,Hounslow,true,ISO_3166_2,https://www.iso.org/obp/ui/#search,ISO 3166-2 subdivisions via pycountry/isocodes,REFERENCE_DATA_IMPORTED,NEEDS_AR_TRANSLATION,2026-08-05,Administrative subdivision only; cities are imported in later city files.
UPSERT,reg_gb_hpl,GB,GBR,United Kingdom,المملكة المتحدة,United Kingdom of Great Britain and Northern Ireland,Europe,أوروبا,Northern Europe,شمال أوروبا,GB-HPL,GB-ENG,England,2,unitary_authority,Unitary authority,Hartlepool,,Hartlepool,true,ISO_3166_2,https://www.iso.org/obp/ui/#search,ISO 3166-2 subdivisions via pycountry/isocodes,REFERENCE_DATA_IMPORTED,NEEDS_AR_TRANSLATION,2026-08-05,Administrative subdivision only; cities are imported in later city files.
UPSERT,reg_gb_hrt,GB,GBR,United Kingdom,المملكة المتحدة,United Kingdom of Great Britain and Northern Ireland,Europe,أوروبا,Northern Europe,شمال أوروبا,GB-HRT,GB-ENG,England,2,two_tier_county,Two-tier county,Hertfordshire,,Hertfordshire,true,ISO_3166_2,https://www.iso.org/obp/ui/#search,ISO 3166-2 subdivisions via pycountry/isocodes,REFERENCE_DATA_IMPORTED,NEEDS_AR_TRANSLATION,2026-08-05,Administrative subdivision only; cities are imported in later city files.
UPSERT,reg_gb_hrw,GB,GBR,United Kingdom,المملكة المتحدة,United Kingdom of Great Britain and Northern Ireland,Europe,أوروبا,Northern Europe,شمال أوروبا,GB-HRW,GB-ENG,England,2,london_borough,London borough,Harrow,,Harrow,true,ISO_3166_2,https://www.iso.org/obp/ui/#search,ISO 3166-2 subdivisions via pycountry/isocodes,REFERENCE_DATA_IMPORTED,NEEDS_AR_TRANSLATION,2026-08-05,Administrative subdivision only; cities are imported in later city files.
UPSERT,reg_gb_hry,GB,GBR,United Kingdom,المملكة المتحدة,United Kingdom of Great Britain and Northern Ireland,Europe,أوروبا,Northern Europe,شمال أوروبا,GB-HRY,GB-ENG,England,2,london_borough,London borough,Haringey,,Haringey,true,ISO_3166_2,https://www.iso.org/obp/ui/#search,ISO 3166-2 subdivisions via pycountry/isocodes,REFERENCE_DATA_IMPORTED,NEEDS_AR_TRANSLATION,2026-08-05,Administrative subdivision only; cities are imported in later city files.
UPSERT,reg_gb_ios,GB,GBR,United Kingdom,المملكة المتحدة,United Kingdom of Great Britain and Northern Ireland,Europe,أوروبا,Northern Europe,شمال أوروبا,GB-IOS,GB-ENG,England,2,unitary_authority,Unitary authority,Isles of Scilly,,Isles of Scilly,true,ISO_3166_2,https://www.iso.org/obp/ui/#search,ISO 3166-2 subdivisions via pycountry/isocodes,REFERENCE_DATA_IMPORTED,NEEDS_AR_TRANSLATION,2026-08-05,Administrative subdivision only; cities are imported in later city files.
UPSERT,reg_gb_iow,GB,GBR,United Kingdom,المملكة المتحدة,United Kingdom of Great Britain and Northern Ireland,Europe,أوروبا,Northern Europe,شمال أوروبا,GB-IOW,GB-ENG,England,2,unitary_authority,Unitary authority,Isle of Wight,,Isle of Wight,true,ISO_3166_2,https://www.iso.org/obp/ui/#search,ISO 3166-2 subdivisions via pycountry/isocodes,REFERENCE_DATA_IMPORTED,NEEDS_AR_TRANSLATION,2026-08-05,Administrative subdivision only; cities are imported in later city files.
UPSERT,reg_gb_isl,GB,GBR,United Kingdom,المملكة المتحدة,United Kingdom of Great Britain and Northern Ireland,Europe,أوروبا,Northern Europe,شمال أوروبا,GB-ISL,GB-ENG,England,2,london_borough,London borough,Islington,,Islington,true,ISO_3166_2,https://www.iso.org/obp/ui/#search,ISO 3166-2 subdivisions via pycountry/isocodes,REFERENCE_DATA_IMPORTED,NEEDS_AR_TRANSLATION,2026-08-05,Administrative subdivision only; cities are imported in later city files.
UPSERT,reg_gb_ivc,GB,GBR,United Kingdom,المملكة المتحدة,United Kingdom of Great Britain and Northern Ireland,Europe,أوروبا,Northern Europe,شمال أوروبا,GB-IVC,GB-SCT,Scotland,2,council_area,Council area,Inverclyde,,Inverclyde,true,ISO_3166_2,https://www.iso.org/obp/ui/#search,ISO 3166-2 subdivisions via pycountry/isocodes,REFERENCE_DATA_IMPORTED,NEEDS_AR_TRANSLATION,2026-08-05,Administrative subdivision only; cities are imported in later city files.
UPSERT,reg_gb_kec,GB,GBR,United Kingdom,المملكة المتحدة,United Kingdom of Great Britain and Northern Ireland,Europe,أوروبا,Northern Europe,شمال أوروبا,GB-KEC,GB-ENG,England,2,london_borough,London borough,Kensington and Chelsea,,Kensington and Chelsea,true,ISO_3166_2,https://www.iso.org/obp/ui/#search,ISO 3166-2 subdivisions via pycountry/isocodes,REFERENCE_DATA_IMPORTED,NEEDS_AR_TRANSLATION,2026-08-05,Administrative subdivision only; cities are imported in later city files.
UPSERT,reg_gb_ken,GB,GBR,United Kingdom,المملكة المتحدة,United Kingdom of Great Britain and Northern Ireland,Europe,أوروبا,Northern Europe,شمال أوروبا,GB-KEN,GB-ENG,England,2,two_tier_county,Two-tier county,Kent,,Kent,true,ISO_3166_2,https://www.iso.org/obp/ui/#search,ISO 3166-2 subdivisions via pycountry/isocodes,REFERENCE_DATA_IMPORTED,NEEDS_AR_TRANSLATION,2026-08-05,Administrative subdivision only; cities are imported in later city files.
UPSERT,reg_gb_khl,GB,GBR,United Kingdom,المملكة المتحدة,United Kingdom of Great Britain and Northern Ireland,Europe,أوروبا,Northern Europe,شمال أوروبا,GB-KHL,GB-ENG,England,2,unitary_authority,Unitary authority,Kingston upon Hull,,Kingston upon Hull,true,ISO_3166_2,https://www.iso.org/obp/ui/#search,ISO 3166-2 subdivisions via pycountry/isocodes,REFERENCE_DATA_IMPORTED,NEEDS_AR_TRANSLATION,2026-08-05,Administrative subdivision only; cities are imported in later city files.
UPSERT,reg_gb_kir,GB,GBR,United Kingdom,المملكة المتحدة,United Kingdom of Great Britain and Northern Ireland,Europe,أوروبا,Northern Europe,شمال أوروبا,GB-KIR,GB-ENG,England,2,metropolitan_district,Metropolitan district,Kirklees,,Kirklees,true,ISO_3166_2,https://www.iso.org/obp/ui/#search,ISO 3166-2 subdivisions via pycountry/isocodes,REFERENCE_DATA_IMPORTED,NEEDS_AR_TRANSLATION,2026-08-05,Administrative subdivision only; cities are imported in later city files.
UPSERT,reg_gb_ktt,GB,GBR,United Kingdom,المملكة المتحدة,United Kingdom of Great Britain and Northern Ireland,Europe,أوروبا,Northern Europe,شمال أوروبا,GB-KTT,GB-ENG,England,2,london_borough,London borough,Kingston upon Thames,,Kingston upon Thames,true,ISO_3166_2,https://www.iso.org/obp/ui/#search,ISO 3166-2 subdivisions via pycountry/isocodes,REFERENCE_DATA_IMPORTED,NEEDS_AR_TRANSLATION,2026-08-05,Administrative subdivision only; cities are imported in later city files.
UPSERT,reg_gb_kwl,GB,GBR,United Kingdom,المملكة المتحدة,United Kingdom of Great Britain and Northern Ireland,Europe,أوروبا,Northern Europe,شمال أوروبا,GB-KWL,GB-ENG,England,2,metropolitan_district,Metropolitan district,Knowsley,,Knowsley,true,ISO_3166_2,https://www.iso.org/obp/ui/#search,ISO 3166-2 subdivisions via pycountry/isocodes,REFERENCE_DATA_IMPORTED,NEEDS_AR_TRANSLATION,2026-08-05,Administrative subdivision only; cities are imported in later city files.
UPSERT,reg_gb_lan,GB,GBR,United Kingdom,المملكة المتحدة,United Kingdom of Great Britain and Northern Ireland,Europe,أوروبا,Northern Europe,شمال أوروبا,GB-LAN,GB-ENG,England,2,two_tier_county,Two-tier county,Lancashire,,Lancashire,true,ISO_3166_2,https://www.iso.org/obp/ui/#search,ISO 3166-2 subdivisions via pycountry/isocodes,REFERENCE_DATA_IMPORTED,NEEDS_AR_TRANSLATION,2026-08-05,Administrative subdivision only; cities are imported in later city files.
UPSERT,reg_gb_lbc,GB,GBR,United Kingdom,المملكة المتحدة,United Kingdom of Great Britain and Northern Ireland,Europe,أوروبا,Northern Europe,شمال أوروبا,GB-LBC,GB-NIR,Northern Ireland,2,district,District,Lisburn and Castlereagh,,Lisburn and Castlereagh,true,ISO_3166_2,https://www.iso.org/obp/ui/#search,ISO 3166-2 subdivisions via pycountry/isocodes,REFERENCE_DATA_IMPORTED,NEEDS_AR_TRANSLATION,2026-08-05,Administrative subdivision only; cities are imported in later city files.
UPSERT,reg_gb_lbh,GB,GBR,United Kingdom,المملكة المتحدة,United Kingdom of Great Britain and Northern Ireland,Europe,أوروبا,Northern Europe,شمال أوروبا,GB-LBH,GB-ENG,England,2,london_borough,London borough,Lambeth,,Lambeth,true,ISO_3166_2,https://www.iso.org/obp/ui/#search,ISO 3166-2 subdivisions via pycountry/isocodes,REFERENCE_DATA_IMPORTED,NEEDS_AR_TRANSLATION,2026-08-05,Administrative subdivision only; cities are imported in later city files.
UPSERT,reg_gb_lce,GB,GBR,United Kingdom,المملكة المتحدة,United Kingdom of Great Britain and Northern Ireland,Europe,أوروبا,Northern Europe,شمال أوروبا,GB-LCE,GB-ENG,England,2,unitary_authority,Unitary authority,Leicester,,Leicester,true,ISO_3166_2,https://www.iso.org/obp/ui/#search,ISO 3166-2 subdivisions via pycountry/isocodes,REFERENCE_DATA_IMPORTED,NEEDS_AR_TRANSLATION,2026-08-05,Administrative subdivision only; cities are imported in later city files.
UPSERT,reg_gb_lds,GB,GBR,United Kingdom,المملكة المتحدة,United Kingdom of Great Britain and Northern Ireland,Europe,أوروبا,Northern Europe,شمال أوروبا,GB-LDS,GB-ENG,England,2,metropolitan_district,Metropolitan district,Leeds,,Leeds,true,ISO_3166_2,https://www.iso.org/obp/ui/#search,ISO 3166-2 subdivisions via pycountry/isocodes,REFERENCE_DATA_IMPORTED,NEEDS_AR_TRANSLATION,2026-08-05,Administrative subdivision only; cities are imported in later city files.
UPSERT,reg_gb_lec,GB,GBR,United Kingdom,المملكة المتحدة,United Kingdom of Great Britain and Northern Ireland,Europe,أوروبا,Northern Europe,شمال أوروبا,GB-LEC,GB-ENG,England,2,two_tier_county,Two-tier county,Leicestershire,,Leicestershire,true,ISO_3166_2,https://www.iso.org/obp/ui/#search,ISO 3166-2 subdivisions via pycountry/isocodes,REFERENCE_DATA_IMPORTED,NEEDS_AR_TRANSLATION,2026-08-05,Administrative subdivision only; cities are imported in later city files.
UPSERT,reg_gb_lew,GB,GBR,United Kingdom,المملكة المتحدة,United Kingdom of Great Britain and Northern Ireland,Europe,أوروبا,Northern Europe,شمال أوروبا,GB-LEW,GB-ENG,England,2,london_borough,London borough,Lewisham,,Lewisham,true,ISO_3166_2,https://www.iso.org/obp/ui/#search,ISO 3166-2 subdivisions via pycountry/isocodes,REFERENCE_DATA_IMPORTED,NEEDS_AR_TRANSLATION,2026-08-05,Administrative subdivision only; cities are imported in later city files.
UPSERT,reg_gb_lin,GB,GBR,United Kingdom,المملكة المتحدة,United Kingdom of Great Britain and Northern Ireland,Europe,أوروبا,Northern Europe,شمال أوروبا,GB-LIN,GB-ENG,England,2,two_tier_county,Two-tier county,Lincolnshire,,Lincolnshire,true,ISO_3166_2,https://www.iso.org/obp/ui/#search,ISO 3166-2 subdivisions via pycountry/isocodes,REFERENCE_DATA_IMPORTED,NEEDS_AR_TRANSLATION,2026-08-05,Administrative subdivision only; cities are imported in later city files.
UPSERT,reg_gb_liv,GB,GBR,United Kingdom,المملكة المتحدة,United Kingdom of Great Britain and Northern Ireland,Europe,أوروبا,Northern Europe,شمال أوروبا,GB-LIV,GB-ENG,England,2,metropolitan_district,Metropolitan district,Liverpool,,Liverpool,true,ISO_3166_2,https://www.iso.org/obp/ui/#search,ISO 3166-2 subdivisions via pycountry/isocodes,REFERENCE_DATA_IMPORTED,NEEDS_AR_TRANSLATION,2026-08-05,Administrative subdivision only; cities are imported in later city files.
UPSERT,reg_gb_lnd,GB,GBR,United Kingdom,المملكة المتحدة,United Kingdom of Great Britain and Northern Ireland,Europe,أوروبا,Northern Europe,شمال أوروبا,GB-LND,GB-ENG,England,2,city_corporation,City corporation,"London, City of",,"London, City of",true,ISO_3166_2,https://www.iso.org/obp/ui/#search,ISO 3166-2 subdivisions via pycountry/isocodes,REFERENCE_DATA_IMPORTED,NEEDS_AR_TRANSLATION,2026-08-05,Administrative subdivision only; cities are imported in later city files.
UPSERT,reg_gb_lut,GB,GBR,United Kingdom,المملكة المتحدة,United Kingdom of Great Britain and Northern Ireland,Europe,أوروبا,Northern Europe,شمال أوروبا,GB-LUT,GB-ENG,England,2,unitary_authority,Unitary authority,Luton,,Luton,true,ISO_3166_2,https://www.iso.org/obp/ui/#search,ISO 3166-2 subdivisions via pycountry/isocodes,REFERENCE_DATA_IMPORTED,NEEDS_AR_TRANSLATION,2026-08-05,Administrative subdivision only; cities are imported in later city files.
UPSERT,reg_gb_man,GB,GBR,United Kingdom,المملكة المتحدة,United Kingdom of Great Britain and Northern Ireland,Europe,أوروبا,Northern Europe,شمال أوروبا,GB-MAN,GB-ENG,England,2,metropolitan_district,Metropolitan district,Manchester,,Manchester,true,ISO_3166_2,https://www.iso.org/obp/ui/#search,ISO 3166-2 subdivisions via pycountry/isocodes,REFERENCE_DATA_IMPORTED,NEEDS_AR_TRANSLATION,2026-08-05,Administrative subdivision only; cities are imported in later city files.
UPSERT,reg_gb_mdb,GB,GBR,United Kingdom,المملكة المتحدة,United Kingdom of Great Britain and Northern Ireland,Europe,أوروبا,Northern Europe,شمال أوروبا,GB-MDB,GB-ENG,England,2,unitary_authority,Unitary authority,Middlesbrough,,Middlesbrough,true,ISO_3166_2,https://www.iso.org/obp/ui/#search,ISO 3166-2 subdivisions via pycountry/isocodes,REFERENCE_DATA_IMPORTED,NEEDS_AR_TRANSLATION,2026-08-05,Administrative subdivision only; cities are imported in later city files.
UPSERT,reg_gb_mdw,GB,GBR,United Kingdom,المملكة المتحدة,United Kingdom of Great Britain and Northern Ireland,Europe,أوروبا,Northern Europe,شمال أوروبا,GB-MDW,GB-ENG,England,2,unitary_authority,Unitary authority,Medway,,Medway,true,ISO_3166_2,https://www.iso.org/obp/ui/#search,ISO 3166-2 subdivisions via pycountry/isocodes,REFERENCE_DATA_IMPORTED,NEEDS_AR_TRANSLATION,2026-08-05,Administrative subdivision only; cities are imported in later city files.
UPSERT,reg_gb_mea,GB,GBR,United Kingdom,المملكة المتحدة,United Kingdom of Great Britain and Northern Ireland,Europe,أوروبا,Northern Europe,شمال أوروبا,GB-MEA,GB-NIR,Northern Ireland,2,district,District,Mid and East Antrim,,Mid and East Antrim,true,ISO_3166_2,https://www.iso.org/obp/ui/#search,ISO 3166-2 subdivisions via pycountry/isocodes,REFERENCE_DATA_IMPORTED,NEEDS_AR_TRANSLATION,2026-08-05,Administrative subdivision only; cities are imported in later city files.
UPSERT,reg_gb_mik,GB,GBR,United Kingdom,المملكة المتحدة,United Kingdom of Great Britain and Northern Ireland,Europe,أوروبا,Northern Europe,شمال أوروبا,GB-MIK,GB-ENG,England,2,unitary_authority,Unitary authority,Milton Keynes,,Milton Keynes,true,ISO_3166_2,https://www.iso.org/obp/ui/#search,ISO 3166-2 subdivisions via pycountry/isocodes,REFERENCE_DATA_IMPORTED,NEEDS_AR_TRANSLATION,2026-08-05,Administrative subdivision only; cities are imported in later city files.
UPSERT,reg_gb_mln,GB,GBR,United Kingdom,المملكة المتحدة,United Kingdom of Great Britain and Northern Ireland,Europe,أوروبا,Northern Europe,شمال أوروبا,GB-MLN,GB-SCT,Scotland,2,council_area,Council area,Midlothian,,Midlothian,true,ISO_3166_2,https://www.iso.org/obp/ui/#search,ISO 3166-2 subdivisions via pycountry/isocodes,REFERENCE_DATA_IMPORTED,NEEDS_AR_TRANSLATION,2026-08-05,Administrative subdivision only; cities are imported in later city files.
UPSERT,reg_gb_mon,GB,GBR,United Kingdom,المملكة المتحدة,United Kingdom of Great Britain and Northern Ireland,Europe,أوروبا,Northern Europe,شمال أوروبا,GB-MON,GB-WLS,Wales [Cymru GB-CYM],2,unitary_authority,Unitary authority,Monmouthshire [Sir Fynwy GB-FYN],,Monmouthshire [Sir Fynwy GB-FYN],true,ISO_3166_2,https://www.iso.org/obp/ui/#search,ISO 3166-2 subdivisions via pycountry/isocodes,REFERENCE_DATA_IMPORTED,NEEDS_AR_TRANSLATION,2026-08-05,Administrative subdivision only; cities are imported in later city files.
UPSERT,reg_gb_mrt,GB,GBR,United Kingdom,المملكة المتحدة,United Kingdom of Great Britain and Northern Ireland,Europe,أوروبا,Northern Europe,شمال أوروبا,GB-MRT,GB-ENG,England,2,london_borough,London borough,Merton,,Merton,true,ISO_3166_2,https://www.iso.org/obp/ui/#search,ISO 3166-2 subdivisions via pycountry/isocodes,REFERENCE_DATA_IMPORTED,NEEDS_AR_TRANSLATION,2026-08-05,Administrative subdivision only; cities are imported in later city files.
UPSERT,reg_gb_mry,GB,GBR,United Kingdom,المملكة المتحدة,United Kingdom of Great Britain and Northern Ireland,Europe,أوروبا,Northern Europe,شمال أوروبا,GB-MRY,GB-SCT,Scotland,2,council_area,Council area,Moray,,Moray,true,ISO_3166_2,https://www.iso.org/obp/ui/#search,ISO 3166-2 subdivisions via pycountry/isocodes,REFERENCE_DATA_IMPORTED,NEEDS_AR_TRANSLATION,2026-08-05,Administrative subdivision only; cities are imported in later city files.
UPSERT,reg_gb_mty,GB,GBR,United Kingdom,المملكة المتحدة,United Kingdom of Great Britain and Northern Ireland,Europe,أوروبا,Northern Europe,شمال أوروبا,GB-MTY,GB-WLS,Wales [Cymru GB-CYM],2,unitary_authority,Unitary authority,Merthyr Tydfil [Merthyr Tudful GB-MTU],,Merthyr Tydfil [Merthyr Tudful GB-MTU],true,ISO_3166_2,https://www.iso.org/obp/ui/#search,ISO 3166-2 subdivisions via pycountry/isocodes,REFERENCE_DATA_IMPORTED,NEEDS_AR_TRANSLATION,2026-08-05,Administrative subdivision only; cities are imported in later city files.
UPSERT,reg_gb_mul,GB,GBR,United Kingdom,المملكة المتحدة,United Kingdom of Great Britain and Northern Ireland,Europe,أوروبا,Northern Europe,شمال أوروبا,GB-MUL,GB-NIR,Northern Ireland,2,district,District,Mid-Ulster,,Mid-Ulster,true,ISO_3166_2,https://www.iso.org/obp/ui/#search,ISO 3166-2 subdivisions via pycountry/isocodes,REFERENCE_DATA_IMPORTED,NEEDS_AR_TRANSLATION,2026-08-05,Administrative subdivision only; cities are imported in later city files.
UPSERT,reg_gb_nay,GB,GBR,United Kingdom,المملكة المتحدة,United Kingdom of Great Britain and Northern Ireland,Europe,أوروبا,Northern Europe,شمال أوروبا,GB-NAY,GB-SCT,Scotland,2,council_area,Council area,North Ayrshire,,North Ayrshire,true,ISO_3166_2,https://www.iso.org/obp/ui/#search,ISO 3166-2 subdivisions via pycountry/isocodes,REFERENCE_DATA_IMPORTED,NEEDS_AR_TRANSLATION,2026-08-05,Administrative subdivision only; cities are imported in later city files.
UPSERT,reg_gb_nbl,GB,GBR,United Kingdom,المملكة المتحدة,United Kingdom of Great Britain and Northern Ireland,Europe,أوروبا,Northern Europe,شمال أوروبا,GB-NBL,GB-ENG,England,2,unitary_authority,Unitary authority,Northumberland,,Northumberland,true,ISO_3166_2,https://www.iso.org/obp/ui/#search,ISO 3166-2 subdivisions via pycountry/isocodes,REFERENCE_DATA_IMPORTED,NEEDS_AR_TRANSLATION,2026-08-05,Administrative subdivision only; cities are imported in later city files.
UPSERT,reg_gb_nel,GB,GBR,United Kingdom,المملكة المتحدة,United Kingdom of Great Britain and Northern Ireland,Europe,أوروبا,Northern Europe,شمال أوروبا,GB-NEL,GB-ENG,England,2,unitary_authority,Unitary authority,North East Lincolnshire,,North East Lincolnshire,true,ISO_3166_2,https://www.iso.org/obp/ui/#search,ISO 3166-2 subdivisions via pycountry/isocodes,REFERENCE_DATA_IMPORTED,NEEDS_AR_TRANSLATION,2026-08-05,Administrative subdivision only; cities are imported in later city files.
UPSERT,reg_gb_net,GB,GBR,United Kingdom,المملكة المتحدة,United Kingdom of Great Britain and Northern Ireland,Europe,أوروبا,Northern Europe,شمال أوروبا,GB-NET,GB-ENG,England,2,metropolitan_district,Metropolitan district,Newcastle upon Tyne,,Newcastle upon Tyne,true,ISO_3166_2,https://www.iso.org/obp/ui/#search,ISO 3166-2 subdivisions via pycountry/isocodes,REFERENCE_DATA_IMPORTED,NEEDS_AR_TRANSLATION,2026-08-05,Administrative subdivision only; cities are imported in later city files.
UPSERT,reg_gb_nfk,GB,GBR,United Kingdom,المملكة المتحدة,United Kingdom of Great Britain and Northern Ireland,Europe,أوروبا,Northern Europe,شمال أوروبا,GB-NFK,GB-ENG,England,2,two_tier_county,Two-tier county,Norfolk,,Norfolk,true,ISO_3166_2,https://www.iso.org/obp/ui/#search,ISO 3166-2 subdivisions via pycountry/isocodes,REFERENCE_DATA_IMPORTED,NEEDS_AR_TRANSLATION,2026-08-05,Administrative subdivision only; cities are imported in later city files.
UPSERT,reg_gb_ngm,GB,GBR,United Kingdom,المملكة المتحدة,United Kingdom of Great Britain and Northern Ireland,Europe,أوروبا,Northern Europe,شمال أوروبا,GB-NGM,GB-ENG,England,2,unitary_authority,Unitary authority,Nottingham,,Nottingham,true,ISO_3166_2,https://www.iso.org/obp/ui/#search,ISO 3166-2 subdivisions via pycountry/isocodes,REFERENCE_DATA_IMPORTED,NEEDS_AR_TRANSLATION,2026-08-05,Administrative subdivision only; cities are imported in later city files.
UPSERT,reg_gb_nir,GB,GBR,United Kingdom,المملكة المتحدة,United Kingdom of Great Britain and Northern Ireland,Europe,أوروبا,Northern Europe,شمال أوروبا,GB-NIR,,,1,province,Province,Northern Ireland,,Northern Ireland,true,ISO_3166_2,https://www.iso.org/obp/ui/#search,ISO 3166-2 subdivisions via pycountry/isocodes,REFERENCE_DATA_IMPORTED,NEEDS_AR_TRANSLATION,2026-08-05,Administrative subdivision only; cities are imported in later city files.
UPSERT,reg_gb_nlk,GB,GBR,United Kingdom,المملكة المتحدة,United Kingdom of Great Britain and Northern Ireland,Europe,أوروبا,Northern Europe,شمال أوروبا,GB-NLK,GB-SCT,Scotland,2,council_area,Council area,North Lanarkshire,,North Lanarkshire,true,ISO_3166_2,https://www.iso.org/obp/ui/#search,ISO 3166-2 subdivisions via pycountry/isocodes,REFERENCE_DATA_IMPORTED,NEEDS_AR_TRANSLATION,2026-08-05,Administrative subdivision only; cities are imported in later city files.
UPSERT,reg_gb_nln,GB,GBR,United Kingdom,المملكة المتحدة,United Kingdom of Great Britain and Northern Ireland,Europe,أوروبا,Northern Europe,شمال أوروبا,GB-NLN,GB-ENG,England,2,unitary_authority,Unitary authority,North Lincolnshire,,North Lincolnshire,true,ISO_3166_2,https://www.iso.org/obp/ui/#search,ISO 3166-2 subdivisions via pycountry/isocodes,REFERENCE_DATA_IMPORTED,NEEDS_AR_TRANSLATION,2026-08-05,Administrative subdivision only; cities are imported in later city files.
UPSERT,reg_gb_nmd,GB,GBR,United Kingdom,المملكة المتحدة,United Kingdom of Great Britain and Northern Ireland,Europe,أوروبا,Northern Europe,شمال أوروبا,GB-NMD,GB-NIR,Northern Ireland,2,district,District,"Newry, Mourne and Down",,"Newry, Mourne and Down",true,ISO_3166_2,https://www.iso.org/obp/ui/#search,ISO 3166-2 subdivisions via pycountry/isocodes,REFERENCE_DATA_IMPORTED,NEEDS_AR_TRANSLATION,2026-08-05,Administrative subdivision only; cities are imported in later city files.
UPSERT,reg_gb_nnh,GB,GBR,United Kingdom,المملكة المتحدة,United Kingdom of Great Britain and Northern Ireland,Europe,أوروبا,Northern Europe,شمال أوروبا,GB-NNH,GB-ENG,England,2,unitary_authority,Unitary authority,North Northamptonshire,,North Northamptonshire,true,ISO_3166_2,https://www.iso.org/obp/ui/#search,ISO 3166-2 subdivisions via pycountry/isocodes,REFERENCE_DATA_IMPORTED,NEEDS_AR_TRANSLATION,2026-08-05,Administrative subdivision only; cities are imported in later city files.
UPSERT,reg_gb_nsm,GB,GBR,United Kingdom,المملكة المتحدة,United Kingdom of Great Britain and Northern Ireland,Europe,أوروبا,Northern Europe,شمال أوروبا,GB-NSM,GB-ENG,England,2,unitary_authority,Unitary authority,North Somerset,,North Somerset,true,ISO_3166_2,https://www.iso.org/obp/ui/#search,ISO 3166-2 subdivisions via pycountry/isocodes,REFERENCE_DATA_IMPORTED,NEEDS_AR_TRANSLATION,2026-08-05,Administrative subdivision only; cities are imported in later city files.
UPSERT,reg_gb_ntl,GB,GBR,United Kingdom,المملكة المتحدة,United Kingdom of Great Britain and Northern Ireland,Europe,أوروبا,Northern Europe,شمال أوروبا,GB-NTL,GB-WLS,Wales [Cymru GB-CYM],2,unitary_authority,Unitary authority,Neath Port Talbot [Castell-nedd Port Talbot GB-CTL],,Neath Port Talbot [Castell-nedd Port Talbot GB-CTL],true,ISO_3166_2,https://www.iso.org/obp/ui/#search,ISO 3166-2 subdivisions via pycountry/isocodes,REFERENCE_DATA_IMPORTED,NEEDS_AR_TRANSLATION,2026-08-05,Administrative subdivision only; cities are imported in later city files.
UPSERT,reg_gb_ntt,GB,GBR,United Kingdom,المملكة المتحدة,United Kingdom of Great Britain and Northern Ireland,Europe,أوروبا,Northern Europe,شمال أوروبا,GB-NTT,GB-ENG,England,2,two_tier_county,Two-tier county,Nottinghamshire,,Nottinghamshire,true,ISO_3166_2,https://www.iso.org/obp/ui/#search,ISO 3166-2 subdivisions via pycountry/isocodes,REFERENCE_DATA_IMPORTED,NEEDS_AR_TRANSLATION,2026-08-05,Administrative subdivision only; cities are imported in later city files.
UPSERT,reg_gb_nty,GB,GBR,United Kingdom,المملكة المتحدة,United Kingdom of Great Britain and Northern Ireland,Europe,أوروبا,Northern Europe,شمال أوروبا,GB-NTY,GB-ENG,England,2,metropolitan_district,Metropolitan district,North Tyneside,,North Tyneside,true,ISO_3166_2,https://www.iso.org/obp/ui/#search,ISO 3166-2 subdivisions via pycountry/isocodes,REFERENCE_DATA_IMPORTED,NEEDS_AR_TRANSLATION,2026-08-05,Administrative subdivision only; cities are imported in later city files.
UPSERT,reg_gb_nwm,GB,GBR,United Kingdom,المملكة المتحدة,United Kingdom of Great Britain and Northern Ireland,Europe,أوروبا,Northern Europe,شمال أوروبا,GB-NWM,GB-ENG,England,2,london_borough,London borough,Newham,,Newham,true,ISO_3166_2,https://www.iso.org/obp/ui/#search,ISO 3166-2 subdivisions via pycountry/isocodes,REFERENCE_DATA_IMPORTED,NEEDS_AR_TRANSLATION,2026-08-05,Administrative subdivision only; cities are imported in later city files.
UPSERT,reg_gb_nwp,GB,GBR,United Kingdom,المملكة المتحدة,United Kingdom of Great Britain and Northern Ireland,Europe,أوروبا,Northern Europe,شمال أوروبا,GB-NWP,GB-WLS,Wales [Cymru GB-CYM],2,unitary_authority,Unitary authority,Newport [Casnewydd GB-CNW],,Newport [Casnewydd GB-CNW],true,ISO_3166_2,https://www.iso.org/obp/ui/#search,ISO 3166-2 subdivisions via pycountry/isocodes,REFERENCE_DATA_IMPORTED,NEEDS_AR_TRANSLATION,2026-08-05,Administrative subdivision only; cities are imported in later city files.
UPSERT,reg_gb_nyk,GB,GBR,United Kingdom,المملكة المتحدة,United Kingdom of Great Britain and Northern Ireland,Europe,أوروبا,Northern Europe,شمال أوروبا,GB-NYK,GB-ENG,England,2,two_tier_county,Two-tier county,North Yorkshire,,North Yorkshire,true,ISO_3166_2,https://www.iso.org/obp/ui/#search,ISO 3166-2 subdivisions via pycountry/isocodes,REFERENCE_DATA_IMPORTED,NEEDS_AR_TRANSLATION,2026-08-05,Administrative subdivision only; cities are imported in later city files.
UPSERT,reg_gb_old,GB,GBR,United Kingdom,المملكة المتحدة,United Kingdom of Great Britain and Northern Ireland,Europe,أوروبا,Northern Europe,شمال أوروبا,GB-OLD,GB-ENG,England,2,metropolitan_district,Metropolitan district,Oldham,,Oldham,true,ISO_3166_2,https://www.iso.org/obp/ui/#search,ISO 3166-2 subdivisions via pycountry/isocodes,REFERENCE_DATA_IMPORTED,NEEDS_AR_TRANSLATION,2026-08-05,Administrative subdivision only; cities are imported in later city files.
UPSERT,reg_gb_ork,GB,GBR,United Kingdom,المملكة المتحدة,United Kingdom of Great Britain and Northern Ireland,Europe,أوروبا,Northern Europe,شمال أوروبا,GB-ORK,GB-SCT,Scotland,2,council_area,Council area,Orkney Islands,,Orkney Islands,true,ISO_3166_2,https://www.iso.org/obp/ui/#search,ISO 3166-2 subdivisions via pycountry/isocodes,REFERENCE_DATA_IMPORTED,NEEDS_AR_TRANSLATION,2026-08-05,Administrative subdivision only; cities are imported in later city files.
UPSERT,reg_gb_oxf,GB,GBR,United Kingdom,المملكة المتحدة,United Kingdom of Great Britain and Northern Ireland,Europe,أوروبا,Northern Europe,شمال أوروبا,GB-OXF,GB-ENG,England,2,two_tier_county,Two-tier county,Oxfordshire,,Oxfordshire,true,ISO_3166_2,https://www.iso.org/obp/ui/#search,ISO 3166-2 subdivisions via pycountry/isocodes,REFERENCE_DATA_IMPORTED,NEEDS_AR_TRANSLATION,2026-08-05,Administrative subdivision only; cities are imported in later city files.
UPSERT,reg_gb_pem,GB,GBR,United Kingdom,المملكة المتحدة,United Kingdom of Great Britain and Northern Ireland,Europe,أوروبا,Northern Europe,شمال أوروبا,GB-PEM,GB-WLS,Wales [Cymru GB-CYM],2,unitary_authority,Unitary authority,Pembrokeshire [Sir Benfro GB-BNF],,Pembrokeshire [Sir Benfro GB-BNF],true,ISO_3166_2,https://www.iso.org/obp/ui/#search,ISO 3166-2 subdivisions via pycountry/isocodes,REFERENCE_DATA_IMPORTED,NEEDS_AR_TRANSLATION,2026-08-05,Administrative subdivision only; cities are imported in later city files.
UPSERT,reg_gb_pkn,GB,GBR,United Kingdom,المملكة المتحدة,United Kingdom of Great Britain and Northern Ireland,Europe,أوروبا,Northern Europe,شمال أوروبا,GB-PKN,GB-SCT,Scotland,2,council_area,Council area,Perth and Kinross,,Perth and Kinross,true,ISO_3166_2,https://www.iso.org/obp/ui/#search,ISO 3166-2 subdivisions via pycountry/isocodes,REFERENCE_DATA_IMPORTED,NEEDS_AR_TRANSLATION,2026-08-05,Administrative subdivision only; cities are imported in later city files.
UPSERT,reg_gb_ply,GB,GBR,United Kingdom,المملكة المتحدة,United Kingdom of Great Britain and Northern Ireland,Europe,أوروبا,Northern Europe,شمال أوروبا,GB-PLY,GB-ENG,England,2,unitary_authority,Unitary authority,Plymouth,,Plymouth,true,ISO_3166_2,https://www.iso.org/obp/ui/#search,ISO 3166-2 subdivisions via pycountry/isocodes,REFERENCE_DATA_IMPORTED,NEEDS_AR_TRANSLATION,2026-08-05,Administrative subdivision only; cities are imported in later city files.
UPSERT,reg_gb_por,GB,GBR,United Kingdom,المملكة المتحدة,United Kingdom of Great Britain and Northern Ireland,Europe,أوروبا,Northern Europe,شمال أوروبا,GB-POR,GB-ENG,England,2,unitary_authority,Unitary authority,Portsmouth,,Portsmouth,true,ISO_3166_2,https://www.iso.org/obp/ui/#search,ISO 3166-2 subdivisions via pycountry/isocodes,REFERENCE_DATA_IMPORTED,NEEDS_AR_TRANSLATION,2026-08-05,Administrative subdivision only; cities are imported in later city files.
UPSERT,reg_gb_pow,GB,GBR,United Kingdom,المملكة المتحدة,United Kingdom of Great Britain and Northern Ireland,Europe,أوروبا,Northern Europe,شمال أوروبا,GB-POW,GB-WLS,Wales [Cymru GB-CYM],2,unitary_authority,Unitary authority,Powys,,Powys,true,ISO_3166_2,https://www.iso.org/obp/ui/#search,ISO 3166-2 subdivisions via pycountry/isocodes,REFERENCE_DATA_IMPORTED,NEEDS_AR_TRANSLATION,2026-08-05,Administrative subdivision only; cities are imported in later city files.
UPSERT,reg_gb_pte,GB,GBR,United Kingdom,المملكة المتحدة,United Kingdom of Great Britain and Northern Ireland,Europe,أوروبا,Northern Europe,شمال أوروبا,GB-PTE,GB-ENG,England,2,unitary_authority,Unitary authority,Peterborough,,Peterborough,true,ISO_3166_2,https://www.iso.org/obp/ui/#search,ISO 3166-2 subdivisions via pycountry/isocodes,REFERENCE_DATA_IMPORTED,NEEDS_AR_TRANSLATION,2026-08-05,Administrative subdivision only; cities are imported in later city files.
UPSERT,reg_gb_rcc,GB,GBR,United Kingdom,المملكة المتحدة,United Kingdom of Great Britain and Northern Ireland,Europe,أوروبا,Northern Europe,شمال أوروبا,GB-RCC,GB-ENG,England,2,unitary_authority,Unitary authority,Redcar and Cleveland,,Redcar and Cleveland,true,ISO_3166_2,https://www.iso.org/obp/ui/#search,ISO 3166-2 subdivisions via pycountry/isocodes,REFERENCE_DATA_IMPORTED,NEEDS_AR_TRANSLATION,2026-08-05,Administrative subdivision only; cities are imported in later city files.
UPSERT,reg_gb_rch,GB,GBR,United Kingdom,المملكة المتحدة,United Kingdom of Great Britain and Northern Ireland,Europe,أوروبا,Northern Europe,شمال أوروبا,GB-RCH,GB-ENG,England,2,metropolitan_district,Metropolitan district,Rochdale,,Rochdale,true,ISO_3166_2,https://www.iso.org/obp/ui/#search,ISO 3166-2 subdivisions via pycountry/isocodes,REFERENCE_DATA_IMPORTED,NEEDS_AR_TRANSLATION,2026-08-05,Administrative subdivision only; cities are imported in later city files.
UPSERT,reg_gb_rct,GB,GBR,United Kingdom,المملكة المتحدة,United Kingdom of Great Britain and Northern Ireland,Europe,أوروبا,Northern Europe,شمال أوروبا,GB-RCT,GB-WLS,Wales [Cymru GB-CYM],2,unitary_authority,Unitary authority,Rhondda Cynon Taff [Rhondda CynonTaf],,Rhondda Cynon Taff [Rhondda CynonTaf],true,ISO_3166_2,https://www.iso.org/obp/ui/#search,ISO 3166-2 subdivisions via pycountry/isocodes,REFERENCE_DATA_IMPORTED,NEEDS_AR_TRANSLATION,2026-08-05,Administrative subdivision only; cities are imported in later city files.
UPSERT,reg_gb_rdb,GB,GBR,United Kingdom,المملكة المتحدة,United Kingdom of Great Britain and Northern Ireland,Europe,أوروبا,Northern Europe,شمال أوروبا,GB-RDB,GB-ENG,England,2,london_borough,London borough,Redbridge,,Redbridge,true,ISO_3166_2,https://www.iso.org/obp/ui/#search,ISO 3166-2 subdivisions via pycountry/isocodes,REFERENCE_DATA_IMPORTED,NEEDS_AR_TRANSLATION,2026-08-05,Administrative subdivision only; cities are imported in later city files.
UPSERT,reg_gb_rdg,GB,GBR,United Kingdom,المملكة المتحدة,United Kingdom of Great Britain and Northern Ireland,Europe,أوروبا,Northern Europe,شمال أوروبا,GB-RDG,GB-ENG,England,2,unitary_authority,Unitary authority,Reading,,Reading,true,ISO_3166_2,https://www.iso.org/obp/ui/#search,ISO 3166-2 subdivisions via pycountry/isocodes,REFERENCE_DATA_IMPORTED,NEEDS_AR_TRANSLATION,2026-08-05,Administrative subdivision only; cities are imported in later city files.
UPSERT,reg_gb_rfw,GB,GBR,United Kingdom,المملكة المتحدة,United Kingdom of Great Britain and Northern Ireland,Europe,أوروبا,Northern Europe,شمال أوروبا,GB-RFW,GB-SCT,Scotland,2,council_area,Council area,Renfrewshire,,Renfrewshire,true,ISO_3166_2,https://www.iso.org/obp/ui/#search,ISO 3166-2 subdivisions via pycountry/isocodes,REFERENCE_DATA_IMPORTED,NEEDS_AR_TRANSLATION,2026-08-05,Administrative subdivision only; cities are imported in later city files.
UPSERT,reg_gb_ric,GB,GBR,United Kingdom,المملكة المتحدة,United Kingdom of Great Britain and Northern Ireland,Europe,أوروبا,Northern Europe,شمال أوروبا,GB-RIC,GB-ENG,England,2,london_borough,London borough,Richmond upon Thames,,Richmond upon Thames,true,ISO_3166_2,https://www.iso.org/obp/ui/#search,ISO 3166-2 subdivisions via pycountry/isocodes,REFERENCE_DATA_IMPORTED,NEEDS_AR_TRANSLATION,2026-08-05,Administrative subdivision only; cities are imported in later city files.
UPSERT,reg_gb_rot,GB,GBR,United Kingdom,المملكة المتحدة,United Kingdom of Great Britain and Northern Ireland,Europe,أوروبا,Northern Europe,شمال أوروبا,GB-ROT,GB-ENG,England,2,metropolitan_district,Metropolitan district,Rotherham,,Rotherham,true,ISO_3166_2,https://www.iso.org/obp/ui/#search,ISO 3166-2 subdivisions via pycountry/isocodes,REFERENCE_DATA_IMPORTED,NEEDS_AR_TRANSLATION,2026-08-05,Administrative subdivision only; cities are imported in later city files.
UPSERT,reg_gb_rut,GB,GBR,United Kingdom,المملكة المتحدة,United Kingdom of Great Britain and Northern Ireland,Europe,أوروبا,Northern Europe,شمال أوروبا,GB-RUT,GB-ENG,England,2,unitary_authority,Unitary authority,Rutland,,Rutland,true,ISO_3166_2,https://www.iso.org/obp/ui/#search,ISO 3166-2 subdivisions via pycountry/isocodes,REFERENCE_DATA_IMPORTED,NEEDS_AR_TRANSLATION,2026-08-05,Administrative subdivision only; cities are imported in later city files.
UPSERT,reg_gb_saw,GB,GBR,United Kingdom,المملكة المتحدة,United Kingdom of Great Britain and Northern Ireland,Europe,أوروبا,Northern Europe,شمال أوروبا,GB-SAW,GB-ENG,England,2,metropolitan_district,Metropolitan district,Sandwell,,Sandwell,true,ISO_3166_2,https://www.iso.org/obp/ui/#search,ISO 3166-2 subdivisions via pycountry/isocodes,REFERENCE_DATA_IMPORTED,NEEDS_AR_TRANSLATION,2026-08-05,Administrative subdivision only; cities are imported in later city files.
UPSERT,reg_gb_say,GB,GBR,United Kingdom,المملكة المتحدة,United Kingdom of Great Britain and Northern Ireland,Europe,أوروبا,Northern Europe,شمال أوروبا,GB-SAY,GB-SCT,Scotland,2,council_area,Council area,South Ayrshire,,South Ayrshire,true,ISO_3166_2,https://www.iso.org/obp/ui/#search,ISO 3166-2 subdivisions via pycountry/isocodes,REFERENCE_DATA_IMPORTED,NEEDS_AR_TRANSLATION,2026-08-05,Administrative subdivision only; cities are imported in later city files.
UPSERT,reg_gb_scb,GB,GBR,United Kingdom,المملكة المتحدة,United Kingdom of Great Britain and Northern Ireland,Europe,أوروبا,Northern Europe,شمال أوروبا,GB-SCB,GB-SCT,Scotland,2,council_area,Council area,Scottish Borders,,Scottish Borders,true,ISO_3166_2,https://www.iso.org/obp/ui/#search,ISO 3166-2 subdivisions via pycountry/isocodes,REFERENCE_DATA_IMPORTED,NEEDS_AR_TRANSLATION,2026-08-05,Administrative subdivision only; cities are imported in later city files.
UPSERT,reg_gb_sct,GB,GBR,United Kingdom,المملكة المتحدة,United Kingdom of Great Britain and Northern Ireland,Europe,أوروبا,Northern Europe,شمال أوروبا,GB-SCT,,,1,country,Country,Scotland,,Scotland,true,ISO_3166_2,https://www.iso.org/obp/ui/#search,ISO 3166-2 subdivisions via pycountry/isocodes,REFERENCE_DATA_IMPORTED,NEEDS_AR_TRANSLATION,2026-08-05,Administrative subdivision only; cities are imported in later city files.
UPSERT,reg_gb_sfk,GB,GBR,United Kingdom,المملكة المتحدة,United Kingdom of Great Britain and Northern Ireland,Europe,أوروبا,Northern Europe,شمال أوروبا,GB-SFK,GB-ENG,England,2,two_tier_county,Two-tier county,Suffolk,,Suffolk,true,ISO_3166_2,https://www.iso.org/obp/ui/#search,ISO 3166-2 subdivisions via pycountry/isocodes,REFERENCE_DATA_IMPORTED,NEEDS_AR_TRANSLATION,2026-08-05,Administrative subdivision only; cities are imported in later city files.
UPSERT,reg_gb_sft,GB,GBR,United Kingdom,المملكة المتحدة,United Kingdom of Great Britain and Northern Ireland,Europe,أوروبا,Northern Europe,شمال أوروبا,GB-SFT,GB-ENG,England,2,metropolitan_district,Metropolitan district,Sefton,,Sefton,true,ISO_3166_2,https://www.iso.org/obp/ui/#search,ISO 3166-2 subdivisions via pycountry/isocodes,REFERENCE_DATA_IMPORTED,NEEDS_AR_TRANSLATION,2026-08-05,Administrative subdivision only; cities are imported in later city files.
UPSERT,reg_gb_sgc,GB,GBR,United Kingdom,المملكة المتحدة,United Kingdom of Great Britain and Northern Ireland,Europe,أوروبا,Northern Europe,شمال أوروبا,GB-SGC,GB-ENG,England,2,unitary_authority,Unitary authority,South Gloucestershire,,South Gloucestershire,true,ISO_3166_2,https://www.iso.org/obp/ui/#search,ISO 3166-2 subdivisions via pycountry/isocodes,REFERENCE_DATA_IMPORTED,NEEDS_AR_TRANSLATION,2026-08-05,Administrative subdivision only; cities are imported in later city files.
UPSERT,reg_gb_shf,GB,GBR,United Kingdom,المملكة المتحدة,United Kingdom of Great Britain and Northern Ireland,Europe,أوروبا,Northern Europe,شمال أوروبا,GB-SHF,GB-ENG,England,2,metropolitan_district,Metropolitan district,Sheffield,,Sheffield,true,ISO_3166_2,https://www.iso.org/obp/ui/#search,ISO 3166-2 subdivisions via pycountry/isocodes,REFERENCE_DATA_IMPORTED,NEEDS_AR_TRANSLATION,2026-08-05,Administrative subdivision only; cities are imported in later city files.
UPSERT,reg_gb_shn,GB,GBR,United Kingdom,المملكة المتحدة,United Kingdom of Great Britain and Northern Ireland,Europe,أوروبا,Northern Europe,شمال أوروبا,GB-SHN,GB-ENG,England,2,metropolitan_district,Metropolitan district,St. Helens,,St. Helens,true,ISO_3166_2,https://www.iso.org/obp/ui/#search,ISO 3166-2 subdivisions via pycountry/isocodes,REFERENCE_DATA_IMPORTED,NEEDS_AR_TRANSLATION,2026-08-05,Administrative subdivision only; cities are imported in later city files.
UPSERT,reg_gb_shr,GB,GBR,United Kingdom,المملكة المتحدة,United Kingdom of Great Britain and Northern Ireland,Europe,أوروبا,Northern Europe,شمال أوروبا,GB-SHR,GB-ENG,England,2,unitary_authority,Unitary authority,Shropshire,,Shropshire,true,ISO_3166_2,https://www.iso.org/obp/ui/#search,ISO 3166-2 subdivisions via pycountry/isocodes,REFERENCE_DATA_IMPORTED,NEEDS_AR_TRANSLATION,2026-08-05,Administrative subdivision only; cities are imported in later city files.
UPSERT,reg_gb_skp,GB,GBR,United Kingdom,المملكة المتحدة,United Kingdom of Great Britain and Northern Ireland,Europe,أوروبا,Northern Europe,شمال أوروبا,GB-SKP,GB-ENG,England,2,metropolitan_district,Metropolitan district,Stockport,,Stockport,true,ISO_3166_2,https://www.iso.org/obp/ui/#search,ISO 3166-2 subdivisions via pycountry/isocodes,REFERENCE_DATA_IMPORTED,NEEDS_AR_TRANSLATION,2026-08-05,Administrative subdivision only; cities are imported in later city files.
UPSERT,reg_gb_slf,GB,GBR,United Kingdom,المملكة المتحدة,United Kingdom of Great Britain and Northern Ireland,Europe,أوروبا,Northern Europe,شمال أوروبا,GB-SLF,GB-ENG,England,2,metropolitan_district,Metropolitan district,Salford,,Salford,true,ISO_3166_2,https://www.iso.org/obp/ui/#search,ISO 3166-2 subdivisions via pycountry/isocodes,REFERENCE_DATA_IMPORTED,NEEDS_AR_TRANSLATION,2026-08-05,Administrative subdivision only; cities are imported in later city files.
UPSERT,reg_gb_slg,GB,GBR,United Kingdom,المملكة المتحدة,United Kingdom of Great Britain and Northern Ireland,Europe,أوروبا,Northern Europe,شمال أوروبا,GB-SLG,GB-ENG,England,2,unitary_authority,Unitary authority,Slough,,Slough,true,ISO_3166_2,https://www.iso.org/obp/ui/#search,ISO 3166-2 subdivisions via pycountry/isocodes,REFERENCE_DATA_IMPORTED,NEEDS_AR_TRANSLATION,2026-08-05,Administrative subdivision only; cities are imported in later city files.
UPSERT,reg_gb_slk,GB,GBR,United Kingdom,المملكة المتحدة,United Kingdom of Great Britain and Northern Ireland,Europe,أوروبا,Northern Europe,شمال أوروبا,GB-SLK,GB-SCT,Scotland,2,council_area,Council area,South Lanarkshire,,South Lanarkshire,true,ISO_3166_2,https://www.iso.org/obp/ui/#search,ISO 3166-2 subdivisions via pycountry/isocodes,REFERENCE_DATA_IMPORTED,NEEDS_AR_TRANSLATION,2026-08-05,Administrative subdivision only; cities are imported in later city files.
UPSERT,reg_gb_snd,GB,GBR,United Kingdom,المملكة المتحدة,United Kingdom of Great Britain and Northern Ireland,Europe,أوروبا,Northern Europe,شمال أوروبا,GB-SND,GB-ENG,England,2,metropolitan_district,Metropolitan district,Sunderland,,Sunderland,true,ISO_3166_2,https://www.iso.org/obp/ui/#search,ISO 3166-2 subdivisions via pycountry/isocodes,REFERENCE_DATA_IMPORTED,NEEDS_AR_TRANSLATION,2026-08-05,Administrative subdivision only; cities are imported in later city files.
UPSERT,reg_gb_sol,GB,GBR,United Kingdom,المملكة المتحدة,United Kingdom of Great Britain and Northern Ireland,Europe,أوروبا,Northern Europe,شمال أوروبا,GB-SOL,GB-ENG,England,2,metropolitan_district,Metropolitan district,Solihull,,Solihull,true,ISO_3166_2,https://www.iso.org/obp/ui/#search,ISO 3166-2 subdivisions via pycountry/isocodes,REFERENCE_DATA_IMPORTED,NEEDS_AR_TRANSLATION,2026-08-05,Administrative subdivision only; cities are imported in later city files.
UPSERT,reg_gb_som,GB,GBR,United Kingdom,المملكة المتحدة,United Kingdom of Great Britain and Northern Ireland,Europe,أوروبا,Northern Europe,شمال أوروبا,GB-SOM,GB-ENG,England,2,two_tier_county,Two-tier county,Somerset,,Somerset,true,ISO_3166_2,https://www.iso.org/obp/ui/#search,ISO 3166-2 subdivisions via pycountry/isocodes,REFERENCE_DATA_IMPORTED,NEEDS_AR_TRANSLATION,2026-08-05,Administrative subdivision only; cities are imported in later city files.
UPSERT,reg_gb_sos,GB,GBR,United Kingdom,المملكة المتحدة,United Kingdom of Great Britain and Northern Ireland,Europe,أوروبا,Northern Europe,شمال أوروبا,GB-SOS,GB-ENG,England,2,unitary_authority,Unitary authority,Southend-on-Sea,,Southend-on-Sea,true,ISO_3166_2,https://www.iso.org/obp/ui/#search,ISO 3166-2 subdivisions via pycountry/isocodes,REFERENCE_DATA_IMPORTED,NEEDS_AR_TRANSLATION,2026-08-05,Administrative subdivision only; cities are imported in later city files.
UPSERT,reg_gb_sry,GB,GBR,United Kingdom,المملكة المتحدة,United Kingdom of Great Britain and Northern Ireland,Europe,أوروبا,Northern Europe,شمال أوروبا,GB-SRY,GB-ENG,England,2,two_tier_county,Two-tier county,Surrey,,Surrey,true,ISO_3166_2,https://www.iso.org/obp/ui/#search,ISO 3166-2 subdivisions via pycountry/isocodes,REFERENCE_DATA_IMPORTED,NEEDS_AR_TRANSLATION,2026-08-05,Administrative subdivision only; cities are imported in later city files.
UPSERT,reg_gb_ste,GB,GBR,United Kingdom,المملكة المتحدة,United Kingdom of Great Britain and Northern Ireland,Europe,أوروبا,Northern Europe,شمال أوروبا,GB-STE,GB-ENG,England,2,unitary_authority,Unitary authority,Stoke-on-Trent,,Stoke-on-Trent,true,ISO_3166_2,https://www.iso.org/obp/ui/#search,ISO 3166-2 subdivisions via pycountry/isocodes,REFERENCE_DATA_IMPORTED,NEEDS_AR_TRANSLATION,2026-08-05,Administrative subdivision only; cities are imported in later city files.
UPSERT,reg_gb_stg,GB,GBR,United Kingdom,المملكة المتحدة,United Kingdom of Great Britain and Northern Ireland,Europe,أوروبا,Northern Europe,شمال أوروبا,GB-STG,GB-SCT,Scotland,2,council_area,Council area,Stirling,,Stirling,true,ISO_3166_2,https://www.iso.org/obp/ui/#search,ISO 3166-2 subdivisions via pycountry/isocodes,REFERENCE_DATA_IMPORTED,NEEDS_AR_TRANSLATION,2026-08-05,Administrative subdivision only; cities are imported in later city files.
UPSERT,reg_gb_sth,GB,GBR,United Kingdom,المملكة المتحدة,United Kingdom of Great Britain and Northern Ireland,Europe,أوروبا,Northern Europe,شمال أوروبا,GB-STH,GB-ENG,England,2,unitary_authority,Unitary authority,Southampton,,Southampton,true,ISO_3166_2,https://www.iso.org/obp/ui/#search,ISO 3166-2 subdivisions via pycountry/isocodes,REFERENCE_DATA_IMPORTED,NEEDS_AR_TRANSLATION,2026-08-05,Administrative subdivision only; cities are imported in later city files.
UPSERT,reg_gb_stn,GB,GBR,United Kingdom,المملكة المتحدة,United Kingdom of Great Britain and Northern Ireland,Europe,أوروبا,Northern Europe,شمال أوروبا,GB-STN,GB-ENG,England,2,london_borough,London borough,Sutton,,Sutton,true,ISO_3166_2,https://www.iso.org/obp/ui/#search,ISO 3166-2 subdivisions via pycountry/isocodes,REFERENCE_DATA_IMPORTED,NEEDS_AR_TRANSLATION,2026-08-05,Administrative subdivision only; cities are imported in later city files.
UPSERT,reg_gb_sts,GB,GBR,United Kingdom,المملكة المتحدة,United Kingdom of Great Britain and Northern Ireland,Europe,أوروبا,Northern Europe,شمال أوروبا,GB-STS,GB-ENG,England,2,two_tier_county,Two-tier county,Staffordshire,,Staffordshire,true,ISO_3166_2,https://www.iso.org/obp/ui/#search,ISO 3166-2 subdivisions via pycountry/isocodes,REFERENCE_DATA_IMPORTED,NEEDS_AR_TRANSLATION,2026-08-05,Administrative subdivision only; cities are imported in later city files.
UPSERT,reg_gb_stt,GB,GBR,United Kingdom,المملكة المتحدة,United Kingdom of Great Britain and Northern Ireland,Europe,أوروبا,Northern Europe,شمال أوروبا,GB-STT,GB-ENG,England,2,unitary_authority,Unitary authority,Stockton-on-Tees,,Stockton-on-Tees,true,ISO_3166_2,https://www.iso.org/obp/ui/#search,ISO 3166-2 subdivisions via pycountry/isocodes,REFERENCE_DATA_IMPORTED,NEEDS_AR_TRANSLATION,2026-08-05,Administrative subdivision only; cities are imported in later city files.
UPSERT,reg_gb_sty,GB,GBR,United Kingdom,المملكة المتحدة,United Kingdom of Great Britain and Northern Ireland,Europe,أوروبا,Northern Europe,شمال أوروبا,GB-STY,GB-ENG,England,2,metropolitan_district,Metropolitan district,South Tyneside,,South Tyneside,true,ISO_3166_2,https://www.iso.org/obp/ui/#search,ISO 3166-2 subdivisions via pycountry/isocodes,REFERENCE_DATA_IMPORTED,NEEDS_AR_TRANSLATION,2026-08-05,Administrative subdivision only; cities are imported in later city files.
UPSERT,reg_gb_swa,GB,GBR,United Kingdom,المملكة المتحدة,United Kingdom of Great Britain and Northern Ireland,Europe,أوروبا,Northern Europe,شمال أوروبا,GB-SWA,GB-WLS,Wales [Cymru GB-CYM],2,unitary_authority,Unitary authority,Swansea [Abertawe GB-ATA],,Swansea [Abertawe GB-ATA],true,ISO_3166_2,https://www.iso.org/obp/ui/#search,ISO 3166-2 subdivisions via pycountry/isocodes,REFERENCE_DATA_IMPORTED,NEEDS_AR_TRANSLATION,2026-08-05,Administrative subdivision only; cities are imported in later city files.
UPSERT,reg_gb_swd,GB,GBR,United Kingdom,المملكة المتحدة,United Kingdom of Great Britain and Northern Ireland,Europe,أوروبا,Northern Europe,شمال أوروبا,GB-SWD,GB-ENG,England,2,unitary_authority,Unitary authority,Swindon,,Swindon,true,ISO_3166_2,https://www.iso.org/obp/ui/#search,ISO 3166-2 subdivisions via pycountry/isocodes,REFERENCE_DATA_IMPORTED,NEEDS_AR_TRANSLATION,2026-08-05,Administrative subdivision only; cities are imported in later city files.
UPSERT,reg_gb_swk,GB,GBR,United Kingdom,المملكة المتحدة,United Kingdom of Great Britain and Northern Ireland,Europe,أوروبا,Northern Europe,شمال أوروبا,GB-SWK,GB-ENG,England,2,london_borough,London borough,Southwark,,Southwark,true,ISO_3166_2,https://www.iso.org/obp/ui/#search,ISO 3166-2 subdivisions via pycountry/isocodes,REFERENCE_DATA_IMPORTED,NEEDS_AR_TRANSLATION,2026-08-05,Administrative subdivision only; cities are imported in later city files.
UPSERT,reg_gb_tam,GB,GBR,United Kingdom,المملكة المتحدة,United Kingdom of Great Britain and Northern Ireland,Europe,أوروبا,Northern Europe,شمال أوروبا,GB-TAM,GB-ENG,England,2,metropolitan_district,Metropolitan district,Tameside,,Tameside,true,ISO_3166_2,https://www.iso.org/obp/ui/#search,ISO 3166-2 subdivisions via pycountry/isocodes,REFERENCE_DATA_IMPORTED,NEEDS_AR_TRANSLATION,2026-08-05,Administrative subdivision only; cities are imported in later city files.
UPSERT,reg_gb_tfw,GB,GBR,United Kingdom,المملكة المتحدة,United Kingdom of Great Britain and Northern Ireland,Europe,أوروبا,Northern Europe,شمال أوروبا,GB-TFW,GB-ENG,England,2,unitary_authority,Unitary authority,Telford and Wrekin,,Telford and Wrekin,true,ISO_3166_2,https://www.iso.org/obp/ui/#search,ISO 3166-2 subdivisions via pycountry/isocodes,REFERENCE_DATA_IMPORTED,NEEDS_AR_TRANSLATION,2026-08-05,Administrative subdivision only; cities are imported in later city files.
UPSERT,reg_gb_thr,GB,GBR,United Kingdom,المملكة المتحدة,United Kingdom of Great Britain and Northern Ireland,Europe,أوروبا,Northern Europe,شمال أوروبا,GB-THR,GB-ENG,England,2,unitary_authority,Unitary authority,Thurrock,,Thurrock,true,ISO_3166_2,https://www.iso.org/obp/ui/#search,ISO 3166-2 subdivisions via pycountry/isocodes,REFERENCE_DATA_IMPORTED,NEEDS_AR_TRANSLATION,2026-08-05,Administrative subdivision only; cities are imported in later city files.
UPSERT,reg_gb_tob,GB,GBR,United Kingdom,المملكة المتحدة,United Kingdom of Great Britain and Northern Ireland,Europe,أوروبا,Northern Europe,شمال أوروبا,GB-TOB,GB-ENG,England,2,unitary_authority,Unitary authority,Torbay,,Torbay,true,ISO_3166_2,https://www.iso.org/obp/ui/#search,ISO 3166-2 subdivisions via pycountry/isocodes,REFERENCE_DATA_IMPORTED,NEEDS_AR_TRANSLATION,2026-08-05,Administrative subdivision only; cities are imported in later city files.
UPSERT,reg_gb_tof,GB,GBR,United Kingdom,المملكة المتحدة,United Kingdom of Great Britain and Northern Ireland,Europe,أوروبا,Northern Europe,شمال أوروبا,GB-TOF,GB-WLS,Wales [Cymru GB-CYM],2,unitary_authority,Unitary authority,Torfaen [Tor-faen],,Torfaen [Tor-faen],true,ISO_3166_2,https://www.iso.org/obp/ui/#search,ISO 3166-2 subdivisions via pycountry/isocodes,REFERENCE_DATA_IMPORTED,NEEDS_AR_TRANSLATION,2026-08-05,Administrative subdivision only; cities are imported in later city files.
UPSERT,reg_gb_trf,GB,GBR,United Kingdom,المملكة المتحدة,United Kingdom of Great Britain and Northern Ireland,Europe,أوروبا,Northern Europe,شمال أوروبا,GB-TRF,GB-ENG,England,2,metropolitan_district,Metropolitan district,Trafford,,Trafford,true,ISO_3166_2,https://www.iso.org/obp/ui/#search,ISO 3166-2 subdivisions via pycountry/isocodes,REFERENCE_DATA_IMPORTED,NEEDS_AR_TRANSLATION,2026-08-05,Administrative subdivision only; cities are imported in later city files.
UPSERT,reg_gb_twh,GB,GBR,United Kingdom,المملكة المتحدة,United Kingdom of Great Britain and Northern Ireland,Europe,أوروبا,Northern Europe,شمال أوروبا,GB-TWH,GB-ENG,England,2,london_borough,London borough,Tower Hamlets,,Tower Hamlets,true,ISO_3166_2,https://www.iso.org/obp/ui/#search,ISO 3166-2 subdivisions via pycountry/isocodes,REFERENCE_DATA_IMPORTED,NEEDS_AR_TRANSLATION,2026-08-05,Administrative subdivision only; cities are imported in later city files.
UPSERT,reg_gb_vgl,GB,GBR,United Kingdom,المملكة المتحدة,United Kingdom of Great Britain and Northern Ireland,Europe,أوروبا,Northern Europe,شمال أوروبا,GB-VGL,GB-WLS,Wales [Cymru GB-CYM],2,unitary_authority,Unitary authority,"Vale of Glamorgan, The [Bro Morgannwg GB-BMG]",,"Vale of Glamorgan, The [Bro Morgannwg GB-BMG]",true,ISO_3166_2,https://www.iso.org/obp/ui/#search,ISO 3166-2 subdivisions via pycountry/isocodes,REFERENCE_DATA_IMPORTED,NEEDS_AR_TRANSLATION,2026-08-05,Administrative subdivision only; cities are imported in later city files.
UPSERT,reg_gb_war,GB,GBR,United Kingdom,المملكة المتحدة,United Kingdom of Great Britain and Northern Ireland,Europe,أوروبا,Northern Europe,شمال أوروبا,GB-WAR,GB-ENG,England,2,two_tier_county,Two-tier county,Warwickshire,,Warwickshire,true,ISO_3166_2,https://www.iso.org/obp/ui/#search,ISO 3166-2 subdivisions via pycountry/isocodes,REFERENCE_DATA_IMPORTED,NEEDS_AR_TRANSLATION,2026-08-05,Administrative subdivision only; cities are imported in later city files.
UPSERT,reg_gb_wbk,GB,GBR,United Kingdom,المملكة المتحدة,United Kingdom of Great Britain and Northern Ireland,Europe,أوروبا,Northern Europe,شمال أوروبا,GB-WBK,GB-ENG,England,2,unitary_authority,Unitary authority,West Berkshire,,West Berkshire,true,ISO_3166_2,https://www.iso.org/obp/ui/#search,ISO 3166-2 subdivisions via pycountry/isocodes,REFERENCE_DATA_IMPORTED,NEEDS_AR_TRANSLATION,2026-08-05,Administrative subdivision only; cities are imported in later city files.
UPSERT,reg_gb_wdu,GB,GBR,United Kingdom,المملكة المتحدة,United Kingdom of Great Britain and Northern Ireland,Europe,أوروبا,Northern Europe,شمال أوروبا,GB-WDU,GB-SCT,Scotland,2,council_area,Council area,West Dunbartonshire,,West Dunbartonshire,true,ISO_3166_2,https://www.iso.org/obp/ui/#search,ISO 3166-2 subdivisions via pycountry/isocodes,REFERENCE_DATA_IMPORTED,NEEDS_AR_TRANSLATION,2026-08-05,Administrative subdivision only; cities are imported in later city files.
UPSERT,reg_gb_wft,GB,GBR,United Kingdom,المملكة المتحدة,United Kingdom of Great Britain and Northern Ireland,Europe,أوروبا,Northern Europe,شمال أوروبا,GB-WFT,GB-ENG,England,2,london_borough,London borough,Waltham Forest,,Waltham Forest,true,ISO_3166_2,https://www.iso.org/obp/ui/#search,ISO 3166-2 subdivisions via pycountry/isocodes,REFERENCE_DATA_IMPORTED,NEEDS_AR_TRANSLATION,2026-08-05,Administrative subdivision only; cities are imported in later city files.
UPSERT,reg_gb_wgn,GB,GBR,United Kingdom,المملكة المتحدة,United Kingdom of Great Britain and Northern Ireland,Europe,أوروبا,Northern Europe,شمال أوروبا,GB-WGN,GB-ENG,England,2,metropolitan_district,Metropolitan district,Wigan,,Wigan,true,ISO_3166_2,https://www.iso.org/obp/ui/#search,ISO 3166-2 subdivisions via pycountry/isocodes,REFERENCE_DATA_IMPORTED,NEEDS_AR_TRANSLATION,2026-08-05,Administrative subdivision only; cities are imported in later city files.
UPSERT,reg_gb_wil,GB,GBR,United Kingdom,المملكة المتحدة,United Kingdom of Great Britain and Northern Ireland,Europe,أوروبا,Northern Europe,شمال أوروبا,GB-WIL,GB-ENG,England,2,unitary_authority,Unitary authority,Wiltshire,,Wiltshire,true,ISO_3166_2,https://www.iso.org/obp/ui/#search,ISO 3166-2 subdivisions via pycountry/isocodes,REFERENCE_DATA_IMPORTED,NEEDS_AR_TRANSLATION,2026-08-05,Administrative subdivision only; cities are imported in later city files.
UPSERT,reg_gb_wkf,GB,GBR,United Kingdom,المملكة المتحدة,United Kingdom of Great Britain and Northern Ireland,Europe,أوروبا,Northern Europe,شمال أوروبا,GB-WKF,GB-ENG,England,2,metropolitan_district,Metropolitan district,Wakefield,,Wakefield,true,ISO_3166_2,https://www.iso.org/obp/ui/#search,ISO 3166-2 subdivisions via pycountry/isocodes,REFERENCE_DATA_IMPORTED,NEEDS_AR_TRANSLATION,2026-08-05,Administrative subdivision only; cities are imported in later city files.
UPSERT,reg_gb_wll,GB,GBR,United Kingdom,المملكة المتحدة,United Kingdom of Great Britain and Northern Ireland,Europe,أوروبا,Northern Europe,شمال أوروبا,GB-WLL,GB-ENG,England,2,metropolitan_district,Metropolitan district,Walsall,,Walsall,true,ISO_3166_2,https://www.iso.org/obp/ui/#search,ISO 3166-2 subdivisions via pycountry/isocodes,REFERENCE_DATA_IMPORTED,NEEDS_AR_TRANSLATION,2026-08-05,Administrative subdivision only; cities are imported in later city files.
UPSERT,reg_gb_wln,GB,GBR,United Kingdom,المملكة المتحدة,United Kingdom of Great Britain and Northern Ireland,Europe,أوروبا,Northern Europe,شمال أوروبا,GB-WLN,GB-SCT,Scotland,2,council_area,Council area,West Lothian,,West Lothian,true,ISO_3166_2,https://www.iso.org/obp/ui/#search,ISO 3166-2 subdivisions via pycountry/isocodes,REFERENCE_DATA_IMPORTED,NEEDS_AR_TRANSLATION,2026-08-05,Administrative subdivision only; cities are imported in later city files.
UPSERT,reg_gb_wls,GB,GBR,United Kingdom,المملكة المتحدة,United Kingdom of Great Britain and Northern Ireland,Europe,أوروبا,Northern Europe,شمال أوروبا,GB-WLS,,,1,country,Country,Wales [Cymru GB-CYM],,Wales [Cymru GB-CYM],true,ISO_3166_2,https://www.iso.org/obp/ui/#search,ISO 3166-2 subdivisions via pycountry/isocodes,REFERENCE_DATA_IMPORTED,NEEDS_AR_TRANSLATION,2026-08-05,Administrative subdivision only; cities are imported in later city files.
UPSERT,reg_gb_wlv,GB,GBR,United Kingdom,المملكة المتحدة,United Kingdom of Great Britain and Northern Ireland,Europe,أوروبا,Northern Europe,شمال أوروبا,GB-WLV,GB-ENG,England,2,metropolitan_district,Metropolitan district,Wolverhampton,,Wolverhampton,true,ISO_3166_2,https://www.iso.org/obp/ui/#search,ISO 3166-2 subdivisions via pycountry/isocodes,REFERENCE_DATA_IMPORTED,NEEDS_AR_TRANSLATION,2026-08-05,Administrative subdivision only; cities are imported in later city files.
UPSERT,reg_gb_wnd,GB,GBR,United Kingdom,المملكة المتحدة,United Kingdom of Great Britain and Northern Ireland,Europe,أوروبا,Northern Europe,شمال أوروبا,GB-WND,GB-ENG,England,2,london_borough,London borough,Wandsworth,,Wandsworth,true,ISO_3166_2,https://www.iso.org/obp/ui/#search,ISO 3166-2 subdivisions via pycountry/isocodes,REFERENCE_DATA_IMPORTED,NEEDS_AR_TRANSLATION,2026-08-05,Administrative subdivision only; cities are imported in later city files.
UPSERT,reg_gb_wnh,GB,GBR,United Kingdom,المملكة المتحدة,United Kingdom of Great Britain and Northern Ireland,Europe,أوروبا,Northern Europe,شمال أوروبا,GB-WNH,GB-ENG,England,2,unitary_authority,Unitary authority,West Northamptonshire,,West Northamptonshire,true,ISO_3166_2,https://www.iso.org/obp/ui/#search,ISO 3166-2 subdivisions via pycountry/isocodes,REFERENCE_DATA_IMPORTED,NEEDS_AR_TRANSLATION,2026-08-05,Administrative subdivision only; cities are imported in later city files.
UPSERT,reg_gb_wnm,GB,GBR,United Kingdom,المملكة المتحدة,United Kingdom of Great Britain and Northern Ireland,Europe,أوروبا,Northern Europe,شمال أوروبا,GB-WNM,GB-ENG,England,2,unitary_authority,Unitary authority,Windsor and Maidenhead,,Windsor and Maidenhead,true,ISO_3166_2,https://www.iso.org/obp/ui/#search,ISO 3166-2 subdivisions via pycountry/isocodes,REFERENCE_DATA_IMPORTED,NEEDS_AR_TRANSLATION,2026-08-05,Administrative subdivision only; cities are imported in later city files.
UPSERT,reg_gb_wok,GB,GBR,United Kingdom,المملكة المتحدة,United Kingdom of Great Britain and Northern Ireland,Europe,أوروبا,Northern Europe,شمال أوروبا,GB-WOK,GB-ENG,England,2,unitary_authority,Unitary authority,Wokingham,,Wokingham,true,ISO_3166_2,https://www.iso.org/obp/ui/#search,ISO 3166-2 subdivisions via pycountry/isocodes,REFERENCE_DATA_IMPORTED,NEEDS_AR_TRANSLATION,2026-08-05,Administrative subdivision only; cities are imported in later city files.
UPSERT,reg_gb_wor,GB,GBR,United Kingdom,المملكة المتحدة,United Kingdom of Great Britain and Northern Ireland,Europe,أوروبا,Northern Europe,شمال أوروبا,GB-WOR,GB-ENG,England,2,two_tier_county,Two-tier county,Worcestershire,,Worcestershire,true,ISO_3166_2,https://www.iso.org/obp/ui/#search,ISO 3166-2 subdivisions via pycountry/isocodes,REFERENCE_DATA_IMPORTED,NEEDS_AR_TRANSLATION,2026-08-05,Administrative subdivision only; cities are imported in later city files.
UPSERT,reg_gb_wrl,GB,GBR,United Kingdom,المملكة المتحدة,United Kingdom of Great Britain and Northern Ireland,Europe,أوروبا,Northern Europe,شمال أوروبا,GB-WRL,GB-ENG,England,2,metropolitan_district,Metropolitan district,Wirral,,Wirral,true,ISO_3166_2,https://www.iso.org/obp/ui/#search,ISO 3166-2 subdivisions via pycountry/isocodes,REFERENCE_DATA_IMPORTED,NEEDS_AR_TRANSLATION,2026-08-05,Administrative subdivision only; cities are imported in later city files.
UPSERT,reg_gb_wrt,GB,GBR,United Kingdom,المملكة المتحدة,United Kingdom of Great Britain and Northern Ireland,Europe,أوروبا,Northern Europe,شمال أوروبا,GB-WRT,GB-ENG,England,2,unitary_authority,Unitary authority,Warrington,,Warrington,true,ISO_3166_2,https://www.iso.org/obp/ui/#search,ISO 3166-2 subdivisions via pycountry/isocodes,REFERENCE_DATA_IMPORTED,NEEDS_AR_TRANSLATION,2026-08-05,Administrative subdivision only; cities are imported in later city files.
UPSERT,reg_gb_wrx,GB,GBR,United Kingdom,المملكة المتحدة,United Kingdom of Great Britain and Northern Ireland,Europe,أوروبا,Northern Europe,شمال أوروبا,GB-WRX,GB-WLS,Wales [Cymru GB-CYM],2,unitary_authority,Unitary authority,Wrexham [Wrecsam GB-WRC],,Wrexham [Wrecsam GB-WRC],true,ISO_3166_2,https://www.iso.org/obp/ui/#search,ISO 3166-2 subdivisions via pycountry/isocodes,REFERENCE_DATA_IMPORTED,NEEDS_AR_TRANSLATION,2026-08-05,Administrative subdivision only; cities are imported in later city files.
UPSERT,reg_gb_wsm,GB,GBR,United Kingdom,المملكة المتحدة,United Kingdom of Great Britain and Northern Ireland,Europe,أوروبا,Northern Europe,شمال أوروبا,GB-WSM,GB-ENG,England,2,london_borough,London borough,Westminster,,Westminster,true,ISO_3166_2,https://www.iso.org/obp/ui/#search,ISO 3166-2 subdivisions via pycountry/isocodes,REFERENCE_DATA_IMPORTED,NEEDS_AR_TRANSLATION,2026-08-05,Administrative subdivision only; cities are imported in later city files.
UPSERT,reg_gb_wsx,GB,GBR,United Kingdom,المملكة المتحدة,United Kingdom of Great Britain and Northern Ireland,Europe,أوروبا,Northern Europe,شمال أوروبا,GB-WSX,GB-ENG,England,2,two_tier_county,Two-tier county,West Sussex,,West Sussex,true,ISO_3166_2,https://www.iso.org/obp/ui/#search,ISO 3166-2 subdivisions via pycountry/isocodes,REFERENCE_DATA_IMPORTED,NEEDS_AR_TRANSLATION,2026-08-05,Administrative subdivision only; cities are imported in later city files.
UPSERT,reg_gb_yor,GB,GBR,United Kingdom,المملكة المتحدة,United Kingdom of Great Britain and Northern Ireland,Europe,أوروبا,Northern Europe,شمال أوروبا,GB-YOR,GB-ENG,England,2,unitary_authority,Unitary authority,York,,York,true,ISO_3166_2,https://www.iso.org/obp/ui/#search,ISO 3166-2 subdivisions via pycountry/isocodes,REFERENCE_DATA_IMPORTED,NEEDS_AR_TRANSLATION,2026-08-05,Administrative subdivision only; cities are imported in later city files.
UPSERT,reg_gb_zet,GB,GBR,United Kingdom,المملكة المتحدة,United Kingdom of Great Britain and Northern Ireland,Europe,أوروبا,Northern Europe,شمال أوروبا,GB-ZET,GB-SCT,Scotland,2,council_area,Council area,Shetland Islands,,Shetland Islands,true,ISO_3166_2,https://www.iso.org/obp/ui/#search,ISO 3166-2 subdivisions via pycountry/isocodes,REFERENCE_DATA_IMPORTED,NEEDS_AR_TRANSLATION,2026-08-05,Administrative subdivision only; cities are imported in later city files.
UPSERT,reg_gr_69,GR,GRC,Greece,اليونان,Hellenic Republic,Europe,أوروبا,Southern Europe,جنوب أوروبا,GR-69,,,1,self_governed_part,Self-governed part,Ágion Óros,,Ágion Óros,true,ISO_3166_2,https://www.iso.org/obp/ui/#search,ISO 3166-2 subdivisions via pycountry/isocodes,REFERENCE_DATA_IMPORTED,NEEDS_AR_TRANSLATION,2026-08-05,Administrative subdivision only; cities are imported in later city files.
UPSERT,reg_gr_a,GR,GRC,Greece,اليونان,Hellenic Republic,Europe,أوروبا,Southern Europe,جنوب أوروبا,GR-A,,,1,administrative_region,Administrative region,Anatolikí Makedonía kai Thráki,,Anatolikí Makedonía kai Thráki,true,ISO_3166_2,https://www.iso.org/obp/ui/#search,ISO 3166-2 subdivisions via pycountry/isocodes,REFERENCE_DATA_IMPORTED,NEEDS_AR_TRANSLATION,2026-08-05,Administrative subdivision only; cities are imported in later city files.
UPSERT,reg_gr_b,GR,GRC,Greece,اليونان,Hellenic Republic,Europe,أوروبا,Southern Europe,جنوب أوروبا,GR-B,,,1,administrative_region,Administrative region,Kentrikí Makedonía,,Kentrikí Makedonía,true,ISO_3166_2,https://www.iso.org/obp/ui/#search,ISO 3166-2 subdivisions via pycountry/isocodes,REFERENCE_DATA_IMPORTED,NEEDS_AR_TRANSLATION,2026-08-05,Administrative subdivision only; cities are imported in later city files.
UPSERT,reg_gr_c,GR,GRC,Greece,اليونان,Hellenic Republic,Europe,أوروبا,Southern Europe,جنوب أوروبا,GR-C,,,1,administrative_region,Administrative region,Dytikí Makedonía,,Dytikí Makedonía,true,ISO_3166_2,https://www.iso.org/obp/ui/#search,ISO 3166-2 subdivisions via pycountry/isocodes,REFERENCE_DATA_IMPORTED,NEEDS_AR_TRANSLATION,2026-08-05,Administrative subdivision only; cities are imported in later city files.
UPSERT,reg_gr_d,GR,GRC,Greece,اليونان,Hellenic Republic,Europe,أوروبا,Southern Europe,جنوب أوروبا,GR-D,,,1,administrative_region,Administrative region,Ípeiros,,Ípeiros,true,ISO_3166_2,https://www.iso.org/obp/ui/#search,ISO 3166-2 subdivisions via pycountry/isocodes,REFERENCE_DATA_IMPORTED,NEEDS_AR_TRANSLATION,2026-08-05,Administrative subdivision only; cities are imported in later city files.
UPSERT,reg_gr_e,GR,GRC,Greece,اليونان,Hellenic Republic,Europe,أوروبا,Southern Europe,جنوب أوروبا,GR-E,,,1,administrative_region,Administrative region,Thessalía,,Thessalía,true,ISO_3166_2,https://www.iso.org/obp/ui/#search,ISO 3166-2 subdivisions via pycountry/isocodes,REFERENCE_DATA_IMPORTED,NEEDS_AR_TRANSLATION,2026-08-05,Administrative subdivision only; cities are imported in later city files.
UPSERT,reg_gr_f,GR,GRC,Greece,اليونان,Hellenic Republic,Europe,أوروبا,Southern Europe,جنوب أوروبا,GR-F,,,1,administrative_region,Administrative region,Ionía Nísia,,Ionía Nísia,true,ISO_3166_2,https://www.iso.org/obp/ui/#search,ISO 3166-2 subdivisions via pycountry/isocodes,REFERENCE_DATA_IMPORTED,NEEDS_AR_TRANSLATION,2026-08-05,Administrative subdivision only; cities are imported in later city files.
UPSERT,reg_gr_g,GR,GRC,Greece,اليونان,Hellenic Republic,Europe,أوروبا,Southern Europe,جنوب أوروبا,GR-G,,,1,administrative_region,Administrative region,Dytikí Elláda,,Dytikí Elláda,true,ISO_3166_2,https://www.iso.org/obp/ui/#search,ISO 3166-2 subdivisions via pycountry/isocodes,REFERENCE_DATA_IMPORTED,NEEDS_AR_TRANSLATION,2026-08-05,Administrative subdivision only; cities are imported in later city files.
UPSERT,reg_gr_h,GR,GRC,Greece,اليونان,Hellenic Republic,Europe,أوروبا,Southern Europe,جنوب أوروبا,GR-H,,,1,administrative_region,Administrative region,Stereá Elláda,,Stereá Elláda,true,ISO_3166_2,https://www.iso.org/obp/ui/#search,ISO 3166-2 subdivisions via pycountry/isocodes,REFERENCE_DATA_IMPORTED,NEEDS_AR_TRANSLATION,2026-08-05,Administrative subdivision only; cities are imported in later city files.
UPSERT,reg_gr_i,GR,GRC,Greece,اليونان,Hellenic Republic,Europe,أوروبا,Southern Europe,جنوب أوروبا,GR-I,,,1,administrative_region,Administrative region,Attikí,,Attikí,true,ISO_3166_2,https://www.iso.org/obp/ui/#search,ISO 3166-2 subdivisions via pycountry/isocodes,REFERENCE_DATA_IMPORTED,NEEDS_AR_TRANSLATION,2026-08-05,Administrative subdivision only; cities are imported in later city files.
UPSERT,reg_gr_j,GR,GRC,Greece,اليونان,Hellenic Republic,Europe,أوروبا,Southern Europe,جنوب أوروبا,GR-J,,,1,administrative_region,Administrative region,Pelopónnisos,,Pelopónnisos,true,ISO_3166_2,https://www.iso.org/obp/ui/#search,ISO 3166-2 subdivisions via pycountry/isocodes,REFERENCE_DATA_IMPORTED,NEEDS_AR_TRANSLATION,2026-08-05,Administrative subdivision only; cities are imported in later city files.
UPSERT,reg_gr_k,GR,GRC,Greece,اليونان,Hellenic Republic,Europe,أوروبا,Southern Europe,جنوب أوروبا,GR-K,,,1,administrative_region,Administrative region,Vóreio Aigaío,,Vóreio Aigaío,true,ISO_3166_2,https://www.iso.org/obp/ui/#search,ISO 3166-2 subdivisions via pycountry/isocodes,REFERENCE_DATA_IMPORTED,NEEDS_AR_TRANSLATION,2026-08-05,Administrative subdivision only; cities are imported in later city files.
UPSERT,reg_gr_l,GR,GRC,Greece,اليونان,Hellenic Republic,Europe,أوروبا,Southern Europe,جنوب أوروبا,GR-L,,,1,administrative_region,Administrative region,Nótio Aigaío,,Nótio Aigaío,true,ISO_3166_2,https://www.iso.org/obp/ui/#search,ISO 3166-2 subdivisions via pycountry/isocodes,REFERENCE_DATA_IMPORTED,NEEDS_AR_TRANSLATION,2026-08-05,Administrative subdivision only; cities are imported in later city files.
UPSERT,reg_gr_m,GR,GRC,Greece,اليونان,Hellenic Republic,Europe,أوروبا,Southern Europe,جنوب أوروبا,GR-M,,,1,administrative_region,Administrative region,Kríti,,Kríti,true,ISO_3166_2,https://www.iso.org/obp/ui/#search,ISO 3166-2 subdivisions via pycountry/isocodes,REFERENCE_DATA_IMPORTED,NEEDS_AR_TRANSLATION,2026-08-05,Administrative subdivision only; cities are imported in later city files.
UPSERT,reg_hr_01,HR,HRV,Croatia,كرواتيا,Republic of Croatia,Europe,أوروبا,Southern Europe,جنوب أوروبا,HR-01,,,1,county,County,Zagrebačka županija,,Zagrebačka županija,true,ISO_3166_2,https://www.iso.org/obp/ui/#search,ISO 3166-2 subdivisions via pycountry/isocodes,REFERENCE_DATA_IMPORTED,NEEDS_AR_TRANSLATION,2026-08-05,Administrative subdivision only; cities are imported in later city files.
UPSERT,reg_hr_02,HR,HRV,Croatia,كرواتيا,Republic of Croatia,Europe,أوروبا,Southern Europe,جنوب أوروبا,HR-02,,,1,county,County,Krapinsko-zagorska županija,,Krapinsko-zagorska županija,true,ISO_3166_2,https://www.iso.org/obp/ui/#search,ISO 3166-2 subdivisions via pycountry/isocodes,REFERENCE_DATA_IMPORTED,NEEDS_AR_TRANSLATION,2026-08-05,Administrative subdivision only; cities are imported in later city files.
UPSERT,reg_hr_03,HR,HRV,Croatia,كرواتيا,Republic of Croatia,Europe,أوروبا,Southern Europe,جنوب أوروبا,HR-03,,,1,county,County,Sisačko-moslavačka županija,,Sisačko-moslavačka županija,true,ISO_3166_2,https://www.iso.org/obp/ui/#search,ISO 3166-2 subdivisions via pycountry/isocodes,REFERENCE_DATA_IMPORTED,NEEDS_AR_TRANSLATION,2026-08-05,Administrative subdivision only; cities are imported in later city files.
UPSERT,reg_hr_04,HR,HRV,Croatia,كرواتيا,Republic of Croatia,Europe,أوروبا,Southern Europe,جنوب أوروبا,HR-04,,,1,county,County,Karlovačka županija,,Karlovačka županija,true,ISO_3166_2,https://www.iso.org/obp/ui/#search,ISO 3166-2 subdivisions via pycountry/isocodes,REFERENCE_DATA_IMPORTED,NEEDS_AR_TRANSLATION,2026-08-05,Administrative subdivision only; cities are imported in later city files.
UPSERT,reg_hr_05,HR,HRV,Croatia,كرواتيا,Republic of Croatia,Europe,أوروبا,Southern Europe,جنوب أوروبا,HR-05,,,1,county,County,Varaždinska županija,,Varaždinska županija,true,ISO_3166_2,https://www.iso.org/obp/ui/#search,ISO 3166-2 subdivisions via pycountry/isocodes,REFERENCE_DATA_IMPORTED,NEEDS_AR_TRANSLATION,2026-08-05,Administrative subdivision only; cities are imported in later city files.
UPSERT,reg_hr_06,HR,HRV,Croatia,كرواتيا,Republic of Croatia,Europe,أوروبا,Southern Europe,جنوب أوروبا,HR-06,,,1,county,County,Koprivničko-križevačka županija,,Koprivničko-križevačka županija,true,ISO_3166_2,https://www.iso.org/obp/ui/#search,ISO 3166-2 subdivisions via pycountry/isocodes,REFERENCE_DATA_IMPORTED,NEEDS_AR_TRANSLATION,2026-08-05,Administrative subdivision only; cities are imported in later city files.
UPSERT,reg_hr_07,HR,HRV,Croatia,كرواتيا,Republic of Croatia,Europe,أوروبا,Southern Europe,جنوب أوروبا,HR-07,,,1,county,County,Bjelovarsko-bilogorska županija,,Bjelovarsko-bilogorska županija,true,ISO_3166_2,https://www.iso.org/obp/ui/#search,ISO 3166-2 subdivisions via pycountry/isocodes,REFERENCE_DATA_IMPORTED,NEEDS_AR_TRANSLATION,2026-08-05,Administrative subdivision only; cities are imported in later city files.
UPSERT,reg_hr_08,HR,HRV,Croatia,كرواتيا,Republic of Croatia,Europe,أوروبا,Southern Europe,جنوب أوروبا,HR-08,,,1,county,County,Primorsko-goranska županija,,Primorsko-goranska županija,true,ISO_3166_2,https://www.iso.org/obp/ui/#search,ISO 3166-2 subdivisions via pycountry/isocodes,REFERENCE_DATA_IMPORTED,NEEDS_AR_TRANSLATION,2026-08-05,Administrative subdivision only; cities are imported in later city files.
UPSERT,reg_hr_09,HR,HRV,Croatia,كرواتيا,Republic of Croatia,Europe,أوروبا,Southern Europe,جنوب أوروبا,HR-09,,,1,county,County,Ličko-senjska županija,,Ličko-senjska županija,true,ISO_3166_2,https://www.iso.org/obp/ui/#search,ISO 3166-2 subdivisions via pycountry/isocodes,REFERENCE_DATA_IMPORTED,NEEDS_AR_TRANSLATION,2026-08-05,Administrative subdivision only; cities are imported in later city files.
UPSERT,reg_hr_10,HR,HRV,Croatia,كرواتيا,Republic of Croatia,Europe,أوروبا,Southern Europe,جنوب أوروبا,HR-10,,,1,county,County,Virovitičko-podravska županija,,Virovitičko-podravska županija,true,ISO_3166_2,https://www.iso.org/obp/ui/#search,ISO 3166-2 subdivisions via pycountry/isocodes,REFERENCE_DATA_IMPORTED,NEEDS_AR_TRANSLATION,2026-08-05,Administrative subdivision only; cities are imported in later city files.
UPSERT,reg_hr_11,HR,HRV,Croatia,كرواتيا,Republic of Croatia,Europe,أوروبا,Southern Europe,جنوب أوروبا,HR-11,,,1,county,County,Požeško-slavonska županija,,Požeško-slavonska županija,true,ISO_3166_2,https://www.iso.org/obp/ui/#search,ISO 3166-2 subdivisions via pycountry/isocodes,REFERENCE_DATA_IMPORTED,NEEDS_AR_TRANSLATION,2026-08-05,Administrative subdivision only; cities are imported in later city files.
UPSERT,reg_hr_12,HR,HRV,Croatia,كرواتيا,Republic of Croatia,Europe,أوروبا,Southern Europe,جنوب أوروبا,HR-12,,,1,county,County,Brodsko-posavska županija,,Brodsko-posavska županija,true,ISO_3166_2,https://www.iso.org/obp/ui/#search,ISO 3166-2 subdivisions via pycountry/isocodes,REFERENCE_DATA_IMPORTED,NEEDS_AR_TRANSLATION,2026-08-05,Administrative subdivision only; cities are imported in later city files.
UPSERT,reg_hr_13,HR,HRV,Croatia,كرواتيا,Republic of Croatia,Europe,أوروبا,Southern Europe,جنوب أوروبا,HR-13,,,1,county,County,Zadarska županija,,Zadarska županija,true,ISO_3166_2,https://www.iso.org/obp/ui/#search,ISO 3166-2 subdivisions via pycountry/isocodes,REFERENCE_DATA_IMPORTED,NEEDS_AR_TRANSLATION,2026-08-05,Administrative subdivision only; cities are imported in later city files.
UPSERT,reg_hr_14,HR,HRV,Croatia,كرواتيا,Republic of Croatia,Europe,أوروبا,Southern Europe,جنوب أوروبا,HR-14,,,1,county,County,Osječko-baranjska županija,,Osječko-baranjska županija,true,ISO_3166_2,https://www.iso.org/obp/ui/#search,ISO 3166-2 subdivisions via pycountry/isocodes,REFERENCE_DATA_IMPORTED,NEEDS_AR_TRANSLATION,2026-08-05,Administrative subdivision only; cities are imported in later city files.
UPSERT,reg_hr_15,HR,HRV,Croatia,كرواتيا,Republic of Croatia,Europe,أوروبا,Southern Europe,جنوب أوروبا,HR-15,,,1,county,County,Šibensko-kninska županija,,Šibensko-kninska županija,true,ISO_3166_2,https://www.iso.org/obp/ui/#search,ISO 3166-2 subdivisions via pycountry/isocodes,REFERENCE_DATA_IMPORTED,NEEDS_AR_TRANSLATION,2026-08-05,Administrative subdivision only; cities are imported in later city files.
UPSERT,reg_hr_16,HR,HRV,Croatia,كرواتيا,Republic of Croatia,Europe,أوروبا,Southern Europe,جنوب أوروبا,HR-16,,,1,county,County,Vukovarsko-srijemska županija,,Vukovarsko-srijemska županija,true,ISO_3166_2,https://www.iso.org/obp/ui/#search,ISO 3166-2 subdivisions via pycountry/isocodes,REFERENCE_DATA_IMPORTED,NEEDS_AR_TRANSLATION,2026-08-05,Administrative subdivision only; cities are imported in later city files.
UPSERT,reg_hr_17,HR,HRV,Croatia,كرواتيا,Republic of Croatia,Europe,أوروبا,Southern Europe,جنوب أوروبا,HR-17,,,1,county,County,Splitsko-dalmatinska županija,,Splitsko-dalmatinska županija,true,ISO_3166_2,https://www.iso.org/obp/ui/#search,ISO 3166-2 subdivisions via pycountry/isocodes,REFERENCE_DATA_IMPORTED,NEEDS_AR_TRANSLATION,2026-08-05,Administrative subdivision only; cities are imported in later city files.
UPSERT,reg_hr_18,HR,HRV,Croatia,كرواتيا,Republic of Croatia,Europe,أوروبا,Southern Europe,جنوب أوروبا,HR-18,,,1,county,County,Istarska županija,,Istarska županija,true,ISO_3166_2,https://www.iso.org/obp/ui/#search,ISO 3166-2 subdivisions via pycountry/isocodes,REFERENCE_DATA_IMPORTED,NEEDS_AR_TRANSLATION,2026-08-05,Administrative subdivision only; cities are imported in later city files.
UPSERT,reg_hr_19,HR,HRV,Croatia,كرواتيا,Republic of Croatia,Europe,أوروبا,Southern Europe,جنوب أوروبا,HR-19,,,1,county,County,Dubrovačko-neretvanska županija,,Dubrovačko-neretvanska županija,true,ISO_3166_2,https://www.iso.org/obp/ui/#search,ISO 3166-2 subdivisions via pycountry/isocodes,REFERENCE_DATA_IMPORTED,NEEDS_AR_TRANSLATION,2026-08-05,Administrative subdivision only; cities are imported in later city files.
UPSERT,reg_hr_20,HR,HRV,Croatia,كرواتيا,Republic of Croatia,Europe,أوروبا,Southern Europe,جنوب أوروبا,HR-20,,,1,county,County,Međimurska županija,,Međimurska županija,true,ISO_3166_2,https://www.iso.org/obp/ui/#search,ISO 3166-2 subdivisions via pycountry/isocodes,REFERENCE_DATA_IMPORTED,NEEDS_AR_TRANSLATION,2026-08-05,Administrative subdivision only; cities are imported in later city files.
UPSERT,reg_hr_21,HR,HRV,Croatia,كرواتيا,Republic of Croatia,Europe,أوروبا,Southern Europe,جنوب أوروبا,HR-21,,,1,city,City,Grad Zagreb,,Grad Zagreb,true,ISO_3166_2,https://www.iso.org/obp/ui/#search,ISO 3166-2 subdivisions via pycountry/isocodes,REFERENCE_DATA_IMPORTED,NEEDS_AR_TRANSLATION,2026-08-05,Administrative subdivision only; cities are imported in later city files.
UPSERT,reg_hu_ba,HU,HUN,Hungary,هنغاريا,Hungary,Europe,أوروبا,Eastern Europe,شرق أوروبا,HU-BA,,,1,county,County,Baranya,,Baranya,true,ISO_3166_2,https://www.iso.org/obp/ui/#search,ISO 3166-2 subdivisions via pycountry/isocodes,REFERENCE_DATA_IMPORTED,NEEDS_AR_TRANSLATION,2026-08-05,Administrative subdivision only; cities are imported in later city files.
UPSERT,reg_hu_bc,HU,HUN,Hungary,هنغاريا,Hungary,Europe,أوروبا,Eastern Europe,شرق أوروبا,HU-BC,,,1,city_with_county_rights,City with county rights,Békéscsaba,,Békéscsaba,true,ISO_3166_2,https://www.iso.org/obp/ui/#search,ISO 3166-2 subdivisions via pycountry/isocodes,REFERENCE_DATA_IMPORTED,NEEDS_AR_TRANSLATION,2026-08-05,Administrative subdivision only; cities are imported in later city files.
UPSERT,reg_hu_be,HU,HUN,Hungary,هنغاريا,Hungary,Europe,أوروبا,Eastern Europe,شرق أوروبا,HU-BE,,,1,county,County,Békés,,Békés,true,ISO_3166_2,https://www.iso.org/obp/ui/#search,ISO 3166-2 subdivisions via pycountry/isocodes,REFERENCE_DATA_IMPORTED,NEEDS_AR_TRANSLATION,2026-08-05,Administrative subdivision only; cities are imported in later city files.
UPSERT,reg_hu_bk,HU,HUN,Hungary,هنغاريا,Hungary,Europe,أوروبا,Eastern Europe,شرق أوروبا,HU-BK,,,1,county,County,Bács-Kiskun,,Bács-Kiskun,true,ISO_3166_2,https://www.iso.org/obp/ui/#search,ISO 3166-2 subdivisions via pycountry/isocodes,REFERENCE_DATA_IMPORTED,NEEDS_AR_TRANSLATION,2026-08-05,Administrative subdivision only; cities are imported in later city files.
UPSERT,reg_hu_bu,HU,HUN,Hungary,هنغاريا,Hungary,Europe,أوروبا,Eastern Europe,شرق أوروبا,HU-BU,,,1,capital_city,Capital city,Budapest,,Budapest,true,ISO_3166_2,https://www.iso.org/obp/ui/#search,ISO 3166-2 subdivisions via pycountry/isocodes,REFERENCE_DATA_IMPORTED,NEEDS_AR_TRANSLATION,2026-08-05,Administrative subdivision only; cities are imported in later city files.
UPSERT,reg_hu_bz,HU,HUN,Hungary,هنغاريا,Hungary,Europe,أوروبا,Eastern Europe,شرق أوروبا,HU-BZ,,,1,county,County,Borsod-Abaúj-Zemplén,,Borsod-Abaúj-Zemplén,true,ISO_3166_2,https://www.iso.org/obp/ui/#search,ISO 3166-2 subdivisions via pycountry/isocodes,REFERENCE_DATA_IMPORTED,NEEDS_AR_TRANSLATION,2026-08-05,Administrative subdivision only; cities are imported in later city files.
UPSERT,reg_hu_cs,HU,HUN,Hungary,هنغاريا,Hungary,Europe,أوروبا,Eastern Europe,شرق أوروبا,HU-CS,,,1,county,County,Csongrád-Csanád,,Csongrád-Csanád,true,ISO_3166_2,https://www.iso.org/obp/ui/#search,ISO 3166-2 subdivisions via pycountry/isocodes,REFERENCE_DATA_IMPORTED,NEEDS_AR_TRANSLATION,2026-08-05,Administrative subdivision only; cities are imported in later city files.
UPSERT,reg_hu_de,HU,HUN,Hungary,هنغاريا,Hungary,Europe,أوروبا,Eastern Europe,شرق أوروبا,HU-DE,,,1,city_with_county_rights,City with county rights,Debrecen,,Debrecen,true,ISO_3166_2,https://www.iso.org/obp/ui/#search,ISO 3166-2 subdivisions via pycountry/isocodes,REFERENCE_DATA_IMPORTED,NEEDS_AR_TRANSLATION,2026-08-05,Administrative subdivision only; cities are imported in later city files.
UPSERT,reg_hu_du,HU,HUN,Hungary,هنغاريا,Hungary,Europe,أوروبا,Eastern Europe,شرق أوروبا,HU-DU,,,1,city_with_county_rights,City with county rights,Dunaújváros,,Dunaújváros,true,ISO_3166_2,https://www.iso.org/obp/ui/#search,ISO 3166-2 subdivisions via pycountry/isocodes,REFERENCE_DATA_IMPORTED,NEEDS_AR_TRANSLATION,2026-08-05,Administrative subdivision only; cities are imported in later city files.
UPSERT,reg_hu_eg,HU,HUN,Hungary,هنغاريا,Hungary,Europe,أوروبا,Eastern Europe,شرق أوروبا,HU-EG,,,1,city_with_county_rights,City with county rights,Eger,,Eger,true,ISO_3166_2,https://www.iso.org/obp/ui/#search,ISO 3166-2 subdivisions via pycountry/isocodes,REFERENCE_DATA_IMPORTED,NEEDS_AR_TRANSLATION,2026-08-05,Administrative subdivision only; cities are imported in later city files.
UPSERT,reg_hu_er,HU,HUN,Hungary,هنغاريا,Hungary,Europe,أوروبا,Eastern Europe,شرق أوروبا,HU-ER,,,1,city_with_county_rights,City with county rights,Érd,,Érd,true,ISO_3166_2,https://www.iso.org/obp/ui/#search,ISO 3166-2 subdivisions via pycountry/isocodes,REFERENCE_DATA_IMPORTED,NEEDS_AR_TRANSLATION,2026-08-05,Administrative subdivision only; cities are imported in later city files.
UPSERT,reg_hu_fe,HU,HUN,Hungary,هنغاريا,Hungary,Europe,أوروبا,Eastern Europe,شرق أوروبا,HU-FE,,,1,county,County,Fejér,,Fejér,true,ISO_3166_2,https://www.iso.org/obp/ui/#search,ISO 3166-2 subdivisions via pycountry/isocodes,REFERENCE_DATA_IMPORTED,NEEDS_AR_TRANSLATION,2026-08-05,Administrative subdivision only; cities are imported in later city files.
UPSERT,reg_hu_gs,HU,HUN,Hungary,هنغاريا,Hungary,Europe,أوروبا,Eastern Europe,شرق أوروبا,HU-GS,,,1,county,County,Győr-Moson-Sopron,,Győr-Moson-Sopron,true,ISO_3166_2,https://www.iso.org/obp/ui/#search,ISO 3166-2 subdivisions via pycountry/isocodes,REFERENCE_DATA_IMPORTED,NEEDS_AR_TRANSLATION,2026-08-05,Administrative subdivision only; cities are imported in later city files.
UPSERT,reg_hu_gy,HU,HUN,Hungary,هنغاريا,Hungary,Europe,أوروبا,Eastern Europe,شرق أوروبا,HU-GY,,,1,city_with_county_rights,City with county rights,Győr,,Győr,true,ISO_3166_2,https://www.iso.org/obp/ui/#search,ISO 3166-2 subdivisions via pycountry/isocodes,REFERENCE_DATA_IMPORTED,NEEDS_AR_TRANSLATION,2026-08-05,Administrative subdivision only; cities are imported in later city files.
UPSERT,reg_hu_hb,HU,HUN,Hungary,هنغاريا,Hungary,Europe,أوروبا,Eastern Europe,شرق أوروبا,HU-HB,,,1,county,County,Hajdú-Bihar,,Hajdú-Bihar,true,ISO_3166_2,https://www.iso.org/obp/ui/#search,ISO 3166-2 subdivisions via pycountry/isocodes,REFERENCE_DATA_IMPORTED,NEEDS_AR_TRANSLATION,2026-08-05,Administrative subdivision only; cities are imported in later city files.
UPSERT,reg_hu_he,HU,HUN,Hungary,هنغاريا,Hungary,Europe,أوروبا,Eastern Europe,شرق أوروبا,HU-HE,,,1,county,County,Heves,,Heves,true,ISO_3166_2,https://www.iso.org/obp/ui/#search,ISO 3166-2 subdivisions via pycountry/isocodes,REFERENCE_DATA_IMPORTED,NEEDS_AR_TRANSLATION,2026-08-05,Administrative subdivision only; cities are imported in later city files.
UPSERT,reg_hu_hv,HU,HUN,Hungary,هنغاريا,Hungary,Europe,أوروبا,Eastern Europe,شرق أوروبا,HU-HV,,,1,city_with_county_rights,City with county rights,Hódmezővásárhely,,Hódmezővásárhely,true,ISO_3166_2,https://www.iso.org/obp/ui/#search,ISO 3166-2 subdivisions via pycountry/isocodes,REFERENCE_DATA_IMPORTED,NEEDS_AR_TRANSLATION,2026-08-05,Administrative subdivision only; cities are imported in later city files.
UPSERT,reg_hu_jn,HU,HUN,Hungary,هنغاريا,Hungary,Europe,أوروبا,Eastern Europe,شرق أوروبا,HU-JN,,,1,county,County,Jász-Nagykun-Szolnok,,Jász-Nagykun-Szolnok,true,ISO_3166_2,https://www.iso.org/obp/ui/#search,ISO 3166-2 subdivisions via pycountry/isocodes,REFERENCE_DATA_IMPORTED,NEEDS_AR_TRANSLATION,2026-08-05,Administrative subdivision only; cities are imported in later city files.
UPSERT,reg_hu_ke,HU,HUN,Hungary,هنغاريا,Hungary,Europe,أوروبا,Eastern Europe,شرق أوروبا,HU-KE,,,1,county,County,Komárom-Esztergom,,Komárom-Esztergom,true,ISO_3166_2,https://www.iso.org/obp/ui/#search,ISO 3166-2 subdivisions via pycountry/isocodes,REFERENCE_DATA_IMPORTED,NEEDS_AR_TRANSLATION,2026-08-05,Administrative subdivision only; cities are imported in later city files.
UPSERT,reg_hu_km,HU,HUN,Hungary,هنغاريا,Hungary,Europe,أوروبا,Eastern Europe,شرق أوروبا,HU-KM,,,1,city_with_county_rights,City with county rights,Kecskemét,,Kecskemét,true,ISO_3166_2,https://www.iso.org/obp/ui/#search,ISO 3166-2 subdivisions via pycountry/isocodes,REFERENCE_DATA_IMPORTED,NEEDS_AR_TRANSLATION,2026-08-05,Administrative subdivision only; cities are imported in later city files.
UPSERT,reg_hu_kv,HU,HUN,Hungary,هنغاريا,Hungary,Europe,أوروبا,Eastern Europe,شرق أوروبا,HU-KV,,,1,city_with_county_rights,City with county rights,Kaposvár,,Kaposvár,true,ISO_3166_2,https://www.iso.org/obp/ui/#search,ISO 3166-2 subdivisions via pycountry/isocodes,REFERENCE_DATA_IMPORTED,NEEDS_AR_TRANSLATION,2026-08-05,Administrative subdivision only; cities are imported in later city files.
UPSERT,reg_hu_mi,HU,HUN,Hungary,هنغاريا,Hungary,Europe,أوروبا,Eastern Europe,شرق أوروبا,HU-MI,,,1,city_with_county_rights,City with county rights,Miskolc,,Miskolc,true,ISO_3166_2,https://www.iso.org/obp/ui/#search,ISO 3166-2 subdivisions via pycountry/isocodes,REFERENCE_DATA_IMPORTED,NEEDS_AR_TRANSLATION,2026-08-05,Administrative subdivision only; cities are imported in later city files.
UPSERT,reg_hu_nk,HU,HUN,Hungary,هنغاريا,Hungary,Europe,أوروبا,Eastern Europe,شرق أوروبا,HU-NK,,,1,city_with_county_rights,City with county rights,Nagykanizsa,,Nagykanizsa,true,ISO_3166_2,https://www.iso.org/obp/ui/#search,ISO 3166-2 subdivisions via pycountry/isocodes,REFERENCE_DATA_IMPORTED,NEEDS_AR_TRANSLATION,2026-08-05,Administrative subdivision only; cities are imported in later city files.
UPSERT,reg_hu_no,HU,HUN,Hungary,هنغاريا,Hungary,Europe,أوروبا,Eastern Europe,شرق أوروبا,HU-NO,,,1,county,County,Nógrád,,Nógrád,true,ISO_3166_2,https://www.iso.org/obp/ui/#search,ISO 3166-2 subdivisions via pycountry/isocodes,REFERENCE_DATA_IMPORTED,NEEDS_AR_TRANSLATION,2026-08-05,Administrative subdivision only; cities are imported in later city files.
UPSERT,reg_hu_ny,HU,HUN,Hungary,هنغاريا,Hungary,Europe,أوروبا,Eastern Europe,شرق أوروبا,HU-NY,,,1,city_with_county_rights,City with county rights,Nyíregyháza,,Nyíregyháza,true,ISO_3166_2,https://www.iso.org/obp/ui/#search,ISO 3166-2 subdivisions via pycountry/isocodes,REFERENCE_DATA_IMPORTED,NEEDS_AR_TRANSLATION,2026-08-05,Administrative subdivision only; cities are imported in later city files.
UPSERT,reg_hu_pe,HU,HUN,Hungary,هنغاريا,Hungary,Europe,أوروبا,Eastern Europe,شرق أوروبا,HU-PE,,,1,county,County,Pest,,Pest,true,ISO_3166_2,https://www.iso.org/obp/ui/#search,ISO 3166-2 subdivisions via pycountry/isocodes,REFERENCE_DATA_IMPORTED,NEEDS_AR_TRANSLATION,2026-08-05,Administrative subdivision only; cities are imported in later city files.
UPSERT,reg_hu_ps,HU,HUN,Hungary,هنغاريا,Hungary,Europe,أوروبا,Eastern Europe,شرق أوروبا,HU-PS,,,1,city_with_county_rights,City with county rights,Pécs,,Pécs,true,ISO_3166_2,https://www.iso.org/obp/ui/#search,ISO 3166-2 subdivisions via pycountry/isocodes,REFERENCE_DATA_IMPORTED,NEEDS_AR_TRANSLATION,2026-08-05,Administrative subdivision only; cities are imported in later city files.
UPSERT,reg_hu_sd,HU,HUN,Hungary,هنغاريا,Hungary,Europe,أوروبا,Eastern Europe,شرق أوروبا,HU-SD,,,1,city_with_county_rights,City with county rights,Szeged,,Szeged,true,ISO_3166_2,https://www.iso.org/obp/ui/#search,ISO 3166-2 subdivisions via pycountry/isocodes,REFERENCE_DATA_IMPORTED,NEEDS_AR_TRANSLATION,2026-08-05,Administrative subdivision only; cities are imported in later city files.
UPSERT,reg_hu_sf,HU,HUN,Hungary,هنغاريا,Hungary,Europe,أوروبا,Eastern Europe,شرق أوروبا,HU-SF,,,1,city_with_county_rights,City with county rights,Székesfehérvár,,Székesfehérvár,true,ISO_3166_2,https://www.iso.org/obp/ui/#search,ISO 3166-2 subdivisions via pycountry/isocodes,REFERENCE_DATA_IMPORTED,NEEDS_AR_TRANSLATION,2026-08-05,Administrative subdivision only; cities are imported in later city files.
UPSERT,reg_hu_sh,HU,HUN,Hungary,هنغاريا,Hungary,Europe,أوروبا,Eastern Europe,شرق أوروبا,HU-SH,,,1,city_with_county_rights,City with county rights,Szombathely,,Szombathely,true,ISO_3166_2,https://www.iso.org/obp/ui/#search,ISO 3166-2 subdivisions via pycountry/isocodes,REFERENCE_DATA_IMPORTED,NEEDS_AR_TRANSLATION,2026-08-05,Administrative subdivision only; cities are imported in later city files.
UPSERT,reg_hu_sk,HU,HUN,Hungary,هنغاريا,Hungary,Europe,أوروبا,Eastern Europe,شرق أوروبا,HU-SK,,,1,city_with_county_rights,City with county rights,Szolnok,,Szolnok,true,ISO_3166_2,https://www.iso.org/obp/ui/#search,ISO 3166-2 subdivisions via pycountry/isocodes,REFERENCE_DATA_IMPORTED,NEEDS_AR_TRANSLATION,2026-08-05,Administrative subdivision only; cities are imported in later city files.
UPSERT,reg_hu_sn,HU,HUN,Hungary,هنغاريا,Hungary,Europe,أوروبا,Eastern Europe,شرق أوروبا,HU-SN,,,1,city_with_county_rights,City with county rights,Sopron,,Sopron,true,ISO_3166_2,https://www.iso.org/obp/ui/#search,ISO 3166-2 subdivisions via pycountry/isocodes,REFERENCE_DATA_IMPORTED,NEEDS_AR_TRANSLATION,2026-08-05,Administrative subdivision only; cities are imported in later city files.
UPSERT,reg_hu_so,HU,HUN,Hungary,هنغاريا,Hungary,Europe,أوروبا,Eastern Europe,شرق أوروبا,HU-SO,,,1,county,County,Somogy,,Somogy,true,ISO_3166_2,https://www.iso.org/obp/ui/#search,ISO 3166-2 subdivisions via pycountry/isocodes,REFERENCE_DATA_IMPORTED,NEEDS_AR_TRANSLATION,2026-08-05,Administrative subdivision only; cities are imported in later city files.
UPSERT,reg_hu_ss,HU,HUN,Hungary,هنغاريا,Hungary,Europe,أوروبا,Eastern Europe,شرق أوروبا,HU-SS,,,1,city_with_county_rights,City with county rights,Szekszárd,,Szekszárd,true,ISO_3166_2,https://www.iso.org/obp/ui/#search,ISO 3166-2 subdivisions via pycountry/isocodes,REFERENCE_DATA_IMPORTED,NEEDS_AR_TRANSLATION,2026-08-05,Administrative subdivision only; cities are imported in later city files.
UPSERT,reg_hu_st,HU,HUN,Hungary,هنغاريا,Hungary,Europe,أوروبا,Eastern Europe,شرق أوروبا,HU-ST,,,1,city_with_county_rights,City with county rights,Salgótarján,,Salgótarján,true,ISO_3166_2,https://www.iso.org/obp/ui/#search,ISO 3166-2 subdivisions via pycountry/isocodes,REFERENCE_DATA_IMPORTED,NEEDS_AR_TRANSLATION,2026-08-05,Administrative subdivision only; cities are imported in later city files.
UPSERT,reg_hu_sz,HU,HUN,Hungary,هنغاريا,Hungary,Europe,أوروبا,Eastern Europe,شرق أوروبا,HU-SZ,,,1,county,County,Szabolcs-Szatmár-Bereg,,Szabolcs-Szatmár-Bereg,true,ISO_3166_2,https://www.iso.org/obp/ui/#search,ISO 3166-2 subdivisions via pycountry/isocodes,REFERENCE_DATA_IMPORTED,NEEDS_AR_TRANSLATION,2026-08-05,Administrative subdivision only; cities are imported in later city files.
UPSERT,reg_hu_tb,HU,HUN,Hungary,هنغاريا,Hungary,Europe,أوروبا,Eastern Europe,شرق أوروبا,HU-TB,,,1,city_with_county_rights,City with county rights,Tatabánya,,Tatabánya,true,ISO_3166_2,https://www.iso.org/obp/ui/#search,ISO 3166-2 subdivisions via pycountry/isocodes,REFERENCE_DATA_IMPORTED,NEEDS_AR_TRANSLATION,2026-08-05,Administrative subdivision only; cities are imported in later city files.
UPSERT,reg_hu_to,HU,HUN,Hungary,هنغاريا,Hungary,Europe,أوروبا,Eastern Europe,شرق أوروبا,HU-TO,,,1,county,County,Tolna,,Tolna,true,ISO_3166_2,https://www.iso.org/obp/ui/#search,ISO 3166-2 subdivisions via pycountry/isocodes,REFERENCE_DATA_IMPORTED,NEEDS_AR_TRANSLATION,2026-08-05,Administrative subdivision only; cities are imported in later city files.
UPSERT,reg_hu_va,HU,HUN,Hungary,هنغاريا,Hungary,Europe,أوروبا,Eastern Europe,شرق أوروبا,HU-VA,,,1,county,County,Vas,,Vas,true,ISO_3166_2,https://www.iso.org/obp/ui/#search,ISO 3166-2 subdivisions via pycountry/isocodes,REFERENCE_DATA_IMPORTED,NEEDS_AR_TRANSLATION,2026-08-05,Administrative subdivision only; cities are imported in later city files.
UPSERT,reg_hu_ve,HU,HUN,Hungary,هنغاريا,Hungary,Europe,أوروبا,Eastern Europe,شرق أوروبا,HU-VE,,,1,county,County,Veszprém,,Veszprém,true,ISO_3166_2,https://www.iso.org/obp/ui/#search,ISO 3166-2 subdivisions via pycountry/isocodes,REFERENCE_DATA_IMPORTED,NEEDS_AR_TRANSLATION,2026-08-05,Administrative subdivision only; cities are imported in later city files.
UPSERT,reg_hu_vm,HU,HUN,Hungary,هنغاريا,Hungary,Europe,أوروبا,Eastern Europe,شرق أوروبا,HU-VM,,,1,city_with_county_rights,City with county rights,Veszprém,,Veszprém,true,ISO_3166_2,https://www.iso.org/obp/ui/#search,ISO 3166-2 subdivisions via pycountry/isocodes,REFERENCE_DATA_IMPORTED,NEEDS_AR_TRANSLATION,2026-08-05,Administrative subdivision only; cities are imported in later city files.
UPSERT,reg_hu_za,HU,HUN,Hungary,هنغاريا,Hungary,Europe,أوروبا,Eastern Europe,شرق أوروبا,HU-ZA,,,1,county,County,Zala,,Zala,true,ISO_3166_2,https://www.iso.org/obp/ui/#search,ISO 3166-2 subdivisions via pycountry/isocodes,REFERENCE_DATA_IMPORTED,NEEDS_AR_TRANSLATION,2026-08-05,Administrative subdivision only; cities are imported in later city files.
UPSERT,reg_hu_ze,HU,HUN,Hungary,هنغاريا,Hungary,Europe,أوروبا,Eastern Europe,شرق أوروبا,HU-ZE,,,1,city_with_county_rights,City with county rights,Zalaegerszeg,,Zalaegerszeg,true,ISO_3166_2,https://www.iso.org/obp/ui/#search,ISO 3166-2 subdivisions via pycountry/isocodes,REFERENCE_DATA_IMPORTED,NEEDS_AR_TRANSLATION,2026-08-05,Administrative subdivision only; cities are imported in later city files.
UPSERT,reg_ie_c,IE,IRL,Ireland,أيرلندا,,Europe,أوروبا,Northern Europe,شمال أوروبا,IE-C,,,1,province,Province,Connaught,,Connaught,true,ISO_3166_2,https://www.iso.org/obp/ui/#search,ISO 3166-2 subdivisions via pycountry/isocodes,REFERENCE_DATA_IMPORTED,NEEDS_AR_TRANSLATION,2026-08-05,Administrative subdivision only; cities are imported in later city files.
UPSERT,reg_ie_ce,IE,IRL,Ireland,أيرلندا,,Europe,أوروبا,Northern Europe,شمال أوروبا,IE-CE,IE-M,Munster,2,county,County,Clare,,Clare,true,ISO_3166_2,https://www.iso.org/obp/ui/#search,ISO 3166-2 subdivisions via pycountry/isocodes,REFERENCE_DATA_IMPORTED,NEEDS_AR_TRANSLATION,2026-08-05,Administrative subdivision only; cities are imported in later city files.
UPSERT,reg_ie_cn,IE,IRL,Ireland,أيرلندا,,Europe,أوروبا,Northern Europe,شمال أوروبا,IE-CN,IE-U,Ulster,2,county,County,Cavan,,Cavan,true,ISO_3166_2,https://www.iso.org/obp/ui/#search,ISO 3166-2 subdivisions via pycountry/isocodes,REFERENCE_DATA_IMPORTED,NEEDS_AR_TRANSLATION,2026-08-05,Administrative subdivision only; cities are imported in later city files.
UPSERT,reg_ie_co,IE,IRL,Ireland,أيرلندا,,Europe,أوروبا,Northern Europe,شمال أوروبا,IE-CO,IE-M,Munster,2,county,County,Cork,,Cork,true,ISO_3166_2,https://www.iso.org/obp/ui/#search,ISO 3166-2 subdivisions via pycountry/isocodes,REFERENCE_DATA_IMPORTED,NEEDS_AR_TRANSLATION,2026-08-05,Administrative subdivision only; cities are imported in later city files.
UPSERT,reg_ie_cw,IE,IRL,Ireland,أيرلندا,,Europe,أوروبا,Northern Europe,شمال أوروبا,IE-CW,IE-L,Leinster,2,county,County,Carlow,,Carlow,true,ISO_3166_2,https://www.iso.org/obp/ui/#search,ISO 3166-2 subdivisions via pycountry/isocodes,REFERENCE_DATA_IMPORTED,NEEDS_AR_TRANSLATION,2026-08-05,Administrative subdivision only; cities are imported in later city files.
UPSERT,reg_ie_d,IE,IRL,Ireland,أيرلندا,,Europe,أوروبا,Northern Europe,شمال أوروبا,IE-D,IE-L,Leinster,2,county,County,Dublin,,Dublin,true,ISO_3166_2,https://www.iso.org/obp/ui/#search,ISO 3166-2 subdivisions via pycountry/isocodes,REFERENCE_DATA_IMPORTED,NEEDS_AR_TRANSLATION,2026-08-05,Administrative subdivision only; cities are imported in later city files.
UPSERT,reg_ie_dl,IE,IRL,Ireland,أيرلندا,,Europe,أوروبا,Northern Europe,شمال أوروبا,IE-DL,IE-U,Ulster,2,county,County,Donegal,,Donegal,true,ISO_3166_2,https://www.iso.org/obp/ui/#search,ISO 3166-2 subdivisions via pycountry/isocodes,REFERENCE_DATA_IMPORTED,NEEDS_AR_TRANSLATION,2026-08-05,Administrative subdivision only; cities are imported in later city files.
UPSERT,reg_ie_g,IE,IRL,Ireland,أيرلندا,,Europe,أوروبا,Northern Europe,شمال أوروبا,IE-G,IE-C,Connaught,2,county,County,Galway,,Galway,true,ISO_3166_2,https://www.iso.org/obp/ui/#search,ISO 3166-2 subdivisions via pycountry/isocodes,REFERENCE_DATA_IMPORTED,NEEDS_AR_TRANSLATION,2026-08-05,Administrative subdivision only; cities are imported in later city files.
UPSERT,reg_ie_ke,IE,IRL,Ireland,أيرلندا,,Europe,أوروبا,Northern Europe,شمال أوروبا,IE-KE,IE-L,Leinster,2,county,County,Kildare,,Kildare,true,ISO_3166_2,https://www.iso.org/obp/ui/#search,ISO 3166-2 subdivisions via pycountry/isocodes,REFERENCE_DATA_IMPORTED,NEEDS_AR_TRANSLATION,2026-08-05,Administrative subdivision only; cities are imported in later city files.
UPSERT,reg_ie_kk,IE,IRL,Ireland,أيرلندا,,Europe,أوروبا,Northern Europe,شمال أوروبا,IE-KK,IE-L,Leinster,2,county,County,Kilkenny,,Kilkenny,true,ISO_3166_2,https://www.iso.org/obp/ui/#search,ISO 3166-2 subdivisions via pycountry/isocodes,REFERENCE_DATA_IMPORTED,NEEDS_AR_TRANSLATION,2026-08-05,Administrative subdivision only; cities are imported in later city files.
UPSERT,reg_ie_ky,IE,IRL,Ireland,أيرلندا,,Europe,أوروبا,Northern Europe,شمال أوروبا,IE-KY,IE-M,Munster,2,county,County,Kerry,,Kerry,true,ISO_3166_2,https://www.iso.org/obp/ui/#search,ISO 3166-2 subdivisions via pycountry/isocodes,REFERENCE_DATA_IMPORTED,NEEDS_AR_TRANSLATION,2026-08-05,Administrative subdivision only; cities are imported in later city files.
UPSERT,reg_ie_l,IE,IRL,Ireland,أيرلندا,,Europe,أوروبا,Northern Europe,شمال أوروبا,IE-L,,,1,province,Province,Leinster,,Leinster,true,ISO_3166_2,https://www.iso.org/obp/ui/#search,ISO 3166-2 subdivisions via pycountry/isocodes,REFERENCE_DATA_IMPORTED,NEEDS_AR_TRANSLATION,2026-08-05,Administrative subdivision only; cities are imported in later city files.
UPSERT,reg_ie_ld,IE,IRL,Ireland,أيرلندا,,Europe,أوروبا,Northern Europe,شمال أوروبا,IE-LD,IE-L,Leinster,2,county,County,Longford,,Longford,true,ISO_3166_2,https://www.iso.org/obp/ui/#search,ISO 3166-2 subdivisions via pycountry/isocodes,REFERENCE_DATA_IMPORTED,NEEDS_AR_TRANSLATION,2026-08-05,Administrative subdivision only; cities are imported in later city files.
UPSERT,reg_ie_lh,IE,IRL,Ireland,أيرلندا,,Europe,أوروبا,Northern Europe,شمال أوروبا,IE-LH,IE-L,Leinster,2,county,County,Louth,,Louth,true,ISO_3166_2,https://www.iso.org/obp/ui/#search,ISO 3166-2 subdivisions via pycountry/isocodes,REFERENCE_DATA_IMPORTED,NEEDS_AR_TRANSLATION,2026-08-05,Administrative subdivision only; cities are imported in later city files.
UPSERT,reg_ie_lk,IE,IRL,Ireland,أيرلندا,,Europe,أوروبا,Northern Europe,شمال أوروبا,IE-LK,IE-M,Munster,2,county,County,Limerick,,Limerick,true,ISO_3166_2,https://www.iso.org/obp/ui/#search,ISO 3166-2 subdivisions via pycountry/isocodes,REFERENCE_DATA_IMPORTED,NEEDS_AR_TRANSLATION,2026-08-05,Administrative subdivision only; cities are imported in later city files.
UPSERT,reg_ie_lm,IE,IRL,Ireland,أيرلندا,,Europe,أوروبا,Northern Europe,شمال أوروبا,IE-LM,IE-C,Connaught,2,county,County,Leitrim,,Leitrim,true,ISO_3166_2,https://www.iso.org/obp/ui/#search,ISO 3166-2 subdivisions via pycountry/isocodes,REFERENCE_DATA_IMPORTED,NEEDS_AR_TRANSLATION,2026-08-05,Administrative subdivision only; cities are imported in later city files.
UPSERT,reg_ie_ls,IE,IRL,Ireland,أيرلندا,,Europe,أوروبا,Northern Europe,شمال أوروبا,IE-LS,IE-L,Leinster,2,county,County,Laois,,Laois,true,ISO_3166_2,https://www.iso.org/obp/ui/#search,ISO 3166-2 subdivisions via pycountry/isocodes,REFERENCE_DATA_IMPORTED,NEEDS_AR_TRANSLATION,2026-08-05,Administrative subdivision only; cities are imported in later city files.
UPSERT,reg_ie_m,IE,IRL,Ireland,أيرلندا,,Europe,أوروبا,Northern Europe,شمال أوروبا,IE-M,,,1,province,Province,Munster,,Munster,true,ISO_3166_2,https://www.iso.org/obp/ui/#search,ISO 3166-2 subdivisions via pycountry/isocodes,REFERENCE_DATA_IMPORTED,NEEDS_AR_TRANSLATION,2026-08-05,Administrative subdivision only; cities are imported in later city files.
UPSERT,reg_ie_mh,IE,IRL,Ireland,أيرلندا,,Europe,أوروبا,Northern Europe,شمال أوروبا,IE-MH,IE-L,Leinster,2,county,County,Meath,,Meath,true,ISO_3166_2,https://www.iso.org/obp/ui/#search,ISO 3166-2 subdivisions via pycountry/isocodes,REFERENCE_DATA_IMPORTED,NEEDS_AR_TRANSLATION,2026-08-05,Administrative subdivision only; cities are imported in later city files.
UPSERT,reg_ie_mn,IE,IRL,Ireland,أيرلندا,,Europe,أوروبا,Northern Europe,شمال أوروبا,IE-MN,IE-U,Ulster,2,county,County,Monaghan,,Monaghan,true,ISO_3166_2,https://www.iso.org/obp/ui/#search,ISO 3166-2 subdivisions via pycountry/isocodes,REFERENCE_DATA_IMPORTED,NEEDS_AR_TRANSLATION,2026-08-05,Administrative subdivision only; cities are imported in later city files.
UPSERT,reg_ie_mo,IE,IRL,Ireland,أيرلندا,,Europe,أوروبا,Northern Europe,شمال أوروبا,IE-MO,IE-C,Connaught,2,county,County,Mayo,,Mayo,true,ISO_3166_2,https://www.iso.org/obp/ui/#search,ISO 3166-2 subdivisions via pycountry/isocodes,REFERENCE_DATA_IMPORTED,NEEDS_AR_TRANSLATION,2026-08-05,Administrative subdivision only; cities are imported in later city files.
UPSERT,reg_ie_oy,IE,IRL,Ireland,أيرلندا,,Europe,أوروبا,Northern Europe,شمال أوروبا,IE-OY,IE-L,Leinster,2,county,County,Offaly,,Offaly,true,ISO_3166_2,https://www.iso.org/obp/ui/#search,ISO 3166-2 subdivisions via pycountry/isocodes,REFERENCE_DATA_IMPORTED,NEEDS_AR_TRANSLATION,2026-08-05,Administrative subdivision only; cities are imported in later city files.
UPSERT,reg_ie_rn,IE,IRL,Ireland,أيرلندا,,Europe,أوروبا,Northern Europe,شمال أوروبا,IE-RN,IE-C,Connaught,2,county,County,Roscommon,,Roscommon,true,ISO_3166_2,https://www.iso.org/obp/ui/#search,ISO 3166-2 subdivisions via pycountry/isocodes,REFERENCE_DATA_IMPORTED,NEEDS_AR_TRANSLATION,2026-08-05,Administrative subdivision only; cities are imported in later city files.
UPSERT,reg_ie_so,IE,IRL,Ireland,أيرلندا,,Europe,أوروبا,Northern Europe,شمال أوروبا,IE-SO,IE-C,Connaught,2,county,County,Sligo,,Sligo,true,ISO_3166_2,https://www.iso.org/obp/ui/#search,ISO 3166-2 subdivisions via pycountry/isocodes,REFERENCE_DATA_IMPORTED,NEEDS_AR_TRANSLATION,2026-08-05,Administrative subdivision only; cities are imported in later city files.
UPSERT,reg_ie_ta,IE,IRL,Ireland,أيرلندا,,Europe,أوروبا,Northern Europe,شمال أوروبا,IE-TA,IE-M,Munster,2,county,County,Tipperary,,Tipperary,true,ISO_3166_2,https://www.iso.org/obp/ui/#search,ISO 3166-2 subdivisions via pycountry/isocodes,REFERENCE_DATA_IMPORTED,NEEDS_AR_TRANSLATION,2026-08-05,Administrative subdivision only; cities are imported in later city files.
UPSERT,reg_ie_u,IE,IRL,Ireland,أيرلندا,,Europe,أوروبا,Northern Europe,شمال أوروبا,IE-U,,,1,province,Province,Ulster,,Ulster,true,ISO_3166_2,https://www.iso.org/obp/ui/#search,ISO 3166-2 subdivisions via pycountry/isocodes,REFERENCE_DATA_IMPORTED,NEEDS_AR_TRANSLATION,2026-08-05,Administrative subdivision only; cities are imported in later city files.
UPSERT,reg_ie_wd,IE,IRL,Ireland,أيرلندا,,Europe,أوروبا,Northern Europe,شمال أوروبا,IE-WD,IE-M,Munster,2,county,County,Waterford,,Waterford,true,ISO_3166_2,https://www.iso.org/obp/ui/#search,ISO 3166-2 subdivisions via pycountry/isocodes,REFERENCE_DATA_IMPORTED,NEEDS_AR_TRANSLATION,2026-08-05,Administrative subdivision only; cities are imported in later city files.
UPSERT,reg_ie_wh,IE,IRL,Ireland,أيرلندا,,Europe,أوروبا,Northern Europe,شمال أوروبا,IE-WH,IE-L,Leinster,2,county,County,Westmeath,,Westmeath,true,ISO_3166_2,https://www.iso.org/obp/ui/#search,ISO 3166-2 subdivisions via pycountry/isocodes,REFERENCE_DATA_IMPORTED,NEEDS_AR_TRANSLATION,2026-08-05,Administrative subdivision only; cities are imported in later city files.
UPSERT,reg_ie_ww,IE,IRL,Ireland,أيرلندا,,Europe,أوروبا,Northern Europe,شمال أوروبا,IE-WW,IE-L,Leinster,2,county,County,Wicklow,,Wicklow,true,ISO_3166_2,https://www.iso.org/obp/ui/#search,ISO 3166-2 subdivisions via pycountry/isocodes,REFERENCE_DATA_IMPORTED,NEEDS_AR_TRANSLATION,2026-08-05,Administrative subdivision only; cities are imported in later city files.
UPSERT,reg_ie_wx,IE,IRL,Ireland,أيرلندا,,Europe,أوروبا,Northern Europe,شمال أوروبا,IE-WX,IE-L,Leinster,2,county,County,Wexford,,Wexford,true,ISO_3166_2,https://www.iso.org/obp/ui/#search,ISO 3166-2 subdivisions via pycountry/isocodes,REFERENCE_DATA_IMPORTED,NEEDS_AR_TRANSLATION,2026-08-05,Administrative subdivision only; cities are imported in later city files.
UPSERT,reg_is_1,IS,ISL,Iceland,آيسلندا,Republic of Iceland,Europe,أوروبا,Northern Europe,شمال أوروبا,IS-1,,,1,region,Region,Höfuðborgarsvæði,,Höfuðborgarsvæði,true,ISO_3166_2,https://www.iso.org/obp/ui/#search,ISO 3166-2 subdivisions via pycountry/isocodes,REFERENCE_DATA_IMPORTED,NEEDS_AR_TRANSLATION,2026-08-05,Administrative subdivision only; cities are imported in later city files.
UPSERT,reg_is_2,IS,ISL,Iceland,آيسلندا,Republic of Iceland,Europe,أوروبا,Northern Europe,شمال أوروبا,IS-2,,,1,region,Region,Suðurnes,,Suðurnes,true,ISO_3166_2,https://www.iso.org/obp/ui/#search,ISO 3166-2 subdivisions via pycountry/isocodes,REFERENCE_DATA_IMPORTED,NEEDS_AR_TRANSLATION,2026-08-05,Administrative subdivision only; cities are imported in later city files.
UPSERT,reg_is_3,IS,ISL,Iceland,آيسلندا,Republic of Iceland,Europe,أوروبا,Northern Europe,شمال أوروبا,IS-3,,,1,region,Region,Vesturland,,Vesturland,true,ISO_3166_2,https://www.iso.org/obp/ui/#search,ISO 3166-2 subdivisions via pycountry/isocodes,REFERENCE_DATA_IMPORTED,NEEDS_AR_TRANSLATION,2026-08-05,Administrative subdivision only; cities are imported in later city files.
UPSERT,reg_is_4,IS,ISL,Iceland,آيسلندا,Republic of Iceland,Europe,أوروبا,Northern Europe,شمال أوروبا,IS-4,,,1,region,Region,Vestfirðir,,Vestfirðir,true,ISO_3166_2,https://www.iso.org/obp/ui/#search,ISO 3166-2 subdivisions via pycountry/isocodes,REFERENCE_DATA_IMPORTED,NEEDS_AR_TRANSLATION,2026-08-05,Administrative subdivision only; cities are imported in later city files.
UPSERT,reg_is_5,IS,ISL,Iceland,آيسلندا,Republic of Iceland,Europe,أوروبا,Northern Europe,شمال أوروبا,IS-5,,,1,region,Region,Norðurland vestra,,Norðurland vestra,true,ISO_3166_2,https://www.iso.org/obp/ui/#search,ISO 3166-2 subdivisions via pycountry/isocodes,REFERENCE_DATA_IMPORTED,NEEDS_AR_TRANSLATION,2026-08-05,Administrative subdivision only; cities are imported in later city files.
UPSERT,reg_is_6,IS,ISL,Iceland,آيسلندا,Republic of Iceland,Europe,أوروبا,Northern Europe,شمال أوروبا,IS-6,,,1,region,Region,Norðurland eystra,,Norðurland eystra,true,ISO_3166_2,https://www.iso.org/obp/ui/#search,ISO 3166-2 subdivisions via pycountry/isocodes,REFERENCE_DATA_IMPORTED,NEEDS_AR_TRANSLATION,2026-08-05,Administrative subdivision only; cities are imported in later city files.
UPSERT,reg_is_7,IS,ISL,Iceland,آيسلندا,Republic of Iceland,Europe,أوروبا,Northern Europe,شمال أوروبا,IS-7,,,1,region,Region,Austurland,,Austurland,true,ISO_3166_2,https://www.iso.org/obp/ui/#search,ISO 3166-2 subdivisions via pycountry/isocodes,REFERENCE_DATA_IMPORTED,NEEDS_AR_TRANSLATION,2026-08-05,Administrative subdivision only; cities are imported in later city files.
UPSERT,reg_is_8,IS,ISL,Iceland,آيسلندا,Republic of Iceland,Europe,أوروبا,Northern Europe,شمال أوروبا,IS-8,,,1,region,Region,Suðurland,,Suðurland,true,ISO_3166_2,https://www.iso.org/obp/ui/#search,ISO 3166-2 subdivisions via pycountry/isocodes,REFERENCE_DATA_IMPORTED,NEEDS_AR_TRANSLATION,2026-08-05,Administrative subdivision only; cities are imported in later city files.
UPSERT,reg_is_akn,IS,ISL,Iceland,آيسلندا,Republic of Iceland,Europe,أوروبا,Northern Europe,شمال أوروبا,IS-AKN,IS-3,Vesturland,2,municipality,Municipality,Akraneskaupstaður,,Akraneskaupstaður,true,ISO_3166_2,https://www.iso.org/obp/ui/#search,ISO 3166-2 subdivisions via pycountry/isocodes,REFERENCE_DATA_IMPORTED,NEEDS_AR_TRANSLATION,2026-08-05,Administrative subdivision only; cities are imported in later city files.
UPSERT,reg_is_aku,IS,ISL,Iceland,آيسلندا,Republic of Iceland,Europe,أوروبا,Northern Europe,شمال أوروبا,IS-AKU,IS-6,Norðurland eystra,2,municipality,Municipality,Akureyrarbær,,Akureyrarbær,true,ISO_3166_2,https://www.iso.org/obp/ui/#search,ISO 3166-2 subdivisions via pycountry/isocodes,REFERENCE_DATA_IMPORTED,NEEDS_AR_TRANSLATION,2026-08-05,Administrative subdivision only; cities are imported in later city files.
UPSERT,reg_is_arn,IS,ISL,Iceland,آيسلندا,Republic of Iceland,Europe,أوروبا,Northern Europe,شمال أوروبا,IS-ARN,IS-4,Vestfirðir,2,municipality,Municipality,Árneshreppur,,Árneshreppur,true,ISO_3166_2,https://www.iso.org/obp/ui/#search,ISO 3166-2 subdivisions via pycountry/isocodes,REFERENCE_DATA_IMPORTED,NEEDS_AR_TRANSLATION,2026-08-05,Administrative subdivision only; cities are imported in later city files.
UPSERT,reg_is_asa,IS,ISL,Iceland,آيسلندا,Republic of Iceland,Europe,أوروبا,Northern Europe,شمال أوروبا,IS-ASA,IS-8,Suðurland,2,municipality,Municipality,Ásahreppur,,Ásahreppur,true,ISO_3166_2,https://www.iso.org/obp/ui/#search,ISO 3166-2 subdivisions via pycountry/isocodes,REFERENCE_DATA_IMPORTED,NEEDS_AR_TRANSLATION,2026-08-05,Administrative subdivision only; cities are imported in later city files.
UPSERT,reg_is_bla,IS,ISL,Iceland,آيسلندا,Republic of Iceland,Europe,أوروبا,Northern Europe,شمال أوروبا,IS-BLA,IS-8,Suðurland,2,municipality,Municipality,Bláskógabyggð,,Bláskógabyggð,true,ISO_3166_2,https://www.iso.org/obp/ui/#search,ISO 3166-2 subdivisions via pycountry/isocodes,REFERENCE_DATA_IMPORTED,NEEDS_AR_TRANSLATION,2026-08-05,Administrative subdivision only; cities are imported in later city files.
UPSERT,reg_is_bog,IS,ISL,Iceland,آيسلندا,Republic of Iceland,Europe,أوروبا,Northern Europe,شمال أوروبا,IS-BOG,IS-3,Vesturland,2,municipality,Municipality,Borgarbyggð,,Borgarbyggð,true,ISO_3166_2,https://www.iso.org/obp/ui/#search,ISO 3166-2 subdivisions via pycountry/isocodes,REFERENCE_DATA_IMPORTED,NEEDS_AR_TRANSLATION,2026-08-05,Administrative subdivision only; cities are imported in later city files.
UPSERT,reg_is_bol,IS,ISL,Iceland,آيسلندا,Republic of Iceland,Europe,أوروبا,Northern Europe,شمال أوروبا,IS-BOL,IS-4,Vestfirðir,2,municipality,Municipality,Bolungarvíkurkaupstaður,,Bolungarvíkurkaupstaður,true,ISO_3166_2,https://www.iso.org/obp/ui/#search,ISO 3166-2 subdivisions via pycountry/isocodes,REFERENCE_DATA_IMPORTED,NEEDS_AR_TRANSLATION,2026-08-05,Administrative subdivision only; cities are imported in later city files.
UPSERT,reg_is_dab,IS,ISL,Iceland,آيسلندا,Republic of Iceland,Europe,أوروبا,Northern Europe,شمال أوروبا,IS-DAB,IS-3,Vesturland,2,municipality,Municipality,Dalabyggð,,Dalabyggð,true,ISO_3166_2,https://www.iso.org/obp/ui/#search,ISO 3166-2 subdivisions via pycountry/isocodes,REFERENCE_DATA_IMPORTED,NEEDS_AR_TRANSLATION,2026-08-05,Administrative subdivision only; cities are imported in later city files.
UPSERT,reg_is_dav,IS,ISL,Iceland,آيسلندا,Republic of Iceland,Europe,أوروبا,Northern Europe,شمال أوروبا,IS-DAV,IS-6,Norðurland eystra,2,municipality,Municipality,Dalvíkurbyggð,,Dalvíkurbyggð,true,ISO_3166_2,https://www.iso.org/obp/ui/#search,ISO 3166-2 subdivisions via pycountry/isocodes,REFERENCE_DATA_IMPORTED,NEEDS_AR_TRANSLATION,2026-08-05,Administrative subdivision only; cities are imported in later city files.
UPSERT,reg_is_eom,IS,ISL,Iceland,آيسلندا,Republic of Iceland,Europe,أوروبا,Northern Europe,شمال أوروبا,IS-EOM,IS-3,Vesturland,2,municipality,Municipality,Eyja- og Miklaholtshreppur,,Eyja- og Miklaholtshreppur,true,ISO_3166_2,https://www.iso.org/obp/ui/#search,ISO 3166-2 subdivisions via pycountry/isocodes,REFERENCE_DATA_IMPORTED,NEEDS_AR_TRANSLATION,2026-08-05,Administrative subdivision only; cities are imported in later city files.
UPSERT,reg_is_eyf,IS,ISL,Iceland,آيسلندا,Republic of Iceland,Europe,أوروبا,Northern Europe,شمال أوروبا,IS-EYF,IS-6,Norðurland eystra,2,municipality,Municipality,Eyjafjarðarsveit,,Eyjafjarðarsveit,true,ISO_3166_2,https://www.iso.org/obp/ui/#search,ISO 3166-2 subdivisions via pycountry/isocodes,REFERENCE_DATA_IMPORTED,NEEDS_AR_TRANSLATION,2026-08-05,Administrative subdivision only; cities are imported in later city files.
UPSERT,reg_is_fjd,IS,ISL,Iceland,آيسلندا,Republic of Iceland,Europe,أوروبا,Northern Europe,شمال أوروبا,IS-FJD,IS-7,Austurland,2,municipality,Municipality,Fjarðabyggð,,Fjarðabyggð,true,ISO_3166_2,https://www.iso.org/obp/ui/#search,ISO 3166-2 subdivisions via pycountry/isocodes,REFERENCE_DATA_IMPORTED,NEEDS_AR_TRANSLATION,2026-08-05,Administrative subdivision only; cities are imported in later city files.
UPSERT,reg_is_fjl,IS,ISL,Iceland,آيسلندا,Republic of Iceland,Europe,أوروبا,Northern Europe,شمال أوروبا,IS-FJL,IS-6,Norðurland eystra,2,municipality,Municipality,Fjallabyggð,,Fjallabyggð,true,ISO_3166_2,https://www.iso.org/obp/ui/#search,ISO 3166-2 subdivisions via pycountry/isocodes,REFERENCE_DATA_IMPORTED,NEEDS_AR_TRANSLATION,2026-08-05,Administrative subdivision only; cities are imported in later city files.
UPSERT,reg_is_fla,IS,ISL,Iceland,آيسلندا,Republic of Iceland,Europe,أوروبا,Northern Europe,شمال أوروبا,IS-FLA,IS-8,Suðurland,2,municipality,Municipality,Flóahreppur,,Flóahreppur,true,ISO_3166_2,https://www.iso.org/obp/ui/#search,ISO 3166-2 subdivisions via pycountry/isocodes,REFERENCE_DATA_IMPORTED,NEEDS_AR_TRANSLATION,2026-08-05,Administrative subdivision only; cities are imported in later city files.
UPSERT,reg_is_flr,IS,ISL,Iceland,آيسلندا,Republic of Iceland,Europe,أوروبا,Northern Europe,شمال أوروبا,IS-FLR,IS-7,Austurland,2,municipality,Municipality,Fljótsdalshreppur,,Fljótsdalshreppur,true,ISO_3166_2,https://www.iso.org/obp/ui/#search,ISO 3166-2 subdivisions via pycountry/isocodes,REFERENCE_DATA_IMPORTED,NEEDS_AR_TRANSLATION,2026-08-05,Administrative subdivision only; cities are imported in later city files.
UPSERT,reg_is_gar,IS,ISL,Iceland,آيسلندا,Republic of Iceland,Europe,أوروبا,Northern Europe,شمال أوروبا,IS-GAR,IS-1,Höfuðborgarsvæði,2,municipality,Municipality,Garðabær,,Garðabær,true,ISO_3166_2,https://www.iso.org/obp/ui/#search,ISO 3166-2 subdivisions via pycountry/isocodes,REFERENCE_DATA_IMPORTED,NEEDS_AR_TRANSLATION,2026-08-05,Administrative subdivision only; cities are imported in later city files.
UPSERT,reg_is_gog,IS,ISL,Iceland,آيسلندا,Republic of Iceland,Europe,أوروبا,Northern Europe,شمال أوروبا,IS-GOG,IS-8,Suðurland,2,municipality,Municipality,Grímsnes- og Grafningshreppur,,Grímsnes- og Grafningshreppur,true,ISO_3166_2,https://www.iso.org/obp/ui/#search,ISO 3166-2 subdivisions via pycountry/isocodes,REFERENCE_DATA_IMPORTED,NEEDS_AR_TRANSLATION,2026-08-05,Administrative subdivision only; cities are imported in later city files.
UPSERT,reg_is_grn,IS,ISL,Iceland,آيسلندا,Republic of Iceland,Europe,أوروبا,Northern Europe,شمال أوروبا,IS-GRN,IS-2,Suðurnes,2,municipality,Municipality,Grindavíkurbær,,Grindavíkurbær,true,ISO_3166_2,https://www.iso.org/obp/ui/#search,ISO 3166-2 subdivisions via pycountry/isocodes,REFERENCE_DATA_IMPORTED,NEEDS_AR_TRANSLATION,2026-08-05,Administrative subdivision only; cities are imported in later city files.
UPSERT,reg_is_gru,IS,ISL,Iceland,آيسلندا,Republic of Iceland,Europe,أوروبا,Northern Europe,شمال أوروبا,IS-GRU,IS-3,Vesturland,2,municipality,Municipality,Grundarfjarðarbær,,Grundarfjarðarbær,true,ISO_3166_2,https://www.iso.org/obp/ui/#search,ISO 3166-2 subdivisions via pycountry/isocodes,REFERENCE_DATA_IMPORTED,NEEDS_AR_TRANSLATION,2026-08-05,Administrative subdivision only; cities are imported in later city files.
UPSERT,reg_is_gry,IS,ISL,Iceland,آيسلندا,Republic of Iceland,Europe,أوروبا,Northern Europe,شمال أوروبا,IS-GRY,IS-6,Norðurland eystra,2,municipality,Municipality,Grýtubakkahreppur,,Grýtubakkahreppur,true,ISO_3166_2,https://www.iso.org/obp/ui/#search,ISO 3166-2 subdivisions via pycountry/isocodes,REFERENCE_DATA_IMPORTED,NEEDS_AR_TRANSLATION,2026-08-05,Administrative subdivision only; cities are imported in later city files.
UPSERT,reg_is_haf,IS,ISL,Iceland,آيسلندا,Republic of Iceland,Europe,أوروبا,Northern Europe,شمال أوروبا,IS-HAF,IS-1,Höfuðborgarsvæði,2,municipality,Municipality,Hafnarfjarðarkaupstaður,,Hafnarfjarðarkaupstaður,true,ISO_3166_2,https://www.iso.org/obp/ui/#search,ISO 3166-2 subdivisions via pycountry/isocodes,REFERENCE_DATA_IMPORTED,NEEDS_AR_TRANSLATION,2026-08-05,Administrative subdivision only; cities are imported in later city files.
UPSERT,reg_is_hrg,IS,ISL,Iceland,آيسلندا,Republic of Iceland,Europe,أوروبا,Northern Europe,شمال أوروبا,IS-HRG,IS-6,Norðurland eystra,2,municipality,Municipality,Hörgársveit,,Hörgársveit,true,ISO_3166_2,https://www.iso.org/obp/ui/#search,ISO 3166-2 subdivisions via pycountry/isocodes,REFERENCE_DATA_IMPORTED,NEEDS_AR_TRANSLATION,2026-08-05,Administrative subdivision only; cities are imported in later city files.
UPSERT,reg_is_hru,IS,ISL,Iceland,آيسلندا,Republic of Iceland,Europe,أوروبا,Northern Europe,شمال أوروبا,IS-HRU,IS-8,Suðurland,2,municipality,Municipality,Hrunamannahreppur,,Hrunamannahreppur,true,ISO_3166_2,https://www.iso.org/obp/ui/#search,ISO 3166-2 subdivisions via pycountry/isocodes,REFERENCE_DATA_IMPORTED,NEEDS_AR_TRANSLATION,2026-08-05,Administrative subdivision only; cities are imported in later city files.
UPSERT,reg_is_hug,IS,ISL,Iceland,آيسلندا,Republic of Iceland,Europe,أوروبا,Northern Europe,شمال أوروبا,IS-HUG,IS-5,Norðurland vestra,2,municipality,Municipality,Húnabyggð,,Húnabyggð,true,ISO_3166_2,https://www.iso.org/obp/ui/#search,ISO 3166-2 subdivisions via pycountry/isocodes,REFERENCE_DATA_IMPORTED,NEEDS_AR_TRANSLATION,2026-08-05,Administrative subdivision only; cities are imported in later city files.
UPSERT,reg_is_huv,IS,ISL,Iceland,آيسلندا,Republic of Iceland,Europe,أوروبا,Northern Europe,شمال أوروبا,IS-HUV,IS-5,Norðurland vestra,2,municipality,Municipality,Húnaþing vestra,,Húnaþing vestra,true,ISO_3166_2,https://www.iso.org/obp/ui/#search,ISO 3166-2 subdivisions via pycountry/isocodes,REFERENCE_DATA_IMPORTED,NEEDS_AR_TRANSLATION,2026-08-05,Administrative subdivision only; cities are imported in later city files.
UPSERT,reg_is_hva,IS,ISL,Iceland,آيسلندا,Republic of Iceland,Europe,أوروبا,Northern Europe,شمال أوروبا,IS-HVA,IS-3,Vesturland,2,municipality,Municipality,Hvalfjarðarsveit,,Hvalfjarðarsveit,true,ISO_3166_2,https://www.iso.org/obp/ui/#search,ISO 3166-2 subdivisions via pycountry/isocodes,REFERENCE_DATA_IMPORTED,NEEDS_AR_TRANSLATION,2026-08-05,Administrative subdivision only; cities are imported in later city files.
UPSERT,reg_is_hve,IS,ISL,Iceland,آيسلندا,Republic of Iceland,Europe,أوروبا,Northern Europe,شمال أوروبا,IS-HVE,IS-8,Suðurland,2,municipality,Municipality,Hveragerðisbær,,Hveragerðisbær,true,ISO_3166_2,https://www.iso.org/obp/ui/#search,ISO 3166-2 subdivisions via pycountry/isocodes,REFERENCE_DATA_IMPORTED,NEEDS_AR_TRANSLATION,2026-08-05,Administrative subdivision only; cities are imported in later city files.
UPSERT,reg_is_isa,IS,ISL,Iceland,آيسلندا,Republic of Iceland,Europe,أوروبا,Northern Europe,شمال أوروبا,IS-ISA,IS-4,Vestfirðir,2,municipality,Municipality,Ísafjarðarbær,,Ísafjarðarbær,true,ISO_3166_2,https://www.iso.org/obp/ui/#search,ISO 3166-2 subdivisions via pycountry/isocodes,REFERENCE_DATA_IMPORTED,NEEDS_AR_TRANSLATION,2026-08-05,Administrative subdivision only; cities are imported in later city files.
UPSERT,reg_is_kal,IS,ISL,Iceland,آيسلندا,Republic of Iceland,Europe,أوروبا,Northern Europe,شمال أوروبا,IS-KAL,IS-4,Vestfirðir,2,municipality,Municipality,Kaldrananeshreppur,,Kaldrananeshreppur,true,ISO_3166_2,https://www.iso.org/obp/ui/#search,ISO 3166-2 subdivisions via pycountry/isocodes,REFERENCE_DATA_IMPORTED,NEEDS_AR_TRANSLATION,2026-08-05,Administrative subdivision only; cities are imported in later city files.
UPSERT,reg_is_kjo,IS,ISL,Iceland,آيسلندا,Republic of Iceland,Europe,أوروبا,Northern Europe,شمال أوروبا,IS-KJO,IS-1,Höfuðborgarsvæði,2,municipality,Municipality,Kjósarhreppur,,Kjósarhreppur,true,ISO_3166_2,https://www.iso.org/obp/ui/#search,ISO 3166-2 subdivisions via pycountry/isocodes,REFERENCE_DATA_IMPORTED,NEEDS_AR_TRANSLATION,2026-08-05,Administrative subdivision only; cities are imported in later city files.
UPSERT,reg_is_kop,IS,ISL,Iceland,آيسلندا,Republic of Iceland,Europe,أوروبا,Northern Europe,شمال أوروبا,IS-KOP,IS-1,Höfuðborgarsvæði,2,municipality,Municipality,Kópavogsbær,,Kópavogsbær,true,ISO_3166_2,https://www.iso.org/obp/ui/#search,ISO 3166-2 subdivisions via pycountry/isocodes,REFERENCE_DATA_IMPORTED,NEEDS_AR_TRANSLATION,2026-08-05,Administrative subdivision only; cities are imported in later city files.
UPSERT,reg_is_lan,IS,ISL,Iceland,آيسلندا,Republic of Iceland,Europe,أوروبا,Northern Europe,شمال أوروبا,IS-LAN,IS-6,Norðurland eystra,2,municipality,Municipality,Langanesbyggð,,Langanesbyggð,true,ISO_3166_2,https://www.iso.org/obp/ui/#search,ISO 3166-2 subdivisions via pycountry/isocodes,REFERENCE_DATA_IMPORTED,NEEDS_AR_TRANSLATION,2026-08-05,Administrative subdivision only; cities are imported in later city files.
UPSERT,reg_is_mos,IS,ISL,Iceland,آيسلندا,Republic of Iceland,Europe,أوروبا,Northern Europe,شمال أوروبا,IS-MOS,IS-1,Höfuðborgarsvæði,2,municipality,Municipality,Mosfellsbær,,Mosfellsbær,true,ISO_3166_2,https://www.iso.org/obp/ui/#search,ISO 3166-2 subdivisions via pycountry/isocodes,REFERENCE_DATA_IMPORTED,NEEDS_AR_TRANSLATION,2026-08-05,Administrative subdivision only; cities are imported in later city files.
UPSERT,reg_is_mul,IS,ISL,Iceland,آيسلندا,Republic of Iceland,Europe,أوروبا,Northern Europe,شمال أوروبا,IS-MUL,IS-7,Austurland,2,municipality,Municipality,Múlaþing,,Múlaþing,true,ISO_3166_2,https://www.iso.org/obp/ui/#search,ISO 3166-2 subdivisions via pycountry/isocodes,REFERENCE_DATA_IMPORTED,NEEDS_AR_TRANSLATION,2026-08-05,Administrative subdivision only; cities are imported in later city files.
UPSERT,reg_is_myr,IS,ISL,Iceland,آيسلندا,Republic of Iceland,Europe,أوروبا,Northern Europe,شمال أوروبا,IS-MYR,IS-8,Suðurland,2,municipality,Municipality,Mýrdalshreppur,,Mýrdalshreppur,true,ISO_3166_2,https://www.iso.org/obp/ui/#search,ISO 3166-2 subdivisions via pycountry/isocodes,REFERENCE_DATA_IMPORTED,NEEDS_AR_TRANSLATION,2026-08-05,Administrative subdivision only; cities are imported in later city files.
UPSERT,reg_is_nor,IS,ISL,Iceland,آيسلندا,Republic of Iceland,Europe,أوروبا,Northern Europe,شمال أوروبا,IS-NOR,IS-6,Norðurland eystra,2,municipality,Municipality,Norðurþing,,Norðurþing,true,ISO_3166_2,https://www.iso.org/obp/ui/#search,ISO 3166-2 subdivisions via pycountry/isocodes,REFERENCE_DATA_IMPORTED,NEEDS_AR_TRANSLATION,2026-08-05,Administrative subdivision only; cities are imported in later city files.
UPSERT,reg_is_rge,IS,ISL,Iceland,آيسلندا,Republic of Iceland,Europe,أوروبا,Northern Europe,شمال أوروبا,IS-RGE,IS-8,Suðurland,2,municipality,Municipality,Rangárþing eystra,,Rangárþing eystra,true,ISO_3166_2,https://www.iso.org/obp/ui/#search,ISO 3166-2 subdivisions via pycountry/isocodes,REFERENCE_DATA_IMPORTED,NEEDS_AR_TRANSLATION,2026-08-05,Administrative subdivision only; cities are imported in later city files.
UPSERT,reg_is_rgy,IS,ISL,Iceland,آيسلندا,Republic of Iceland,Europe,أوروبا,Northern Europe,شمال أوروبا,IS-RGY,IS-8,Suðurland,2,municipality,Municipality,Rangárþing ytra,,Rangárþing ytra,true,ISO_3166_2,https://www.iso.org/obp/ui/#search,ISO 3166-2 subdivisions via pycountry/isocodes,REFERENCE_DATA_IMPORTED,NEEDS_AR_TRANSLATION,2026-08-05,Administrative subdivision only; cities are imported in later city files.
UPSERT,reg_is_rhh,IS,ISL,Iceland,آيسلندا,Republic of Iceland,Europe,أوروبا,Northern Europe,شمال أوروبا,IS-RHH,IS-4,Vestfirðir,2,municipality,Municipality,Reykhólahreppur,,Reykhólahreppur,true,ISO_3166_2,https://www.iso.org/obp/ui/#search,ISO 3166-2 subdivisions via pycountry/isocodes,REFERENCE_DATA_IMPORTED,NEEDS_AR_TRANSLATION,2026-08-05,Administrative subdivision only; cities are imported in later city files.
UPSERT,reg_is_rkn,IS,ISL,Iceland,آيسلندا,Republic of Iceland,Europe,أوروبا,Northern Europe,شمال أوروبا,IS-RKN,IS-2,Suðurnes,2,municipality,Municipality,Reykjanesbær,,Reykjanesbær,true,ISO_3166_2,https://www.iso.org/obp/ui/#search,ISO 3166-2 subdivisions via pycountry/isocodes,REFERENCE_DATA_IMPORTED,NEEDS_AR_TRANSLATION,2026-08-05,Administrative subdivision only; cities are imported in later city files.
UPSERT,reg_is_rkv,IS,ISL,Iceland,آيسلندا,Republic of Iceland,Europe,أوروبا,Northern Europe,شمال أوروبا,IS-RKV,IS-1,Höfuðborgarsvæði,2,municipality,Municipality,Reykjavíkurborg,,Reykjavíkurborg,true,ISO_3166_2,https://www.iso.org/obp/ui/#search,ISO 3166-2 subdivisions via pycountry/isocodes,REFERENCE_DATA_IMPORTED,NEEDS_AR_TRANSLATION,2026-08-05,Administrative subdivision only; cities are imported in later city files.
UPSERT,reg_is_sbt,IS,ISL,Iceland,آيسلندا,Republic of Iceland,Europe,أوروبا,Northern Europe,شمال أوروبا,IS-SBT,IS-6,Norðurland eystra,2,municipality,Municipality,Svalbarðsstrandarhreppur,,Svalbarðsstrandarhreppur,true,ISO_3166_2,https://www.iso.org/obp/ui/#search,ISO 3166-2 subdivisions via pycountry/isocodes,REFERENCE_DATA_IMPORTED,NEEDS_AR_TRANSLATION,2026-08-05,Administrative subdivision only; cities are imported in later city files.
UPSERT,reg_is_sdn,IS,ISL,Iceland,آيسلندا,Republic of Iceland,Europe,أوروبا,Northern Europe,شمال أوروبا,IS-SDN,IS-2,Suðurnes,2,municipality,Municipality,Suðurnesjabær,,Suðurnesjabær,true,ISO_3166_2,https://www.iso.org/obp/ui/#search,ISO 3166-2 subdivisions via pycountry/isocodes,REFERENCE_DATA_IMPORTED,NEEDS_AR_TRANSLATION,2026-08-05,Administrative subdivision only; cities are imported in later city files.
UPSERT,reg_is_sdv,IS,ISL,Iceland,آيسلندا,Republic of Iceland,Europe,أوروبا,Northern Europe,شمال أوروبا,IS-SDV,IS-4,Vestfirðir,2,municipality,Municipality,Súðavíkurhreppur,,Súðavíkurhreppur,true,ISO_3166_2,https://www.iso.org/obp/ui/#search,ISO 3166-2 subdivisions via pycountry/isocodes,REFERENCE_DATA_IMPORTED,NEEDS_AR_TRANSLATION,2026-08-05,Administrative subdivision only; cities are imported in later city files.
UPSERT,reg_is_sel,IS,ISL,Iceland,آيسلندا,Republic of Iceland,Europe,أوروبا,Northern Europe,شمال أوروبا,IS-SEL,IS-1,Höfuðborgarsvæði,2,municipality,Municipality,Seltjarnarnesbær,,Seltjarnarnesbær,true,ISO_3166_2,https://www.iso.org/obp/ui/#search,ISO 3166-2 subdivisions via pycountry/isocodes,REFERENCE_DATA_IMPORTED,NEEDS_AR_TRANSLATION,2026-08-05,Administrative subdivision only; cities are imported in later city files.
UPSERT,reg_is_sfa,IS,ISL,Iceland,آيسلندا,Republic of Iceland,Europe,أوروبا,Northern Europe,شمال أوروبا,IS-SFA,IS-8,Suðurland,2,municipality,Municipality,Sveitarfélagið Árborg,,Sveitarfélagið Árborg,true,ISO_3166_2,https://www.iso.org/obp/ui/#search,ISO 3166-2 subdivisions via pycountry/isocodes,REFERENCE_DATA_IMPORTED,NEEDS_AR_TRANSLATION,2026-08-05,Administrative subdivision only; cities are imported in later city files.
UPSERT,reg_is_shf,IS,ISL,Iceland,آيسلندا,Republic of Iceland,Europe,أوروبا,Northern Europe,شمال أوروبا,IS-SHF,IS-7,Austurland,2,municipality,Municipality,Sveitarfélagið Hornafjörður,,Sveitarfélagið Hornafjörður,true,ISO_3166_2,https://www.iso.org/obp/ui/#search,ISO 3166-2 subdivisions via pycountry/isocodes,REFERENCE_DATA_IMPORTED,NEEDS_AR_TRANSLATION,2026-08-05,Administrative subdivision only; cities are imported in later city files.
UPSERT,reg_is_skf,IS,ISL,Iceland,آيسلندا,Republic of Iceland,Europe,أوروبا,Northern Europe,شمال أوروبا,IS-SKF,IS-8,Suðurland,2,municipality,Municipality,Skaftárhreppur,,Skaftárhreppur,true,ISO_3166_2,https://www.iso.org/obp/ui/#search,ISO 3166-2 subdivisions via pycountry/isocodes,REFERENCE_DATA_IMPORTED,NEEDS_AR_TRANSLATION,2026-08-05,Administrative subdivision only; cities are imported in later city files.
UPSERT,reg_is_skg,IS,ISL,Iceland,آيسلندا,Republic of Iceland,Europe,أوروبا,Northern Europe,شمال أوروبا,IS-SKG,IS-5,Norðurland vestra,2,municipality,Municipality,Skagabyggð,,Skagabyggð,true,ISO_3166_2,https://www.iso.org/obp/ui/#search,ISO 3166-2 subdivisions via pycountry/isocodes,REFERENCE_DATA_IMPORTED,NEEDS_AR_TRANSLATION,2026-08-05,Administrative subdivision only; cities are imported in later city files.
UPSERT,reg_is_sko,IS,ISL,Iceland,آيسلندا,Republic of Iceland,Europe,أوروبا,Northern Europe,شمال أوروبا,IS-SKO,IS-3,Vesturland,2,municipality,Municipality,Skorradalshreppur,,Skorradalshreppur,true,ISO_3166_2,https://www.iso.org/obp/ui/#search,ISO 3166-2 subdivisions via pycountry/isocodes,REFERENCE_DATA_IMPORTED,NEEDS_AR_TRANSLATION,2026-08-05,Administrative subdivision only; cities are imported in later city files.
UPSERT,reg_is_skr,IS,ISL,Iceland,آيسلندا,Republic of Iceland,Europe,أوروبا,Northern Europe,شمال أوروبا,IS-SKR,IS-5,Norðurland vestra,2,municipality,Municipality,Skagafjörður,,Skagafjörður,true,ISO_3166_2,https://www.iso.org/obp/ui/#search,ISO 3166-2 subdivisions via pycountry/isocodes,REFERENCE_DATA_IMPORTED,NEEDS_AR_TRANSLATION,2026-08-05,Administrative subdivision only; cities are imported in later city files.
UPSERT,reg_is_snf,IS,ISL,Iceland,آيسلندا,Republic of Iceland,Europe,أوروبا,Northern Europe,شمال أوروبا,IS-SNF,IS-3,Vesturland,2,municipality,Municipality,Snæfellsbær,,Snæfellsbær,true,ISO_3166_2,https://www.iso.org/obp/ui/#search,ISO 3166-2 subdivisions via pycountry/isocodes,REFERENCE_DATA_IMPORTED,NEEDS_AR_TRANSLATION,2026-08-05,Administrative subdivision only; cities are imported in later city files.
UPSERT,reg_is_sog,IS,ISL,Iceland,آيسلندا,Republic of Iceland,Europe,أوروبا,Northern Europe,شمال أوروبا,IS-SOG,IS-8,Suðurland,2,municipality,Municipality,Skeiða- og Gnúpverjahreppur,,Skeiða- og Gnúpverjahreppur,true,ISO_3166_2,https://www.iso.org/obp/ui/#search,ISO 3166-2 subdivisions via pycountry/isocodes,REFERENCE_DATA_IMPORTED,NEEDS_AR_TRANSLATION,2026-08-05,Administrative subdivision only; cities are imported in later city files.
UPSERT,reg_is_sol,IS,ISL,Iceland,آيسلندا,Republic of Iceland,Europe,أوروبا,Northern Europe,شمال أوروبا,IS-SOL,IS-8,Suðurland,2,municipality,Municipality,Sveitarfélagið Ölfus,,Sveitarfélagið Ölfus,true,ISO_3166_2,https://www.iso.org/obp/ui/#search,ISO 3166-2 subdivisions via pycountry/isocodes,REFERENCE_DATA_IMPORTED,NEEDS_AR_TRANSLATION,2026-08-05,Administrative subdivision only; cities are imported in later city files.
UPSERT,reg_is_sss,IS,ISL,Iceland,آيسلندا,Republic of Iceland,Europe,أوروبا,Northern Europe,شمال أوروبا,IS-SSS,IS-5,Norðurland vestra,2,municipality,Municipality,Sveitarfélagið Skagaströnd,,Sveitarfélagið Skagaströnd,true,ISO_3166_2,https://www.iso.org/obp/ui/#search,ISO 3166-2 subdivisions via pycountry/isocodes,REFERENCE_DATA_IMPORTED,NEEDS_AR_TRANSLATION,2026-08-05,Administrative subdivision only; cities are imported in later city files.
UPSERT,reg_is_str,IS,ISL,Iceland,آيسلندا,Republic of Iceland,Europe,أوروبا,Northern Europe,شمال أوروبا,IS-STR,IS-4,Vestfirðir,2,municipality,Municipality,Strandabyggð,,Strandabyggð,true,ISO_3166_2,https://www.iso.org/obp/ui/#search,ISO 3166-2 subdivisions via pycountry/isocodes,REFERENCE_DATA_IMPORTED,NEEDS_AR_TRANSLATION,2026-08-05,Administrative subdivision only; cities are imported in later city files.
UPSERT,reg_is_sty,IS,ISL,Iceland,آيسلندا,Republic of Iceland,Europe,أوروبا,Northern Europe,شمال أوروبا,IS-STY,IS-3,Vesturland,2,municipality,Municipality,Stykkishólmsbær,,Stykkishólmsbær,true,ISO_3166_2,https://www.iso.org/obp/ui/#search,ISO 3166-2 subdivisions via pycountry/isocodes,REFERENCE_DATA_IMPORTED,NEEDS_AR_TRANSLATION,2026-08-05,Administrative subdivision only; cities are imported in later city files.
UPSERT,reg_is_svg,IS,ISL,Iceland,آيسلندا,Republic of Iceland,Europe,أوروبا,Northern Europe,شمال أوروبا,IS-SVG,IS-2,Suðurnes,2,municipality,Municipality,Sveitarfélagið Vogar,,Sveitarfélagið Vogar,true,ISO_3166_2,https://www.iso.org/obp/ui/#search,ISO 3166-2 subdivisions via pycountry/isocodes,REFERENCE_DATA_IMPORTED,NEEDS_AR_TRANSLATION,2026-08-05,Administrative subdivision only; cities are imported in later city files.
UPSERT,reg_is_tal,IS,ISL,Iceland,آيسلندا,Republic of Iceland,Europe,أوروبا,Northern Europe,شمال أوروبا,IS-TAL,IS-4,Vestfirðir,2,municipality,Municipality,Tálknafjarðarhreppur,,Tálknafjarðarhreppur,true,ISO_3166_2,https://www.iso.org/obp/ui/#search,ISO 3166-2 subdivisions via pycountry/isocodes,REFERENCE_DATA_IMPORTED,NEEDS_AR_TRANSLATION,2026-08-05,Administrative subdivision only; cities are imported in later city files.
UPSERT,reg_is_thg,IS,ISL,Iceland,آيسلندا,Republic of Iceland,Europe,أوروبا,Northern Europe,شمال أوروبا,IS-THG,IS-6,Norðurland eystra,2,municipality,Municipality,Þingeyjarsveit,,Þingeyjarsveit,true,ISO_3166_2,https://www.iso.org/obp/ui/#search,ISO 3166-2 subdivisions via pycountry/isocodes,REFERENCE_DATA_IMPORTED,NEEDS_AR_TRANSLATION,2026-08-05,Administrative subdivision only; cities are imported in later city files.
UPSERT,reg_is_tjo,IS,ISL,Iceland,آيسلندا,Republic of Iceland,Europe,أوروبا,Northern Europe,شمال أوروبا,IS-TJO,IS-6,Norðurland eystra,2,municipality,Municipality,Tjörneshreppur,,Tjörneshreppur,true,ISO_3166_2,https://www.iso.org/obp/ui/#search,ISO 3166-2 subdivisions via pycountry/isocodes,REFERENCE_DATA_IMPORTED,NEEDS_AR_TRANSLATION,2026-08-05,Administrative subdivision only; cities are imported in later city files.
UPSERT,reg_is_vem,IS,ISL,Iceland,آيسلندا,Republic of Iceland,Europe,أوروبا,Northern Europe,شمال أوروبا,IS-VEM,IS-8,Suðurland,2,municipality,Municipality,Vestmannaeyjabær,,Vestmannaeyjabær,true,ISO_3166_2,https://www.iso.org/obp/ui/#search,ISO 3166-2 subdivisions via pycountry/isocodes,REFERENCE_DATA_IMPORTED,NEEDS_AR_TRANSLATION,2026-08-05,Administrative subdivision only; cities are imported in later city files.
UPSERT,reg_is_ver,IS,ISL,Iceland,آيسلندا,Republic of Iceland,Europe,أوروبا,Northern Europe,شمال أوروبا,IS-VER,IS-4,Vestfirðir,2,municipality,Municipality,Vesturbyggð,,Vesturbyggð,true,ISO_3166_2,https://www.iso.org/obp/ui/#search,ISO 3166-2 subdivisions via pycountry/isocodes,REFERENCE_DATA_IMPORTED,NEEDS_AR_TRANSLATION,2026-08-05,Administrative subdivision only; cities are imported in later city files.
UPSERT,reg_is_vop,IS,ISL,Iceland,آيسلندا,Republic of Iceland,Europe,أوروبا,Northern Europe,شمال أوروبا,IS-VOP,IS-7,Austurland,2,municipality,Municipality,Vopnafjarðarhreppur,,Vopnafjarðarhreppur,true,ISO_3166_2,https://www.iso.org/obp/ui/#search,ISO 3166-2 subdivisions via pycountry/isocodes,REFERENCE_DATA_IMPORTED,NEEDS_AR_TRANSLATION,2026-08-05,Administrative subdivision only; cities are imported in later city files.
UPSERT,reg_it_21,IT,ITA,Italy,إيطاليا,Italian Republic,Europe,أوروبا,Southern Europe,جنوب أوروبا,IT-21,,,1,region,Region,Piemonte,,Piemonte,true,ISO_3166_2,https://www.iso.org/obp/ui/#search,ISO 3166-2 subdivisions via pycountry/isocodes,REFERENCE_DATA_IMPORTED,NEEDS_AR_TRANSLATION,2026-08-05,Administrative subdivision only; cities are imported in later city files.
UPSERT,reg_it_23,IT,ITA,Italy,إيطاليا,Italian Republic,Europe,أوروبا,Southern Europe,جنوب أوروبا,IT-23,,,1,autonomous_region,Autonomous region,Val d'Aoste,,Val d'Aoste,true,ISO_3166_2,https://www.iso.org/obp/ui/#search,ISO 3166-2 subdivisions via pycountry/isocodes,REFERENCE_DATA_IMPORTED,NEEDS_AR_TRANSLATION,2026-08-05,Administrative subdivision only; cities are imported in later city files.
UPSERT,reg_it_25,IT,ITA,Italy,إيطاليا,Italian Republic,Europe,أوروبا,Southern Europe,جنوب أوروبا,IT-25,,,1,region,Region,Lombardia,,Lombardia,true,ISO_3166_2,https://www.iso.org/obp/ui/#search,ISO 3166-2 subdivisions via pycountry/isocodes,REFERENCE_DATA_IMPORTED,NEEDS_AR_TRANSLATION,2026-08-05,Administrative subdivision only; cities are imported in later city files.
UPSERT,reg_it_32,IT,ITA,Italy,إيطاليا,Italian Republic,Europe,أوروبا,Southern Europe,جنوب أوروبا,IT-32,,,1,autonomous_region,Autonomous region,Trentino-Alto Adige,,Trentino-Alto Adige,true,ISO_3166_2,https://www.iso.org/obp/ui/#search,ISO 3166-2 subdivisions via pycountry/isocodes,REFERENCE_DATA_IMPORTED,NEEDS_AR_TRANSLATION,2026-08-05,Administrative subdivision only; cities are imported in later city files.
UPSERT,reg_it_34,IT,ITA,Italy,إيطاليا,Italian Republic,Europe,أوروبا,Southern Europe,جنوب أوروبا,IT-34,,,1,region,Region,Veneto,,Veneto,true,ISO_3166_2,https://www.iso.org/obp/ui/#search,ISO 3166-2 subdivisions via pycountry/isocodes,REFERENCE_DATA_IMPORTED,NEEDS_AR_TRANSLATION,2026-08-05,Administrative subdivision only; cities are imported in later city files.
UPSERT,reg_it_36,IT,ITA,Italy,إيطاليا,Italian Republic,Europe,أوروبا,Southern Europe,جنوب أوروبا,IT-36,,,1,autonomous_region,Autonomous region,Friuli Venezia Giulia,,Friuli Venezia Giulia,true,ISO_3166_2,https://www.iso.org/obp/ui/#search,ISO 3166-2 subdivisions via pycountry/isocodes,REFERENCE_DATA_IMPORTED,NEEDS_AR_TRANSLATION,2026-08-05,Administrative subdivision only; cities are imported in later city files.
UPSERT,reg_it_42,IT,ITA,Italy,إيطاليا,Italian Republic,Europe,أوروبا,Southern Europe,جنوب أوروبا,IT-42,,,1,region,Region,Liguria,,Liguria,true,ISO_3166_2,https://www.iso.org/obp/ui/#search,ISO 3166-2 subdivisions via pycountry/isocodes,REFERENCE_DATA_IMPORTED,NEEDS_AR_TRANSLATION,2026-08-05,Administrative subdivision only; cities are imported in later city files.
UPSERT,reg_it_45,IT,ITA,Italy,إيطاليا,Italian Republic,Europe,أوروبا,Southern Europe,جنوب أوروبا,IT-45,,,1,region,Region,Emilia-Romagna,,Emilia-Romagna,true,ISO_3166_2,https://www.iso.org/obp/ui/#search,ISO 3166-2 subdivisions via pycountry/isocodes,REFERENCE_DATA_IMPORTED,NEEDS_AR_TRANSLATION,2026-08-05,Administrative subdivision only; cities are imported in later city files.
UPSERT,reg_it_52,IT,ITA,Italy,إيطاليا,Italian Republic,Europe,أوروبا,Southern Europe,جنوب أوروبا,IT-52,,,1,region,Region,Toscana,,Toscana,true,ISO_3166_2,https://www.iso.org/obp/ui/#search,ISO 3166-2 subdivisions via pycountry/isocodes,REFERENCE_DATA_IMPORTED,NEEDS_AR_TRANSLATION,2026-08-05,Administrative subdivision only; cities are imported in later city files.
UPSERT,reg_it_55,IT,ITA,Italy,إيطاليا,Italian Republic,Europe,أوروبا,Southern Europe,جنوب أوروبا,IT-55,,,1,region,Region,Umbria,,Umbria,true,ISO_3166_2,https://www.iso.org/obp/ui/#search,ISO 3166-2 subdivisions via pycountry/isocodes,REFERENCE_DATA_IMPORTED,NEEDS_AR_TRANSLATION,2026-08-05,Administrative subdivision only; cities are imported in later city files.
UPSERT,reg_it_57,IT,ITA,Italy,إيطاليا,Italian Republic,Europe,أوروبا,Southern Europe,جنوب أوروبا,IT-57,,,1,region,Region,Marche,,Marche,true,ISO_3166_2,https://www.iso.org/obp/ui/#search,ISO 3166-2 subdivisions via pycountry/isocodes,REFERENCE_DATA_IMPORTED,NEEDS_AR_TRANSLATION,2026-08-05,Administrative subdivision only; cities are imported in later city files.
UPSERT,reg_it_62,IT,ITA,Italy,إيطاليا,Italian Republic,Europe,أوروبا,Southern Europe,جنوب أوروبا,IT-62,,,1,region,Region,Lazio,,Lazio,true,ISO_3166_2,https://www.iso.org/obp/ui/#search,ISO 3166-2 subdivisions via pycountry/isocodes,REFERENCE_DATA_IMPORTED,NEEDS_AR_TRANSLATION,2026-08-05,Administrative subdivision only; cities are imported in later city files.
UPSERT,reg_it_65,IT,ITA,Italy,إيطاليا,Italian Republic,Europe,أوروبا,Southern Europe,جنوب أوروبا,IT-65,,,1,region,Region,Abruzzo,,Abruzzo,true,ISO_3166_2,https://www.iso.org/obp/ui/#search,ISO 3166-2 subdivisions via pycountry/isocodes,REFERENCE_DATA_IMPORTED,NEEDS_AR_TRANSLATION,2026-08-05,Administrative subdivision only; cities are imported in later city files.
UPSERT,reg_it_67,IT,ITA,Italy,إيطاليا,Italian Republic,Europe,أوروبا,Southern Europe,جنوب أوروبا,IT-67,,,1,region,Region,Molise,,Molise,true,ISO_3166_2,https://www.iso.org/obp/ui/#search,ISO 3166-2 subdivisions via pycountry/isocodes,REFERENCE_DATA_IMPORTED,NEEDS_AR_TRANSLATION,2026-08-05,Administrative subdivision only; cities are imported in later city files.
UPSERT,reg_it_72,IT,ITA,Italy,إيطاليا,Italian Republic,Europe,أوروبا,Southern Europe,جنوب أوروبا,IT-72,,,1,region,Region,Campania,,Campania,true,ISO_3166_2,https://www.iso.org/obp/ui/#search,ISO 3166-2 subdivisions via pycountry/isocodes,REFERENCE_DATA_IMPORTED,NEEDS_AR_TRANSLATION,2026-08-05,Administrative subdivision only; cities are imported in later city files.
UPSERT,reg_it_75,IT,ITA,Italy,إيطاليا,Italian Republic,Europe,أوروبا,Southern Europe,جنوب أوروبا,IT-75,,,1,region,Region,Puglia,,Puglia,true,ISO_3166_2,https://www.iso.org/obp/ui/#search,ISO 3166-2 subdivisions via pycountry/isocodes,REFERENCE_DATA_IMPORTED,NEEDS_AR_TRANSLATION,2026-08-05,Administrative subdivision only; cities are imported in later city files.
UPSERT,reg_it_77,IT,ITA,Italy,إيطاليا,Italian Republic,Europe,أوروبا,Southern Europe,جنوب أوروبا,IT-77,,,1,region,Region,Basilicata,,Basilicata,true,ISO_3166_2,https://www.iso.org/obp/ui/#search,ISO 3166-2 subdivisions via pycountry/isocodes,REFERENCE_DATA_IMPORTED,NEEDS_AR_TRANSLATION,2026-08-05,Administrative subdivision only; cities are imported in later city files.
UPSERT,reg_it_78,IT,ITA,Italy,إيطاليا,Italian Republic,Europe,أوروبا,Southern Europe,جنوب أوروبا,IT-78,,,1,region,Region,Calabria,,Calabria,true,ISO_3166_2,https://www.iso.org/obp/ui/#search,ISO 3166-2 subdivisions via pycountry/isocodes,REFERENCE_DATA_IMPORTED,NEEDS_AR_TRANSLATION,2026-08-05,Administrative subdivision only; cities are imported in later city files.
UPSERT,reg_it_82,IT,ITA,Italy,إيطاليا,Italian Republic,Europe,أوروبا,Southern Europe,جنوب أوروبا,IT-82,,,1,autonomous_region,Autonomous region,Sicilia,,Sicilia,true,ISO_3166_2,https://www.iso.org/obp/ui/#search,ISO 3166-2 subdivisions via pycountry/isocodes,REFERENCE_DATA_IMPORTED,NEEDS_AR_TRANSLATION,2026-08-05,Administrative subdivision only; cities are imported in later city files.
UPSERT,reg_it_88,IT,ITA,Italy,إيطاليا,Italian Republic,Europe,أوروبا,Southern Europe,جنوب أوروبا,IT-88,,,1,autonomous_region,Autonomous region,Sardegna,,Sardegna,true,ISO_3166_2,https://www.iso.org/obp/ui/#search,ISO 3166-2 subdivisions via pycountry/isocodes,REFERENCE_DATA_IMPORTED,NEEDS_AR_TRANSLATION,2026-08-05,Administrative subdivision only; cities are imported in later city files.
UPSERT,reg_it_ag,IT,ITA,Italy,إيطاليا,Italian Republic,Europe,أوروبا,Southern Europe,جنوب أوروبا,IT-AG,IT-82,Sicilia,2,free_municipal_consortium,Free municipal consortium,Agrigento,,Agrigento,true,ISO_3166_2,https://www.iso.org/obp/ui/#search,ISO 3166-2 subdivisions via pycountry/isocodes,REFERENCE_DATA_IMPORTED,NEEDS_AR_TRANSLATION,2026-08-05,Administrative subdivision only; cities are imported in later city files.
UPSERT,reg_it_al,IT,ITA,Italy,إيطاليا,Italian Republic,Europe,أوروبا,Southern Europe,جنوب أوروبا,IT-AL,IT-21,Piemonte,2,province,Province,Alessandria,,Alessandria,true,ISO_3166_2,https://www.iso.org/obp/ui/#search,ISO 3166-2 subdivisions via pycountry/isocodes,REFERENCE_DATA_IMPORTED,NEEDS_AR_TRANSLATION,2026-08-05,Administrative subdivision only; cities are imported in later city files.
UPSERT,reg_it_an,IT,ITA,Italy,إيطاليا,Italian Republic,Europe,أوروبا,Southern Europe,جنوب أوروبا,IT-AN,IT-57,Marche,2,province,Province,Ancona,,Ancona,true,ISO_3166_2,https://www.iso.org/obp/ui/#search,ISO 3166-2 subdivisions via pycountry/isocodes,REFERENCE_DATA_IMPORTED,NEEDS_AR_TRANSLATION,2026-08-05,Administrative subdivision only; cities are imported in later city files.
UPSERT,reg_it_ap,IT,ITA,Italy,إيطاليا,Italian Republic,Europe,أوروبا,Southern Europe,جنوب أوروبا,IT-AP,IT-57,Marche,2,province,Province,Ascoli Piceno,,Ascoli Piceno,true,ISO_3166_2,https://www.iso.org/obp/ui/#search,ISO 3166-2 subdivisions via pycountry/isocodes,REFERENCE_DATA_IMPORTED,NEEDS_AR_TRANSLATION,2026-08-05,Administrative subdivision only; cities are imported in later city files.
UPSERT,reg_it_aq,IT,ITA,Italy,إيطاليا,Italian Republic,Europe,أوروبا,Southern Europe,جنوب أوروبا,IT-AQ,IT-65,Abruzzo,2,province,Province,L'Aquila,,L'Aquila,true,ISO_3166_2,https://www.iso.org/obp/ui/#search,ISO 3166-2 subdivisions via pycountry/isocodes,REFERENCE_DATA_IMPORTED,NEEDS_AR_TRANSLATION,2026-08-05,Administrative subdivision only; cities are imported in later city files.
UPSERT,reg_it_ar,IT,ITA,Italy,إيطاليا,Italian Republic,Europe,أوروبا,Southern Europe,جنوب أوروبا,IT-AR,IT-52,Toscana,2,province,Province,Arezzo,,Arezzo,true,ISO_3166_2,https://www.iso.org/obp/ui/#search,ISO 3166-2 subdivisions via pycountry/isocodes,REFERENCE_DATA_IMPORTED,NEEDS_AR_TRANSLATION,2026-08-05,Administrative subdivision only; cities are imported in later city files.
UPSERT,reg_it_at,IT,ITA,Italy,إيطاليا,Italian Republic,Europe,أوروبا,Southern Europe,جنوب أوروبا,IT-AT,IT-21,Piemonte,2,province,Province,Asti,,Asti,true,ISO_3166_2,https://www.iso.org/obp/ui/#search,ISO 3166-2 subdivisions via pycountry/isocodes,REFERENCE_DATA_IMPORTED,NEEDS_AR_TRANSLATION,2026-08-05,Administrative subdivision only; cities are imported in later city files.
UPSERT,reg_it_av,IT,ITA,Italy,إيطاليا,Italian Republic,Europe,أوروبا,Southern Europe,جنوب أوروبا,IT-AV,IT-72,Campania,2,province,Province,Avellino,,Avellino,true,ISO_3166_2,https://www.iso.org/obp/ui/#search,ISO 3166-2 subdivisions via pycountry/isocodes,REFERENCE_DATA_IMPORTED,NEEDS_AR_TRANSLATION,2026-08-05,Administrative subdivision only; cities are imported in later city files.
UPSERT,reg_it_ba,IT,ITA,Italy,إيطاليا,Italian Republic,Europe,أوروبا,Southern Europe,جنوب أوروبا,IT-BA,IT-75,Puglia,2,metropolitan_city,Metropolitan city,Bari,,Bari,true,ISO_3166_2,https://www.iso.org/obp/ui/#search,ISO 3166-2 subdivisions via pycountry/isocodes,REFERENCE_DATA_IMPORTED,NEEDS_AR_TRANSLATION,2026-08-05,Administrative subdivision only; cities are imported in later city files.
UPSERT,reg_it_bg,IT,ITA,Italy,إيطاليا,Italian Republic,Europe,أوروبا,Southern Europe,جنوب أوروبا,IT-BG,IT-25,Lombardia,2,province,Province,Bergamo,,Bergamo,true,ISO_3166_2,https://www.iso.org/obp/ui/#search,ISO 3166-2 subdivisions via pycountry/isocodes,REFERENCE_DATA_IMPORTED,NEEDS_AR_TRANSLATION,2026-08-05,Administrative subdivision only; cities are imported in later city files.
UPSERT,reg_it_bi,IT,ITA,Italy,إيطاليا,Italian Republic,Europe,أوروبا,Southern Europe,جنوب أوروبا,IT-BI,IT-21,Piemonte,2,province,Province,Biella,,Biella,true,ISO_3166_2,https://www.iso.org/obp/ui/#search,ISO 3166-2 subdivisions via pycountry/isocodes,REFERENCE_DATA_IMPORTED,NEEDS_AR_TRANSLATION,2026-08-05,Administrative subdivision only; cities are imported in later city files.
UPSERT,reg_it_bl,IT,ITA,Italy,إيطاليا,Italian Republic,Europe,أوروبا,Southern Europe,جنوب أوروبا,IT-BL,IT-34,Veneto,2,province,Province,Belluno,,Belluno,true,ISO_3166_2,https://www.iso.org/obp/ui/#search,ISO 3166-2 subdivisions via pycountry/isocodes,REFERENCE_DATA_IMPORTED,NEEDS_AR_TRANSLATION,2026-08-05,Administrative subdivision only; cities are imported in later city files.
UPSERT,reg_it_bn,IT,ITA,Italy,إيطاليا,Italian Republic,Europe,أوروبا,Southern Europe,جنوب أوروبا,IT-BN,IT-72,Campania,2,province,Province,Benevento,,Benevento,true,ISO_3166_2,https://www.iso.org/obp/ui/#search,ISO 3166-2 subdivisions via pycountry/isocodes,REFERENCE_DATA_IMPORTED,NEEDS_AR_TRANSLATION,2026-08-05,Administrative subdivision only; cities are imported in later city files.
UPSERT,reg_it_bo,IT,ITA,Italy,إيطاليا,Italian Republic,Europe,أوروبا,Southern Europe,جنوب أوروبا,IT-BO,IT-45,Emilia-Romagna,2,metropolitan_city,Metropolitan city,Bologna,,Bologna,true,ISO_3166_2,https://www.iso.org/obp/ui/#search,ISO 3166-2 subdivisions via pycountry/isocodes,REFERENCE_DATA_IMPORTED,NEEDS_AR_TRANSLATION,2026-08-05,Administrative subdivision only; cities are imported in later city files.
UPSERT,reg_it_br,IT,ITA,Italy,إيطاليا,Italian Republic,Europe,أوروبا,Southern Europe,جنوب أوروبا,IT-BR,IT-75,Puglia,2,province,Province,Brindisi,,Brindisi,true,ISO_3166_2,https://www.iso.org/obp/ui/#search,ISO 3166-2 subdivisions via pycountry/isocodes,REFERENCE_DATA_IMPORTED,NEEDS_AR_TRANSLATION,2026-08-05,Administrative subdivision only; cities are imported in later city files.
UPSERT,reg_it_bs,IT,ITA,Italy,إيطاليا,Italian Republic,Europe,أوروبا,Southern Europe,جنوب أوروبا,IT-BS,IT-25,Lombardia,2,province,Province,Brescia,,Brescia,true,ISO_3166_2,https://www.iso.org/obp/ui/#search,ISO 3166-2 subdivisions via pycountry/isocodes,REFERENCE_DATA_IMPORTED,NEEDS_AR_TRANSLATION,2026-08-05,Administrative subdivision only; cities are imported in later city files.
UPSERT,reg_it_bt,IT,ITA,Italy,إيطاليا,Italian Republic,Europe,أوروبا,Southern Europe,جنوب أوروبا,IT-BT,IT-75,Puglia,2,province,Province,Barletta-Andria-Trani,,Barletta-Andria-Trani,true,ISO_3166_2,https://www.iso.org/obp/ui/#search,ISO 3166-2 subdivisions via pycountry/isocodes,REFERENCE_DATA_IMPORTED,NEEDS_AR_TRANSLATION,2026-08-05,Administrative subdivision only; cities are imported in later city files.
UPSERT,reg_it_bz,IT,ITA,Italy,إيطاليا,Italian Republic,Europe,أوروبا,Southern Europe,جنوب أوروبا,IT-BZ,IT-32,Trentino-Alto Adige,2,autonomous_province,Autonomous province,Bolzano,,Bolzano,true,ISO_3166_2,https://www.iso.org/obp/ui/#search,ISO 3166-2 subdivisions via pycountry/isocodes,REFERENCE_DATA_IMPORTED,NEEDS_AR_TRANSLATION,2026-08-05,Administrative subdivision only; cities are imported in later city files.
UPSERT,reg_it_ca,IT,ITA,Italy,إيطاليا,Italian Republic,Europe,أوروبا,Southern Europe,جنوب أوروبا,IT-CA,IT-88,Sardegna,2,metropolitan_city,Metropolitan city,Cagliari,,Cagliari,true,ISO_3166_2,https://www.iso.org/obp/ui/#search,ISO 3166-2 subdivisions via pycountry/isocodes,REFERENCE_DATA_IMPORTED,NEEDS_AR_TRANSLATION,2026-08-05,Administrative subdivision only; cities are imported in later city files.
UPSERT,reg_it_cb,IT,ITA,Italy,إيطاليا,Italian Republic,Europe,أوروبا,Southern Europe,جنوب أوروبا,IT-CB,IT-67,Molise,2,province,Province,Campobasso,,Campobasso,true,ISO_3166_2,https://www.iso.org/obp/ui/#search,ISO 3166-2 subdivisions via pycountry/isocodes,REFERENCE_DATA_IMPORTED,NEEDS_AR_TRANSLATION,2026-08-05,Administrative subdivision only; cities are imported in later city files.
UPSERT,reg_it_ce,IT,ITA,Italy,إيطاليا,Italian Republic,Europe,أوروبا,Southern Europe,جنوب أوروبا,IT-CE,IT-72,Campania,2,province,Province,Caserta,,Caserta,true,ISO_3166_2,https://www.iso.org/obp/ui/#search,ISO 3166-2 subdivisions via pycountry/isocodes,REFERENCE_DATA_IMPORTED,NEEDS_AR_TRANSLATION,2026-08-05,Administrative subdivision only; cities are imported in later city files.
UPSERT,reg_it_ch,IT,ITA,Italy,إيطاليا,Italian Republic,Europe,أوروبا,Southern Europe,جنوب أوروبا,IT-CH,IT-65,Abruzzo,2,province,Province,Chieti,,Chieti,true,ISO_3166_2,https://www.iso.org/obp/ui/#search,ISO 3166-2 subdivisions via pycountry/isocodes,REFERENCE_DATA_IMPORTED,NEEDS_AR_TRANSLATION,2026-08-05,Administrative subdivision only; cities are imported in later city files.
UPSERT,reg_it_cl,IT,ITA,Italy,إيطاليا,Italian Republic,Europe,أوروبا,Southern Europe,جنوب أوروبا,IT-CL,IT-82,Sicilia,2,free_municipal_consortium,Free municipal consortium,Caltanissetta,,Caltanissetta,true,ISO_3166_2,https://www.iso.org/obp/ui/#search,ISO 3166-2 subdivisions via pycountry/isocodes,REFERENCE_DATA_IMPORTED,NEEDS_AR_TRANSLATION,2026-08-05,Administrative subdivision only; cities are imported in later city files.
UPSERT,reg_it_cn,IT,ITA,Italy,إيطاليا,Italian Republic,Europe,أوروبا,Southern Europe,جنوب أوروبا,IT-CN,IT-21,Piemonte,2,province,Province,Cuneo,,Cuneo,true,ISO_3166_2,https://www.iso.org/obp/ui/#search,ISO 3166-2 subdivisions via pycountry/isocodes,REFERENCE_DATA_IMPORTED,NEEDS_AR_TRANSLATION,2026-08-05,Administrative subdivision only; cities are imported in later city files.
UPSERT,reg_it_co,IT,ITA,Italy,إيطاليا,Italian Republic,Europe,أوروبا,Southern Europe,جنوب أوروبا,IT-CO,IT-25,Lombardia,2,province,Province,Como,,Como,true,ISO_3166_2,https://www.iso.org/obp/ui/#search,ISO 3166-2 subdivisions via pycountry/isocodes,REFERENCE_DATA_IMPORTED,NEEDS_AR_TRANSLATION,2026-08-05,Administrative subdivision only; cities are imported in later city files.
UPSERT,reg_it_cr,IT,ITA,Italy,إيطاليا,Italian Republic,Europe,أوروبا,Southern Europe,جنوب أوروبا,IT-CR,IT-25,Lombardia,2,province,Province,Cremona,,Cremona,true,ISO_3166_2,https://www.iso.org/obp/ui/#search,ISO 3166-2 subdivisions via pycountry/isocodes,REFERENCE_DATA_IMPORTED,NEEDS_AR_TRANSLATION,2026-08-05,Administrative subdivision only; cities are imported in later city files.
UPSERT,reg_it_cs,IT,ITA,Italy,إيطاليا,Italian Republic,Europe,أوروبا,Southern Europe,جنوب أوروبا,IT-CS,IT-78,Calabria,2,province,Province,Cosenza,,Cosenza,true,ISO_3166_2,https://www.iso.org/obp/ui/#search,ISO 3166-2 subdivisions via pycountry/isocodes,REFERENCE_DATA_IMPORTED,NEEDS_AR_TRANSLATION,2026-08-05,Administrative subdivision only; cities are imported in later city files.
UPSERT,reg_it_ct,IT,ITA,Italy,إيطاليا,Italian Republic,Europe,أوروبا,Southern Europe,جنوب أوروبا,IT-CT,IT-82,Sicilia,2,metropolitan_city,Metropolitan city,Catania,,Catania,true,ISO_3166_2,https://www.iso.org/obp/ui/#search,ISO 3166-2 subdivisions via pycountry/isocodes,REFERENCE_DATA_IMPORTED,NEEDS_AR_TRANSLATION,2026-08-05,Administrative subdivision only; cities are imported in later city files.
UPSERT,reg_it_cz,IT,ITA,Italy,إيطاليا,Italian Republic,Europe,أوروبا,Southern Europe,جنوب أوروبا,IT-CZ,IT-78,Calabria,2,province,Province,Catanzaro,,Catanzaro,true,ISO_3166_2,https://www.iso.org/obp/ui/#search,ISO 3166-2 subdivisions via pycountry/isocodes,REFERENCE_DATA_IMPORTED,NEEDS_AR_TRANSLATION,2026-08-05,Administrative subdivision only; cities are imported in later city files.
UPSERT,reg_it_en,IT,ITA,Italy,إيطاليا,Italian Republic,Europe,أوروبا,Southern Europe,جنوب أوروبا,IT-EN,IT-82,Sicilia,2,free_municipal_consortium,Free municipal consortium,Enna,,Enna,true,ISO_3166_2,https://www.iso.org/obp/ui/#search,ISO 3166-2 subdivisions via pycountry/isocodes,REFERENCE_DATA_IMPORTED,NEEDS_AR_TRANSLATION,2026-08-05,Administrative subdivision only; cities are imported in later city files.
UPSERT,reg_it_fc,IT,ITA,Italy,إيطاليا,Italian Republic,Europe,أوروبا,Southern Europe,جنوب أوروبا,IT-FC,IT-45,Emilia-Romagna,2,province,Province,Forlì-Cesena,,Forlì-Cesena,true,ISO_3166_2,https://www.iso.org/obp/ui/#search,ISO 3166-2 subdivisions via pycountry/isocodes,REFERENCE_DATA_IMPORTED,NEEDS_AR_TRANSLATION,2026-08-05,Administrative subdivision only; cities are imported in later city files.
UPSERT,reg_it_fe,IT,ITA,Italy,إيطاليا,Italian Republic,Europe,أوروبا,Southern Europe,جنوب أوروبا,IT-FE,IT-45,Emilia-Romagna,2,province,Province,Ferrara,,Ferrara,true,ISO_3166_2,https://www.iso.org/obp/ui/#search,ISO 3166-2 subdivisions via pycountry/isocodes,REFERENCE_DATA_IMPORTED,NEEDS_AR_TRANSLATION,2026-08-05,Administrative subdivision only; cities are imported in later city files.
UPSERT,reg_it_fg,IT,ITA,Italy,إيطاليا,Italian Republic,Europe,أوروبا,Southern Europe,جنوب أوروبا,IT-FG,IT-75,Puglia,2,province,Province,Foggia,,Foggia,true,ISO_3166_2,https://www.iso.org/obp/ui/#search,ISO 3166-2 subdivisions via pycountry/isocodes,REFERENCE_DATA_IMPORTED,NEEDS_AR_TRANSLATION,2026-08-05,Administrative subdivision only; cities are imported in later city files.
UPSERT,reg_it_fi,IT,ITA,Italy,إيطاليا,Italian Republic,Europe,أوروبا,Southern Europe,جنوب أوروبا,IT-FI,IT-52,Toscana,2,metropolitan_city,Metropolitan city,Firenze,,Firenze,true,ISO_3166_2,https://www.iso.org/obp/ui/#search,ISO 3166-2 subdivisions via pycountry/isocodes,REFERENCE_DATA_IMPORTED,NEEDS_AR_TRANSLATION,2026-08-05,Administrative subdivision only; cities are imported in later city files.
UPSERT,reg_it_fm,IT,ITA,Italy,إيطاليا,Italian Republic,Europe,أوروبا,Southern Europe,جنوب أوروبا,IT-FM,IT-57,Marche,2,province,Province,Fermo,,Fermo,true,ISO_3166_2,https://www.iso.org/obp/ui/#search,ISO 3166-2 subdivisions via pycountry/isocodes,REFERENCE_DATA_IMPORTED,NEEDS_AR_TRANSLATION,2026-08-05,Administrative subdivision only; cities are imported in later city files.
UPSERT,reg_it_fr,IT,ITA,Italy,إيطاليا,Italian Republic,Europe,أوروبا,Southern Europe,جنوب أوروبا,IT-FR,IT-62,Lazio,2,province,Province,Frosinone,,Frosinone,true,ISO_3166_2,https://www.iso.org/obp/ui/#search,ISO 3166-2 subdivisions via pycountry/isocodes,REFERENCE_DATA_IMPORTED,NEEDS_AR_TRANSLATION,2026-08-05,Administrative subdivision only; cities are imported in later city files.
UPSERT,reg_it_ge,IT,ITA,Italy,إيطاليا,Italian Republic,Europe,أوروبا,Southern Europe,جنوب أوروبا,IT-GE,IT-42,Liguria,2,metropolitan_city,Metropolitan city,Genova,,Genova,true,ISO_3166_2,https://www.iso.org/obp/ui/#search,ISO 3166-2 subdivisions via pycountry/isocodes,REFERENCE_DATA_IMPORTED,NEEDS_AR_TRANSLATION,2026-08-05,Administrative subdivision only; cities are imported in later city files.
UPSERT,reg_it_go,IT,ITA,Italy,إيطاليا,Italian Republic,Europe,أوروبا,Southern Europe,جنوب أوروبا,IT-GO,IT-36,Friuli Venezia Giulia,2,decentralized_regional_entity,Decentralized regional entity,Gorizia,,Gorizia,true,ISO_3166_2,https://www.iso.org/obp/ui/#search,ISO 3166-2 subdivisions via pycountry/isocodes,REFERENCE_DATA_IMPORTED,NEEDS_AR_TRANSLATION,2026-08-05,Administrative subdivision only; cities are imported in later city files.
UPSERT,reg_it_gr,IT,ITA,Italy,إيطاليا,Italian Republic,Europe,أوروبا,Southern Europe,جنوب أوروبا,IT-GR,IT-52,Toscana,2,province,Province,Grosseto,,Grosseto,true,ISO_3166_2,https://www.iso.org/obp/ui/#search,ISO 3166-2 subdivisions via pycountry/isocodes,REFERENCE_DATA_IMPORTED,NEEDS_AR_TRANSLATION,2026-08-05,Administrative subdivision only; cities are imported in later city files.
UPSERT,reg_it_im,IT,ITA,Italy,إيطاليا,Italian Republic,Europe,أوروبا,Southern Europe,جنوب أوروبا,IT-IM,IT-42,Liguria,2,province,Province,Imperia,,Imperia,true,ISO_3166_2,https://www.iso.org/obp/ui/#search,ISO 3166-2 subdivisions via pycountry/isocodes,REFERENCE_DATA_IMPORTED,NEEDS_AR_TRANSLATION,2026-08-05,Administrative subdivision only; cities are imported in later city files.
UPSERT,reg_it_is,IT,ITA,Italy,إيطاليا,Italian Republic,Europe,أوروبا,Southern Europe,جنوب أوروبا,IT-IS,IT-67,Molise,2,province,Province,Isernia,,Isernia,true,ISO_3166_2,https://www.iso.org/obp/ui/#search,ISO 3166-2 subdivisions via pycountry/isocodes,REFERENCE_DATA_IMPORTED,NEEDS_AR_TRANSLATION,2026-08-05,Administrative subdivision only; cities are imported in later city files.
UPSERT,reg_it_kr,IT,ITA,Italy,إيطاليا,Italian Republic,Europe,أوروبا,Southern Europe,جنوب أوروبا,IT-KR,IT-78,Calabria,2,province,Province,Crotone,,Crotone,true,ISO_3166_2,https://www.iso.org/obp/ui/#search,ISO 3166-2 subdivisions via pycountry/isocodes,REFERENCE_DATA_IMPORTED,NEEDS_AR_TRANSLATION,2026-08-05,Administrative subdivision only; cities are imported in later city files.
UPSERT,reg_it_lc,IT,ITA,Italy,إيطاليا,Italian Republic,Europe,أوروبا,Southern Europe,جنوب أوروبا,IT-LC,IT-25,Lombardia,2,province,Province,Lecco,,Lecco,true,ISO_3166_2,https://www.iso.org/obp/ui/#search,ISO 3166-2 subdivisions via pycountry/isocodes,REFERENCE_DATA_IMPORTED,NEEDS_AR_TRANSLATION,2026-08-05,Administrative subdivision only; cities are imported in later city files.
UPSERT,reg_it_le,IT,ITA,Italy,إيطاليا,Italian Republic,Europe,أوروبا,Southern Europe,جنوب أوروبا,IT-LE,IT-75,Puglia,2,province,Province,Lecce,,Lecce,true,ISO_3166_2,https://www.iso.org/obp/ui/#search,ISO 3166-2 subdivisions via pycountry/isocodes,REFERENCE_DATA_IMPORTED,NEEDS_AR_TRANSLATION,2026-08-05,Administrative subdivision only; cities are imported in later city files.
UPSERT,reg_it_li,IT,ITA,Italy,إيطاليا,Italian Republic,Europe,أوروبا,Southern Europe,جنوب أوروبا,IT-LI,IT-52,Toscana,2,province,Province,Livorno,,Livorno,true,ISO_3166_2,https://www.iso.org/obp/ui/#search,ISO 3166-2 subdivisions via pycountry/isocodes,REFERENCE_DATA_IMPORTED,NEEDS_AR_TRANSLATION,2026-08-05,Administrative subdivision only; cities are imported in later city files.
UPSERT,reg_it_lo,IT,ITA,Italy,إيطاليا,Italian Republic,Europe,أوروبا,Southern Europe,جنوب أوروبا,IT-LO,IT-25,Lombardia,2,province,Province,Lodi,,Lodi,true,ISO_3166_2,https://www.iso.org/obp/ui/#search,ISO 3166-2 subdivisions via pycountry/isocodes,REFERENCE_DATA_IMPORTED,NEEDS_AR_TRANSLATION,2026-08-05,Administrative subdivision only; cities are imported in later city files.
UPSERT,reg_it_lt,IT,ITA,Italy,إيطاليا,Italian Republic,Europe,أوروبا,Southern Europe,جنوب أوروبا,IT-LT,IT-62,Lazio,2,province,Province,Latina,,Latina,true,ISO_3166_2,https://www.iso.org/obp/ui/#search,ISO 3166-2 subdivisions via pycountry/isocodes,REFERENCE_DATA_IMPORTED,NEEDS_AR_TRANSLATION,2026-08-05,Administrative subdivision only; cities are imported in later city files.
UPSERT,reg_it_lu,IT,ITA,Italy,إيطاليا,Italian Republic,Europe,أوروبا,Southern Europe,جنوب أوروبا,IT-LU,IT-52,Toscana,2,province,Province,Lucca,,Lucca,true,ISO_3166_2,https://www.iso.org/obp/ui/#search,ISO 3166-2 subdivisions via pycountry/isocodes,REFERENCE_DATA_IMPORTED,NEEDS_AR_TRANSLATION,2026-08-05,Administrative subdivision only; cities are imported in later city files.
UPSERT,reg_it_mb,IT,ITA,Italy,إيطاليا,Italian Republic,Europe,أوروبا,Southern Europe,جنوب أوروبا,IT-MB,IT-25,Lombardia,2,province,Province,Monza e Brianza,,Monza e Brianza,true,ISO_3166_2,https://www.iso.org/obp/ui/#search,ISO 3166-2 subdivisions via pycountry/isocodes,REFERENCE_DATA_IMPORTED,NEEDS_AR_TRANSLATION,2026-08-05,Administrative subdivision only; cities are imported in later city files.
UPSERT,reg_it_mc,IT,ITA,Italy,إيطاليا,Italian Republic,Europe,أوروبا,Southern Europe,جنوب أوروبا,IT-MC,IT-57,Marche,2,province,Province,Macerata,,Macerata,true,ISO_3166_2,https://www.iso.org/obp/ui/#search,ISO 3166-2 subdivisions via pycountry/isocodes,REFERENCE_DATA_IMPORTED,NEEDS_AR_TRANSLATION,2026-08-05,Administrative subdivision only; cities are imported in later city files.
UPSERT,reg_it_me,IT,ITA,Italy,إيطاليا,Italian Republic,Europe,أوروبا,Southern Europe,جنوب أوروبا,IT-ME,IT-82,Sicilia,2,metropolitan_city,Metropolitan city,Messina,,Messina,true,ISO_3166_2,https://www.iso.org/obp/ui/#search,ISO 3166-2 subdivisions via pycountry/isocodes,REFERENCE_DATA_IMPORTED,NEEDS_AR_TRANSLATION,2026-08-05,Administrative subdivision only; cities are imported in later city files.
UPSERT,reg_it_mi,IT,ITA,Italy,إيطاليا,Italian Republic,Europe,أوروبا,Southern Europe,جنوب أوروبا,IT-MI,IT-25,Lombardia,2,metropolitan_city,Metropolitan city,Milano,,Milano,true,ISO_3166_2,https://www.iso.org/obp/ui/#search,ISO 3166-2 subdivisions via pycountry/isocodes,REFERENCE_DATA_IMPORTED,NEEDS_AR_TRANSLATION,2026-08-05,Administrative subdivision only; cities are imported in later city files.
UPSERT,reg_it_mn,IT,ITA,Italy,إيطاليا,Italian Republic,Europe,أوروبا,Southern Europe,جنوب أوروبا,IT-MN,IT-25,Lombardia,2,province,Province,Mantova,,Mantova,true,ISO_3166_2,https://www.iso.org/obp/ui/#search,ISO 3166-2 subdivisions via pycountry/isocodes,REFERENCE_DATA_IMPORTED,NEEDS_AR_TRANSLATION,2026-08-05,Administrative subdivision only; cities are imported in later city files.
UPSERT,reg_it_mo,IT,ITA,Italy,إيطاليا,Italian Republic,Europe,أوروبا,Southern Europe,جنوب أوروبا,IT-MO,IT-45,Emilia-Romagna,2,province,Province,Modena,,Modena,true,ISO_3166_2,https://www.iso.org/obp/ui/#search,ISO 3166-2 subdivisions via pycountry/isocodes,REFERENCE_DATA_IMPORTED,NEEDS_AR_TRANSLATION,2026-08-05,Administrative subdivision only; cities are imported in later city files.
UPSERT,reg_it_ms,IT,ITA,Italy,إيطاليا,Italian Republic,Europe,أوروبا,Southern Europe,جنوب أوروبا,IT-MS,IT-52,Toscana,2,province,Province,Massa-Carrara,,Massa-Carrara,true,ISO_3166_2,https://www.iso.org/obp/ui/#search,ISO 3166-2 subdivisions via pycountry/isocodes,REFERENCE_DATA_IMPORTED,NEEDS_AR_TRANSLATION,2026-08-05,Administrative subdivision only; cities are imported in later city files.
UPSERT,reg_it_mt,IT,ITA,Italy,إيطاليا,Italian Republic,Europe,أوروبا,Southern Europe,جنوب أوروبا,IT-MT,IT-77,Basilicata,2,province,Province,Matera,,Matera,true,ISO_3166_2,https://www.iso.org/obp/ui/#search,ISO 3166-2 subdivisions via pycountry/isocodes,REFERENCE_DATA_IMPORTED,NEEDS_AR_TRANSLATION,2026-08-05,Administrative subdivision only; cities are imported in later city files.
UPSERT,reg_it_na,IT,ITA,Italy,إيطاليا,Italian Republic,Europe,أوروبا,Southern Europe,جنوب أوروبا,IT-NA,IT-72,Campania,2,metropolitan_city,Metropolitan city,Napoli,,Napoli,true,ISO_3166_2,https://www.iso.org/obp/ui/#search,ISO 3166-2 subdivisions via pycountry/isocodes,REFERENCE_DATA_IMPORTED,NEEDS_AR_TRANSLATION,2026-08-05,Administrative subdivision only; cities are imported in later city files.
UPSERT,reg_it_no,IT,ITA,Italy,إيطاليا,Italian Republic,Europe,أوروبا,Southern Europe,جنوب أوروبا,IT-NO,IT-21,Piemonte,2,province,Province,Novara,,Novara,true,ISO_3166_2,https://www.iso.org/obp/ui/#search,ISO 3166-2 subdivisions via pycountry/isocodes,REFERENCE_DATA_IMPORTED,NEEDS_AR_TRANSLATION,2026-08-05,Administrative subdivision only; cities are imported in later city files.
UPSERT,reg_it_nu,IT,ITA,Italy,إيطاليا,Italian Republic,Europe,أوروبا,Southern Europe,جنوب أوروبا,IT-NU,IT-88,Sardegna,2,province,Province,Nuoro,,Nuoro,true,ISO_3166_2,https://www.iso.org/obp/ui/#search,ISO 3166-2 subdivisions via pycountry/isocodes,REFERENCE_DATA_IMPORTED,NEEDS_AR_TRANSLATION,2026-08-05,Administrative subdivision only; cities are imported in later city files.
UPSERT,reg_it_or,IT,ITA,Italy,إيطاليا,Italian Republic,Europe,أوروبا,Southern Europe,جنوب أوروبا,IT-OR,IT-88,Sardegna,2,province,Province,Oristano,,Oristano,true,ISO_3166_2,https://www.iso.org/obp/ui/#search,ISO 3166-2 subdivisions via pycountry/isocodes,REFERENCE_DATA_IMPORTED,NEEDS_AR_TRANSLATION,2026-08-05,Administrative subdivision only; cities are imported in later city files.
UPSERT,reg_it_pa,IT,ITA,Italy,إيطاليا,Italian Republic,Europe,أوروبا,Southern Europe,جنوب أوروبا,IT-PA,IT-82,Sicilia,2,metropolitan_city,Metropolitan city,Palermo,,Palermo,true,ISO_3166_2,https://www.iso.org/obp/ui/#search,ISO 3166-2 subdivisions via pycountry/isocodes,REFERENCE_DATA_IMPORTED,NEEDS_AR_TRANSLATION,2026-08-05,Administrative subdivision only; cities are imported in later city files.
UPSERT,reg_it_pc,IT,ITA,Italy,إيطاليا,Italian Republic,Europe,أوروبا,Southern Europe,جنوب أوروبا,IT-PC,IT-45,Emilia-Romagna,2,province,Province,Piacenza,,Piacenza,true,ISO_3166_2,https://www.iso.org/obp/ui/#search,ISO 3166-2 subdivisions via pycountry/isocodes,REFERENCE_DATA_IMPORTED,NEEDS_AR_TRANSLATION,2026-08-05,Administrative subdivision only; cities are imported in later city files.
UPSERT,reg_it_pd,IT,ITA,Italy,إيطاليا,Italian Republic,Europe,أوروبا,Southern Europe,جنوب أوروبا,IT-PD,IT-34,Veneto,2,province,Province,Padova,,Padova,true,ISO_3166_2,https://www.iso.org/obp/ui/#search,ISO 3166-2 subdivisions via pycountry/isocodes,REFERENCE_DATA_IMPORTED,NEEDS_AR_TRANSLATION,2026-08-05,Administrative subdivision only; cities are imported in later city files.
UPSERT,reg_it_pe,IT,ITA,Italy,إيطاليا,Italian Republic,Europe,أوروبا,Southern Europe,جنوب أوروبا,IT-PE,IT-65,Abruzzo,2,province,Province,Pescara,,Pescara,true,ISO_3166_2,https://www.iso.org/obp/ui/#search,ISO 3166-2 subdivisions via pycountry/isocodes,REFERENCE_DATA_IMPORTED,NEEDS_AR_TRANSLATION,2026-08-05,Administrative subdivision only; cities are imported in later city files.
UPSERT,reg_it_pg,IT,ITA,Italy,إيطاليا,Italian Republic,Europe,أوروبا,Southern Europe,جنوب أوروبا,IT-PG,IT-55,Umbria,2,province,Province,Perugia,,Perugia,true,ISO_3166_2,https://www.iso.org/obp/ui/#search,ISO 3166-2 subdivisions via pycountry/isocodes,REFERENCE_DATA_IMPORTED,NEEDS_AR_TRANSLATION,2026-08-05,Administrative subdivision only; cities are imported in later city files.
UPSERT,reg_it_pi,IT,ITA,Italy,إيطاليا,Italian Republic,Europe,أوروبا,Southern Europe,جنوب أوروبا,IT-PI,IT-52,Toscana,2,province,Province,Pisa,,Pisa,true,ISO_3166_2,https://www.iso.org/obp/ui/#search,ISO 3166-2 subdivisions via pycountry/isocodes,REFERENCE_DATA_IMPORTED,NEEDS_AR_TRANSLATION,2026-08-05,Administrative subdivision only; cities are imported in later city files.
UPSERT,reg_it_pn,IT,ITA,Italy,إيطاليا,Italian Republic,Europe,أوروبا,Southern Europe,جنوب أوروبا,IT-PN,IT-36,Friuli Venezia Giulia,2,decentralized_regional_entity,Decentralized regional entity,Pordenone,,Pordenone,true,ISO_3166_2,https://www.iso.org/obp/ui/#search,ISO 3166-2 subdivisions via pycountry/isocodes,REFERENCE_DATA_IMPORTED,NEEDS_AR_TRANSLATION,2026-08-05,Administrative subdivision only; cities are imported in later city files.
UPSERT,reg_it_po,IT,ITA,Italy,إيطاليا,Italian Republic,Europe,أوروبا,Southern Europe,جنوب أوروبا,IT-PO,IT-52,Toscana,2,province,Province,Prato,,Prato,true,ISO_3166_2,https://www.iso.org/obp/ui/#search,ISO 3166-2 subdivisions via pycountry/isocodes,REFERENCE_DATA_IMPORTED,NEEDS_AR_TRANSLATION,2026-08-05,Administrative subdivision only; cities are imported in later city files.
UPSERT,reg_it_pr,IT,ITA,Italy,إيطاليا,Italian Republic,Europe,أوروبا,Southern Europe,جنوب أوروبا,IT-PR,IT-45,Emilia-Romagna,2,province,Province,Parma,,Parma,true,ISO_3166_2,https://www.iso.org/obp/ui/#search,ISO 3166-2 subdivisions via pycountry/isocodes,REFERENCE_DATA_IMPORTED,NEEDS_AR_TRANSLATION,2026-08-05,Administrative subdivision only; cities are imported in later city files.
UPSERT,reg_it_pt,IT,ITA,Italy,إيطاليا,Italian Republic,Europe,أوروبا,Southern Europe,جنوب أوروبا,IT-PT,IT-52,Toscana,2,province,Province,Pistoia,,Pistoia,true,ISO_3166_2,https://www.iso.org/obp/ui/#search,ISO 3166-2 subdivisions via pycountry/isocodes,REFERENCE_DATA_IMPORTED,NEEDS_AR_TRANSLATION,2026-08-05,Administrative subdivision only; cities are imported in later city files.
UPSERT,reg_it_pu,IT,ITA,Italy,إيطاليا,Italian Republic,Europe,أوروبا,Southern Europe,جنوب أوروبا,IT-PU,IT-57,Marche,2,province,Province,Pesaro e Urbino,,Pesaro e Urbino,true,ISO_3166_2,https://www.iso.org/obp/ui/#search,ISO 3166-2 subdivisions via pycountry/isocodes,REFERENCE_DATA_IMPORTED,NEEDS_AR_TRANSLATION,2026-08-05,Administrative subdivision only; cities are imported in later city files.
UPSERT,reg_it_pv,IT,ITA,Italy,إيطاليا,Italian Republic,Europe,أوروبا,Southern Europe,جنوب أوروبا,IT-PV,IT-25,Lombardia,2,province,Province,Pavia,,Pavia,true,ISO_3166_2,https://www.iso.org/obp/ui/#search,ISO 3166-2 subdivisions via pycountry/isocodes,REFERENCE_DATA_IMPORTED,NEEDS_AR_TRANSLATION,2026-08-05,Administrative subdivision only; cities are imported in later city files.
UPSERT,reg_it_pz,IT,ITA,Italy,إيطاليا,Italian Republic,Europe,أوروبا,Southern Europe,جنوب أوروبا,IT-PZ,IT-77,Basilicata,2,province,Province,Potenza,,Potenza,true,ISO_3166_2,https://www.iso.org/obp/ui/#search,ISO 3166-2 subdivisions via pycountry/isocodes,REFERENCE_DATA_IMPORTED,NEEDS_AR_TRANSLATION,2026-08-05,Administrative subdivision only; cities are imported in later city files.
UPSERT,reg_it_ra,IT,ITA,Italy,إيطاليا,Italian Republic,Europe,أوروبا,Southern Europe,جنوب أوروبا,IT-RA,IT-45,Emilia-Romagna,2,province,Province,Ravenna,,Ravenna,true,ISO_3166_2,https://www.iso.org/obp/ui/#search,ISO 3166-2 subdivisions via pycountry/isocodes,REFERENCE_DATA_IMPORTED,NEEDS_AR_TRANSLATION,2026-08-05,Administrative subdivision only; cities are imported in later city files.
UPSERT,reg_it_rc,IT,ITA,Italy,إيطاليا,Italian Republic,Europe,أوروبا,Southern Europe,جنوب أوروبا,IT-RC,IT-78,Calabria,2,metropolitan_city,Metropolitan city,Reggio Calabria,,Reggio Calabria,true,ISO_3166_2,https://www.iso.org/obp/ui/#search,ISO 3166-2 subdivisions via pycountry/isocodes,REFERENCE_DATA_IMPORTED,NEEDS_AR_TRANSLATION,2026-08-05,Administrative subdivision only; cities are imported in later city files.
UPSERT,reg_it_re,IT,ITA,Italy,إيطاليا,Italian Republic,Europe,أوروبا,Southern Europe,جنوب أوروبا,IT-RE,IT-45,Emilia-Romagna,2,province,Province,Reggio Emilia,,Reggio Emilia,true,ISO_3166_2,https://www.iso.org/obp/ui/#search,ISO 3166-2 subdivisions via pycountry/isocodes,REFERENCE_DATA_IMPORTED,NEEDS_AR_TRANSLATION,2026-08-05,Administrative subdivision only; cities are imported in later city files.
UPSERT,reg_it_rg,IT,ITA,Italy,إيطاليا,Italian Republic,Europe,أوروبا,Southern Europe,جنوب أوروبا,IT-RG,IT-82,Sicilia,2,free_municipal_consortium,Free municipal consortium,Ragusa,,Ragusa,true,ISO_3166_2,https://www.iso.org/obp/ui/#search,ISO 3166-2 subdivisions via pycountry/isocodes,REFERENCE_DATA_IMPORTED,NEEDS_AR_TRANSLATION,2026-08-05,Administrative subdivision only; cities are imported in later city files.
UPSERT,reg_it_ri,IT,ITA,Italy,إيطاليا,Italian Republic,Europe,أوروبا,Southern Europe,جنوب أوروبا,IT-RI,IT-62,Lazio,2,province,Province,Rieti,,Rieti,true,ISO_3166_2,https://www.iso.org/obp/ui/#search,ISO 3166-2 subdivisions via pycountry/isocodes,REFERENCE_DATA_IMPORTED,NEEDS_AR_TRANSLATION,2026-08-05,Administrative subdivision only; cities are imported in later city files.
UPSERT,reg_it_rm,IT,ITA,Italy,إيطاليا,Italian Republic,Europe,أوروبا,Southern Europe,جنوب أوروبا,IT-RM,IT-62,Lazio,2,metropolitan_city,Metropolitan city,Roma,,Roma,true,ISO_3166_2,https://www.iso.org/obp/ui/#search,ISO 3166-2 subdivisions via pycountry/isocodes,REFERENCE_DATA_IMPORTED,NEEDS_AR_TRANSLATION,2026-08-05,Administrative subdivision only; cities are imported in later city files.
UPSERT,reg_it_rn,IT,ITA,Italy,إيطاليا,Italian Republic,Europe,أوروبا,Southern Europe,جنوب أوروبا,IT-RN,IT-45,Emilia-Romagna,2,province,Province,Rimini,,Rimini,true,ISO_3166_2,https://www.iso.org/obp/ui/#search,ISO 3166-2 subdivisions via pycountry/isocodes,REFERENCE_DATA_IMPORTED,NEEDS_AR_TRANSLATION,2026-08-05,Administrative subdivision only; cities are imported in later city files.
UPSERT,reg_it_ro,IT,ITA,Italy,إيطاليا,Italian Republic,Europe,أوروبا,Southern Europe,جنوب أوروبا,IT-RO,IT-34,Veneto,2,province,Province,Rovigo,,Rovigo,true,ISO_3166_2,https://www.iso.org/obp/ui/#search,ISO 3166-2 subdivisions via pycountry/isocodes,REFERENCE_DATA_IMPORTED,NEEDS_AR_TRANSLATION,2026-08-05,Administrative subdivision only; cities are imported in later city files.
UPSERT,reg_it_sa,IT,ITA,Italy,إيطاليا,Italian Republic,Europe,أوروبا,Southern Europe,جنوب أوروبا,IT-SA,IT-72,Campania,2,province,Province,Salerno,,Salerno,true,ISO_3166_2,https://www.iso.org/obp/ui/#search,ISO 3166-2 subdivisions via pycountry/isocodes,REFERENCE_DATA_IMPORTED,NEEDS_AR_TRANSLATION,2026-08-05,Administrative subdivision only; cities are imported in later city files.
UPSERT,reg_it_si,IT,ITA,Italy,إيطاليا,Italian Republic,Europe,أوروبا,Southern Europe,جنوب أوروبا,IT-SI,IT-52,Toscana,2,province,Province,Siena,,Siena,true,ISO_3166_2,https://www.iso.org/obp/ui/#search,ISO 3166-2 subdivisions via pycountry/isocodes,REFERENCE_DATA_IMPORTED,NEEDS_AR_TRANSLATION,2026-08-05,Administrative subdivision only; cities are imported in later city files.
UPSERT,reg_it_so,IT,ITA,Italy,إيطاليا,Italian Republic,Europe,أوروبا,Southern Europe,جنوب أوروبا,IT-SO,IT-25,Lombardia,2,province,Province,Sondrio,,Sondrio,true,ISO_3166_2,https://www.iso.org/obp/ui/#search,ISO 3166-2 subdivisions via pycountry/isocodes,REFERENCE_DATA_IMPORTED,NEEDS_AR_TRANSLATION,2026-08-05,Administrative subdivision only; cities are imported in later city files.
UPSERT,reg_it_sp,IT,ITA,Italy,إيطاليا,Italian Republic,Europe,أوروبا,Southern Europe,جنوب أوروبا,IT-SP,IT-42,Liguria,2,province,Province,La Spezia,,La Spezia,true,ISO_3166_2,https://www.iso.org/obp/ui/#search,ISO 3166-2 subdivisions via pycountry/isocodes,REFERENCE_DATA_IMPORTED,NEEDS_AR_TRANSLATION,2026-08-05,Administrative subdivision only; cities are imported in later city files.
UPSERT,reg_it_sr,IT,ITA,Italy,إيطاليا,Italian Republic,Europe,أوروبا,Southern Europe,جنوب أوروبا,IT-SR,IT-82,Sicilia,2,free_municipal_consortium,Free municipal consortium,Siracusa,,Siracusa,true,ISO_3166_2,https://www.iso.org/obp/ui/#search,ISO 3166-2 subdivisions via pycountry/isocodes,REFERENCE_DATA_IMPORTED,NEEDS_AR_TRANSLATION,2026-08-05,Administrative subdivision only; cities are imported in later city files.
UPSERT,reg_it_ss,IT,ITA,Italy,إيطاليا,Italian Republic,Europe,أوروبا,Southern Europe,جنوب أوروبا,IT-SS,IT-88,Sardegna,2,province,Province,Sassari,,Sassari,true,ISO_3166_2,https://www.iso.org/obp/ui/#search,ISO 3166-2 subdivisions via pycountry/isocodes,REFERENCE_DATA_IMPORTED,NEEDS_AR_TRANSLATION,2026-08-05,Administrative subdivision only; cities are imported in later city files.
UPSERT,reg_it_su,IT,ITA,Italy,إيطاليا,Italian Republic,Europe,أوروبا,Southern Europe,جنوب أوروبا,IT-SU,IT-88,Sardegna,2,province,Province,Sud Sardegna,,Sud Sardegna,true,ISO_3166_2,https://www.iso.org/obp/ui/#search,ISO 3166-2 subdivisions via pycountry/isocodes,REFERENCE_DATA_IMPORTED,NEEDS_AR_TRANSLATION,2026-08-05,Administrative subdivision only; cities are imported in later city files.
UPSERT,reg_it_sv,IT,ITA,Italy,إيطاليا,Italian Republic,Europe,أوروبا,Southern Europe,جنوب أوروبا,IT-SV,IT-42,Liguria,2,province,Province,Savona,,Savona,true,ISO_3166_2,https://www.iso.org/obp/ui/#search,ISO 3166-2 subdivisions via pycountry/isocodes,REFERENCE_DATA_IMPORTED,NEEDS_AR_TRANSLATION,2026-08-05,Administrative subdivision only; cities are imported in later city files.
UPSERT,reg_it_ta,IT,ITA,Italy,إيطاليا,Italian Republic,Europe,أوروبا,Southern Europe,جنوب أوروبا,IT-TA,IT-75,Puglia,2,province,Province,Taranto,,Taranto,true,ISO_3166_2,https://www.iso.org/obp/ui/#search,ISO 3166-2 subdivisions via pycountry/isocodes,REFERENCE_DATA_IMPORTED,NEEDS_AR_TRANSLATION,2026-08-05,Administrative subdivision only; cities are imported in later city files.
UPSERT,reg_it_te,IT,ITA,Italy,إيطاليا,Italian Republic,Europe,أوروبا,Southern Europe,جنوب أوروبا,IT-TE,IT-65,Abruzzo,2,province,Province,Teramo,,Teramo,true,ISO_3166_2,https://www.iso.org/obp/ui/#search,ISO 3166-2 subdivisions via pycountry/isocodes,REFERENCE_DATA_IMPORTED,NEEDS_AR_TRANSLATION,2026-08-05,Administrative subdivision only; cities are imported in later city files.
UPSERT,reg_it_tn,IT,ITA,Italy,إيطاليا,Italian Republic,Europe,أوروبا,Southern Europe,جنوب أوروبا,IT-TN,IT-32,Trentino-Alto Adige,2,autonomous_province,Autonomous province,Trento,,Trento,true,ISO_3166_2,https://www.iso.org/obp/ui/#search,ISO 3166-2 subdivisions via pycountry/isocodes,REFERENCE_DATA_IMPORTED,NEEDS_AR_TRANSLATION,2026-08-05,Administrative subdivision only; cities are imported in later city files.
UPSERT,reg_it_to,IT,ITA,Italy,إيطاليا,Italian Republic,Europe,أوروبا,Southern Europe,جنوب أوروبا,IT-TO,IT-21,Piemonte,2,metropolitan_city,Metropolitan city,Torino,,Torino,true,ISO_3166_2,https://www.iso.org/obp/ui/#search,ISO 3166-2 subdivisions via pycountry/isocodes,REFERENCE_DATA_IMPORTED,NEEDS_AR_TRANSLATION,2026-08-05,Administrative subdivision only; cities are imported in later city files.
UPSERT,reg_it_tp,IT,ITA,Italy,إيطاليا,Italian Republic,Europe,أوروبا,Southern Europe,جنوب أوروبا,IT-TP,IT-82,Sicilia,2,free_municipal_consortium,Free municipal consortium,Trapani,,Trapani,true,ISO_3166_2,https://www.iso.org/obp/ui/#search,ISO 3166-2 subdivisions via pycountry/isocodes,REFERENCE_DATA_IMPORTED,NEEDS_AR_TRANSLATION,2026-08-05,Administrative subdivision only; cities are imported in later city files.
UPSERT,reg_it_tr,IT,ITA,Italy,إيطاليا,Italian Republic,Europe,أوروبا,Southern Europe,جنوب أوروبا,IT-TR,IT-55,Umbria,2,province,Province,Terni,,Terni,true,ISO_3166_2,https://www.iso.org/obp/ui/#search,ISO 3166-2 subdivisions via pycountry/isocodes,REFERENCE_DATA_IMPORTED,NEEDS_AR_TRANSLATION,2026-08-05,Administrative subdivision only; cities are imported in later city files.
UPSERT,reg_it_ts,IT,ITA,Italy,إيطاليا,Italian Republic,Europe,أوروبا,Southern Europe,جنوب أوروبا,IT-TS,IT-36,Friuli Venezia Giulia,2,decentralized_regional_entity,Decentralized regional entity,Trieste,,Trieste,true,ISO_3166_2,https://www.iso.org/obp/ui/#search,ISO 3166-2 subdivisions via pycountry/isocodes,REFERENCE_DATA_IMPORTED,NEEDS_AR_TRANSLATION,2026-08-05,Administrative subdivision only; cities are imported in later city files.
UPSERT,reg_it_tv,IT,ITA,Italy,إيطاليا,Italian Republic,Europe,أوروبا,Southern Europe,جنوب أوروبا,IT-TV,IT-34,Veneto,2,province,Province,Treviso,,Treviso,true,ISO_3166_2,https://www.iso.org/obp/ui/#search,ISO 3166-2 subdivisions via pycountry/isocodes,REFERENCE_DATA_IMPORTED,NEEDS_AR_TRANSLATION,2026-08-05,Administrative subdivision only; cities are imported in later city files.
UPSERT,reg_it_ud,IT,ITA,Italy,إيطاليا,Italian Republic,Europe,أوروبا,Southern Europe,جنوب أوروبا,IT-UD,IT-36,Friuli Venezia Giulia,2,decentralized_regional_entity,Decentralized regional entity,Udine,,Udine,true,ISO_3166_2,https://www.iso.org/obp/ui/#search,ISO 3166-2 subdivisions via pycountry/isocodes,REFERENCE_DATA_IMPORTED,NEEDS_AR_TRANSLATION,2026-08-05,Administrative subdivision only; cities are imported in later city files.
UPSERT,reg_it_va,IT,ITA,Italy,إيطاليا,Italian Republic,Europe,أوروبا,Southern Europe,جنوب أوروبا,IT-VA,IT-25,Lombardia,2,province,Province,Varese,,Varese,true,ISO_3166_2,https://www.iso.org/obp/ui/#search,ISO 3166-2 subdivisions via pycountry/isocodes,REFERENCE_DATA_IMPORTED,NEEDS_AR_TRANSLATION,2026-08-05,Administrative subdivision only; cities are imported in later city files.
UPSERT,reg_it_vb,IT,ITA,Italy,إيطاليا,Italian Republic,Europe,أوروبا,Southern Europe,جنوب أوروبا,IT-VB,IT-21,Piemonte,2,province,Province,Verbano-Cusio-Ossola,,Verbano-Cusio-Ossola,true,ISO_3166_2,https://www.iso.org/obp/ui/#search,ISO 3166-2 subdivisions via pycountry/isocodes,REFERENCE_DATA_IMPORTED,NEEDS_AR_TRANSLATION,2026-08-05,Administrative subdivision only; cities are imported in later city files.
UPSERT,reg_it_vc,IT,ITA,Italy,إيطاليا,Italian Republic,Europe,أوروبا,Southern Europe,جنوب أوروبا,IT-VC,IT-21,Piemonte,2,province,Province,Vercelli,,Vercelli,true,ISO_3166_2,https://www.iso.org/obp/ui/#search,ISO 3166-2 subdivisions via pycountry/isocodes,REFERENCE_DATA_IMPORTED,NEEDS_AR_TRANSLATION,2026-08-05,Administrative subdivision only; cities are imported in later city files.
UPSERT,reg_it_ve,IT,ITA,Italy,إيطاليا,Italian Republic,Europe,أوروبا,Southern Europe,جنوب أوروبا,IT-VE,IT-34,Veneto,2,metropolitan_city,Metropolitan city,Venezia,,Venezia,true,ISO_3166_2,https://www.iso.org/obp/ui/#search,ISO 3166-2 subdivisions via pycountry/isocodes,REFERENCE_DATA_IMPORTED,NEEDS_AR_TRANSLATION,2026-08-05,Administrative subdivision only; cities are imported in later city files.
UPSERT,reg_it_vi,IT,ITA,Italy,إيطاليا,Italian Republic,Europe,أوروبا,Southern Europe,جنوب أوروبا,IT-VI,IT-34,Veneto,2,province,Province,Vicenza,,Vicenza,true,ISO_3166_2,https://www.iso.org/obp/ui/#search,ISO 3166-2 subdivisions via pycountry/isocodes,REFERENCE_DATA_IMPORTED,NEEDS_AR_TRANSLATION,2026-08-05,Administrative subdivision only; cities are imported in later city files.
UPSERT,reg_it_vr,IT,ITA,Italy,إيطاليا,Italian Republic,Europe,أوروبا,Southern Europe,جنوب أوروبا,IT-VR,IT-34,Veneto,2,province,Province,Verona,,Verona,true,ISO_3166_2,https://www.iso.org/obp/ui/#search,ISO 3166-2 subdivisions via pycountry/isocodes,REFERENCE_DATA_IMPORTED,NEEDS_AR_TRANSLATION,2026-08-05,Administrative subdivision only; cities are imported in later city files.
UPSERT,reg_it_vt,IT,ITA,Italy,إيطاليا,Italian Republic,Europe,أوروبا,Southern Europe,جنوب أوروبا,IT-VT,IT-62,Lazio,2,province,Province,Viterbo,,Viterbo,true,ISO_3166_2,https://www.iso.org/obp/ui/#search,ISO 3166-2 subdivisions via pycountry/isocodes,REFERENCE_DATA_IMPORTED,NEEDS_AR_TRANSLATION,2026-08-05,Administrative subdivision only; cities are imported in later city files.
UPSERT,reg_it_vv,IT,ITA,Italy,إيطاليا,Italian Republic,Europe,أوروبا,Southern Europe,جنوب أوروبا,IT-VV,IT-78,Calabria,2,province,Province,Vibo Valentia,,Vibo Valentia,true,ISO_3166_2,https://www.iso.org/obp/ui/#search,ISO 3166-2 subdivisions via pycountry/isocodes,REFERENCE_DATA_IMPORTED,NEEDS_AR_TRANSLATION,2026-08-05,Administrative subdivision only; cities are imported in later city files.
UPSERT,reg_li_01,LI,LIE,Liechtenstein,ليختنشتاين,Principality of Liechtenstein,Europe,أوروبا,Western Europe,غرب أوروبا,LI-01,,,1,commune,Commune,Balzers,,Balzers,true,ISO_3166_2,https://www.iso.org/obp/ui/#search,ISO 3166-2 subdivisions via pycountry/isocodes,REFERENCE_DATA_IMPORTED,NEEDS_AR_TRANSLATION,2026-08-05,Administrative subdivision only; cities are imported in later city files.
UPSERT,reg_li_02,LI,LIE,Liechtenstein,ليختنشتاين,Principality of Liechtenstein,Europe,أوروبا,Western Europe,غرب أوروبا,LI-02,,,1,commune,Commune,Eschen,,Eschen,true,ISO_3166_2,https://www.iso.org/obp/ui/#search,ISO 3166-2 subdivisions via pycountry/isocodes,REFERENCE_DATA_IMPORTED,NEEDS_AR_TRANSLATION,2026-08-05,Administrative subdivision only; cities are imported in later city files.
UPSERT,reg_li_03,LI,LIE,Liechtenstein,ليختنشتاين,Principality of Liechtenstein,Europe,أوروبا,Western Europe,غرب أوروبا,LI-03,,,1,commune,Commune,Gamprin,,Gamprin,true,ISO_3166_2,https://www.iso.org/obp/ui/#search,ISO 3166-2 subdivisions via pycountry/isocodes,REFERENCE_DATA_IMPORTED,NEEDS_AR_TRANSLATION,2026-08-05,Administrative subdivision only; cities are imported in later city files.
UPSERT,reg_li_04,LI,LIE,Liechtenstein,ليختنشتاين,Principality of Liechtenstein,Europe,أوروبا,Western Europe,غرب أوروبا,LI-04,,,1,commune,Commune,Mauren,,Mauren,true,ISO_3166_2,https://www.iso.org/obp/ui/#search,ISO 3166-2 subdivisions via pycountry/isocodes,REFERENCE_DATA_IMPORTED,NEEDS_AR_TRANSLATION,2026-08-05,Administrative subdivision only; cities are imported in later city files.
UPSERT,reg_li_05,LI,LIE,Liechtenstein,ليختنشتاين,Principality of Liechtenstein,Europe,أوروبا,Western Europe,غرب أوروبا,LI-05,,,1,commune,Commune,Planken,,Planken,true,ISO_3166_2,https://www.iso.org/obp/ui/#search,ISO 3166-2 subdivisions via pycountry/isocodes,REFERENCE_DATA_IMPORTED,NEEDS_AR_TRANSLATION,2026-08-05,Administrative subdivision only; cities are imported in later city files.
UPSERT,reg_li_06,LI,LIE,Liechtenstein,ليختنشتاين,Principality of Liechtenstein,Europe,أوروبا,Western Europe,غرب أوروبا,LI-06,,,1,commune,Commune,Ruggell,,Ruggell,true,ISO_3166_2,https://www.iso.org/obp/ui/#search,ISO 3166-2 subdivisions via pycountry/isocodes,REFERENCE_DATA_IMPORTED,NEEDS_AR_TRANSLATION,2026-08-05,Administrative subdivision only; cities are imported in later city files.
UPSERT,reg_li_07,LI,LIE,Liechtenstein,ليختنشتاين,Principality of Liechtenstein,Europe,أوروبا,Western Europe,غرب أوروبا,LI-07,,,1,commune,Commune,Schaan,,Schaan,true,ISO_3166_2,https://www.iso.org/obp/ui/#search,ISO 3166-2 subdivisions via pycountry/isocodes,REFERENCE_DATA_IMPORTED,NEEDS_AR_TRANSLATION,2026-08-05,Administrative subdivision only; cities are imported in later city files.
UPSERT,reg_li_08,LI,LIE,Liechtenstein,ليختنشتاين,Principality of Liechtenstein,Europe,أوروبا,Western Europe,غرب أوروبا,LI-08,,,1,commune,Commune,Schellenberg,,Schellenberg,true,ISO_3166_2,https://www.iso.org/obp/ui/#search,ISO 3166-2 subdivisions via pycountry/isocodes,REFERENCE_DATA_IMPORTED,NEEDS_AR_TRANSLATION,2026-08-05,Administrative subdivision only; cities are imported in later city files.
UPSERT,reg_li_09,LI,LIE,Liechtenstein,ليختنشتاين,Principality of Liechtenstein,Europe,أوروبا,Western Europe,غرب أوروبا,LI-09,,,1,commune,Commune,Triesen,,Triesen,true,ISO_3166_2,https://www.iso.org/obp/ui/#search,ISO 3166-2 subdivisions via pycountry/isocodes,REFERENCE_DATA_IMPORTED,NEEDS_AR_TRANSLATION,2026-08-05,Administrative subdivision only; cities are imported in later city files.
UPSERT,reg_li_10,LI,LIE,Liechtenstein,ليختنشتاين,Principality of Liechtenstein,Europe,أوروبا,Western Europe,غرب أوروبا,LI-10,,,1,commune,Commune,Triesenberg,,Triesenberg,true,ISO_3166_2,https://www.iso.org/obp/ui/#search,ISO 3166-2 subdivisions via pycountry/isocodes,REFERENCE_DATA_IMPORTED,NEEDS_AR_TRANSLATION,2026-08-05,Administrative subdivision only; cities are imported in later city files.
UPSERT,reg_li_11,LI,LIE,Liechtenstein,ليختنشتاين,Principality of Liechtenstein,Europe,أوروبا,Western Europe,غرب أوروبا,LI-11,,,1,commune,Commune,Vaduz,,Vaduz,true,ISO_3166_2,https://www.iso.org/obp/ui/#search,ISO 3166-2 subdivisions via pycountry/isocodes,REFERENCE_DATA_IMPORTED,NEEDS_AR_TRANSLATION,2026-08-05,Administrative subdivision only; cities are imported in later city files.
UPSERT,reg_lt_01,LT,LTU,Lithuania,ليتوانيا,Republic of Lithuania,Europe,أوروبا,Northern Europe,شمال أوروبا,LT-01,LT-SA,Šiaulių apskritis,2,district_municipality,District municipality,Akmenė,,Akmenė,true,ISO_3166_2,https://www.iso.org/obp/ui/#search,ISO 3166-2 subdivisions via pycountry/isocodes,REFERENCE_DATA_IMPORTED,NEEDS_AR_TRANSLATION,2026-08-05,Administrative subdivision only; cities are imported in later city files.
UPSERT,reg_lt_02,LT,LTU,Lithuania,ليتوانيا,Republic of Lithuania,Europe,أوروبا,Northern Europe,شمال أوروبا,LT-02,LT-AL,Alytaus apskritis,2,city_municipality,City municipality,Alytaus miestas,,Alytaus miestas,true,ISO_3166_2,https://www.iso.org/obp/ui/#search,ISO 3166-2 subdivisions via pycountry/isocodes,REFERENCE_DATA_IMPORTED,NEEDS_AR_TRANSLATION,2026-08-05,Administrative subdivision only; cities are imported in later city files.
UPSERT,reg_lt_03,LT,LTU,Lithuania,ليتوانيا,Republic of Lithuania,Europe,أوروبا,Northern Europe,شمال أوروبا,LT-03,LT-AL,Alytaus apskritis,2,district_municipality,District municipality,Alytus,,Alytus,true,ISO_3166_2,https://www.iso.org/obp/ui/#search,ISO 3166-2 subdivisions via pycountry/isocodes,REFERENCE_DATA_IMPORTED,NEEDS_AR_TRANSLATION,2026-08-05,Administrative subdivision only; cities are imported in later city files.
UPSERT,reg_lt_04,LT,LTU,Lithuania,ليتوانيا,Republic of Lithuania,Europe,أوروبا,Northern Europe,شمال أوروبا,LT-04,LT-UT,Utenos apskritis,2,district_municipality,District municipality,Anykščiai,,Anykščiai,true,ISO_3166_2,https://www.iso.org/obp/ui/#search,ISO 3166-2 subdivisions via pycountry/isocodes,REFERENCE_DATA_IMPORTED,NEEDS_AR_TRANSLATION,2026-08-05,Administrative subdivision only; cities are imported in later city files.
UPSERT,reg_lt_05,LT,LTU,Lithuania,ليتوانيا,Republic of Lithuania,Europe,أوروبا,Northern Europe,شمال أوروبا,LT-05,LT-KU,Kauno apskritis,2,municipality,Municipality,Birštonas,,Birštonas,true,ISO_3166_2,https://www.iso.org/obp/ui/#search,ISO 3166-2 subdivisions via pycountry/isocodes,REFERENCE_DATA_IMPORTED,NEEDS_AR_TRANSLATION,2026-08-05,Administrative subdivision only; cities are imported in later city files.
UPSERT,reg_lt_06,LT,LTU,Lithuania,ليتوانيا,Republic of Lithuania,Europe,أوروبا,Northern Europe,شمال أوروبا,LT-06,LT-PN,Panevėžio apskritis,2,district_municipality,District municipality,Biržai,,Biržai,true,ISO_3166_2,https://www.iso.org/obp/ui/#search,ISO 3166-2 subdivisions via pycountry/isocodes,REFERENCE_DATA_IMPORTED,NEEDS_AR_TRANSLATION,2026-08-05,Administrative subdivision only; cities are imported in later city files.
UPSERT,reg_lt_07,LT,LTU,Lithuania,ليتوانيا,Republic of Lithuania,Europe,أوروبا,Northern Europe,شمال أوروبا,LT-07,LT-AL,Alytaus apskritis,2,municipality,Municipality,Druskininkai,,Druskininkai,true,ISO_3166_2,https://www.iso.org/obp/ui/#search,ISO 3166-2 subdivisions via pycountry/isocodes,REFERENCE_DATA_IMPORTED,NEEDS_AR_TRANSLATION,2026-08-05,Administrative subdivision only; cities are imported in later city files.
UPSERT,reg_lt_08,LT,LTU,Lithuania,ليتوانيا,Republic of Lithuania,Europe,أوروبا,Northern Europe,شمال أوروبا,LT-08,LT-VL,Vilniaus apskritis,2,municipality,Municipality,Elektrėnai,,Elektrėnai,true,ISO_3166_2,https://www.iso.org/obp/ui/#search,ISO 3166-2 subdivisions via pycountry/isocodes,REFERENCE_DATA_IMPORTED,NEEDS_AR_TRANSLATION,2026-08-05,Administrative subdivision only; cities are imported in later city files.
UPSERT,reg_lt_09,LT,LTU,Lithuania,ليتوانيا,Republic of Lithuania,Europe,أوروبا,Northern Europe,شمال أوروبا,LT-09,LT-UT,Utenos apskritis,2,district_municipality,District municipality,Ignalina,,Ignalina,true,ISO_3166_2,https://www.iso.org/obp/ui/#search,ISO 3166-2 subdivisions via pycountry/isocodes,REFERENCE_DATA_IMPORTED,NEEDS_AR_TRANSLATION,2026-08-05,Administrative subdivision only; cities are imported in later city files.
UPSERT,reg_lt_10,LT,LTU,Lithuania,ليتوانيا,Republic of Lithuania,Europe,أوروبا,Northern Europe,شمال أوروبا,LT-10,LT-KU,Kauno apskritis,2,district_municipality,District municipality,Jonava,,Jonava,true,ISO_3166_2,https://www.iso.org/obp/ui/#search,ISO 3166-2 subdivisions via pycountry/isocodes,REFERENCE_DATA_IMPORTED,NEEDS_AR_TRANSLATION,2026-08-05,Administrative subdivision only; cities are imported in later city files.
UPSERT,reg_lt_11,LT,LTU,Lithuania,ليتوانيا,Republic of Lithuania,Europe,أوروبا,Northern Europe,شمال أوروبا,LT-11,LT-SA,Šiaulių apskritis,2,district_municipality,District municipality,Joniškis,,Joniškis,true,ISO_3166_2,https://www.iso.org/obp/ui/#search,ISO 3166-2 subdivisions via pycountry/isocodes,REFERENCE_DATA_IMPORTED,NEEDS_AR_TRANSLATION,2026-08-05,Administrative subdivision only; cities are imported in later city files.
UPSERT,reg_lt_12,LT,LTU,Lithuania,ليتوانيا,Republic of Lithuania,Europe,أوروبا,Northern Europe,شمال أوروبا,LT-12,LT-TA,Tauragės apskritis,2,district_municipality,District municipality,Jurbarkas,,Jurbarkas,true,ISO_3166_2,https://www.iso.org/obp/ui/#search,ISO 3166-2 subdivisions via pycountry/isocodes,REFERENCE_DATA_IMPORTED,NEEDS_AR_TRANSLATION,2026-08-05,Administrative subdivision only; cities are imported in later city files.
UPSERT,reg_lt_13,LT,LTU,Lithuania,ليتوانيا,Republic of Lithuania,Europe,أوروبا,Northern Europe,شمال أوروبا,LT-13,LT-KU,Kauno apskritis,2,district_municipality,District municipality,Kaišiadorys,,Kaišiadorys,true,ISO_3166_2,https://www.iso.org/obp/ui/#search,ISO 3166-2 subdivisions via pycountry/isocodes,REFERENCE_DATA_IMPORTED,NEEDS_AR_TRANSLATION,2026-08-05,Administrative subdivision only; cities are imported in later city files.
UPSERT,reg_lt_14,LT,LTU,Lithuania,ليتوانيا,Republic of Lithuania,Europe,أوروبا,Northern Europe,شمال أوروبا,LT-14,LT-MR,Marijampolės apskritis,2,municipality,Municipality,Kalvarija,,Kalvarija,true,ISO_3166_2,https://www.iso.org/obp/ui/#search,ISO 3166-2 subdivisions via pycountry/isocodes,REFERENCE_DATA_IMPORTED,NEEDS_AR_TRANSLATION,2026-08-05,Administrative subdivision only; cities are imported in later city files.
UPSERT,reg_lt_15,LT,LTU,Lithuania,ليتوانيا,Republic of Lithuania,Europe,أوروبا,Northern Europe,شمال أوروبا,LT-15,LT-KU,Kauno apskritis,2,city_municipality,City municipality,Kauno miestas,,Kauno miestas,true,ISO_3166_2,https://www.iso.org/obp/ui/#search,ISO 3166-2 subdivisions via pycountry/isocodes,REFERENCE_DATA_IMPORTED,NEEDS_AR_TRANSLATION,2026-08-05,Administrative subdivision only; cities are imported in later city files.
UPSERT,reg_lt_16,LT,LTU,Lithuania,ليتوانيا,Republic of Lithuania,Europe,أوروبا,Northern Europe,شمال أوروبا,LT-16,LT-KU,Kauno apskritis,2,district_municipality,District municipality,Kaunas,,Kaunas,true,ISO_3166_2,https://www.iso.org/obp/ui/#search,ISO 3166-2 subdivisions via pycountry/isocodes,REFERENCE_DATA_IMPORTED,NEEDS_AR_TRANSLATION,2026-08-05,Administrative subdivision only; cities are imported in later city files.
UPSERT,reg_lt_17,LT,LTU,Lithuania,ليتوانيا,Republic of Lithuania,Europe,أوروبا,Northern Europe,شمال أوروبا,LT-17,LT-MR,Marijampolės apskritis,2,municipality,Municipality,Kazlų Rūdos,,Kazlų Rūdos,true,ISO_3166_2,https://www.iso.org/obp/ui/#search,ISO 3166-2 subdivisions via pycountry/isocodes,REFERENCE_DATA_IMPORTED,NEEDS_AR_TRANSLATION,2026-08-05,Administrative subdivision only; cities are imported in later city files.
UPSERT,reg_lt_18,LT,LTU,Lithuania,ليتوانيا,Republic of Lithuania,Europe,أوروبا,Northern Europe,شمال أوروبا,LT-18,LT-KU,Kauno apskritis,2,district_municipality,District municipality,Kėdainiai,,Kėdainiai,true,ISO_3166_2,https://www.iso.org/obp/ui/#search,ISO 3166-2 subdivisions via pycountry/isocodes,REFERENCE_DATA_IMPORTED,NEEDS_AR_TRANSLATION,2026-08-05,Administrative subdivision only; cities are imported in later city files.
UPSERT,reg_lt_19,LT,LTU,Lithuania,ليتوانيا,Republic of Lithuania,Europe,أوروبا,Northern Europe,شمال أوروبا,LT-19,LT-SA,Šiaulių apskritis,2,district_municipality,District municipality,Kelmė,,Kelmė,true,ISO_3166_2,https://www.iso.org/obp/ui/#search,ISO 3166-2 subdivisions via pycountry/isocodes,REFERENCE_DATA_IMPORTED,NEEDS_AR_TRANSLATION,2026-08-05,Administrative subdivision only; cities are imported in later city files.
UPSERT,reg_lt_20,LT,LTU,Lithuania,ليتوانيا,Republic of Lithuania,Europe,أوروبا,Northern Europe,شمال أوروبا,LT-20,LT-KL,Klaipėdos apskritis,2,city_municipality,City municipality,Klaipėdos miestas,,Klaipėdos miestas,true,ISO_3166_2,https://www.iso.org/obp/ui/#search,ISO 3166-2 subdivisions via pycountry/isocodes,REFERENCE_DATA_IMPORTED,NEEDS_AR_TRANSLATION,2026-08-05,Administrative subdivision only; cities are imported in later city files.
UPSERT,reg_lt_21,LT,LTU,Lithuania,ليتوانيا,Republic of Lithuania,Europe,أوروبا,Northern Europe,شمال أوروبا,LT-21,LT-KL,Klaipėdos apskritis,2,district_municipality,District municipality,Klaipėda,,Klaipėda,true,ISO_3166_2,https://www.iso.org/obp/ui/#search,ISO 3166-2 subdivisions via pycountry/isocodes,REFERENCE_DATA_IMPORTED,NEEDS_AR_TRANSLATION,2026-08-05,Administrative subdivision only; cities are imported in later city files.
UPSERT,reg_lt_22,LT,LTU,Lithuania,ليتوانيا,Republic of Lithuania,Europe,أوروبا,Northern Europe,شمال أوروبا,LT-22,LT-KL,Klaipėdos apskritis,2,district_municipality,District municipality,Kretinga,,Kretinga,true,ISO_3166_2,https://www.iso.org/obp/ui/#search,ISO 3166-2 subdivisions via pycountry/isocodes,REFERENCE_DATA_IMPORTED,NEEDS_AR_TRANSLATION,2026-08-05,Administrative subdivision only; cities are imported in later city files.
UPSERT,reg_lt_23,LT,LTU,Lithuania,ليتوانيا,Republic of Lithuania,Europe,أوروبا,Northern Europe,شمال أوروبا,LT-23,LT-PN,Panevėžio apskritis,2,district_municipality,District municipality,Kupiškis,,Kupiškis,true,ISO_3166_2,https://www.iso.org/obp/ui/#search,ISO 3166-2 subdivisions via pycountry/isocodes,REFERENCE_DATA_IMPORTED,NEEDS_AR_TRANSLATION,2026-08-05,Administrative subdivision only; cities are imported in later city files.
UPSERT,reg_lt_24,LT,LTU,Lithuania,ليتوانيا,Republic of Lithuania,Europe,أوروبا,Northern Europe,شمال أوروبا,LT-24,LT-AL,Alytaus apskritis,2,district_municipality,District municipality,Lazdijai,,Lazdijai,true,ISO_3166_2,https://www.iso.org/obp/ui/#search,ISO 3166-2 subdivisions via pycountry/isocodes,REFERENCE_DATA_IMPORTED,NEEDS_AR_TRANSLATION,2026-08-05,Administrative subdivision only; cities are imported in later city files.
UPSERT,reg_lt_25,LT,LTU,Lithuania,ليتوانيا,Republic of Lithuania,Europe,أوروبا,Northern Europe,شمال أوروبا,LT-25,LT-MR,Marijampolės apskritis,2,district_municipality,District municipality,Marijampolė,,Marijampolė,true,ISO_3166_2,https://www.iso.org/obp/ui/#search,ISO 3166-2 subdivisions via pycountry/isocodes,REFERENCE_DATA_IMPORTED,NEEDS_AR_TRANSLATION,2026-08-05,Administrative subdivision only; cities are imported in later city files.
UPSERT,reg_lt_26,LT,LTU,Lithuania,ليتوانيا,Republic of Lithuania,Europe,أوروبا,Northern Europe,شمال أوروبا,LT-26,LT-TE,Telšių apskritis,2,district_municipality,District municipality,Mažeikiai,,Mažeikiai,true,ISO_3166_2,https://www.iso.org/obp/ui/#search,ISO 3166-2 subdivisions via pycountry/isocodes,REFERENCE_DATA_IMPORTED,NEEDS_AR_TRANSLATION,2026-08-05,Administrative subdivision only; cities are imported in later city files.
UPSERT,reg_lt_27,LT,LTU,Lithuania,ليتوانيا,Republic of Lithuania,Europe,أوروبا,Northern Europe,شمال أوروبا,LT-27,LT-UT,Utenos apskritis,2,district_municipality,District municipality,Molėtai,,Molėtai,true,ISO_3166_2,https://www.iso.org/obp/ui/#search,ISO 3166-2 subdivisions via pycountry/isocodes,REFERENCE_DATA_IMPORTED,NEEDS_AR_TRANSLATION,2026-08-05,Administrative subdivision only; cities are imported in later city files.
UPSERT,reg_lt_28,LT,LTU,Lithuania,ليتوانيا,Republic of Lithuania,Europe,أوروبا,Northern Europe,شمال أوروبا,LT-28,LT-KL,Klaipėdos apskritis,2,municipality,Municipality,Neringa,,Neringa,true,ISO_3166_2,https://www.iso.org/obp/ui/#search,ISO 3166-2 subdivisions via pycountry/isocodes,REFERENCE_DATA_IMPORTED,NEEDS_AR_TRANSLATION,2026-08-05,Administrative subdivision only; cities are imported in later city files.
UPSERT,reg_lt_29,LT,LTU,Lithuania,ليتوانيا,Republic of Lithuania,Europe,أوروبا,Northern Europe,شمال أوروبا,LT-29,LT-TA,Tauragės apskritis,2,municipality,Municipality,Pagėgiai,,Pagėgiai,true,ISO_3166_2,https://www.iso.org/obp/ui/#search,ISO 3166-2 subdivisions via pycountry/isocodes,REFERENCE_DATA_IMPORTED,NEEDS_AR_TRANSLATION,2026-08-05,Administrative subdivision only; cities are imported in later city files.
UPSERT,reg_lt_30,LT,LTU,Lithuania,ليتوانيا,Republic of Lithuania,Europe,أوروبا,Northern Europe,شمال أوروبا,LT-30,LT-SA,Šiaulių apskritis,2,district_municipality,District municipality,Pakruojis,,Pakruojis,true,ISO_3166_2,https://www.iso.org/obp/ui/#search,ISO 3166-2 subdivisions via pycountry/isocodes,REFERENCE_DATA_IMPORTED,NEEDS_AR_TRANSLATION,2026-08-05,Administrative subdivision only; cities are imported in later city files.
UPSERT,reg_lt_31,LT,LTU,Lithuania,ليتوانيا,Republic of Lithuania,Europe,أوروبا,Northern Europe,شمال أوروبا,LT-31,LT-KL,Klaipėdos apskritis,2,city_municipality,City municipality,Palangos miestas,,Palangos miestas,true,ISO_3166_2,https://www.iso.org/obp/ui/#search,ISO 3166-2 subdivisions via pycountry/isocodes,REFERENCE_DATA_IMPORTED,NEEDS_AR_TRANSLATION,2026-08-05,Administrative subdivision only; cities are imported in later city files.
UPSERT,reg_lt_32,LT,LTU,Lithuania,ليتوانيا,Republic of Lithuania,Europe,أوروبا,Northern Europe,شمال أوروبا,LT-32,LT-PN,Panevėžio apskritis,2,city_municipality,City municipality,Panevėžio miestas,,Panevėžio miestas,true,ISO_3166_2,https://www.iso.org/obp/ui/#search,ISO 3166-2 subdivisions via pycountry/isocodes,REFERENCE_DATA_IMPORTED,NEEDS_AR_TRANSLATION,2026-08-05,Administrative subdivision only; cities are imported in later city files.
UPSERT,reg_lt_33,LT,LTU,Lithuania,ليتوانيا,Republic of Lithuania,Europe,أوروبا,Northern Europe,شمال أوروبا,LT-33,LT-PN,Panevėžio apskritis,2,district_municipality,District municipality,Panevėžys,,Panevėžys,true,ISO_3166_2,https://www.iso.org/obp/ui/#search,ISO 3166-2 subdivisions via pycountry/isocodes,REFERENCE_DATA_IMPORTED,NEEDS_AR_TRANSLATION,2026-08-05,Administrative subdivision only; cities are imported in later city files.
UPSERT,reg_lt_34,LT,LTU,Lithuania,ليتوانيا,Republic of Lithuania,Europe,أوروبا,Northern Europe,شمال أوروبا,LT-34,LT-PN,Panevėžio apskritis,2,district_municipality,District municipality,Pasvalys,,Pasvalys,true,ISO_3166_2,https://www.iso.org/obp/ui/#search,ISO 3166-2 subdivisions via pycountry/isocodes,REFERENCE_DATA_IMPORTED,NEEDS_AR_TRANSLATION,2026-08-05,Administrative subdivision only; cities are imported in later city files.
UPSERT,reg_lt_35,LT,LTU,Lithuania,ليتوانيا,Republic of Lithuania,Europe,أوروبا,Northern Europe,شمال أوروبا,LT-35,LT-TE,Telšių apskritis,2,district_municipality,District municipality,Plungė,,Plungė,true,ISO_3166_2,https://www.iso.org/obp/ui/#search,ISO 3166-2 subdivisions via pycountry/isocodes,REFERENCE_DATA_IMPORTED,NEEDS_AR_TRANSLATION,2026-08-05,Administrative subdivision only; cities are imported in later city files.
UPSERT,reg_lt_36,LT,LTU,Lithuania,ليتوانيا,Republic of Lithuania,Europe,أوروبا,Northern Europe,شمال أوروبا,LT-36,LT-KU,Kauno apskritis,2,district_municipality,District municipality,Prienai,,Prienai,true,ISO_3166_2,https://www.iso.org/obp/ui/#search,ISO 3166-2 subdivisions via pycountry/isocodes,REFERENCE_DATA_IMPORTED,NEEDS_AR_TRANSLATION,2026-08-05,Administrative subdivision only; cities are imported in later city files.
UPSERT,reg_lt_37,LT,LTU,Lithuania,ليتوانيا,Republic of Lithuania,Europe,أوروبا,Northern Europe,شمال أوروبا,LT-37,LT-SA,Šiaulių apskritis,2,district_municipality,District municipality,Radviliškis,,Radviliškis,true,ISO_3166_2,https://www.iso.org/obp/ui/#search,ISO 3166-2 subdivisions via pycountry/isocodes,REFERENCE_DATA_IMPORTED,NEEDS_AR_TRANSLATION,2026-08-05,Administrative subdivision only; cities are imported in later city files.
UPSERT,reg_lt_38,LT,LTU,Lithuania,ليتوانيا,Republic of Lithuania,Europe,أوروبا,Northern Europe,شمال أوروبا,LT-38,LT-KU,Kauno apskritis,2,district_municipality,District municipality,Raseiniai,,Raseiniai,true,ISO_3166_2,https://www.iso.org/obp/ui/#search,ISO 3166-2 subdivisions via pycountry/isocodes,REFERENCE_DATA_IMPORTED,NEEDS_AR_TRANSLATION,2026-08-05,Administrative subdivision only; cities are imported in later city files.
UPSERT,reg_lt_39,LT,LTU,Lithuania,ليتوانيا,Republic of Lithuania,Europe,أوروبا,Northern Europe,شمال أوروبا,LT-39,LT-TE,Telšių apskritis,2,municipality,Municipality,Rietavas,,Rietavas,true,ISO_3166_2,https://www.iso.org/obp/ui/#search,ISO 3166-2 subdivisions via pycountry/isocodes,REFERENCE_DATA_IMPORTED,NEEDS_AR_TRANSLATION,2026-08-05,Administrative subdivision only; cities are imported in later city files.
UPSERT,reg_lt_40,LT,LTU,Lithuania,ليتوانيا,Republic of Lithuania,Europe,أوروبا,Northern Europe,شمال أوروبا,LT-40,LT-PN,Panevėžio apskritis,2,district_municipality,District municipality,Rokiškis,,Rokiškis,true,ISO_3166_2,https://www.iso.org/obp/ui/#search,ISO 3166-2 subdivisions via pycountry/isocodes,REFERENCE_DATA_IMPORTED,NEEDS_AR_TRANSLATION,2026-08-05,Administrative subdivision only; cities are imported in later city files.
UPSERT,reg_lt_41,LT,LTU,Lithuania,ليتوانيا,Republic of Lithuania,Europe,أوروبا,Northern Europe,شمال أوروبا,LT-41,LT-MR,Marijampolės apskritis,2,district_municipality,District municipality,Šakiai,,Šakiai,true,ISO_3166_2,https://www.iso.org/obp/ui/#search,ISO 3166-2 subdivisions via pycountry/isocodes,REFERENCE_DATA_IMPORTED,NEEDS_AR_TRANSLATION,2026-08-05,Administrative subdivision only; cities are imported in later city files.
UPSERT,reg_lt_42,LT,LTU,Lithuania,ليتوانيا,Republic of Lithuania,Europe,أوروبا,Northern Europe,شمال أوروبا,LT-42,LT-VL,Vilniaus apskritis,2,district_municipality,District municipality,Šalčininkai,,Šalčininkai,true,ISO_3166_2,https://www.iso.org/obp/ui/#search,ISO 3166-2 subdivisions via pycountry/isocodes,REFERENCE_DATA_IMPORTED,NEEDS_AR_TRANSLATION,2026-08-05,Administrative subdivision only; cities are imported in later city files.
UPSERT,reg_lt_43,LT,LTU,Lithuania,ليتوانيا,Republic of Lithuania,Europe,أوروبا,Northern Europe,شمال أوروبا,LT-43,LT-SA,Šiaulių apskritis,2,city_municipality,City municipality,Šiaulių miestas,,Šiaulių miestas,true,ISO_3166_2,https://www.iso.org/obp/ui/#search,ISO 3166-2 subdivisions via pycountry/isocodes,REFERENCE_DATA_IMPORTED,NEEDS_AR_TRANSLATION,2026-08-05,Administrative subdivision only; cities are imported in later city files.
UPSERT,reg_lt_44,LT,LTU,Lithuania,ليتوانيا,Republic of Lithuania,Europe,أوروبا,Northern Europe,شمال أوروبا,LT-44,LT-SA,Šiaulių apskritis,2,district_municipality,District municipality,Šiauliai,,Šiauliai,true,ISO_3166_2,https://www.iso.org/obp/ui/#search,ISO 3166-2 subdivisions via pycountry/isocodes,REFERENCE_DATA_IMPORTED,NEEDS_AR_TRANSLATION,2026-08-05,Administrative subdivision only; cities are imported in later city files.
UPSERT,reg_lt_45,LT,LTU,Lithuania,ليتوانيا,Republic of Lithuania,Europe,أوروبا,Northern Europe,شمال أوروبا,LT-45,LT-TA,Tauragės apskritis,2,district_municipality,District municipality,Šilalė,,Šilalė,true,ISO_3166_2,https://www.iso.org/obp/ui/#search,ISO 3166-2 subdivisions via pycountry/isocodes,REFERENCE_DATA_IMPORTED,NEEDS_AR_TRANSLATION,2026-08-05,Administrative subdivision only; cities are imported in later city files.
UPSERT,reg_lt_46,LT,LTU,Lithuania,ليتوانيا,Republic of Lithuania,Europe,أوروبا,Northern Europe,شمال أوروبا,LT-46,LT-KL,Klaipėdos apskritis,2,district_municipality,District municipality,Šilutė,,Šilutė,true,ISO_3166_2,https://www.iso.org/obp/ui/#search,ISO 3166-2 subdivisions via pycountry/isocodes,REFERENCE_DATA_IMPORTED,NEEDS_AR_TRANSLATION,2026-08-05,Administrative subdivision only; cities are imported in later city files.
UPSERT,reg_lt_47,LT,LTU,Lithuania,ليتوانيا,Republic of Lithuania,Europe,أوروبا,Northern Europe,شمال أوروبا,LT-47,LT-VL,Vilniaus apskritis,2,district_municipality,District municipality,Širvintos,,Širvintos,true,ISO_3166_2,https://www.iso.org/obp/ui/#search,ISO 3166-2 subdivisions via pycountry/isocodes,REFERENCE_DATA_IMPORTED,NEEDS_AR_TRANSLATION,2026-08-05,Administrative subdivision only; cities are imported in later city files.
UPSERT,reg_lt_48,LT,LTU,Lithuania,ليتوانيا,Republic of Lithuania,Europe,أوروبا,Northern Europe,شمال أوروبا,LT-48,LT-KL,Klaipėdos apskritis,2,district_municipality,District municipality,Skuodas,,Skuodas,true,ISO_3166_2,https://www.iso.org/obp/ui/#search,ISO 3166-2 subdivisions via pycountry/isocodes,REFERENCE_DATA_IMPORTED,NEEDS_AR_TRANSLATION,2026-08-05,Administrative subdivision only; cities are imported in later city files.
UPSERT,reg_lt_49,LT,LTU,Lithuania,ليتوانيا,Republic of Lithuania,Europe,أوروبا,Northern Europe,شمال أوروبا,LT-49,LT-VL,Vilniaus apskritis,2,district_municipality,District municipality,Švenčionys,,Švenčionys,true,ISO_3166_2,https://www.iso.org/obp/ui/#search,ISO 3166-2 subdivisions via pycountry/isocodes,REFERENCE_DATA_IMPORTED,NEEDS_AR_TRANSLATION,2026-08-05,Administrative subdivision only; cities are imported in later city files.
UPSERT,reg_lt_50,LT,LTU,Lithuania,ليتوانيا,Republic of Lithuania,Europe,أوروبا,Northern Europe,شمال أوروبا,LT-50,LT-TA,Tauragės apskritis,2,district_municipality,District municipality,Tauragė,,Tauragė,true,ISO_3166_2,https://www.iso.org/obp/ui/#search,ISO 3166-2 subdivisions via pycountry/isocodes,REFERENCE_DATA_IMPORTED,NEEDS_AR_TRANSLATION,2026-08-05,Administrative subdivision only; cities are imported in later city files.
UPSERT,reg_lt_51,LT,LTU,Lithuania,ليتوانيا,Republic of Lithuania,Europe,أوروبا,Northern Europe,شمال أوروبا,LT-51,LT-TE,Telšių apskritis,2,district_municipality,District municipality,Telšiai,,Telšiai,true,ISO_3166_2,https://www.iso.org/obp/ui/#search,ISO 3166-2 subdivisions via pycountry/isocodes,REFERENCE_DATA_IMPORTED,NEEDS_AR_TRANSLATION,2026-08-05,Administrative subdivision only; cities are imported in later city files.
UPSERT,reg_lt_52,LT,LTU,Lithuania,ليتوانيا,Republic of Lithuania,Europe,أوروبا,Northern Europe,شمال أوروبا,LT-52,LT-VL,Vilniaus apskritis,2,district_municipality,District municipality,Trakai,,Trakai,true,ISO_3166_2,https://www.iso.org/obp/ui/#search,ISO 3166-2 subdivisions via pycountry/isocodes,REFERENCE_DATA_IMPORTED,NEEDS_AR_TRANSLATION,2026-08-05,Administrative subdivision only; cities are imported in later city files.
UPSERT,reg_lt_53,LT,LTU,Lithuania,ليتوانيا,Republic of Lithuania,Europe,أوروبا,Northern Europe,شمال أوروبا,LT-53,LT-VL,Vilniaus apskritis,2,district_municipality,District municipality,Ukmergė,,Ukmergė,true,ISO_3166_2,https://www.iso.org/obp/ui/#search,ISO 3166-2 subdivisions via pycountry/isocodes,REFERENCE_DATA_IMPORTED,NEEDS_AR_TRANSLATION,2026-08-05,Administrative subdivision only; cities are imported in later city files.
UPSERT,reg_lt_54,LT,LTU,Lithuania,ليتوانيا,Republic of Lithuania,Europe,أوروبا,Northern Europe,شمال أوروبا,LT-54,LT-UT,Utenos apskritis,2,district_municipality,District municipality,Utena,,Utena,true,ISO_3166_2,https://www.iso.org/obp/ui/#search,ISO 3166-2 subdivisions via pycountry/isocodes,REFERENCE_DATA_IMPORTED,NEEDS_AR_TRANSLATION,2026-08-05,Administrative subdivision only; cities are imported in later city files.
UPSERT,reg_lt_55,LT,LTU,Lithuania,ليتوانيا,Republic of Lithuania,Europe,أوروبا,Northern Europe,شمال أوروبا,LT-55,LT-AL,Alytaus apskritis,2,district_municipality,District municipality,Varėna,,Varėna,true,ISO_3166_2,https://www.iso.org/obp/ui/#search,ISO 3166-2 subdivisions via pycountry/isocodes,REFERENCE_DATA_IMPORTED,NEEDS_AR_TRANSLATION,2026-08-05,Administrative subdivision only; cities are imported in later city files.
UPSERT,reg_lt_56,LT,LTU,Lithuania,ليتوانيا,Republic of Lithuania,Europe,أوروبا,Northern Europe,شمال أوروبا,LT-56,LT-MR,Marijampolės apskritis,2,district_municipality,District municipality,Vilkaviškis,,Vilkaviškis,true,ISO_3166_2,https://www.iso.org/obp/ui/#search,ISO 3166-2 subdivisions via pycountry/isocodes,REFERENCE_DATA_IMPORTED,NEEDS_AR_TRANSLATION,2026-08-05,Administrative subdivision only; cities are imported in later city files.
UPSERT,reg_lt_57,LT,LTU,Lithuania,ليتوانيا,Republic of Lithuania,Europe,أوروبا,Northern Europe,شمال أوروبا,LT-57,LT-VL,Vilniaus apskritis,2,city_municipality,City municipality,Vilniaus miestas,,Vilniaus miestas,true,ISO_3166_2,https://www.iso.org/obp/ui/#search,ISO 3166-2 subdivisions via pycountry/isocodes,REFERENCE_DATA_IMPORTED,NEEDS_AR_TRANSLATION,2026-08-05,Administrative subdivision only; cities are imported in later city files.
UPSERT,reg_lt_58,LT,LTU,Lithuania,ليتوانيا,Republic of Lithuania,Europe,أوروبا,Northern Europe,شمال أوروبا,LT-58,LT-VL,Vilniaus apskritis,2,district_municipality,District municipality,Vilnius,,Vilnius,true,ISO_3166_2,https://www.iso.org/obp/ui/#search,ISO 3166-2 subdivisions via pycountry/isocodes,REFERENCE_DATA_IMPORTED,NEEDS_AR_TRANSLATION,2026-08-05,Administrative subdivision only; cities are imported in later city files.
UPSERT,reg_lt_59,LT,LTU,Lithuania,ليتوانيا,Republic of Lithuania,Europe,أوروبا,Northern Europe,شمال أوروبا,LT-59,LT-UT,Utenos apskritis,2,municipality,Municipality,Visaginas,,Visaginas,true,ISO_3166_2,https://www.iso.org/obp/ui/#search,ISO 3166-2 subdivisions via pycountry/isocodes,REFERENCE_DATA_IMPORTED,NEEDS_AR_TRANSLATION,2026-08-05,Administrative subdivision only; cities are imported in later city files.
UPSERT,reg_lt_60,LT,LTU,Lithuania,ليتوانيا,Republic of Lithuania,Europe,أوروبا,Northern Europe,شمال أوروبا,LT-60,LT-UT,Utenos apskritis,2,district_municipality,District municipality,Zarasai,,Zarasai,true,ISO_3166_2,https://www.iso.org/obp/ui/#search,ISO 3166-2 subdivisions via pycountry/isocodes,REFERENCE_DATA_IMPORTED,NEEDS_AR_TRANSLATION,2026-08-05,Administrative subdivision only; cities are imported in later city files.
UPSERT,reg_lt_al,LT,LTU,Lithuania,ليتوانيا,Republic of Lithuania,Europe,أوروبا,Northern Europe,شمال أوروبا,LT-AL,,,1,county,County,Alytaus apskritis,,Alytaus apskritis,true,ISO_3166_2,https://www.iso.org/obp/ui/#search,ISO 3166-2 subdivisions via pycountry/isocodes,REFERENCE_DATA_IMPORTED,NEEDS_AR_TRANSLATION,2026-08-05,Administrative subdivision only; cities are imported in later city files.
UPSERT,reg_lt_kl,LT,LTU,Lithuania,ليتوانيا,Republic of Lithuania,Europe,أوروبا,Northern Europe,شمال أوروبا,LT-KL,,,1,county,County,Klaipėdos apskritis,,Klaipėdos apskritis,true,ISO_3166_2,https://www.iso.org/obp/ui/#search,ISO 3166-2 subdivisions via pycountry/isocodes,REFERENCE_DATA_IMPORTED,NEEDS_AR_TRANSLATION,2026-08-05,Administrative subdivision only; cities are imported in later city files.
UPSERT,reg_lt_ku,LT,LTU,Lithuania,ليتوانيا,Republic of Lithuania,Europe,أوروبا,Northern Europe,شمال أوروبا,LT-KU,,,1,county,County,Kauno apskritis,,Kauno apskritis,true,ISO_3166_2,https://www.iso.org/obp/ui/#search,ISO 3166-2 subdivisions via pycountry/isocodes,REFERENCE_DATA_IMPORTED,NEEDS_AR_TRANSLATION,2026-08-05,Administrative subdivision only; cities are imported in later city files.
UPSERT,reg_lt_mr,LT,LTU,Lithuania,ليتوانيا,Republic of Lithuania,Europe,أوروبا,Northern Europe,شمال أوروبا,LT-MR,,,1,county,County,Marijampolės apskritis,,Marijampolės apskritis,true,ISO_3166_2,https://www.iso.org/obp/ui/#search,ISO 3166-2 subdivisions via pycountry/isocodes,REFERENCE_DATA_IMPORTED,NEEDS_AR_TRANSLATION,2026-08-05,Administrative subdivision only; cities are imported in later city files.
UPSERT,reg_lt_pn,LT,LTU,Lithuania,ليتوانيا,Republic of Lithuania,Europe,أوروبا,Northern Europe,شمال أوروبا,LT-PN,,,1,county,County,Panevėžio apskritis,,Panevėžio apskritis,true,ISO_3166_2,https://www.iso.org/obp/ui/#search,ISO 3166-2 subdivisions via pycountry/isocodes,REFERENCE_DATA_IMPORTED,NEEDS_AR_TRANSLATION,2026-08-05,Administrative subdivision only; cities are imported in later city files.
UPSERT,reg_lt_sa,LT,LTU,Lithuania,ليتوانيا,Republic of Lithuania,Europe,أوروبا,Northern Europe,شمال أوروبا,LT-SA,,,1,county,County,Šiaulių apskritis,,Šiaulių apskritis,true,ISO_3166_2,https://www.iso.org/obp/ui/#search,ISO 3166-2 subdivisions via pycountry/isocodes,REFERENCE_DATA_IMPORTED,NEEDS_AR_TRANSLATION,2026-08-05,Administrative subdivision only; cities are imported in later city files.
UPSERT,reg_lt_ta,LT,LTU,Lithuania,ليتوانيا,Republic of Lithuania,Europe,أوروبا,Northern Europe,شمال أوروبا,LT-TA,,,1,county,County,Tauragės apskritis,,Tauragės apskritis,true,ISO_3166_2,https://www.iso.org/obp/ui/#search,ISO 3166-2 subdivisions via pycountry/isocodes,REFERENCE_DATA_IMPORTED,NEEDS_AR_TRANSLATION,2026-08-05,Administrative subdivision only; cities are imported in later city files.
UPSERT,reg_lt_te,LT,LTU,Lithuania,ليتوانيا,Republic of Lithuania,Europe,أوروبا,Northern Europe,شمال أوروبا,LT-TE,,,1,county,County,Telšių apskritis,,Telšių apskritis,true,ISO_3166_2,https://www.iso.org/obp/ui/#search,ISO 3166-2 subdivisions via pycountry/isocodes,REFERENCE_DATA_IMPORTED,NEEDS_AR_TRANSLATION,2026-08-05,Administrative subdivision only; cities are imported in later city files.
UPSERT,reg_lt_ut,LT,LTU,Lithuania,ليتوانيا,Republic of Lithuania,Europe,أوروبا,Northern Europe,شمال أوروبا,LT-UT,,,1,county,County,Utenos apskritis,,Utenos apskritis,true,ISO_3166_2,https://www.iso.org/obp/ui/#search,ISO 3166-2 subdivisions via pycountry/isocodes,REFERENCE_DATA_IMPORTED,NEEDS_AR_TRANSLATION,2026-08-05,Administrative subdivision only; cities are imported in later city files.
UPSERT,reg_lt_vl,LT,LTU,Lithuania,ليتوانيا,Republic of Lithuania,Europe,أوروبا,Northern Europe,شمال أوروبا,LT-VL,,,1,county,County,Vilniaus apskritis,,Vilniaus apskritis,true,ISO_3166_2,https://www.iso.org/obp/ui/#search,ISO 3166-2 subdivisions via pycountry/isocodes,REFERENCE_DATA_IMPORTED,NEEDS_AR_TRANSLATION,2026-08-05,Administrative subdivision only; cities are imported in later city files.
UPSERT,reg_lu_ca,LU,LUX,Luxembourg,لوكسمبورغ,Grand Duchy of Luxembourg,Europe,أوروبا,Western Europe,غرب أوروبا,LU-CA,,,1,canton,Canton,Capellen,,Capellen,true,ISO_3166_2,https://www.iso.org/obp/ui/#search,ISO 3166-2 subdivisions via pycountry/isocodes,REFERENCE_DATA_IMPORTED,NEEDS_AR_TRANSLATION,2026-08-05,Administrative subdivision only; cities are imported in later city files.
UPSERT,reg_lu_cl,LU,LUX,Luxembourg,لوكسمبورغ,Grand Duchy of Luxembourg,Europe,أوروبا,Western Europe,غرب أوروبا,LU-CL,,,1,canton,Canton,Clervaux,,Clervaux,true,ISO_3166_2,https://www.iso.org/obp/ui/#search,ISO 3166-2 subdivisions via pycountry/isocodes,REFERENCE_DATA_IMPORTED,NEEDS_AR_TRANSLATION,2026-08-05,Administrative subdivision only; cities are imported in later city files.
UPSERT,reg_lu_di,LU,LUX,Luxembourg,لوكسمبورغ,Grand Duchy of Luxembourg,Europe,أوروبا,Western Europe,غرب أوروبا,LU-DI,,,1,canton,Canton,Diekirch,,Diekirch,true,ISO_3166_2,https://www.iso.org/obp/ui/#search,ISO 3166-2 subdivisions via pycountry/isocodes,REFERENCE_DATA_IMPORTED,NEEDS_AR_TRANSLATION,2026-08-05,Administrative subdivision only; cities are imported in later city files.
UPSERT,reg_lu_ec,LU,LUX,Luxembourg,لوكسمبورغ,Grand Duchy of Luxembourg,Europe,أوروبا,Western Europe,غرب أوروبا,LU-EC,,,1,canton,Canton,Echternach,,Echternach,true,ISO_3166_2,https://www.iso.org/obp/ui/#search,ISO 3166-2 subdivisions via pycountry/isocodes,REFERENCE_DATA_IMPORTED,NEEDS_AR_TRANSLATION,2026-08-05,Administrative subdivision only; cities are imported in later city files.
UPSERT,reg_lu_es,LU,LUX,Luxembourg,لوكسمبورغ,Grand Duchy of Luxembourg,Europe,أوروبا,Western Europe,غرب أوروبا,LU-ES,,,1,canton,Canton,Esch-sur-Alzette,,Esch-sur-Alzette,true,ISO_3166_2,https://www.iso.org/obp/ui/#search,ISO 3166-2 subdivisions via pycountry/isocodes,REFERENCE_DATA_IMPORTED,NEEDS_AR_TRANSLATION,2026-08-05,Administrative subdivision only; cities are imported in later city files.
UPSERT,reg_lu_gr,LU,LUX,Luxembourg,لوكسمبورغ,Grand Duchy of Luxembourg,Europe,أوروبا,Western Europe,غرب أوروبا,LU-GR,,,1,canton,Canton,Grevenmacher,,Grevenmacher,true,ISO_3166_2,https://www.iso.org/obp/ui/#search,ISO 3166-2 subdivisions via pycountry/isocodes,REFERENCE_DATA_IMPORTED,NEEDS_AR_TRANSLATION,2026-08-05,Administrative subdivision only; cities are imported in later city files.
UPSERT,reg_lu_lu,LU,LUX,Luxembourg,لوكسمبورغ,Grand Duchy of Luxembourg,Europe,أوروبا,Western Europe,غرب أوروبا,LU-LU,,,1,canton,Canton,Luxembourg,,Luxembourg,true,ISO_3166_2,https://www.iso.org/obp/ui/#search,ISO 3166-2 subdivisions via pycountry/isocodes,REFERENCE_DATA_IMPORTED,NEEDS_AR_TRANSLATION,2026-08-05,Administrative subdivision only; cities are imported in later city files.
UPSERT,reg_lu_me,LU,LUX,Luxembourg,لوكسمبورغ,Grand Duchy of Luxembourg,Europe,أوروبا,Western Europe,غرب أوروبا,LU-ME,,,1,canton,Canton,Mersch,,Mersch,true,ISO_3166_2,https://www.iso.org/obp/ui/#search,ISO 3166-2 subdivisions via pycountry/isocodes,REFERENCE_DATA_IMPORTED,NEEDS_AR_TRANSLATION,2026-08-05,Administrative subdivision only; cities are imported in later city files.
UPSERT,reg_lu_rd,LU,LUX,Luxembourg,لوكسمبورغ,Grand Duchy of Luxembourg,Europe,أوروبا,Western Europe,غرب أوروبا,LU-RD,,,1,canton,Canton,Redange,,Redange,true,ISO_3166_2,https://www.iso.org/obp/ui/#search,ISO 3166-2 subdivisions via pycountry/isocodes,REFERENCE_DATA_IMPORTED,NEEDS_AR_TRANSLATION,2026-08-05,Administrative subdivision only; cities are imported in later city files.
UPSERT,reg_lu_rm,LU,LUX,Luxembourg,لوكسمبورغ,Grand Duchy of Luxembourg,Europe,أوروبا,Western Europe,غرب أوروبا,LU-RM,,,1,canton,Canton,Remich,,Remich,true,ISO_3166_2,https://www.iso.org/obp/ui/#search,ISO 3166-2 subdivisions via pycountry/isocodes,REFERENCE_DATA_IMPORTED,NEEDS_AR_TRANSLATION,2026-08-05,Administrative subdivision only; cities are imported in later city files.
UPSERT,reg_lu_vd,LU,LUX,Luxembourg,لوكسمبورغ,Grand Duchy of Luxembourg,Europe,أوروبا,Western Europe,غرب أوروبا,LU-VD,,,1,canton,Canton,Vianden,,Vianden,true,ISO_3166_2,https://www.iso.org/obp/ui/#search,ISO 3166-2 subdivisions via pycountry/isocodes,REFERENCE_DATA_IMPORTED,NEEDS_AR_TRANSLATION,2026-08-05,Administrative subdivision only; cities are imported in later city files.
UPSERT,reg_lu_wi,LU,LUX,Luxembourg,لوكسمبورغ,Grand Duchy of Luxembourg,Europe,أوروبا,Western Europe,غرب أوروبا,LU-WI,,,1,canton,Canton,Wiltz,,Wiltz,true,ISO_3166_2,https://www.iso.org/obp/ui/#search,ISO 3166-2 subdivisions via pycountry/isocodes,REFERENCE_DATA_IMPORTED,NEEDS_AR_TRANSLATION,2026-08-05,Administrative subdivision only; cities are imported in later city files.
UPSERT,reg_lv_002,LV,LVA,Latvia,لاتفيا,Republic of Latvia,Europe,أوروبا,Northern Europe,شمال أوروبا,LV-002,,,1,municipality,Municipality,Aizkraukles novads,,Aizkraukles novads,true,ISO_3166_2,https://www.iso.org/obp/ui/#search,ISO 3166-2 subdivisions via pycountry/isocodes,REFERENCE_DATA_IMPORTED,NEEDS_AR_TRANSLATION,2026-08-05,Administrative subdivision only; cities are imported in later city files.
UPSERT,reg_lv_007,LV,LVA,Latvia,لاتفيا,Republic of Latvia,Europe,أوروبا,Northern Europe,شمال أوروبا,LV-007,,,1,municipality,Municipality,Alūksnes novads,,Alūksnes novads,true,ISO_3166_2,https://www.iso.org/obp/ui/#search,ISO 3166-2 subdivisions via pycountry/isocodes,REFERENCE_DATA_IMPORTED,NEEDS_AR_TRANSLATION,2026-08-05,Administrative subdivision only; cities are imported in later city files.
UPSERT,reg_lv_011,LV,LVA,Latvia,لاتفيا,Republic of Latvia,Europe,أوروبا,Northern Europe,شمال أوروبا,LV-011,,,1,municipality,Municipality,Ādažu novads,,Ādažu novads,true,ISO_3166_2,https://www.iso.org/obp/ui/#search,ISO 3166-2 subdivisions via pycountry/isocodes,REFERENCE_DATA_IMPORTED,NEEDS_AR_TRANSLATION,2026-08-05,Administrative subdivision only; cities are imported in later city files.
UPSERT,reg_lv_015,LV,LVA,Latvia,لاتفيا,Republic of Latvia,Europe,أوروبا,Northern Europe,شمال أوروبا,LV-015,,,1,municipality,Municipality,Balvu novads,,Balvu novads,true,ISO_3166_2,https://www.iso.org/obp/ui/#search,ISO 3166-2 subdivisions via pycountry/isocodes,REFERENCE_DATA_IMPORTED,NEEDS_AR_TRANSLATION,2026-08-05,Administrative subdivision only; cities are imported in later city files.
UPSERT,reg_lv_016,LV,LVA,Latvia,لاتفيا,Republic of Latvia,Europe,أوروبا,Northern Europe,شمال أوروبا,LV-016,,,1,municipality,Municipality,Bauskas novads,,Bauskas novads,true,ISO_3166_2,https://www.iso.org/obp/ui/#search,ISO 3166-2 subdivisions via pycountry/isocodes,REFERENCE_DATA_IMPORTED,NEEDS_AR_TRANSLATION,2026-08-05,Administrative subdivision only; cities are imported in later city files.
UPSERT,reg_lv_022,LV,LVA,Latvia,لاتفيا,Republic of Latvia,Europe,أوروبا,Northern Europe,شمال أوروبا,LV-022,,,1,municipality,Municipality,Cēsu novads,,Cēsu novads,true,ISO_3166_2,https://www.iso.org/obp/ui/#search,ISO 3166-2 subdivisions via pycountry/isocodes,REFERENCE_DATA_IMPORTED,NEEDS_AR_TRANSLATION,2026-08-05,Administrative subdivision only; cities are imported in later city files.
UPSERT,reg_lv_026,LV,LVA,Latvia,لاتفيا,Republic of Latvia,Europe,أوروبا,Northern Europe,شمال أوروبا,LV-026,,,1,municipality,Municipality,Dobeles novads,,Dobeles novads,true,ISO_3166_2,https://www.iso.org/obp/ui/#search,ISO 3166-2 subdivisions via pycountry/isocodes,REFERENCE_DATA_IMPORTED,NEEDS_AR_TRANSLATION,2026-08-05,Administrative subdivision only; cities are imported in later city files.
UPSERT,reg_lv_033,LV,LVA,Latvia,لاتفيا,Republic of Latvia,Europe,أوروبا,Northern Europe,شمال أوروبا,LV-033,,,1,municipality,Municipality,Gulbenes novads,,Gulbenes novads,true,ISO_3166_2,https://www.iso.org/obp/ui/#search,ISO 3166-2 subdivisions via pycountry/isocodes,REFERENCE_DATA_IMPORTED,NEEDS_AR_TRANSLATION,2026-08-05,Administrative subdivision only; cities are imported in later city files.
UPSERT,reg_lv_041,LV,LVA,Latvia,لاتفيا,Republic of Latvia,Europe,أوروبا,Northern Europe,شمال أوروبا,LV-041,,,1,municipality,Municipality,Jelgavas novads,,Jelgavas novads,true,ISO_3166_2,https://www.iso.org/obp/ui/#search,ISO 3166-2 subdivisions via pycountry/isocodes,REFERENCE_DATA_IMPORTED,NEEDS_AR_TRANSLATION,2026-08-05,Administrative subdivision only; cities are imported in later city files.
UPSERT,reg_lv_042,LV,LVA,Latvia,لاتفيا,Republic of Latvia,Europe,أوروبا,Northern Europe,شمال أوروبا,LV-042,,,1,municipality,Municipality,Jēkabpils novads,,Jēkabpils novads,true,ISO_3166_2,https://www.iso.org/obp/ui/#search,ISO 3166-2 subdivisions via pycountry/isocodes,REFERENCE_DATA_IMPORTED,NEEDS_AR_TRANSLATION,2026-08-05,Administrative subdivision only; cities are imported in later city files.
UPSERT,reg_lv_047,LV,LVA,Latvia,لاتفيا,Republic of Latvia,Europe,أوروبا,Northern Europe,شمال أوروبا,LV-047,,,1,municipality,Municipality,Krāslavas novads,,Krāslavas novads,true,ISO_3166_2,https://www.iso.org/obp/ui/#search,ISO 3166-2 subdivisions via pycountry/isocodes,REFERENCE_DATA_IMPORTED,NEEDS_AR_TRANSLATION,2026-08-05,Administrative subdivision only; cities are imported in later city files.
UPSERT,reg_lv_050,LV,LVA,Latvia,لاتفيا,Republic of Latvia,Europe,أوروبا,Northern Europe,شمال أوروبا,LV-050,,,1,municipality,Municipality,Kuldīgas novads,,Kuldīgas novads,true,ISO_3166_2,https://www.iso.org/obp/ui/#search,ISO 3166-2 subdivisions via pycountry/isocodes,REFERENCE_DATA_IMPORTED,NEEDS_AR_TRANSLATION,2026-08-05,Administrative subdivision only; cities are imported in later city files.
UPSERT,reg_lv_052,LV,LVA,Latvia,لاتفيا,Republic of Latvia,Europe,أوروبا,Northern Europe,شمال أوروبا,LV-052,,,1,municipality,Municipality,Ķekavas novads,,Ķekavas novads,true,ISO_3166_2,https://www.iso.org/obp/ui/#search,ISO 3166-2 subdivisions via pycountry/isocodes,REFERENCE_DATA_IMPORTED,NEEDS_AR_TRANSLATION,2026-08-05,Administrative subdivision only; cities are imported in later city files.
UPSERT,reg_lv_054,LV,LVA,Latvia,لاتفيا,Republic of Latvia,Europe,أوروبا,Northern Europe,شمال أوروبا,LV-054,,,1,municipality,Municipality,Limbažu novads,,Limbažu novads,true,ISO_3166_2,https://www.iso.org/obp/ui/#search,ISO 3166-2 subdivisions via pycountry/isocodes,REFERENCE_DATA_IMPORTED,NEEDS_AR_TRANSLATION,2026-08-05,Administrative subdivision only; cities are imported in later city files.
UPSERT,reg_lv_056,LV,LVA,Latvia,لاتفيا,Republic of Latvia,Europe,أوروبا,Northern Europe,شمال أوروبا,LV-056,,,1,municipality,Municipality,Līvānu novads,,Līvānu novads,true,ISO_3166_2,https://www.iso.org/obp/ui/#search,ISO 3166-2 subdivisions via pycountry/isocodes,REFERENCE_DATA_IMPORTED,NEEDS_AR_TRANSLATION,2026-08-05,Administrative subdivision only; cities are imported in later city files.
UPSERT,reg_lv_058,LV,LVA,Latvia,لاتفيا,Republic of Latvia,Europe,أوروبا,Northern Europe,شمال أوروبا,LV-058,,,1,municipality,Municipality,Ludzas novads,,Ludzas novads,true,ISO_3166_2,https://www.iso.org/obp/ui/#search,ISO 3166-2 subdivisions via pycountry/isocodes,REFERENCE_DATA_IMPORTED,NEEDS_AR_TRANSLATION,2026-08-05,Administrative subdivision only; cities are imported in later city files.
UPSERT,reg_lv_059,LV,LVA,Latvia,لاتفيا,Republic of Latvia,Europe,أوروبا,Northern Europe,شمال أوروبا,LV-059,,,1,municipality,Municipality,Madonas novads,,Madonas novads,true,ISO_3166_2,https://www.iso.org/obp/ui/#search,ISO 3166-2 subdivisions via pycountry/isocodes,REFERENCE_DATA_IMPORTED,NEEDS_AR_TRANSLATION,2026-08-05,Administrative subdivision only; cities are imported in later city files.
UPSERT,reg_lv_062,LV,LVA,Latvia,لاتفيا,Republic of Latvia,Europe,أوروبا,Northern Europe,شمال أوروبا,LV-062,,,1,municipality,Municipality,Mārupes novads,,Mārupes novads,true,ISO_3166_2,https://www.iso.org/obp/ui/#search,ISO 3166-2 subdivisions via pycountry/isocodes,REFERENCE_DATA_IMPORTED,NEEDS_AR_TRANSLATION,2026-08-05,Administrative subdivision only; cities are imported in later city files.
UPSERT,reg_lv_067,LV,LVA,Latvia,لاتفيا,Republic of Latvia,Europe,أوروبا,Northern Europe,شمال أوروبا,LV-067,,,1,municipality,Municipality,Ogres novads,,Ogres novads,true,ISO_3166_2,https://www.iso.org/obp/ui/#search,ISO 3166-2 subdivisions via pycountry/isocodes,REFERENCE_DATA_IMPORTED,NEEDS_AR_TRANSLATION,2026-08-05,Administrative subdivision only; cities are imported in later city files.
UPSERT,reg_lv_068,LV,LVA,Latvia,لاتفيا,Republic of Latvia,Europe,أوروبا,Northern Europe,شمال أوروبا,LV-068,,,1,municipality,Municipality,Olaines novads,,Olaines novads,true,ISO_3166_2,https://www.iso.org/obp/ui/#search,ISO 3166-2 subdivisions via pycountry/isocodes,REFERENCE_DATA_IMPORTED,NEEDS_AR_TRANSLATION,2026-08-05,Administrative subdivision only; cities are imported in later city files.
UPSERT,reg_lv_073,LV,LVA,Latvia,لاتفيا,Republic of Latvia,Europe,أوروبا,Northern Europe,شمال أوروبا,LV-073,,,1,municipality,Municipality,Preiļu novads,,Preiļu novads,true,ISO_3166_2,https://www.iso.org/obp/ui/#search,ISO 3166-2 subdivisions via pycountry/isocodes,REFERENCE_DATA_IMPORTED,NEEDS_AR_TRANSLATION,2026-08-05,Administrative subdivision only; cities are imported in later city files.
UPSERT,reg_lv_077,LV,LVA,Latvia,لاتفيا,Republic of Latvia,Europe,أوروبا,Northern Europe,شمال أوروبا,LV-077,,,1,municipality,Municipality,Rēzeknes novads,,Rēzeknes novads,true,ISO_3166_2,https://www.iso.org/obp/ui/#search,ISO 3166-2 subdivisions via pycountry/isocodes,REFERENCE_DATA_IMPORTED,NEEDS_AR_TRANSLATION,2026-08-05,Administrative subdivision only; cities are imported in later city files.
UPSERT,reg_lv_080,LV,LVA,Latvia,لاتفيا,Republic of Latvia,Europe,أوروبا,Northern Europe,شمال أوروبا,LV-080,,,1,municipality,Municipality,Ropažu novads,,Ropažu novads,true,ISO_3166_2,https://www.iso.org/obp/ui/#search,ISO 3166-2 subdivisions via pycountry/isocodes,REFERENCE_DATA_IMPORTED,NEEDS_AR_TRANSLATION,2026-08-05,Administrative subdivision only; cities are imported in later city files.
UPSERT,reg_lv_087,LV,LVA,Latvia,لاتفيا,Republic of Latvia,Europe,أوروبا,Northern Europe,شمال أوروبا,LV-087,,,1,municipality,Municipality,Salaspils novads,,Salaspils novads,true,ISO_3166_2,https://www.iso.org/obp/ui/#search,ISO 3166-2 subdivisions via pycountry/isocodes,REFERENCE_DATA_IMPORTED,NEEDS_AR_TRANSLATION,2026-08-05,Administrative subdivision only; cities are imported in later city files.
UPSERT,reg_lv_088,LV,LVA,Latvia,لاتفيا,Republic of Latvia,Europe,أوروبا,Northern Europe,شمال أوروبا,LV-088,,,1,municipality,Municipality,Saldus novads,,Saldus novads,true,ISO_3166_2,https://www.iso.org/obp/ui/#search,ISO 3166-2 subdivisions via pycountry/isocodes,REFERENCE_DATA_IMPORTED,NEEDS_AR_TRANSLATION,2026-08-05,Administrative subdivision only; cities are imported in later city files.
UPSERT,reg_lv_089,LV,LVA,Latvia,لاتفيا,Republic of Latvia,Europe,أوروبا,Northern Europe,شمال أوروبا,LV-089,,,1,municipality,Municipality,Saulkrastu novads,,Saulkrastu novads,true,ISO_3166_2,https://www.iso.org/obp/ui/#search,ISO 3166-2 subdivisions via pycountry/isocodes,REFERENCE_DATA_IMPORTED,NEEDS_AR_TRANSLATION,2026-08-05,Administrative subdivision only; cities are imported in later city files.
UPSERT,reg_lv_091,LV,LVA,Latvia,لاتفيا,Republic of Latvia,Europe,أوروبا,Northern Europe,شمال أوروبا,LV-091,,,1,municipality,Municipality,Siguldas novads,,Siguldas novads,true,ISO_3166_2,https://www.iso.org/obp/ui/#search,ISO 3166-2 subdivisions via pycountry/isocodes,REFERENCE_DATA_IMPORTED,NEEDS_AR_TRANSLATION,2026-08-05,Administrative subdivision only; cities are imported in later city files.
UPSERT,reg_lv_094,LV,LVA,Latvia,لاتفيا,Republic of Latvia,Europe,أوروبا,Northern Europe,شمال أوروبا,LV-094,,,1,municipality,Municipality,Smiltenes novads,,Smiltenes novads,true,ISO_3166_2,https://www.iso.org/obp/ui/#search,ISO 3166-2 subdivisions via pycountry/isocodes,REFERENCE_DATA_IMPORTED,NEEDS_AR_TRANSLATION,2026-08-05,Administrative subdivision only; cities are imported in later city files.
UPSERT,reg_lv_097,LV,LVA,Latvia,لاتفيا,Republic of Latvia,Europe,أوروبا,Northern Europe,شمال أوروبا,LV-097,,,1,municipality,Municipality,Talsu novads,,Talsu novads,true,ISO_3166_2,https://www.iso.org/obp/ui/#search,ISO 3166-2 subdivisions via pycountry/isocodes,REFERENCE_DATA_IMPORTED,NEEDS_AR_TRANSLATION,2026-08-05,Administrative subdivision only; cities are imported in later city files.
UPSERT,reg_lv_099,LV,LVA,Latvia,لاتفيا,Republic of Latvia,Europe,أوروبا,Northern Europe,شمال أوروبا,LV-099,,,1,municipality,Municipality,Tukuma novads,,Tukuma novads,true,ISO_3166_2,https://www.iso.org/obp/ui/#search,ISO 3166-2 subdivisions via pycountry/isocodes,REFERENCE_DATA_IMPORTED,NEEDS_AR_TRANSLATION,2026-08-05,Administrative subdivision only; cities are imported in later city files.
UPSERT,reg_lv_101,LV,LVA,Latvia,لاتفيا,Republic of Latvia,Europe,أوروبا,Northern Europe,شمال أوروبا,LV-101,,,1,municipality,Municipality,Valkas novads,,Valkas novads,true,ISO_3166_2,https://www.iso.org/obp/ui/#search,ISO 3166-2 subdivisions via pycountry/isocodes,REFERENCE_DATA_IMPORTED,NEEDS_AR_TRANSLATION,2026-08-05,Administrative subdivision only; cities are imported in later city files.
UPSERT,reg_lv_102,LV,LVA,Latvia,لاتفيا,Republic of Latvia,Europe,أوروبا,Northern Europe,شمال أوروبا,LV-102,,,1,municipality,Municipality,Varakļānu novads,,Varakļānu novads,true,ISO_3166_2,https://www.iso.org/obp/ui/#search,ISO 3166-2 subdivisions via pycountry/isocodes,REFERENCE_DATA_IMPORTED,NEEDS_AR_TRANSLATION,2026-08-05,Administrative subdivision only; cities are imported in later city files.
UPSERT,reg_lv_106,LV,LVA,Latvia,لاتفيا,Republic of Latvia,Europe,أوروبا,Northern Europe,شمال أوروبا,LV-106,,,1,municipality,Municipality,Ventspils novads,,Ventspils novads,true,ISO_3166_2,https://www.iso.org/obp/ui/#search,ISO 3166-2 subdivisions via pycountry/isocodes,REFERENCE_DATA_IMPORTED,NEEDS_AR_TRANSLATION,2026-08-05,Administrative subdivision only; cities are imported in later city files.
UPSERT,reg_lv_111,LV,LVA,Latvia,لاتفيا,Republic of Latvia,Europe,أوروبا,Northern Europe,شمال أوروبا,LV-111,,,1,municipality,Municipality,Augšdaugavas novads,,Augšdaugavas novads,true,ISO_3166_2,https://www.iso.org/obp/ui/#search,ISO 3166-2 subdivisions via pycountry/isocodes,REFERENCE_DATA_IMPORTED,NEEDS_AR_TRANSLATION,2026-08-05,Administrative subdivision only; cities are imported in later city files.
UPSERT,reg_lv_112,LV,LVA,Latvia,لاتفيا,Republic of Latvia,Europe,أوروبا,Northern Europe,شمال أوروبا,LV-112,,,1,municipality,Municipality,Dienvidkurzemes Novads,,Dienvidkurzemes Novads,true,ISO_3166_2,https://www.iso.org/obp/ui/#search,ISO 3166-2 subdivisions via pycountry/isocodes,REFERENCE_DATA_IMPORTED,NEEDS_AR_TRANSLATION,2026-08-05,Administrative subdivision only; cities are imported in later city files.
UPSERT,reg_lv_113,LV,LVA,Latvia,لاتفيا,Republic of Latvia,Europe,أوروبا,Northern Europe,شمال أوروبا,LV-113,,,1,municipality,Municipality,Valmieras Novads,,Valmieras Novads,true,ISO_3166_2,https://www.iso.org/obp/ui/#search,ISO 3166-2 subdivisions via pycountry/isocodes,REFERENCE_DATA_IMPORTED,NEEDS_AR_TRANSLATION,2026-08-05,Administrative subdivision only; cities are imported in later city files.
UPSERT,reg_lv_dgv,LV,LVA,Latvia,لاتفيا,Republic of Latvia,Europe,أوروبا,Northern Europe,شمال أوروبا,LV-DGV,,,1,state_city,State city,Daugavpils,,Daugavpils,true,ISO_3166_2,https://www.iso.org/obp/ui/#search,ISO 3166-2 subdivisions via pycountry/isocodes,REFERENCE_DATA_IMPORTED,NEEDS_AR_TRANSLATION,2026-08-05,Administrative subdivision only; cities are imported in later city files.
UPSERT,reg_lv_jel,LV,LVA,Latvia,لاتفيا,Republic of Latvia,Europe,أوروبا,Northern Europe,شمال أوروبا,LV-JEL,,,1,state_city,State city,Jelgava,,Jelgava,true,ISO_3166_2,https://www.iso.org/obp/ui/#search,ISO 3166-2 subdivisions via pycountry/isocodes,REFERENCE_DATA_IMPORTED,NEEDS_AR_TRANSLATION,2026-08-05,Administrative subdivision only; cities are imported in later city files.
UPSERT,reg_lv_jur,LV,LVA,Latvia,لاتفيا,Republic of Latvia,Europe,أوروبا,Northern Europe,شمال أوروبا,LV-JUR,,,1,state_city,State city,Jūrmala,,Jūrmala,true,ISO_3166_2,https://www.iso.org/obp/ui/#search,ISO 3166-2 subdivisions via pycountry/isocodes,REFERENCE_DATA_IMPORTED,NEEDS_AR_TRANSLATION,2026-08-05,Administrative subdivision only; cities are imported in later city files.
UPSERT,reg_lv_lpx,LV,LVA,Latvia,لاتفيا,Republic of Latvia,Europe,أوروبا,Northern Europe,شمال أوروبا,LV-LPX,,,1,state_city,State city,Liepāja,,Liepāja,true,ISO_3166_2,https://www.iso.org/obp/ui/#search,ISO 3166-2 subdivisions via pycountry/isocodes,REFERENCE_DATA_IMPORTED,NEEDS_AR_TRANSLATION,2026-08-05,Administrative subdivision only; cities are imported in later city files.
UPSERT,reg_lv_rez,LV,LVA,Latvia,لاتفيا,Republic of Latvia,Europe,أوروبا,Northern Europe,شمال أوروبا,LV-REZ,,,1,state_city,State city,Rēzekne,,Rēzekne,true,ISO_3166_2,https://www.iso.org/obp/ui/#search,ISO 3166-2 subdivisions via pycountry/isocodes,REFERENCE_DATA_IMPORTED,NEEDS_AR_TRANSLATION,2026-08-05,Administrative subdivision only; cities are imported in later city files.
UPSERT,reg_lv_rix,LV,LVA,Latvia,لاتفيا,Republic of Latvia,Europe,أوروبا,Northern Europe,شمال أوروبا,LV-RIX,,,1,state_city,State city,Rīga,,Rīga,true,ISO_3166_2,https://www.iso.org/obp/ui/#search,ISO 3166-2 subdivisions via pycountry/isocodes,REFERENCE_DATA_IMPORTED,NEEDS_AR_TRANSLATION,2026-08-05,Administrative subdivision only; cities are imported in later city files.
UPSERT,reg_lv_ven,LV,LVA,Latvia,لاتفيا,Republic of Latvia,Europe,أوروبا,Northern Europe,شمال أوروبا,LV-VEN,,,1,state_city,State city,Ventspils,,Ventspils,true,ISO_3166_2,https://www.iso.org/obp/ui/#search,ISO 3166-2 subdivisions via pycountry/isocodes,REFERENCE_DATA_IMPORTED,NEEDS_AR_TRANSLATION,2026-08-05,Administrative subdivision only; cities are imported in later city files.
UPSERT,reg_mc_cl,MC,MCO,Monaco,موناكو,Principality of Monaco,Europe,أوروبا,Western Europe,غرب أوروبا,MC-CL,,,1,quarter,Quarter,La Colle,,La Colle,true,ISO_3166_2,https://www.iso.org/obp/ui/#search,ISO 3166-2 subdivisions via pycountry/isocodes,REFERENCE_DATA_IMPORTED,NEEDS_AR_TRANSLATION,2026-08-05,Administrative subdivision only; cities are imported in later city files.
UPSERT,reg_mc_co,MC,MCO,Monaco,موناكو,Principality of Monaco,Europe,أوروبا,Western Europe,غرب أوروبا,MC-CO,,,1,quarter,Quarter,La Condamine,,La Condamine,true,ISO_3166_2,https://www.iso.org/obp/ui/#search,ISO 3166-2 subdivisions via pycountry/isocodes,REFERENCE_DATA_IMPORTED,NEEDS_AR_TRANSLATION,2026-08-05,Administrative subdivision only; cities are imported in later city files.
UPSERT,reg_mc_fo,MC,MCO,Monaco,موناكو,Principality of Monaco,Europe,أوروبا,Western Europe,غرب أوروبا,MC-FO,,,1,quarter,Quarter,Fontvieille,,Fontvieille,true,ISO_3166_2,https://www.iso.org/obp/ui/#search,ISO 3166-2 subdivisions via pycountry/isocodes,REFERENCE_DATA_IMPORTED,NEEDS_AR_TRANSLATION,2026-08-05,Administrative subdivision only; cities are imported in later city files.
UPSERT,reg_mc_ga,MC,MCO,Monaco,موناكو,Principality of Monaco,Europe,أوروبا,Western Europe,غرب أوروبا,MC-GA,,,1,quarter,Quarter,La Gare,,La Gare,true,ISO_3166_2,https://www.iso.org/obp/ui/#search,ISO 3166-2 subdivisions via pycountry/isocodes,REFERENCE_DATA_IMPORTED,NEEDS_AR_TRANSLATION,2026-08-05,Administrative subdivision only; cities are imported in later city files.
UPSERT,reg_mc_je,MC,MCO,Monaco,موناكو,Principality of Monaco,Europe,أوروبا,Western Europe,غرب أوروبا,MC-JE,,,1,quarter,Quarter,Jardin Exotique,,Jardin Exotique,true,ISO_3166_2,https://www.iso.org/obp/ui/#search,ISO 3166-2 subdivisions via pycountry/isocodes,REFERENCE_DATA_IMPORTED,NEEDS_AR_TRANSLATION,2026-08-05,Administrative subdivision only; cities are imported in later city files.
UPSERT,reg_mc_la,MC,MCO,Monaco,موناكو,Principality of Monaco,Europe,أوروبا,Western Europe,غرب أوروبا,MC-LA,,,1,quarter,Quarter,Larvotto,,Larvotto,true,ISO_3166_2,https://www.iso.org/obp/ui/#search,ISO 3166-2 subdivisions via pycountry/isocodes,REFERENCE_DATA_IMPORTED,NEEDS_AR_TRANSLATION,2026-08-05,Administrative subdivision only; cities are imported in later city files.
UPSERT,reg_mc_ma,MC,MCO,Monaco,موناكو,Principality of Monaco,Europe,أوروبا,Western Europe,غرب أوروبا,MC-MA,,,1,quarter,Quarter,Malbousquet,,Malbousquet,true,ISO_3166_2,https://www.iso.org/obp/ui/#search,ISO 3166-2 subdivisions via pycountry/isocodes,REFERENCE_DATA_IMPORTED,NEEDS_AR_TRANSLATION,2026-08-05,Administrative subdivision only; cities are imported in later city files.
UPSERT,reg_mc_mc,MC,MCO,Monaco,موناكو,Principality of Monaco,Europe,أوروبا,Western Europe,غرب أوروبا,MC-MC,,,1,quarter,Quarter,Monte-Carlo,,Monte-Carlo,true,ISO_3166_2,https://www.iso.org/obp/ui/#search,ISO 3166-2 subdivisions via pycountry/isocodes,REFERENCE_DATA_IMPORTED,NEEDS_AR_TRANSLATION,2026-08-05,Administrative subdivision only; cities are imported in later city files.
UPSERT,reg_mc_mg,MC,MCO,Monaco,موناكو,Principality of Monaco,Europe,أوروبا,Western Europe,غرب أوروبا,MC-MG,,,1,quarter,Quarter,Moneghetti,,Moneghetti,true,ISO_3166_2,https://www.iso.org/obp/ui/#search,ISO 3166-2 subdivisions via pycountry/isocodes,REFERENCE_DATA_IMPORTED,NEEDS_AR_TRANSLATION,2026-08-05,Administrative subdivision only; cities are imported in later city files.
UPSERT,reg_mc_mo,MC,MCO,Monaco,موناكو,Principality of Monaco,Europe,أوروبا,Western Europe,غرب أوروبا,MC-MO,,,1,quarter,Quarter,Monaco-Ville,,Monaco-Ville,true,ISO_3166_2,https://www.iso.org/obp/ui/#search,ISO 3166-2 subdivisions via pycountry/isocodes,REFERENCE_DATA_IMPORTED,NEEDS_AR_TRANSLATION,2026-08-05,Administrative subdivision only; cities are imported in later city files.
UPSERT,reg_mc_mu,MC,MCO,Monaco,موناكو,Principality of Monaco,Europe,أوروبا,Western Europe,غرب أوروبا,MC-MU,,,1,quarter,Quarter,Moulins,,Moulins,true,ISO_3166_2,https://www.iso.org/obp/ui/#search,ISO 3166-2 subdivisions via pycountry/isocodes,REFERENCE_DATA_IMPORTED,NEEDS_AR_TRANSLATION,2026-08-05,Administrative subdivision only; cities are imported in later city files.
UPSERT,reg_mc_ph,MC,MCO,Monaco,موناكو,Principality of Monaco,Europe,أوروبا,Western Europe,غرب أوروبا,MC-PH,,,1,quarter,Quarter,Port-Hercule,,Port-Hercule,true,ISO_3166_2,https://www.iso.org/obp/ui/#search,ISO 3166-2 subdivisions via pycountry/isocodes,REFERENCE_DATA_IMPORTED,NEEDS_AR_TRANSLATION,2026-08-05,Administrative subdivision only; cities are imported in later city files.
UPSERT,reg_mc_sd,MC,MCO,Monaco,موناكو,Principality of Monaco,Europe,أوروبا,Western Europe,غرب أوروبا,MC-SD,,,1,quarter,Quarter,Sainte-Dévote,,Sainte-Dévote,true,ISO_3166_2,https://www.iso.org/obp/ui/#search,ISO 3166-2 subdivisions via pycountry/isocodes,REFERENCE_DATA_IMPORTED,NEEDS_AR_TRANSLATION,2026-08-05,Administrative subdivision only; cities are imported in later city files.
UPSERT,reg_mc_so,MC,MCO,Monaco,موناكو,Principality of Monaco,Europe,أوروبا,Western Europe,غرب أوروبا,MC-SO,,,1,quarter,Quarter,La Source,,La Source,true,ISO_3166_2,https://www.iso.org/obp/ui/#search,ISO 3166-2 subdivisions via pycountry/isocodes,REFERENCE_DATA_IMPORTED,NEEDS_AR_TRANSLATION,2026-08-05,Administrative subdivision only; cities are imported in later city files.
UPSERT,reg_mc_sp,MC,MCO,Monaco,موناكو,Principality of Monaco,Europe,أوروبا,Western Europe,غرب أوروبا,MC-SP,,,1,quarter,Quarter,Spélugues,,Spélugues,true,ISO_3166_2,https://www.iso.org/obp/ui/#search,ISO 3166-2 subdivisions via pycountry/isocodes,REFERENCE_DATA_IMPORTED,NEEDS_AR_TRANSLATION,2026-08-05,Administrative subdivision only; cities are imported in later city files.
UPSERT,reg_mc_sr,MC,MCO,Monaco,موناكو,Principality of Monaco,Europe,أوروبا,Western Europe,غرب أوروبا,MC-SR,,,1,quarter,Quarter,Saint-Roman,,Saint-Roman,true,ISO_3166_2,https://www.iso.org/obp/ui/#search,ISO 3166-2 subdivisions via pycountry/isocodes,REFERENCE_DATA_IMPORTED,NEEDS_AR_TRANSLATION,2026-08-05,Administrative subdivision only; cities are imported in later city files.
UPSERT,reg_mc_vr,MC,MCO,Monaco,موناكو,Principality of Monaco,Europe,أوروبا,Western Europe,غرب أوروبا,MC-VR,,,1,quarter,Quarter,Vallon de la Rousse,,Vallon de la Rousse,true,ISO_3166_2,https://www.iso.org/obp/ui/#search,ISO 3166-2 subdivisions via pycountry/isocodes,REFERENCE_DATA_IMPORTED,NEEDS_AR_TRANSLATION,2026-08-05,Administrative subdivision only; cities are imported in later city files.
UPSERT,reg_md_an,MD,MDA,"Moldova, Republic of",مولدوفا,Republic of Moldova,Europe,أوروبا,Eastern Europe,شرق أوروبا,MD-AN,,,1,district,District,Anenii Noi,,Anenii Noi,true,ISO_3166_2,https://www.iso.org/obp/ui/#search,ISO 3166-2 subdivisions via pycountry/isocodes,REFERENCE_DATA_IMPORTED,NEEDS_AR_TRANSLATION,2026-08-05,Administrative subdivision only; cities are imported in later city files.
UPSERT,reg_md_ba,MD,MDA,"Moldova, Republic of",مولدوفا,Republic of Moldova,Europe,أوروبا,Eastern Europe,شرق أوروبا,MD-BA,,,1,city,City,Bălți,,Bălți,true,ISO_3166_2,https://www.iso.org/obp/ui/#search,ISO 3166-2 subdivisions via pycountry/isocodes,REFERENCE_DATA_IMPORTED,NEEDS_AR_TRANSLATION,2026-08-05,Administrative subdivision only; cities are imported in later city files.
UPSERT,reg_md_bd,MD,MDA,"Moldova, Republic of",مولدوفا,Republic of Moldova,Europe,أوروبا,Eastern Europe,شرق أوروبا,MD-BD,,,1,city,City,Bender [Tighina],,Bender [Tighina],true,ISO_3166_2,https://www.iso.org/obp/ui/#search,ISO 3166-2 subdivisions via pycountry/isocodes,REFERENCE_DATA_IMPORTED,NEEDS_AR_TRANSLATION,2026-08-05,Administrative subdivision only; cities are imported in later city files.
UPSERT,reg_md_br,MD,MDA,"Moldova, Republic of",مولدوفا,Republic of Moldova,Europe,أوروبا,Eastern Europe,شرق أوروبا,MD-BR,,,1,district,District,Briceni,,Briceni,true,ISO_3166_2,https://www.iso.org/obp/ui/#search,ISO 3166-2 subdivisions via pycountry/isocodes,REFERENCE_DATA_IMPORTED,NEEDS_AR_TRANSLATION,2026-08-05,Administrative subdivision only; cities are imported in later city files.
UPSERT,reg_md_bs,MD,MDA,"Moldova, Republic of",مولدوفا,Republic of Moldova,Europe,أوروبا,Eastern Europe,شرق أوروبا,MD-BS,,,1,district,District,Basarabeasca,,Basarabeasca,true,ISO_3166_2,https://www.iso.org/obp/ui/#search,ISO 3166-2 subdivisions via pycountry/isocodes,REFERENCE_DATA_IMPORTED,NEEDS_AR_TRANSLATION,2026-08-05,Administrative subdivision only; cities are imported in later city files.
UPSERT,reg_md_ca,MD,MDA,"Moldova, Republic of",مولدوفا,Republic of Moldova,Europe,أوروبا,Eastern Europe,شرق أوروبا,MD-CA,,,1,district,District,Cahul,,Cahul,true,ISO_3166_2,https://www.iso.org/obp/ui/#search,ISO 3166-2 subdivisions via pycountry/isocodes,REFERENCE_DATA_IMPORTED,NEEDS_AR_TRANSLATION,2026-08-05,Administrative subdivision only; cities are imported in later city files.
UPSERT,reg_md_cl,MD,MDA,"Moldova, Republic of",مولدوفا,Republic of Moldova,Europe,أوروبا,Eastern Europe,شرق أوروبا,MD-CL,,,1,district,District,Călărași,,Călărași,true,ISO_3166_2,https://www.iso.org/obp/ui/#search,ISO 3166-2 subdivisions via pycountry/isocodes,REFERENCE_DATA_IMPORTED,NEEDS_AR_TRANSLATION,2026-08-05,Administrative subdivision only; cities are imported in later city files.
UPSERT,reg_md_cm,MD,MDA,"Moldova, Republic of",مولدوفا,Republic of Moldova,Europe,أوروبا,Eastern Europe,شرق أوروبا,MD-CM,,,1,district,District,Cimișlia,,Cimișlia,true,ISO_3166_2,https://www.iso.org/obp/ui/#search,ISO 3166-2 subdivisions via pycountry/isocodes,REFERENCE_DATA_IMPORTED,NEEDS_AR_TRANSLATION,2026-08-05,Administrative subdivision only; cities are imported in later city files.
UPSERT,reg_md_cr,MD,MDA,"Moldova, Republic of",مولدوفا,Republic of Moldova,Europe,أوروبا,Eastern Europe,شرق أوروبا,MD-CR,,,1,district,District,Criuleni,,Criuleni,true,ISO_3166_2,https://www.iso.org/obp/ui/#search,ISO 3166-2 subdivisions via pycountry/isocodes,REFERENCE_DATA_IMPORTED,NEEDS_AR_TRANSLATION,2026-08-05,Administrative subdivision only; cities are imported in later city files.
UPSERT,reg_md_cs,MD,MDA,"Moldova, Republic of",مولدوفا,Republic of Moldova,Europe,أوروبا,Eastern Europe,شرق أوروبا,MD-CS,,,1,district,District,Căușeni,,Căușeni,true,ISO_3166_2,https://www.iso.org/obp/ui/#search,ISO 3166-2 subdivisions via pycountry/isocodes,REFERENCE_DATA_IMPORTED,NEEDS_AR_TRANSLATION,2026-08-05,Administrative subdivision only; cities are imported in later city files.
UPSERT,reg_md_ct,MD,MDA,"Moldova, Republic of",مولدوفا,Republic of Moldova,Europe,أوروبا,Eastern Europe,شرق أوروبا,MD-CT,,,1,district,District,Cantemir,,Cantemir,true,ISO_3166_2,https://www.iso.org/obp/ui/#search,ISO 3166-2 subdivisions via pycountry/isocodes,REFERENCE_DATA_IMPORTED,NEEDS_AR_TRANSLATION,2026-08-05,Administrative subdivision only; cities are imported in later city files.
UPSERT,reg_md_cu,MD,MDA,"Moldova, Republic of",مولدوفا,Republic of Moldova,Europe,أوروبا,Eastern Europe,شرق أوروبا,MD-CU,,,1,city,City,Chișinău,,Chișinău,true,ISO_3166_2,https://www.iso.org/obp/ui/#search,ISO 3166-2 subdivisions via pycountry/isocodes,REFERENCE_DATA_IMPORTED,NEEDS_AR_TRANSLATION,2026-08-05,Administrative subdivision only; cities are imported in later city files.
UPSERT,reg_md_do,MD,MDA,"Moldova, Republic of",مولدوفا,Republic of Moldova,Europe,أوروبا,Eastern Europe,شرق أوروبا,MD-DO,,,1,district,District,Dondușeni,,Dondușeni,true,ISO_3166_2,https://www.iso.org/obp/ui/#search,ISO 3166-2 subdivisions via pycountry/isocodes,REFERENCE_DATA_IMPORTED,NEEDS_AR_TRANSLATION,2026-08-05,Administrative subdivision only; cities are imported in later city files.
UPSERT,reg_md_dr,MD,MDA,"Moldova, Republic of",مولدوفا,Republic of Moldova,Europe,أوروبا,Eastern Europe,شرق أوروبا,MD-DR,,,1,district,District,Drochia,,Drochia,true,ISO_3166_2,https://www.iso.org/obp/ui/#search,ISO 3166-2 subdivisions via pycountry/isocodes,REFERENCE_DATA_IMPORTED,NEEDS_AR_TRANSLATION,2026-08-05,Administrative subdivision only; cities are imported in later city files.
UPSERT,reg_md_du,MD,MDA,"Moldova, Republic of",مولدوفا,Republic of Moldova,Europe,أوروبا,Eastern Europe,شرق أوروبا,MD-DU,,,1,district,District,Dubăsari,,Dubăsari,true,ISO_3166_2,https://www.iso.org/obp/ui/#search,ISO 3166-2 subdivisions via pycountry/isocodes,REFERENCE_DATA_IMPORTED,NEEDS_AR_TRANSLATION,2026-08-05,Administrative subdivision only; cities are imported in later city files.
UPSERT,reg_md_ed,MD,MDA,"Moldova, Republic of",مولدوفا,Republic of Moldova,Europe,أوروبا,Eastern Europe,شرق أوروبا,MD-ED,,,1,district,District,Edineț,,Edineț,true,ISO_3166_2,https://www.iso.org/obp/ui/#search,ISO 3166-2 subdivisions via pycountry/isocodes,REFERENCE_DATA_IMPORTED,NEEDS_AR_TRANSLATION,2026-08-05,Administrative subdivision only; cities are imported in later city files.
UPSERT,reg_md_fa,MD,MDA,"Moldova, Republic of",مولدوفا,Republic of Moldova,Europe,أوروبا,Eastern Europe,شرق أوروبا,MD-FA,,,1,district,District,Fălești,,Fălești,true,ISO_3166_2,https://www.iso.org/obp/ui/#search,ISO 3166-2 subdivisions via pycountry/isocodes,REFERENCE_DATA_IMPORTED,NEEDS_AR_TRANSLATION,2026-08-05,Administrative subdivision only; cities are imported in later city files.
UPSERT,reg_md_fl,MD,MDA,"Moldova, Republic of",مولدوفا,Republic of Moldova,Europe,أوروبا,Eastern Europe,شرق أوروبا,MD-FL,,,1,district,District,Florești,,Florești,true,ISO_3166_2,https://www.iso.org/obp/ui/#search,ISO 3166-2 subdivisions via pycountry/isocodes,REFERENCE_DATA_IMPORTED,NEEDS_AR_TRANSLATION,2026-08-05,Administrative subdivision only; cities are imported in later city files.
UPSERT,reg_md_ga,MD,MDA,"Moldova, Republic of",مولدوفا,Republic of Moldova,Europe,أوروبا,Eastern Europe,شرق أوروبا,MD-GA,,,1,autonomous_territorial_unit,Autonomous territorial unit,"Găgăuzia, Unitatea teritorială autonomă (UTAG)",,"Găgăuzia, Unitatea teritorială autonomă (UTAG)",true,ISO_3166_2,https://www.iso.org/obp/ui/#search,ISO 3166-2 subdivisions via pycountry/isocodes,REFERENCE_DATA_IMPORTED,NEEDS_AR_TRANSLATION,2026-08-05,Administrative subdivision only; cities are imported in later city files.
UPSERT,reg_md_gl,MD,MDA,"Moldova, Republic of",مولدوفا,Republic of Moldova,Europe,أوروبا,Eastern Europe,شرق أوروبا,MD-GL,,,1,district,District,Glodeni,,Glodeni,true,ISO_3166_2,https://www.iso.org/obp/ui/#search,ISO 3166-2 subdivisions via pycountry/isocodes,REFERENCE_DATA_IMPORTED,NEEDS_AR_TRANSLATION,2026-08-05,Administrative subdivision only; cities are imported in later city files.
UPSERT,reg_md_hi,MD,MDA,"Moldova, Republic of",مولدوفا,Republic of Moldova,Europe,أوروبا,Eastern Europe,شرق أوروبا,MD-HI,,,1,district,District,Hîncești,,Hîncești,true,ISO_3166_2,https://www.iso.org/obp/ui/#search,ISO 3166-2 subdivisions via pycountry/isocodes,REFERENCE_DATA_IMPORTED,NEEDS_AR_TRANSLATION,2026-08-05,Administrative subdivision only; cities are imported in later city files.
UPSERT,reg_md_ia,MD,MDA,"Moldova, Republic of",مولدوفا,Republic of Moldova,Europe,أوروبا,Eastern Europe,شرق أوروبا,MD-IA,,,1,district,District,Ialoveni,,Ialoveni,true,ISO_3166_2,https://www.iso.org/obp/ui/#search,ISO 3166-2 subdivisions via pycountry/isocodes,REFERENCE_DATA_IMPORTED,NEEDS_AR_TRANSLATION,2026-08-05,Administrative subdivision only; cities are imported in later city files.
UPSERT,reg_md_le,MD,MDA,"Moldova, Republic of",مولدوفا,Republic of Moldova,Europe,أوروبا,Eastern Europe,شرق أوروبا,MD-LE,,,1,district,District,Leova,,Leova,true,ISO_3166_2,https://www.iso.org/obp/ui/#search,ISO 3166-2 subdivisions via pycountry/isocodes,REFERENCE_DATA_IMPORTED,NEEDS_AR_TRANSLATION,2026-08-05,Administrative subdivision only; cities are imported in later city files.
UPSERT,reg_md_ni,MD,MDA,"Moldova, Republic of",مولدوفا,Republic of Moldova,Europe,أوروبا,Eastern Europe,شرق أوروبا,MD-NI,,,1,district,District,Nisporeni,,Nisporeni,true,ISO_3166_2,https://www.iso.org/obp/ui/#search,ISO 3166-2 subdivisions via pycountry/isocodes,REFERENCE_DATA_IMPORTED,NEEDS_AR_TRANSLATION,2026-08-05,Administrative subdivision only; cities are imported in later city files.
UPSERT,reg_md_oc,MD,MDA,"Moldova, Republic of",مولدوفا,Republic of Moldova,Europe,أوروبا,Eastern Europe,شرق أوروبا,MD-OC,,,1,district,District,Ocnița,,Ocnița,true,ISO_3166_2,https://www.iso.org/obp/ui/#search,ISO 3166-2 subdivisions via pycountry/isocodes,REFERENCE_DATA_IMPORTED,NEEDS_AR_TRANSLATION,2026-08-05,Administrative subdivision only; cities are imported in later city files.
UPSERT,reg_md_or,MD,MDA,"Moldova, Republic of",مولدوفا,Republic of Moldova,Europe,أوروبا,Eastern Europe,شرق أوروبا,MD-OR,,,1,district,District,Orhei,,Orhei,true,ISO_3166_2,https://www.iso.org/obp/ui/#search,ISO 3166-2 subdivisions via pycountry/isocodes,REFERENCE_DATA_IMPORTED,NEEDS_AR_TRANSLATION,2026-08-05,Administrative subdivision only; cities are imported in later city files.
UPSERT,reg_md_re,MD,MDA,"Moldova, Republic of",مولدوفا,Republic of Moldova,Europe,أوروبا,Eastern Europe,شرق أوروبا,MD-RE,,,1,district,District,Rezina,,Rezina,true,ISO_3166_2,https://www.iso.org/obp/ui/#search,ISO 3166-2 subdivisions via pycountry/isocodes,REFERENCE_DATA_IMPORTED,NEEDS_AR_TRANSLATION,2026-08-05,Administrative subdivision only; cities are imported in later city files.
UPSERT,reg_md_ri,MD,MDA,"Moldova, Republic of",مولدوفا,Republic of Moldova,Europe,أوروبا,Eastern Europe,شرق أوروبا,MD-RI,,,1,district,District,Rîșcani,,Rîșcani,true,ISO_3166_2,https://www.iso.org/obp/ui/#search,ISO 3166-2 subdivisions via pycountry/isocodes,REFERENCE_DATA_IMPORTED,NEEDS_AR_TRANSLATION,2026-08-05,Administrative subdivision only; cities are imported in later city files.
UPSERT,reg_md_sd,MD,MDA,"Moldova, Republic of",مولدوفا,Republic of Moldova,Europe,أوروبا,Eastern Europe,شرق أوروبا,MD-SD,,,1,district,District,Șoldănești,,Șoldănești,true,ISO_3166_2,https://www.iso.org/obp/ui/#search,ISO 3166-2 subdivisions via pycountry/isocodes,REFERENCE_DATA_IMPORTED,NEEDS_AR_TRANSLATION,2026-08-05,Administrative subdivision only; cities are imported in later city files.
UPSERT,reg_md_si,MD,MDA,"Moldova, Republic of",مولدوفا,Republic of Moldova,Europe,أوروبا,Eastern Europe,شرق أوروبا,MD-SI,,,1,district,District,Sîngerei,,Sîngerei,true,ISO_3166_2,https://www.iso.org/obp/ui/#search,ISO 3166-2 subdivisions via pycountry/isocodes,REFERENCE_DATA_IMPORTED,NEEDS_AR_TRANSLATION,2026-08-05,Administrative subdivision only; cities are imported in later city files.
UPSERT,reg_md_sn,MD,MDA,"Moldova, Republic of",مولدوفا,Republic of Moldova,Europe,أوروبا,Eastern Europe,شرق أوروبا,MD-SN,,,1,territorial_unit,Territorial unit,"Stînga Nistrului, unitatea teritorială din",,"Stînga Nistrului, unitatea teritorială din",true,ISO_3166_2,https://www.iso.org/obp/ui/#search,ISO 3166-2 subdivisions via pycountry/isocodes,REFERENCE_DATA_IMPORTED,NEEDS_AR_TRANSLATION,2026-08-05,Administrative subdivision only; cities are imported in later city files.
UPSERT,reg_md_so,MD,MDA,"Moldova, Republic of",مولدوفا,Republic of Moldova,Europe,أوروبا,Eastern Europe,شرق أوروبا,MD-SO,,,1,district,District,Soroca,,Soroca,true,ISO_3166_2,https://www.iso.org/obp/ui/#search,ISO 3166-2 subdivisions via pycountry/isocodes,REFERENCE_DATA_IMPORTED,NEEDS_AR_TRANSLATION,2026-08-05,Administrative subdivision only; cities are imported in later city files.
UPSERT,reg_md_st,MD,MDA,"Moldova, Republic of",مولدوفا,Republic of Moldova,Europe,أوروبا,Eastern Europe,شرق أوروبا,MD-ST,,,1,district,District,Strășeni,,Strășeni,true,ISO_3166_2,https://www.iso.org/obp/ui/#search,ISO 3166-2 subdivisions via pycountry/isocodes,REFERENCE_DATA_IMPORTED,NEEDS_AR_TRANSLATION,2026-08-05,Administrative subdivision only; cities are imported in later city files.
UPSERT,reg_md_sv,MD,MDA,"Moldova, Republic of",مولدوفا,Republic of Moldova,Europe,أوروبا,Eastern Europe,شرق أوروبا,MD-SV,,,1,district,District,Ștefan Vodă,,Ștefan Vodă,true,ISO_3166_2,https://www.iso.org/obp/ui/#search,ISO 3166-2 subdivisions via pycountry/isocodes,REFERENCE_DATA_IMPORTED,NEEDS_AR_TRANSLATION,2026-08-05,Administrative subdivision only; cities are imported in later city files.
UPSERT,reg_md_ta,MD,MDA,"Moldova, Republic of",مولدوفا,Republic of Moldova,Europe,أوروبا,Eastern Europe,شرق أوروبا,MD-TA,,,1,district,District,Taraclia,,Taraclia,true,ISO_3166_2,https://www.iso.org/obp/ui/#search,ISO 3166-2 subdivisions via pycountry/isocodes,REFERENCE_DATA_IMPORTED,NEEDS_AR_TRANSLATION,2026-08-05,Administrative subdivision only; cities are imported in later city files.
UPSERT,reg_md_te,MD,MDA,"Moldova, Republic of",مولدوفا,Republic of Moldova,Europe,أوروبا,Eastern Europe,شرق أوروبا,MD-TE,,,1,district,District,Telenești,,Telenești,true,ISO_3166_2,https://www.iso.org/obp/ui/#search,ISO 3166-2 subdivisions via pycountry/isocodes,REFERENCE_DATA_IMPORTED,NEEDS_AR_TRANSLATION,2026-08-05,Administrative subdivision only; cities are imported in later city files.
UPSERT,reg_md_un,MD,MDA,"Moldova, Republic of",مولدوفا,Republic of Moldova,Europe,أوروبا,Eastern Europe,شرق أوروبا,MD-UN,,,1,district,District,Ungheni,,Ungheni,true,ISO_3166_2,https://www.iso.org/obp/ui/#search,ISO 3166-2 subdivisions via pycountry/isocodes,REFERENCE_DATA_IMPORTED,NEEDS_AR_TRANSLATION,2026-08-05,Administrative subdivision only; cities are imported in later city files.
UPSERT,reg_me_01,ME,MNE,Montenegro,الجبل الأسود,Montenegro,Europe,أوروبا,Southern Europe,جنوب أوروبا,ME-01,,,1,municipality,Municipality,Andrijevica,,Andrijevica,true,ISO_3166_2,https://www.iso.org/obp/ui/#search,ISO 3166-2 subdivisions via pycountry/isocodes,REFERENCE_DATA_IMPORTED,NEEDS_AR_TRANSLATION,2026-08-05,Administrative subdivision only; cities are imported in later city files.
UPSERT,reg_me_02,ME,MNE,Montenegro,الجبل الأسود,Montenegro,Europe,أوروبا,Southern Europe,جنوب أوروبا,ME-02,,,1,municipality,Municipality,Bar,,Bar,true,ISO_3166_2,https://www.iso.org/obp/ui/#search,ISO 3166-2 subdivisions via pycountry/isocodes,REFERENCE_DATA_IMPORTED,NEEDS_AR_TRANSLATION,2026-08-05,Administrative subdivision only; cities are imported in later city files.
UPSERT,reg_me_03,ME,MNE,Montenegro,الجبل الأسود,Montenegro,Europe,أوروبا,Southern Europe,جنوب أوروبا,ME-03,,,1,municipality,Municipality,Berane,,Berane,true,ISO_3166_2,https://www.iso.org/obp/ui/#search,ISO 3166-2 subdivisions via pycountry/isocodes,REFERENCE_DATA_IMPORTED,NEEDS_AR_TRANSLATION,2026-08-05,Administrative subdivision only; cities are imported in later city files.
UPSERT,reg_me_04,ME,MNE,Montenegro,الجبل الأسود,Montenegro,Europe,أوروبا,Southern Europe,جنوب أوروبا,ME-04,,,1,municipality,Municipality,Bijelo Polje,,Bijelo Polje,true,ISO_3166_2,https://www.iso.org/obp/ui/#search,ISO 3166-2 subdivisions via pycountry/isocodes,REFERENCE_DATA_IMPORTED,NEEDS_AR_TRANSLATION,2026-08-05,Administrative subdivision only; cities are imported in later city files.
UPSERT,reg_me_05,ME,MNE,Montenegro,الجبل الأسود,Montenegro,Europe,أوروبا,Southern Europe,جنوب أوروبا,ME-05,,,1,municipality,Municipality,Budva,,Budva,true,ISO_3166_2,https://www.iso.org/obp/ui/#search,ISO 3166-2 subdivisions via pycountry/isocodes,REFERENCE_DATA_IMPORTED,NEEDS_AR_TRANSLATION,2026-08-05,Administrative subdivision only; cities are imported in later city files.
UPSERT,reg_me_06,ME,MNE,Montenegro,الجبل الأسود,Montenegro,Europe,أوروبا,Southern Europe,جنوب أوروبا,ME-06,,,1,municipality,Municipality,Cetinje,,Cetinje,true,ISO_3166_2,https://www.iso.org/obp/ui/#search,ISO 3166-2 subdivisions via pycountry/isocodes,REFERENCE_DATA_IMPORTED,NEEDS_AR_TRANSLATION,2026-08-05,Administrative subdivision only; cities are imported in later city files.
UPSERT,reg_me_07,ME,MNE,Montenegro,الجبل الأسود,Montenegro,Europe,أوروبا,Southern Europe,جنوب أوروبا,ME-07,,,1,municipality,Municipality,Danilovgrad,,Danilovgrad,true,ISO_3166_2,https://www.iso.org/obp/ui/#search,ISO 3166-2 subdivisions via pycountry/isocodes,REFERENCE_DATA_IMPORTED,NEEDS_AR_TRANSLATION,2026-08-05,Administrative subdivision only; cities are imported in later city files.
UPSERT,reg_me_08,ME,MNE,Montenegro,الجبل الأسود,Montenegro,Europe,أوروبا,Southern Europe,جنوب أوروبا,ME-08,,,1,municipality,Municipality,Herceg-Novi,,Herceg-Novi,true,ISO_3166_2,https://www.iso.org/obp/ui/#search,ISO 3166-2 subdivisions via pycountry/isocodes,REFERENCE_DATA_IMPORTED,NEEDS_AR_TRANSLATION,2026-08-05,Administrative subdivision only; cities are imported in later city files.
UPSERT,reg_me_09,ME,MNE,Montenegro,الجبل الأسود,Montenegro,Europe,أوروبا,Southern Europe,جنوب أوروبا,ME-09,,,1,municipality,Municipality,Kolašin,,Kolašin,true,ISO_3166_2,https://www.iso.org/obp/ui/#search,ISO 3166-2 subdivisions via pycountry/isocodes,REFERENCE_DATA_IMPORTED,NEEDS_AR_TRANSLATION,2026-08-05,Administrative subdivision only; cities are imported in later city files.
UPSERT,reg_me_10,ME,MNE,Montenegro,الجبل الأسود,Montenegro,Europe,أوروبا,Southern Europe,جنوب أوروبا,ME-10,,,1,municipality,Municipality,Kotor,,Kotor,true,ISO_3166_2,https://www.iso.org/obp/ui/#search,ISO 3166-2 subdivisions via pycountry/isocodes,REFERENCE_DATA_IMPORTED,NEEDS_AR_TRANSLATION,2026-08-05,Administrative subdivision only; cities are imported in later city files.
UPSERT,reg_me_11,ME,MNE,Montenegro,الجبل الأسود,Montenegro,Europe,أوروبا,Southern Europe,جنوب أوروبا,ME-11,,,1,municipality,Municipality,Mojkovac,,Mojkovac,true,ISO_3166_2,https://www.iso.org/obp/ui/#search,ISO 3166-2 subdivisions via pycountry/isocodes,REFERENCE_DATA_IMPORTED,NEEDS_AR_TRANSLATION,2026-08-05,Administrative subdivision only; cities are imported in later city files.
UPSERT,reg_me_12,ME,MNE,Montenegro,الجبل الأسود,Montenegro,Europe,أوروبا,Southern Europe,جنوب أوروبا,ME-12,,,1,municipality,Municipality,Nikšić,,Nikšić,true,ISO_3166_2,https://www.iso.org/obp/ui/#search,ISO 3166-2 subdivisions via pycountry/isocodes,REFERENCE_DATA_IMPORTED,NEEDS_AR_TRANSLATION,2026-08-05,Administrative subdivision only; cities are imported in later city files.
UPSERT,reg_me_13,ME,MNE,Montenegro,الجبل الأسود,Montenegro,Europe,أوروبا,Southern Europe,جنوب أوروبا,ME-13,,,1,municipality,Municipality,Plav,,Plav,true,ISO_3166_2,https://www.iso.org/obp/ui/#search,ISO 3166-2 subdivisions via pycountry/isocodes,REFERENCE_DATA_IMPORTED,NEEDS_AR_TRANSLATION,2026-08-05,Administrative subdivision only; cities are imported in later city files.
UPSERT,reg_me_14,ME,MNE,Montenegro,الجبل الأسود,Montenegro,Europe,أوروبا,Southern Europe,جنوب أوروبا,ME-14,,,1,municipality,Municipality,Pljevlja,,Pljevlja,true,ISO_3166_2,https://www.iso.org/obp/ui/#search,ISO 3166-2 subdivisions via pycountry/isocodes,REFERENCE_DATA_IMPORTED,NEEDS_AR_TRANSLATION,2026-08-05,Administrative subdivision only; cities are imported in later city files.
UPSERT,reg_me_15,ME,MNE,Montenegro,الجبل الأسود,Montenegro,Europe,أوروبا,Southern Europe,جنوب أوروبا,ME-15,,,1,municipality,Municipality,Plužine,,Plužine,true,ISO_3166_2,https://www.iso.org/obp/ui/#search,ISO 3166-2 subdivisions via pycountry/isocodes,REFERENCE_DATA_IMPORTED,NEEDS_AR_TRANSLATION,2026-08-05,Administrative subdivision only; cities are imported in later city files.
UPSERT,reg_me_16,ME,MNE,Montenegro,الجبل الأسود,Montenegro,Europe,أوروبا,Southern Europe,جنوب أوروبا,ME-16,,,1,municipality,Municipality,Podgorica,,Podgorica,true,ISO_3166_2,https://www.iso.org/obp/ui/#search,ISO 3166-2 subdivisions via pycountry/isocodes,REFERENCE_DATA_IMPORTED,NEEDS_AR_TRANSLATION,2026-08-05,Administrative subdivision only; cities are imported in later city files.
UPSERT,reg_me_17,ME,MNE,Montenegro,الجبل الأسود,Montenegro,Europe,أوروبا,Southern Europe,جنوب أوروبا,ME-17,,,1,municipality,Municipality,Rožaje,,Rožaje,true,ISO_3166_2,https://www.iso.org/obp/ui/#search,ISO 3166-2 subdivisions via pycountry/isocodes,REFERENCE_DATA_IMPORTED,NEEDS_AR_TRANSLATION,2026-08-05,Administrative subdivision only; cities are imported in later city files.
UPSERT,reg_me_18,ME,MNE,Montenegro,الجبل الأسود,Montenegro,Europe,أوروبا,Southern Europe,جنوب أوروبا,ME-18,,,1,municipality,Municipality,Šavnik,,Šavnik,true,ISO_3166_2,https://www.iso.org/obp/ui/#search,ISO 3166-2 subdivisions via pycountry/isocodes,REFERENCE_DATA_IMPORTED,NEEDS_AR_TRANSLATION,2026-08-05,Administrative subdivision only; cities are imported in later city files.
UPSERT,reg_me_19,ME,MNE,Montenegro,الجبل الأسود,Montenegro,Europe,أوروبا,Southern Europe,جنوب أوروبا,ME-19,,,1,municipality,Municipality,Tivat,,Tivat,true,ISO_3166_2,https://www.iso.org/obp/ui/#search,ISO 3166-2 subdivisions via pycountry/isocodes,REFERENCE_DATA_IMPORTED,NEEDS_AR_TRANSLATION,2026-08-05,Administrative subdivision only; cities are imported in later city files.
UPSERT,reg_me_20,ME,MNE,Montenegro,الجبل الأسود,Montenegro,Europe,أوروبا,Southern Europe,جنوب أوروبا,ME-20,,,1,municipality,Municipality,Ulcinj,,Ulcinj,true,ISO_3166_2,https://www.iso.org/obp/ui/#search,ISO 3166-2 subdivisions via pycountry/isocodes,REFERENCE_DATA_IMPORTED,NEEDS_AR_TRANSLATION,2026-08-05,Administrative subdivision only; cities are imported in later city files.
UPSERT,reg_me_21,ME,MNE,Montenegro,الجبل الأسود,Montenegro,Europe,أوروبا,Southern Europe,جنوب أوروبا,ME-21,,,1,municipality,Municipality,Žabljak,,Žabljak,true,ISO_3166_2,https://www.iso.org/obp/ui/#search,ISO 3166-2 subdivisions via pycountry/isocodes,REFERENCE_DATA_IMPORTED,NEEDS_AR_TRANSLATION,2026-08-05,Administrative subdivision only; cities are imported in later city files.
UPSERT,reg_me_22,ME,MNE,Montenegro,الجبل الأسود,Montenegro,Europe,أوروبا,Southern Europe,جنوب أوروبا,ME-22,,,1,municipality,Municipality,Gusinje,,Gusinje,true,ISO_3166_2,https://www.iso.org/obp/ui/#search,ISO 3166-2 subdivisions via pycountry/isocodes,REFERENCE_DATA_IMPORTED,NEEDS_AR_TRANSLATION,2026-08-05,Administrative subdivision only; cities are imported in later city files.
UPSERT,reg_me_23,ME,MNE,Montenegro,الجبل الأسود,Montenegro,Europe,أوروبا,Southern Europe,جنوب أوروبا,ME-23,,,1,municipality,Municipality,Petnjica,,Petnjica,true,ISO_3166_2,https://www.iso.org/obp/ui/#search,ISO 3166-2 subdivisions via pycountry/isocodes,REFERENCE_DATA_IMPORTED,NEEDS_AR_TRANSLATION,2026-08-05,Administrative subdivision only; cities are imported in later city files.
UPSERT,reg_me_24,ME,MNE,Montenegro,الجبل الأسود,Montenegro,Europe,أوروبا,Southern Europe,جنوب أوروبا,ME-24,,,1,municipality,Municipality,Tuzi,,Tuzi,true,ISO_3166_2,https://www.iso.org/obp/ui/#search,ISO 3166-2 subdivisions via pycountry/isocodes,REFERENCE_DATA_IMPORTED,NEEDS_AR_TRANSLATION,2026-08-05,Administrative subdivision only; cities are imported in later city files.
UPSERT,reg_me_25,ME,MNE,Montenegro,الجبل الأسود,Montenegro,Europe,أوروبا,Southern Europe,جنوب أوروبا,ME-25,,,1,municipality,Municipality,Zeta,,Zeta,true,ISO_3166_2,https://www.iso.org/obp/ui/#search,ISO 3166-2 subdivisions via pycountry/isocodes,REFERENCE_DATA_IMPORTED,NEEDS_AR_TRANSLATION,2026-08-05,Administrative subdivision only; cities are imported in later city files.
UPSERT,reg_mk_101,MK,MKD,North Macedonia,مقدونيا الشمالية,Republic of North Macedonia,Europe,أوروبا,Southern Europe,جنوب أوروبا,MK-101,,,1,municipality,Municipality,Veles,,Veles,true,ISO_3166_2,https://www.iso.org/obp/ui/#search,ISO 3166-2 subdivisions via pycountry/isocodes,REFERENCE_DATA_IMPORTED,NEEDS_AR_TRANSLATION,2026-08-05,Administrative subdivision only; cities are imported in later city files.
UPSERT,reg_mk_102,MK,MKD,North Macedonia,مقدونيا الشمالية,Republic of North Macedonia,Europe,أوروبا,Southern Europe,جنوب أوروبا,MK-102,,,1,municipality,Municipality,Gradsko,,Gradsko,true,ISO_3166_2,https://www.iso.org/obp/ui/#search,ISO 3166-2 subdivisions via pycountry/isocodes,REFERENCE_DATA_IMPORTED,NEEDS_AR_TRANSLATION,2026-08-05,Administrative subdivision only; cities are imported in later city files.
UPSERT,reg_mk_103,MK,MKD,North Macedonia,مقدونيا الشمالية,Republic of North Macedonia,Europe,أوروبا,Southern Europe,جنوب أوروبا,MK-103,,,1,municipality,Municipality,Demir Kapija,,Demir Kapija,true,ISO_3166_2,https://www.iso.org/obp/ui/#search,ISO 3166-2 subdivisions via pycountry/isocodes,REFERENCE_DATA_IMPORTED,NEEDS_AR_TRANSLATION,2026-08-05,Administrative subdivision only; cities are imported in later city files.
UPSERT,reg_mk_104,MK,MKD,North Macedonia,مقدونيا الشمالية,Republic of North Macedonia,Europe,أوروبا,Southern Europe,جنوب أوروبا,MK-104,,,1,municipality,Municipality,Kavadarci,,Kavadarci,true,ISO_3166_2,https://www.iso.org/obp/ui/#search,ISO 3166-2 subdivisions via pycountry/isocodes,REFERENCE_DATA_IMPORTED,NEEDS_AR_TRANSLATION,2026-08-05,Administrative subdivision only; cities are imported in later city files.
UPSERT,reg_mk_105,MK,MKD,North Macedonia,مقدونيا الشمالية,Republic of North Macedonia,Europe,أوروبا,Southern Europe,جنوب أوروبا,MK-105,,,1,municipality,Municipality,Lozovo,,Lozovo,true,ISO_3166_2,https://www.iso.org/obp/ui/#search,ISO 3166-2 subdivisions via pycountry/isocodes,REFERENCE_DATA_IMPORTED,NEEDS_AR_TRANSLATION,2026-08-05,Administrative subdivision only; cities are imported in later city files.
UPSERT,reg_mk_106,MK,MKD,North Macedonia,مقدونيا الشمالية,Republic of North Macedonia,Europe,أوروبا,Southern Europe,جنوب أوروبا,MK-106,,,1,municipality,Municipality,Negotino,,Negotino,true,ISO_3166_2,https://www.iso.org/obp/ui/#search,ISO 3166-2 subdivisions via pycountry/isocodes,REFERENCE_DATA_IMPORTED,NEEDS_AR_TRANSLATION,2026-08-05,Administrative subdivision only; cities are imported in later city files.
UPSERT,reg_mk_107,MK,MKD,North Macedonia,مقدونيا الشمالية,Republic of North Macedonia,Europe,أوروبا,Southern Europe,جنوب أوروبا,MK-107,,,1,municipality,Municipality,Rosoman,,Rosoman,true,ISO_3166_2,https://www.iso.org/obp/ui/#search,ISO 3166-2 subdivisions via pycountry/isocodes,REFERENCE_DATA_IMPORTED,NEEDS_AR_TRANSLATION,2026-08-05,Administrative subdivision only; cities are imported in later city files.
UPSERT,reg_mk_108,MK,MKD,North Macedonia,مقدونيا الشمالية,Republic of North Macedonia,Europe,أوروبا,Southern Europe,جنوب أوروبا,MK-108,,,1,municipality,Municipality,Sveti Nikole,,Sveti Nikole,true,ISO_3166_2,https://www.iso.org/obp/ui/#search,ISO 3166-2 subdivisions via pycountry/isocodes,REFERENCE_DATA_IMPORTED,NEEDS_AR_TRANSLATION,2026-08-05,Administrative subdivision only; cities are imported in later city files.
UPSERT,reg_mk_109,MK,MKD,North Macedonia,مقدونيا الشمالية,Republic of North Macedonia,Europe,أوروبا,Southern Europe,جنوب أوروبا,MK-109,,,1,municipality,Municipality,Čaška,,Čaška,true,ISO_3166_2,https://www.iso.org/obp/ui/#search,ISO 3166-2 subdivisions via pycountry/isocodes,REFERENCE_DATA_IMPORTED,NEEDS_AR_TRANSLATION,2026-08-05,Administrative subdivision only; cities are imported in later city files.
UPSERT,reg_mk_201,MK,MKD,North Macedonia,مقدونيا الشمالية,Republic of North Macedonia,Europe,أوروبا,Southern Europe,جنوب أوروبا,MK-201,,,1,municipality,Municipality,Berovo,,Berovo,true,ISO_3166_2,https://www.iso.org/obp/ui/#search,ISO 3166-2 subdivisions via pycountry/isocodes,REFERENCE_DATA_IMPORTED,NEEDS_AR_TRANSLATION,2026-08-05,Administrative subdivision only; cities are imported in later city files.
UPSERT,reg_mk_202,MK,MKD,North Macedonia,مقدونيا الشمالية,Republic of North Macedonia,Europe,أوروبا,Southern Europe,جنوب أوروبا,MK-202,,,1,municipality,Municipality,Vinica,,Vinica,true,ISO_3166_2,https://www.iso.org/obp/ui/#search,ISO 3166-2 subdivisions via pycountry/isocodes,REFERENCE_DATA_IMPORTED,NEEDS_AR_TRANSLATION,2026-08-05,Administrative subdivision only; cities are imported in later city files.
UPSERT,reg_mk_203,MK,MKD,North Macedonia,مقدونيا الشمالية,Republic of North Macedonia,Europe,أوروبا,Southern Europe,جنوب أوروبا,MK-203,,,1,municipality,Municipality,Delčevo,,Delčevo,true,ISO_3166_2,https://www.iso.org/obp/ui/#search,ISO 3166-2 subdivisions via pycountry/isocodes,REFERENCE_DATA_IMPORTED,NEEDS_AR_TRANSLATION,2026-08-05,Administrative subdivision only; cities are imported in later city files.
UPSERT,reg_mk_204,MK,MKD,North Macedonia,مقدونيا الشمالية,Republic of North Macedonia,Europe,أوروبا,Southern Europe,جنوب أوروبا,MK-204,,,1,municipality,Municipality,Zrnovci,,Zrnovci,true,ISO_3166_2,https://www.iso.org/obp/ui/#search,ISO 3166-2 subdivisions via pycountry/isocodes,REFERENCE_DATA_IMPORTED,NEEDS_AR_TRANSLATION,2026-08-05,Administrative subdivision only; cities are imported in later city files.
UPSERT,reg_mk_205,MK,MKD,North Macedonia,مقدونيا الشمالية,Republic of North Macedonia,Europe,أوروبا,Southern Europe,جنوب أوروبا,MK-205,,,1,municipality,Municipality,Karbinci,,Karbinci,true,ISO_3166_2,https://www.iso.org/obp/ui/#search,ISO 3166-2 subdivisions via pycountry/isocodes,REFERENCE_DATA_IMPORTED,NEEDS_AR_TRANSLATION,2026-08-05,Administrative subdivision only; cities are imported in later city files.
UPSERT,reg_mk_206,MK,MKD,North Macedonia,مقدونيا الشمالية,Republic of North Macedonia,Europe,أوروبا,Southern Europe,جنوب أوروبا,MK-206,,,1,municipality,Municipality,Kočani,,Kočani,true,ISO_3166_2,https://www.iso.org/obp/ui/#search,ISO 3166-2 subdivisions via pycountry/isocodes,REFERENCE_DATA_IMPORTED,NEEDS_AR_TRANSLATION,2026-08-05,Administrative subdivision only; cities are imported in later city files.
UPSERT,reg_mk_207,MK,MKD,North Macedonia,مقدونيا الشمالية,Republic of North Macedonia,Europe,أوروبا,Southern Europe,جنوب أوروبا,MK-207,,,1,municipality,Municipality,Makedonska Kamenica,,Makedonska Kamenica,true,ISO_3166_2,https://www.iso.org/obp/ui/#search,ISO 3166-2 subdivisions via pycountry/isocodes,REFERENCE_DATA_IMPORTED,NEEDS_AR_TRANSLATION,2026-08-05,Administrative subdivision only; cities are imported in later city files.
UPSERT,reg_mk_208,MK,MKD,North Macedonia,مقدونيا الشمالية,Republic of North Macedonia,Europe,أوروبا,Southern Europe,جنوب أوروبا,MK-208,,,1,municipality,Municipality,Pehčevo,,Pehčevo,true,ISO_3166_2,https://www.iso.org/obp/ui/#search,ISO 3166-2 subdivisions via pycountry/isocodes,REFERENCE_DATA_IMPORTED,NEEDS_AR_TRANSLATION,2026-08-05,Administrative subdivision only; cities are imported in later city files.
UPSERT,reg_mk_209,MK,MKD,North Macedonia,مقدونيا الشمالية,Republic of North Macedonia,Europe,أوروبا,Southern Europe,جنوب أوروبا,MK-209,,,1,municipality,Municipality,Probištip,,Probištip,true,ISO_3166_2,https://www.iso.org/obp/ui/#search,ISO 3166-2 subdivisions via pycountry/isocodes,REFERENCE_DATA_IMPORTED,NEEDS_AR_TRANSLATION,2026-08-05,Administrative subdivision only; cities are imported in later city files.
UPSERT,reg_mk_210,MK,MKD,North Macedonia,مقدونيا الشمالية,Republic of North Macedonia,Europe,أوروبا,Southern Europe,جنوب أوروبا,MK-210,,,1,municipality,Municipality,Češinovo-Obleševo,,Češinovo-Obleševo,true,ISO_3166_2,https://www.iso.org/obp/ui/#search,ISO 3166-2 subdivisions via pycountry/isocodes,REFERENCE_DATA_IMPORTED,NEEDS_AR_TRANSLATION,2026-08-05,Administrative subdivision only; cities are imported in later city files.
UPSERT,reg_mk_211,MK,MKD,North Macedonia,مقدونيا الشمالية,Republic of North Macedonia,Europe,أوروبا,Southern Europe,جنوب أوروبا,MK-211,,,1,municipality,Municipality,Štip,,Štip,true,ISO_3166_2,https://www.iso.org/obp/ui/#search,ISO 3166-2 subdivisions via pycountry/isocodes,REFERENCE_DATA_IMPORTED,NEEDS_AR_TRANSLATION,2026-08-05,Administrative subdivision only; cities are imported in later city files.
UPSERT,reg_mk_301,MK,MKD,North Macedonia,مقدونيا الشمالية,Republic of North Macedonia,Europe,أوروبا,Southern Europe,جنوب أوروبا,MK-301,,,1,municipality,Municipality,Vevčani,,Vevčani,true,ISO_3166_2,https://www.iso.org/obp/ui/#search,ISO 3166-2 subdivisions via pycountry/isocodes,REFERENCE_DATA_IMPORTED,NEEDS_AR_TRANSLATION,2026-08-05,Administrative subdivision only; cities are imported in later city files.
UPSERT,reg_mk_303,MK,MKD,North Macedonia,مقدونيا الشمالية,Republic of North Macedonia,Europe,أوروبا,Southern Europe,جنوب أوروبا,MK-303,,,1,municipality,Municipality,Debar,,Debar,true,ISO_3166_2,https://www.iso.org/obp/ui/#search,ISO 3166-2 subdivisions via pycountry/isocodes,REFERENCE_DATA_IMPORTED,NEEDS_AR_TRANSLATION,2026-08-05,Administrative subdivision only; cities are imported in later city files.
UPSERT,reg_mk_304,MK,MKD,North Macedonia,مقدونيا الشمالية,Republic of North Macedonia,Europe,أوروبا,Southern Europe,جنوب أوروبا,MK-304,,,1,municipality,Municipality,Debrca,,Debrca,true,ISO_3166_2,https://www.iso.org/obp/ui/#search,ISO 3166-2 subdivisions via pycountry/isocodes,REFERENCE_DATA_IMPORTED,NEEDS_AR_TRANSLATION,2026-08-05,Administrative subdivision only; cities are imported in later city files.
UPSERT,reg_mk_307,MK,MKD,North Macedonia,مقدونيا الشمالية,Republic of North Macedonia,Europe,أوروبا,Southern Europe,جنوب أوروبا,MK-307,,,1,municipality,Municipality,Kičevo,,Kičevo,true,ISO_3166_2,https://www.iso.org/obp/ui/#search,ISO 3166-2 subdivisions via pycountry/isocodes,REFERENCE_DATA_IMPORTED,NEEDS_AR_TRANSLATION,2026-08-05,Administrative subdivision only; cities are imported in later city files.
UPSERT,reg_mk_308,MK,MKD,North Macedonia,مقدونيا الشمالية,Republic of North Macedonia,Europe,أوروبا,Southern Europe,جنوب أوروبا,MK-308,,,1,municipality,Municipality,Makedonski Brod,,Makedonski Brod,true,ISO_3166_2,https://www.iso.org/obp/ui/#search,ISO 3166-2 subdivisions via pycountry/isocodes,REFERENCE_DATA_IMPORTED,NEEDS_AR_TRANSLATION,2026-08-05,Administrative subdivision only; cities are imported in later city files.
UPSERT,reg_mk_310,MK,MKD,North Macedonia,مقدونيا الشمالية,Republic of North Macedonia,Europe,أوروبا,Southern Europe,جنوب أوروبا,MK-310,,,1,municipality,Municipality,Ohrid,,Ohrid,true,ISO_3166_2,https://www.iso.org/obp/ui/#search,ISO 3166-2 subdivisions via pycountry/isocodes,REFERENCE_DATA_IMPORTED,NEEDS_AR_TRANSLATION,2026-08-05,Administrative subdivision only; cities are imported in later city files.
UPSERT,reg_mk_311,MK,MKD,North Macedonia,مقدونيا الشمالية,Republic of North Macedonia,Europe,أوروبا,Southern Europe,جنوب أوروبا,MK-311,,,1,municipality,Municipality,Plasnica,,Plasnica,true,ISO_3166_2,https://www.iso.org/obp/ui/#search,ISO 3166-2 subdivisions via pycountry/isocodes,REFERENCE_DATA_IMPORTED,NEEDS_AR_TRANSLATION,2026-08-05,Administrative subdivision only; cities are imported in later city files.
UPSERT,reg_mk_312,MK,MKD,North Macedonia,مقدونيا الشمالية,Republic of North Macedonia,Europe,أوروبا,Southern Europe,جنوب أوروبا,MK-312,,,1,municipality,Municipality,Struga,,Struga,true,ISO_3166_2,https://www.iso.org/obp/ui/#search,ISO 3166-2 subdivisions via pycountry/isocodes,REFERENCE_DATA_IMPORTED,NEEDS_AR_TRANSLATION,2026-08-05,Administrative subdivision only; cities are imported in later city files.
UPSERT,reg_mk_313,MK,MKD,North Macedonia,مقدونيا الشمالية,Republic of North Macedonia,Europe,أوروبا,Southern Europe,جنوب أوروبا,MK-313,,,1,municipality,Municipality,Centar Župa,,Centar Župa,true,ISO_3166_2,https://www.iso.org/obp/ui/#search,ISO 3166-2 subdivisions via pycountry/isocodes,REFERENCE_DATA_IMPORTED,NEEDS_AR_TRANSLATION,2026-08-05,Administrative subdivision only; cities are imported in later city files.
UPSERT,reg_mk_401,MK,MKD,North Macedonia,مقدونيا الشمالية,Republic of North Macedonia,Europe,أوروبا,Southern Europe,جنوب أوروبا,MK-401,,,1,municipality,Municipality,Bogdanci,,Bogdanci,true,ISO_3166_2,https://www.iso.org/obp/ui/#search,ISO 3166-2 subdivisions via pycountry/isocodes,REFERENCE_DATA_IMPORTED,NEEDS_AR_TRANSLATION,2026-08-05,Administrative subdivision only; cities are imported in later city files.
UPSERT,reg_mk_402,MK,MKD,North Macedonia,مقدونيا الشمالية,Republic of North Macedonia,Europe,أوروبا,Southern Europe,جنوب أوروبا,MK-402,,,1,municipality,Municipality,Bosilovo,,Bosilovo,true,ISO_3166_2,https://www.iso.org/obp/ui/#search,ISO 3166-2 subdivisions via pycountry/isocodes,REFERENCE_DATA_IMPORTED,NEEDS_AR_TRANSLATION,2026-08-05,Administrative subdivision only; cities are imported in later city files.
UPSERT,reg_mk_403,MK,MKD,North Macedonia,مقدونيا الشمالية,Republic of North Macedonia,Europe,أوروبا,Southern Europe,جنوب أوروبا,MK-403,,,1,municipality,Municipality,Valandovo,,Valandovo,true,ISO_3166_2,https://www.iso.org/obp/ui/#search,ISO 3166-2 subdivisions via pycountry/isocodes,REFERENCE_DATA_IMPORTED,NEEDS_AR_TRANSLATION,2026-08-05,Administrative subdivision only; cities are imported in later city files.
UPSERT,reg_mk_404,MK,MKD,North Macedonia,مقدونيا الشمالية,Republic of North Macedonia,Europe,أوروبا,Southern Europe,جنوب أوروبا,MK-404,,,1,municipality,Municipality,Vasilevo,,Vasilevo,true,ISO_3166_2,https://www.iso.org/obp/ui/#search,ISO 3166-2 subdivisions via pycountry/isocodes,REFERENCE_DATA_IMPORTED,NEEDS_AR_TRANSLATION,2026-08-05,Administrative subdivision only; cities are imported in later city files.
UPSERT,reg_mk_405,MK,MKD,North Macedonia,مقدونيا الشمالية,Republic of North Macedonia,Europe,أوروبا,Southern Europe,جنوب أوروبا,MK-405,,,1,municipality,Municipality,Gevgelija,,Gevgelija,true,ISO_3166_2,https://www.iso.org/obp/ui/#search,ISO 3166-2 subdivisions via pycountry/isocodes,REFERENCE_DATA_IMPORTED,NEEDS_AR_TRANSLATION,2026-08-05,Administrative subdivision only; cities are imported in later city files.
UPSERT,reg_mk_406,MK,MKD,North Macedonia,مقدونيا الشمالية,Republic of North Macedonia,Europe,أوروبا,Southern Europe,جنوب أوروبا,MK-406,,,1,municipality,Municipality,Dojran,,Dojran,true,ISO_3166_2,https://www.iso.org/obp/ui/#search,ISO 3166-2 subdivisions via pycountry/isocodes,REFERENCE_DATA_IMPORTED,NEEDS_AR_TRANSLATION,2026-08-05,Administrative subdivision only; cities are imported in later city files.
UPSERT,reg_mk_407,MK,MKD,North Macedonia,مقدونيا الشمالية,Republic of North Macedonia,Europe,أوروبا,Southern Europe,جنوب أوروبا,MK-407,,,1,municipality,Municipality,Konče,,Konče,true,ISO_3166_2,https://www.iso.org/obp/ui/#search,ISO 3166-2 subdivisions via pycountry/isocodes,REFERENCE_DATA_IMPORTED,NEEDS_AR_TRANSLATION,2026-08-05,Administrative subdivision only; cities are imported in later city files.
UPSERT,reg_mk_408,MK,MKD,North Macedonia,مقدونيا الشمالية,Republic of North Macedonia,Europe,أوروبا,Southern Europe,جنوب أوروبا,MK-408,,,1,municipality,Municipality,Novo Selo,,Novo Selo,true,ISO_3166_2,https://www.iso.org/obp/ui/#search,ISO 3166-2 subdivisions via pycountry/isocodes,REFERENCE_DATA_IMPORTED,NEEDS_AR_TRANSLATION,2026-08-05,Administrative subdivision only; cities are imported in later city files.
UPSERT,reg_mk_409,MK,MKD,North Macedonia,مقدونيا الشمالية,Republic of North Macedonia,Europe,أوروبا,Southern Europe,جنوب أوروبا,MK-409,,,1,municipality,Municipality,Radoviš,,Radoviš,true,ISO_3166_2,https://www.iso.org/obp/ui/#search,ISO 3166-2 subdivisions via pycountry/isocodes,REFERENCE_DATA_IMPORTED,NEEDS_AR_TRANSLATION,2026-08-05,Administrative subdivision only; cities are imported in later city files.
UPSERT,reg_mk_410,MK,MKD,North Macedonia,مقدونيا الشمالية,Republic of North Macedonia,Europe,أوروبا,Southern Europe,جنوب أوروبا,MK-410,,,1,municipality,Municipality,Strumica,,Strumica,true,ISO_3166_2,https://www.iso.org/obp/ui/#search,ISO 3166-2 subdivisions via pycountry/isocodes,REFERENCE_DATA_IMPORTED,NEEDS_AR_TRANSLATION,2026-08-05,Administrative subdivision only; cities are imported in later city files.
UPSERT,reg_mk_501,MK,MKD,North Macedonia,مقدونيا الشمالية,Republic of North Macedonia,Europe,أوروبا,Southern Europe,جنوب أوروبا,MK-501,,,1,municipality,Municipality,Bitola,,Bitola,true,ISO_3166_2,https://www.iso.org/obp/ui/#search,ISO 3166-2 subdivisions via pycountry/isocodes,REFERENCE_DATA_IMPORTED,NEEDS_AR_TRANSLATION,2026-08-05,Administrative subdivision only; cities are imported in later city files.
UPSERT,reg_mk_502,MK,MKD,North Macedonia,مقدونيا الشمالية,Republic of North Macedonia,Europe,أوروبا,Southern Europe,جنوب أوروبا,MK-502,,,1,municipality,Municipality,Demir Hisar,,Demir Hisar,true,ISO_3166_2,https://www.iso.org/obp/ui/#search,ISO 3166-2 subdivisions via pycountry/isocodes,REFERENCE_DATA_IMPORTED,NEEDS_AR_TRANSLATION,2026-08-05,Administrative subdivision only; cities are imported in later city files.
UPSERT,reg_mk_503,MK,MKD,North Macedonia,مقدونيا الشمالية,Republic of North Macedonia,Europe,أوروبا,Southern Europe,جنوب أوروبا,MK-503,,,1,municipality,Municipality,Dolneni,,Dolneni,true,ISO_3166_2,https://www.iso.org/obp/ui/#search,ISO 3166-2 subdivisions via pycountry/isocodes,REFERENCE_DATA_IMPORTED,NEEDS_AR_TRANSLATION,2026-08-05,Administrative subdivision only; cities are imported in later city files.
UPSERT,reg_mk_504,MK,MKD,North Macedonia,مقدونيا الشمالية,Republic of North Macedonia,Europe,أوروبا,Southern Europe,جنوب أوروبا,MK-504,,,1,municipality,Municipality,Krivogaštani,,Krivogaštani,true,ISO_3166_2,https://www.iso.org/obp/ui/#search,ISO 3166-2 subdivisions via pycountry/isocodes,REFERENCE_DATA_IMPORTED,NEEDS_AR_TRANSLATION,2026-08-05,Administrative subdivision only; cities are imported in later city files.
UPSERT,reg_mk_505,MK,MKD,North Macedonia,مقدونيا الشمالية,Republic of North Macedonia,Europe,أوروبا,Southern Europe,جنوب أوروبا,MK-505,,,1,municipality,Municipality,Kruševo,,Kruševo,true,ISO_3166_2,https://www.iso.org/obp/ui/#search,ISO 3166-2 subdivisions via pycountry/isocodes,REFERENCE_DATA_IMPORTED,NEEDS_AR_TRANSLATION,2026-08-05,Administrative subdivision only; cities are imported in later city files.
UPSERT,reg_mk_506,MK,MKD,North Macedonia,مقدونيا الشمالية,Republic of North Macedonia,Europe,أوروبا,Southern Europe,جنوب أوروبا,MK-506,,,1,municipality,Municipality,Mogila,,Mogila,true,ISO_3166_2,https://www.iso.org/obp/ui/#search,ISO 3166-2 subdivisions via pycountry/isocodes,REFERENCE_DATA_IMPORTED,NEEDS_AR_TRANSLATION,2026-08-05,Administrative subdivision only; cities are imported in later city files.
UPSERT,reg_mk_507,MK,MKD,North Macedonia,مقدونيا الشمالية,Republic of North Macedonia,Europe,أوروبا,Southern Europe,جنوب أوروبا,MK-507,,,1,municipality,Municipality,Novaci,,Novaci,true,ISO_3166_2,https://www.iso.org/obp/ui/#search,ISO 3166-2 subdivisions via pycountry/isocodes,REFERENCE_DATA_IMPORTED,NEEDS_AR_TRANSLATION,2026-08-05,Administrative subdivision only; cities are imported in later city files.
UPSERT,reg_mk_508,MK,MKD,North Macedonia,مقدونيا الشمالية,Republic of North Macedonia,Europe,أوروبا,Southern Europe,جنوب أوروبا,MK-508,,,1,municipality,Municipality,Prilep,,Prilep,true,ISO_3166_2,https://www.iso.org/obp/ui/#search,ISO 3166-2 subdivisions via pycountry/isocodes,REFERENCE_DATA_IMPORTED,NEEDS_AR_TRANSLATION,2026-08-05,Administrative subdivision only; cities are imported in later city files.
UPSERT,reg_mk_509,MK,MKD,North Macedonia,مقدونيا الشمالية,Republic of North Macedonia,Europe,أوروبا,Southern Europe,جنوب أوروبا,MK-509,,,1,municipality,Municipality,Resen,,Resen,true,ISO_3166_2,https://www.iso.org/obp/ui/#search,ISO 3166-2 subdivisions via pycountry/isocodes,REFERENCE_DATA_IMPORTED,NEEDS_AR_TRANSLATION,2026-08-05,Administrative subdivision only; cities are imported in later city files.
UPSERT,reg_mk_601,MK,MKD,North Macedonia,مقدونيا الشمالية,Republic of North Macedonia,Europe,أوروبا,Southern Europe,جنوب أوروبا,MK-601,,,1,municipality,Municipality,Bogovinje,,Bogovinje,true,ISO_3166_2,https://www.iso.org/obp/ui/#search,ISO 3166-2 subdivisions via pycountry/isocodes,REFERENCE_DATA_IMPORTED,NEEDS_AR_TRANSLATION,2026-08-05,Administrative subdivision only; cities are imported in later city files.
UPSERT,reg_mk_602,MK,MKD,North Macedonia,مقدونيا الشمالية,Republic of North Macedonia,Europe,أوروبا,Southern Europe,جنوب أوروبا,MK-602,,,1,municipality,Municipality,Brvenica,,Brvenica,true,ISO_3166_2,https://www.iso.org/obp/ui/#search,ISO 3166-2 subdivisions via pycountry/isocodes,REFERENCE_DATA_IMPORTED,NEEDS_AR_TRANSLATION,2026-08-05,Administrative subdivision only; cities are imported in later city files.
UPSERT,reg_mk_603,MK,MKD,North Macedonia,مقدونيا الشمالية,Republic of North Macedonia,Europe,أوروبا,Southern Europe,جنوب أوروبا,MK-603,,,1,municipality,Municipality,Vrapčište,,Vrapčište,true,ISO_3166_2,https://www.iso.org/obp/ui/#search,ISO 3166-2 subdivisions via pycountry/isocodes,REFERENCE_DATA_IMPORTED,NEEDS_AR_TRANSLATION,2026-08-05,Administrative subdivision only; cities are imported in later city files.
UPSERT,reg_mk_604,MK,MKD,North Macedonia,مقدونيا الشمالية,Republic of North Macedonia,Europe,أوروبا,Southern Europe,جنوب أوروبا,MK-604,,,1,municipality,Municipality,Gostivar,,Gostivar,true,ISO_3166_2,https://www.iso.org/obp/ui/#search,ISO 3166-2 subdivisions via pycountry/isocodes,REFERENCE_DATA_IMPORTED,NEEDS_AR_TRANSLATION,2026-08-05,Administrative subdivision only; cities are imported in later city files.
UPSERT,reg_mk_605,MK,MKD,North Macedonia,مقدونيا الشمالية,Republic of North Macedonia,Europe,أوروبا,Southern Europe,جنوب أوروبا,MK-605,,,1,municipality,Municipality,Želino,,Želino,true,ISO_3166_2,https://www.iso.org/obp/ui/#search,ISO 3166-2 subdivisions via pycountry/isocodes,REFERENCE_DATA_IMPORTED,NEEDS_AR_TRANSLATION,2026-08-05,Administrative subdivision only; cities are imported in later city files.
UPSERT,reg_mk_606,MK,MKD,North Macedonia,مقدونيا الشمالية,Republic of North Macedonia,Europe,أوروبا,Southern Europe,جنوب أوروبا,MK-606,,,1,municipality,Municipality,Jegunovce,,Jegunovce,true,ISO_3166_2,https://www.iso.org/obp/ui/#search,ISO 3166-2 subdivisions via pycountry/isocodes,REFERENCE_DATA_IMPORTED,NEEDS_AR_TRANSLATION,2026-08-05,Administrative subdivision only; cities are imported in later city files.
UPSERT,reg_mk_607,MK,MKD,North Macedonia,مقدونيا الشمالية,Republic of North Macedonia,Europe,أوروبا,Southern Europe,جنوب أوروبا,MK-607,,,1,municipality,Municipality,Mavrovo i Rostuše,,Mavrovo i Rostuše,true,ISO_3166_2,https://www.iso.org/obp/ui/#search,ISO 3166-2 subdivisions via pycountry/isocodes,REFERENCE_DATA_IMPORTED,NEEDS_AR_TRANSLATION,2026-08-05,Administrative subdivision only; cities are imported in later city files.
UPSERT,reg_mk_608,MK,MKD,North Macedonia,مقدونيا الشمالية,Republic of North Macedonia,Europe,أوروبا,Southern Europe,جنوب أوروبا,MK-608,,,1,municipality,Municipality,Tearce,,Tearce,true,ISO_3166_2,https://www.iso.org/obp/ui/#search,ISO 3166-2 subdivisions via pycountry/isocodes,REFERENCE_DATA_IMPORTED,NEEDS_AR_TRANSLATION,2026-08-05,Administrative subdivision only; cities are imported in later city files.
UPSERT,reg_mk_609,MK,MKD,North Macedonia,مقدونيا الشمالية,Republic of North Macedonia,Europe,أوروبا,Southern Europe,جنوب أوروبا,MK-609,,,1,municipality,Municipality,Tetovo,,Tetovo,true,ISO_3166_2,https://www.iso.org/obp/ui/#search,ISO 3166-2 subdivisions via pycountry/isocodes,REFERENCE_DATA_IMPORTED,NEEDS_AR_TRANSLATION,2026-08-05,Administrative subdivision only; cities are imported in later city files.
UPSERT,reg_mk_701,MK,MKD,North Macedonia,مقدونيا الشمالية,Republic of North Macedonia,Europe,أوروبا,Southern Europe,جنوب أوروبا,MK-701,,,1,municipality,Municipality,Kratovo,,Kratovo,true,ISO_3166_2,https://www.iso.org/obp/ui/#search,ISO 3166-2 subdivisions via pycountry/isocodes,REFERENCE_DATA_IMPORTED,NEEDS_AR_TRANSLATION,2026-08-05,Administrative subdivision only; cities are imported in later city files.
UPSERT,reg_mk_702,MK,MKD,North Macedonia,مقدونيا الشمالية,Republic of North Macedonia,Europe,أوروبا,Southern Europe,جنوب أوروبا,MK-702,,,1,municipality,Municipality,Kriva Palanka,,Kriva Palanka,true,ISO_3166_2,https://www.iso.org/obp/ui/#search,ISO 3166-2 subdivisions via pycountry/isocodes,REFERENCE_DATA_IMPORTED,NEEDS_AR_TRANSLATION,2026-08-05,Administrative subdivision only; cities are imported in later city files.
UPSERT,reg_mk_703,MK,MKD,North Macedonia,مقدونيا الشمالية,Republic of North Macedonia,Europe,أوروبا,Southern Europe,جنوب أوروبا,MK-703,,,1,municipality,Municipality,Kumanovo,,Kumanovo,true,ISO_3166_2,https://www.iso.org/obp/ui/#search,ISO 3166-2 subdivisions via pycountry/isocodes,REFERENCE_DATA_IMPORTED,NEEDS_AR_TRANSLATION,2026-08-05,Administrative subdivision only; cities are imported in later city files.
UPSERT,reg_mk_704,MK,MKD,North Macedonia,مقدونيا الشمالية,Republic of North Macedonia,Europe,أوروبا,Southern Europe,جنوب أوروبا,MK-704,,,1,municipality,Municipality,Lipkovo,,Lipkovo,true,ISO_3166_2,https://www.iso.org/obp/ui/#search,ISO 3166-2 subdivisions via pycountry/isocodes,REFERENCE_DATA_IMPORTED,NEEDS_AR_TRANSLATION,2026-08-05,Administrative subdivision only; cities are imported in later city files.
UPSERT,reg_mk_705,MK,MKD,North Macedonia,مقدونيا الشمالية,Republic of North Macedonia,Europe,أوروبا,Southern Europe,جنوب أوروبا,MK-705,,,1,municipality,Municipality,Rankovce,,Rankovce,true,ISO_3166_2,https://www.iso.org/obp/ui/#search,ISO 3166-2 subdivisions via pycountry/isocodes,REFERENCE_DATA_IMPORTED,NEEDS_AR_TRANSLATION,2026-08-05,Administrative subdivision only; cities are imported in later city files.
UPSERT,reg_mk_706,MK,MKD,North Macedonia,مقدونيا الشمالية,Republic of North Macedonia,Europe,أوروبا,Southern Europe,جنوب أوروبا,MK-706,,,1,municipality,Municipality,Staro Nagoričane,,Staro Nagoričane,true,ISO_3166_2,https://www.iso.org/obp/ui/#search,ISO 3166-2 subdivisions via pycountry/isocodes,REFERENCE_DATA_IMPORTED,NEEDS_AR_TRANSLATION,2026-08-05,Administrative subdivision only; cities are imported in later city files.
UPSERT,reg_mk_801,MK,MKD,North Macedonia,مقدونيا الشمالية,Republic of North Macedonia,Europe,أوروبا,Southern Europe,جنوب أوروبا,MK-801,,,1,municipality,Municipality,Aerodrom †,,Aerodrom †,true,ISO_3166_2,https://www.iso.org/obp/ui/#search,ISO 3166-2 subdivisions via pycountry/isocodes,REFERENCE_DATA_IMPORTED,NEEDS_AR_TRANSLATION,2026-08-05,Administrative subdivision only; cities are imported in later city files.
UPSERT,reg_mk_802,MK,MKD,North Macedonia,مقدونيا الشمالية,Republic of North Macedonia,Europe,أوروبا,Southern Europe,جنوب أوروبا,MK-802,,,1,municipality,Municipality,Aračinovo,,Aračinovo,true,ISO_3166_2,https://www.iso.org/obp/ui/#search,ISO 3166-2 subdivisions via pycountry/isocodes,REFERENCE_DATA_IMPORTED,NEEDS_AR_TRANSLATION,2026-08-05,Administrative subdivision only; cities are imported in later city files.
UPSERT,reg_mk_803,MK,MKD,North Macedonia,مقدونيا الشمالية,Republic of North Macedonia,Europe,أوروبا,Southern Europe,جنوب أوروبا,MK-803,,,1,municipality,Municipality,Butel †,,Butel †,true,ISO_3166_2,https://www.iso.org/obp/ui/#search,ISO 3166-2 subdivisions via pycountry/isocodes,REFERENCE_DATA_IMPORTED,NEEDS_AR_TRANSLATION,2026-08-05,Administrative subdivision only; cities are imported in later city files.
UPSERT,reg_mk_804,MK,MKD,North Macedonia,مقدونيا الشمالية,Republic of North Macedonia,Europe,أوروبا,Southern Europe,جنوب أوروبا,MK-804,,,1,municipality,Municipality,Gazi Baba †,,Gazi Baba †,true,ISO_3166_2,https://www.iso.org/obp/ui/#search,ISO 3166-2 subdivisions via pycountry/isocodes,REFERENCE_DATA_IMPORTED,NEEDS_AR_TRANSLATION,2026-08-05,Administrative subdivision only; cities are imported in later city files.
UPSERT,reg_mk_805,MK,MKD,North Macedonia,مقدونيا الشمالية,Republic of North Macedonia,Europe,أوروبا,Southern Europe,جنوب أوروبا,MK-805,,,1,municipality,Municipality,Gjorče Petrov †,,Gjorče Petrov †,true,ISO_3166_2,https://www.iso.org/obp/ui/#search,ISO 3166-2 subdivisions via pycountry/isocodes,REFERENCE_DATA_IMPORTED,NEEDS_AR_TRANSLATION,2026-08-05,Administrative subdivision only; cities are imported in later city files.
UPSERT,reg_mk_806,MK,MKD,North Macedonia,مقدونيا الشمالية,Republic of North Macedonia,Europe,أوروبا,Southern Europe,جنوب أوروبا,MK-806,,,1,municipality,Municipality,Zelenikovo,,Zelenikovo,true,ISO_3166_2,https://www.iso.org/obp/ui/#search,ISO 3166-2 subdivisions via pycountry/isocodes,REFERENCE_DATA_IMPORTED,NEEDS_AR_TRANSLATION,2026-08-05,Administrative subdivision only; cities are imported in later city files.
UPSERT,reg_mk_807,MK,MKD,North Macedonia,مقدونيا الشمالية,Republic of North Macedonia,Europe,أوروبا,Southern Europe,جنوب أوروبا,MK-807,,,1,municipality,Municipality,Ilinden,,Ilinden,true,ISO_3166_2,https://www.iso.org/obp/ui/#search,ISO 3166-2 subdivisions via pycountry/isocodes,REFERENCE_DATA_IMPORTED,NEEDS_AR_TRANSLATION,2026-08-05,Administrative subdivision only; cities are imported in later city files.
UPSERT,reg_mk_808,MK,MKD,North Macedonia,مقدونيا الشمالية,Republic of North Macedonia,Europe,أوروبا,Southern Europe,جنوب أوروبا,MK-808,,,1,municipality,Municipality,Karpoš †,,Karpoš †,true,ISO_3166_2,https://www.iso.org/obp/ui/#search,ISO 3166-2 subdivisions via pycountry/isocodes,REFERENCE_DATA_IMPORTED,NEEDS_AR_TRANSLATION,2026-08-05,Administrative subdivision only; cities are imported in later city files.
UPSERT,reg_mk_809,MK,MKD,North Macedonia,مقدونيا الشمالية,Republic of North Macedonia,Europe,أوروبا,Southern Europe,جنوب أوروبا,MK-809,,,1,municipality,Municipality,Kisela Voda †,,Kisela Voda †,true,ISO_3166_2,https://www.iso.org/obp/ui/#search,ISO 3166-2 subdivisions via pycountry/isocodes,REFERENCE_DATA_IMPORTED,NEEDS_AR_TRANSLATION,2026-08-05,Administrative subdivision only; cities are imported in later city files.
UPSERT,reg_mk_810,MK,MKD,North Macedonia,مقدونيا الشمالية,Republic of North Macedonia,Europe,أوروبا,Southern Europe,جنوب أوروبا,MK-810,,,1,municipality,Municipality,Petrovec,,Petrovec,true,ISO_3166_2,https://www.iso.org/obp/ui/#search,ISO 3166-2 subdivisions via pycountry/isocodes,REFERENCE_DATA_IMPORTED,NEEDS_AR_TRANSLATION,2026-08-05,Administrative subdivision only; cities are imported in later city files.
UPSERT,reg_mk_811,MK,MKD,North Macedonia,مقدونيا الشمالية,Republic of North Macedonia,Europe,أوروبا,Southern Europe,جنوب أوروبا,MK-811,,,1,municipality,Municipality,Saraj †,,Saraj †,true,ISO_3166_2,https://www.iso.org/obp/ui/#search,ISO 3166-2 subdivisions via pycountry/isocodes,REFERENCE_DATA_IMPORTED,NEEDS_AR_TRANSLATION,2026-08-05,Administrative subdivision only; cities are imported in later city files.
UPSERT,reg_mk_812,MK,MKD,North Macedonia,مقدونيا الشمالية,Republic of North Macedonia,Europe,أوروبا,Southern Europe,جنوب أوروبا,MK-812,,,1,municipality,Municipality,Sopište,,Sopište,true,ISO_3166_2,https://www.iso.org/obp/ui/#search,ISO 3166-2 subdivisions via pycountry/isocodes,REFERENCE_DATA_IMPORTED,NEEDS_AR_TRANSLATION,2026-08-05,Administrative subdivision only; cities are imported in later city files.
UPSERT,reg_mk_813,MK,MKD,North Macedonia,مقدونيا الشمالية,Republic of North Macedonia,Europe,أوروبا,Southern Europe,جنوب أوروبا,MK-813,,,1,municipality,Municipality,Studeničani,,Studeničani,true,ISO_3166_2,https://www.iso.org/obp/ui/#search,ISO 3166-2 subdivisions via pycountry/isocodes,REFERENCE_DATA_IMPORTED,NEEDS_AR_TRANSLATION,2026-08-05,Administrative subdivision only; cities are imported in later city files.
UPSERT,reg_mk_814,MK,MKD,North Macedonia,مقدونيا الشمالية,Republic of North Macedonia,Europe,أوروبا,Southern Europe,جنوب أوروبا,MK-814,,,1,municipality,Municipality,Centar †,,Centar †,true,ISO_3166_2,https://www.iso.org/obp/ui/#search,ISO 3166-2 subdivisions via pycountry/isocodes,REFERENCE_DATA_IMPORTED,NEEDS_AR_TRANSLATION,2026-08-05,Administrative subdivision only; cities are imported in later city files.
UPSERT,reg_mk_815,MK,MKD,North Macedonia,مقدونيا الشمالية,Republic of North Macedonia,Europe,أوروبا,Southern Europe,جنوب أوروبا,MK-815,,,1,municipality,Municipality,Čair †,,Čair †,true,ISO_3166_2,https://www.iso.org/obp/ui/#search,ISO 3166-2 subdivisions via pycountry/isocodes,REFERENCE_DATA_IMPORTED,NEEDS_AR_TRANSLATION,2026-08-05,Administrative subdivision only; cities are imported in later city files.
UPSERT,reg_mk_816,MK,MKD,North Macedonia,مقدونيا الشمالية,Republic of North Macedonia,Europe,أوروبا,Southern Europe,جنوب أوروبا,MK-816,,,1,municipality,Municipality,Čučer-Sandevo,,Čučer-Sandevo,true,ISO_3166_2,https://www.iso.org/obp/ui/#search,ISO 3166-2 subdivisions via pycountry/isocodes,REFERENCE_DATA_IMPORTED,NEEDS_AR_TRANSLATION,2026-08-05,Administrative subdivision only; cities are imported in later city files.
UPSERT,reg_mk_817,MK,MKD,North Macedonia,مقدونيا الشمالية,Republic of North Macedonia,Europe,أوروبا,Southern Europe,جنوب أوروبا,MK-817,,,1,municipality,Municipality,Šuto Orizari †,,Šuto Orizari †,true,ISO_3166_2,https://www.iso.org/obp/ui/#search,ISO 3166-2 subdivisions via pycountry/isocodes,REFERENCE_DATA_IMPORTED,NEEDS_AR_TRANSLATION,2026-08-05,Administrative subdivision only; cities are imported in later city files.
UPSERT,reg_mt_01,MT,MLT,Malta,مالطا,Republic of Malta,Europe,أوروبا,Southern Europe,جنوب أوروبا,MT-01,,,1,local_council,Local council,Attard,,Attard,true,ISO_3166_2,https://www.iso.org/obp/ui/#search,ISO 3166-2 subdivisions via pycountry/isocodes,REFERENCE_DATA_IMPORTED,NEEDS_AR_TRANSLATION,2026-08-05,Administrative subdivision only; cities are imported in later city files.
UPSERT,reg_mt_02,MT,MLT,Malta,مالطا,Republic of Malta,Europe,أوروبا,Southern Europe,جنوب أوروبا,MT-02,,,1,local_council,Local council,Balzan,,Balzan,true,ISO_3166_2,https://www.iso.org/obp/ui/#search,ISO 3166-2 subdivisions via pycountry/isocodes,REFERENCE_DATA_IMPORTED,NEEDS_AR_TRANSLATION,2026-08-05,Administrative subdivision only; cities are imported in later city files.
UPSERT,reg_mt_03,MT,MLT,Malta,مالطا,Republic of Malta,Europe,أوروبا,Southern Europe,جنوب أوروبا,MT-03,,,1,local_council,Local council,Birgu,,Birgu,true,ISO_3166_2,https://www.iso.org/obp/ui/#search,ISO 3166-2 subdivisions via pycountry/isocodes,REFERENCE_DATA_IMPORTED,NEEDS_AR_TRANSLATION,2026-08-05,Administrative subdivision only; cities are imported in later city files.
UPSERT,reg_mt_04,MT,MLT,Malta,مالطا,Republic of Malta,Europe,أوروبا,Southern Europe,جنوب أوروبا,MT-04,,,1,local_council,Local council,Birkirkara,,Birkirkara,true,ISO_3166_2,https://www.iso.org/obp/ui/#search,ISO 3166-2 subdivisions via pycountry/isocodes,REFERENCE_DATA_IMPORTED,NEEDS_AR_TRANSLATION,2026-08-05,Administrative subdivision only; cities are imported in later city files.
UPSERT,reg_mt_05,MT,MLT,Malta,مالطا,Republic of Malta,Europe,أوروبا,Southern Europe,جنوب أوروبا,MT-05,,,1,local_council,Local council,Birżebbuġa,,Birżebbuġa,true,ISO_3166_2,https://www.iso.org/obp/ui/#search,ISO 3166-2 subdivisions via pycountry/isocodes,REFERENCE_DATA_IMPORTED,NEEDS_AR_TRANSLATION,2026-08-05,Administrative subdivision only; cities are imported in later city files.
UPSERT,reg_mt_06,MT,MLT,Malta,مالطا,Republic of Malta,Europe,أوروبا,Southern Europe,جنوب أوروبا,MT-06,,,1,local_council,Local council,Bormla,,Bormla,true,ISO_3166_2,https://www.iso.org/obp/ui/#search,ISO 3166-2 subdivisions via pycountry/isocodes,REFERENCE_DATA_IMPORTED,NEEDS_AR_TRANSLATION,2026-08-05,Administrative subdivision only; cities are imported in later city files.
UPSERT,reg_mt_07,MT,MLT,Malta,مالطا,Republic of Malta,Europe,أوروبا,Southern Europe,جنوب أوروبا,MT-07,,,1,local_council,Local council,Dingli,,Dingli,true,ISO_3166_2,https://www.iso.org/obp/ui/#search,ISO 3166-2 subdivisions via pycountry/isocodes,REFERENCE_DATA_IMPORTED,NEEDS_AR_TRANSLATION,2026-08-05,Administrative subdivision only; cities are imported in later city files.
UPSERT,reg_mt_08,MT,MLT,Malta,مالطا,Republic of Malta,Europe,أوروبا,Southern Europe,جنوب أوروبا,MT-08,,,1,local_council,Local council,Fgura,,Fgura,true,ISO_3166_2,https://www.iso.org/obp/ui/#search,ISO 3166-2 subdivisions via pycountry/isocodes,REFERENCE_DATA_IMPORTED,NEEDS_AR_TRANSLATION,2026-08-05,Administrative subdivision only; cities are imported in later city files.
UPSERT,reg_mt_09,MT,MLT,Malta,مالطا,Republic of Malta,Europe,أوروبا,Southern Europe,جنوب أوروبا,MT-09,,,1,local_council,Local council,Floriana,,Floriana,true,ISO_3166_2,https://www.iso.org/obp/ui/#search,ISO 3166-2 subdivisions via pycountry/isocodes,REFERENCE_DATA_IMPORTED,NEEDS_AR_TRANSLATION,2026-08-05,Administrative subdivision only; cities are imported in later city files.
UPSERT,reg_mt_10,MT,MLT,Malta,مالطا,Republic of Malta,Europe,أوروبا,Southern Europe,جنوب أوروبا,MT-10,,,1,local_council,Local council,Fontana,,Fontana,true,ISO_3166_2,https://www.iso.org/obp/ui/#search,ISO 3166-2 subdivisions via pycountry/isocodes,REFERENCE_DATA_IMPORTED,NEEDS_AR_TRANSLATION,2026-08-05,Administrative subdivision only; cities are imported in later city files.
UPSERT,reg_mt_11,MT,MLT,Malta,مالطا,Republic of Malta,Europe,أوروبا,Southern Europe,جنوب أوروبا,MT-11,,,1,local_council,Local council,Gudja,,Gudja,true,ISO_3166_2,https://www.iso.org/obp/ui/#search,ISO 3166-2 subdivisions via pycountry/isocodes,REFERENCE_DATA_IMPORTED,NEEDS_AR_TRANSLATION,2026-08-05,Administrative subdivision only; cities are imported in later city files.
UPSERT,reg_mt_12,MT,MLT,Malta,مالطا,Republic of Malta,Europe,أوروبا,Southern Europe,جنوب أوروبا,MT-12,,,1,local_council,Local council,Gżira,,Gżira,true,ISO_3166_2,https://www.iso.org/obp/ui/#search,ISO 3166-2 subdivisions via pycountry/isocodes,REFERENCE_DATA_IMPORTED,NEEDS_AR_TRANSLATION,2026-08-05,Administrative subdivision only; cities are imported in later city files.
UPSERT,reg_mt_13,MT,MLT,Malta,مالطا,Republic of Malta,Europe,أوروبا,Southern Europe,جنوب أوروبا,MT-13,,,1,local_council,Local council,Għajnsielem,,Għajnsielem,true,ISO_3166_2,https://www.iso.org/obp/ui/#search,ISO 3166-2 subdivisions via pycountry/isocodes,REFERENCE_DATA_IMPORTED,NEEDS_AR_TRANSLATION,2026-08-05,Administrative subdivision only; cities are imported in later city files.
UPSERT,reg_mt_14,MT,MLT,Malta,مالطا,Republic of Malta,Europe,أوروبا,Southern Europe,جنوب أوروبا,MT-14,,,1,local_council,Local council,Għarb,,Għarb,true,ISO_3166_2,https://www.iso.org/obp/ui/#search,ISO 3166-2 subdivisions via pycountry/isocodes,REFERENCE_DATA_IMPORTED,NEEDS_AR_TRANSLATION,2026-08-05,Administrative subdivision only; cities are imported in later city files.
UPSERT,reg_mt_15,MT,MLT,Malta,مالطا,Republic of Malta,Europe,أوروبا,Southern Europe,جنوب أوروبا,MT-15,,,1,local_council,Local council,Għargħur,,Għargħur,true,ISO_3166_2,https://www.iso.org/obp/ui/#search,ISO 3166-2 subdivisions via pycountry/isocodes,REFERENCE_DATA_IMPORTED,NEEDS_AR_TRANSLATION,2026-08-05,Administrative subdivision only; cities are imported in later city files.
UPSERT,reg_mt_16,MT,MLT,Malta,مالطا,Republic of Malta,Europe,أوروبا,Southern Europe,جنوب أوروبا,MT-16,,,1,local_council,Local council,Għasri,,Għasri,true,ISO_3166_2,https://www.iso.org/obp/ui/#search,ISO 3166-2 subdivisions via pycountry/isocodes,REFERENCE_DATA_IMPORTED,NEEDS_AR_TRANSLATION,2026-08-05,Administrative subdivision only; cities are imported in later city files.
UPSERT,reg_mt_17,MT,MLT,Malta,مالطا,Republic of Malta,Europe,أوروبا,Southern Europe,جنوب أوروبا,MT-17,,,1,local_council,Local council,Għaxaq,,Għaxaq,true,ISO_3166_2,https://www.iso.org/obp/ui/#search,ISO 3166-2 subdivisions via pycountry/isocodes,REFERENCE_DATA_IMPORTED,NEEDS_AR_TRANSLATION,2026-08-05,Administrative subdivision only; cities are imported in later city files.
UPSERT,reg_mt_18,MT,MLT,Malta,مالطا,Republic of Malta,Europe,أوروبا,Southern Europe,جنوب أوروبا,MT-18,,,1,local_council,Local council,Ħamrun,,Ħamrun,true,ISO_3166_2,https://www.iso.org/obp/ui/#search,ISO 3166-2 subdivisions via pycountry/isocodes,REFERENCE_DATA_IMPORTED,NEEDS_AR_TRANSLATION,2026-08-05,Administrative subdivision only; cities are imported in later city files.
UPSERT,reg_mt_19,MT,MLT,Malta,مالطا,Republic of Malta,Europe,أوروبا,Southern Europe,جنوب أوروبا,MT-19,,,1,local_council,Local council,Iklin,,Iklin,true,ISO_3166_2,https://www.iso.org/obp/ui/#search,ISO 3166-2 subdivisions via pycountry/isocodes,REFERENCE_DATA_IMPORTED,NEEDS_AR_TRANSLATION,2026-08-05,Administrative subdivision only; cities are imported in later city files.
UPSERT,reg_mt_20,MT,MLT,Malta,مالطا,Republic of Malta,Europe,أوروبا,Southern Europe,جنوب أوروبا,MT-20,,,1,local_council,Local council,Isla,,Isla,true,ISO_3166_2,https://www.iso.org/obp/ui/#search,ISO 3166-2 subdivisions via pycountry/isocodes,REFERENCE_DATA_IMPORTED,NEEDS_AR_TRANSLATION,2026-08-05,Administrative subdivision only; cities are imported in later city files.
UPSERT,reg_mt_21,MT,MLT,Malta,مالطا,Republic of Malta,Europe,أوروبا,Southern Europe,جنوب أوروبا,MT-21,,,1,local_council,Local council,Kalkara,,Kalkara,true,ISO_3166_2,https://www.iso.org/obp/ui/#search,ISO 3166-2 subdivisions via pycountry/isocodes,REFERENCE_DATA_IMPORTED,NEEDS_AR_TRANSLATION,2026-08-05,Administrative subdivision only; cities are imported in later city files.
UPSERT,reg_mt_22,MT,MLT,Malta,مالطا,Republic of Malta,Europe,أوروبا,Southern Europe,جنوب أوروبا,MT-22,,,1,local_council,Local council,Kerċem,,Kerċem,true,ISO_3166_2,https://www.iso.org/obp/ui/#search,ISO 3166-2 subdivisions via pycountry/isocodes,REFERENCE_DATA_IMPORTED,NEEDS_AR_TRANSLATION,2026-08-05,Administrative subdivision only; cities are imported in later city files.
UPSERT,reg_mt_23,MT,MLT,Malta,مالطا,Republic of Malta,Europe,أوروبا,Southern Europe,جنوب أوروبا,MT-23,,,1,local_council,Local council,Kirkop,,Kirkop,true,ISO_3166_2,https://www.iso.org/obp/ui/#search,ISO 3166-2 subdivisions via pycountry/isocodes,REFERENCE_DATA_IMPORTED,NEEDS_AR_TRANSLATION,2026-08-05,Administrative subdivision only; cities are imported in later city files.
UPSERT,reg_mt_24,MT,MLT,Malta,مالطا,Republic of Malta,Europe,أوروبا,Southern Europe,جنوب أوروبا,MT-24,,,1,local_council,Local council,Lija,,Lija,true,ISO_3166_2,https://www.iso.org/obp/ui/#search,ISO 3166-2 subdivisions via pycountry/isocodes,REFERENCE_DATA_IMPORTED,NEEDS_AR_TRANSLATION,2026-08-05,Administrative subdivision only; cities are imported in later city files.
UPSERT,reg_mt_25,MT,MLT,Malta,مالطا,Republic of Malta,Europe,أوروبا,Southern Europe,جنوب أوروبا,MT-25,,,1,local_council,Local council,Luqa,,Luqa,true,ISO_3166_2,https://www.iso.org/obp/ui/#search,ISO 3166-2 subdivisions via pycountry/isocodes,REFERENCE_DATA_IMPORTED,NEEDS_AR_TRANSLATION,2026-08-05,Administrative subdivision only; cities are imported in later city files.
UPSERT,reg_mt_26,MT,MLT,Malta,مالطا,Republic of Malta,Europe,أوروبا,Southern Europe,جنوب أوروبا,MT-26,,,1,local_council,Local council,Marsa,,Marsa,true,ISO_3166_2,https://www.iso.org/obp/ui/#search,ISO 3166-2 subdivisions via pycountry/isocodes,REFERENCE_DATA_IMPORTED,NEEDS_AR_TRANSLATION,2026-08-05,Administrative subdivision only; cities are imported in later city files.
UPSERT,reg_mt_27,MT,MLT,Malta,مالطا,Republic of Malta,Europe,أوروبا,Southern Europe,جنوب أوروبا,MT-27,,,1,local_council,Local council,Marsaskala,,Marsaskala,true,ISO_3166_2,https://www.iso.org/obp/ui/#search,ISO 3166-2 subdivisions via pycountry/isocodes,REFERENCE_DATA_IMPORTED,NEEDS_AR_TRANSLATION,2026-08-05,Administrative subdivision only; cities are imported in later city files.
UPSERT,reg_mt_28,MT,MLT,Malta,مالطا,Republic of Malta,Europe,أوروبا,Southern Europe,جنوب أوروبا,MT-28,,,1,local_council,Local council,Marsaxlokk,,Marsaxlokk,true,ISO_3166_2,https://www.iso.org/obp/ui/#search,ISO 3166-2 subdivisions via pycountry/isocodes,REFERENCE_DATA_IMPORTED,NEEDS_AR_TRANSLATION,2026-08-05,Administrative subdivision only; cities are imported in later city files.
UPSERT,reg_mt_29,MT,MLT,Malta,مالطا,Republic of Malta,Europe,أوروبا,Southern Europe,جنوب أوروبا,MT-29,,,1,local_council,Local council,Mdina,,Mdina,true,ISO_3166_2,https://www.iso.org/obp/ui/#search,ISO 3166-2 subdivisions via pycountry/isocodes,REFERENCE_DATA_IMPORTED,NEEDS_AR_TRANSLATION,2026-08-05,Administrative subdivision only; cities are imported in later city files.
UPSERT,reg_mt_30,MT,MLT,Malta,مالطا,Republic of Malta,Europe,أوروبا,Southern Europe,جنوب أوروبا,MT-30,,,1,local_council,Local council,Mellieħa,,Mellieħa,true,ISO_3166_2,https://www.iso.org/obp/ui/#search,ISO 3166-2 subdivisions via pycountry/isocodes,REFERENCE_DATA_IMPORTED,NEEDS_AR_TRANSLATION,2026-08-05,Administrative subdivision only; cities are imported in later city files.
UPSERT,reg_mt_31,MT,MLT,Malta,مالطا,Republic of Malta,Europe,أوروبا,Southern Europe,جنوب أوروبا,MT-31,,,1,local_council,Local council,Mġarr,,Mġarr,true,ISO_3166_2,https://www.iso.org/obp/ui/#search,ISO 3166-2 subdivisions via pycountry/isocodes,REFERENCE_DATA_IMPORTED,NEEDS_AR_TRANSLATION,2026-08-05,Administrative subdivision only; cities are imported in later city files.
UPSERT,reg_mt_32,MT,MLT,Malta,مالطا,Republic of Malta,Europe,أوروبا,Southern Europe,جنوب أوروبا,MT-32,,,1,local_council,Local council,Mosta,,Mosta,true,ISO_3166_2,https://www.iso.org/obp/ui/#search,ISO 3166-2 subdivisions via pycountry/isocodes,REFERENCE_DATA_IMPORTED,NEEDS_AR_TRANSLATION,2026-08-05,Administrative subdivision only; cities are imported in later city files.
UPSERT,reg_mt_33,MT,MLT,Malta,مالطا,Republic of Malta,Europe,أوروبا,Southern Europe,جنوب أوروبا,MT-33,,,1,local_council,Local council,Mqabba,,Mqabba,true,ISO_3166_2,https://www.iso.org/obp/ui/#search,ISO 3166-2 subdivisions via pycountry/isocodes,REFERENCE_DATA_IMPORTED,NEEDS_AR_TRANSLATION,2026-08-05,Administrative subdivision only; cities are imported in later city files.
UPSERT,reg_mt_34,MT,MLT,Malta,مالطا,Republic of Malta,Europe,أوروبا,Southern Europe,جنوب أوروبا,MT-34,,,1,local_council,Local council,Msida,,Msida,true,ISO_3166_2,https://www.iso.org/obp/ui/#search,ISO 3166-2 subdivisions via pycountry/isocodes,REFERENCE_DATA_IMPORTED,NEEDS_AR_TRANSLATION,2026-08-05,Administrative subdivision only; cities are imported in later city files.
UPSERT,reg_mt_35,MT,MLT,Malta,مالطا,Republic of Malta,Europe,أوروبا,Southern Europe,جنوب أوروبا,MT-35,,,1,local_council,Local council,Mtarfa,,Mtarfa,true,ISO_3166_2,https://www.iso.org/obp/ui/#search,ISO 3166-2 subdivisions via pycountry/isocodes,REFERENCE_DATA_IMPORTED,NEEDS_AR_TRANSLATION,2026-08-05,Administrative subdivision only; cities are imported in later city files.
UPSERT,reg_mt_36,MT,MLT,Malta,مالطا,Republic of Malta,Europe,أوروبا,Southern Europe,جنوب أوروبا,MT-36,,,1,local_council,Local council,Munxar,,Munxar,true,ISO_3166_2,https://www.iso.org/obp/ui/#search,ISO 3166-2 subdivisions via pycountry/isocodes,REFERENCE_DATA_IMPORTED,NEEDS_AR_TRANSLATION,2026-08-05,Administrative subdivision only; cities are imported in later city files.
UPSERT,reg_mt_37,MT,MLT,Malta,مالطا,Republic of Malta,Europe,أوروبا,Southern Europe,جنوب أوروبا,MT-37,,,1,local_council,Local council,Nadur,,Nadur,true,ISO_3166_2,https://www.iso.org/obp/ui/#search,ISO 3166-2 subdivisions via pycountry/isocodes,REFERENCE_DATA_IMPORTED,NEEDS_AR_TRANSLATION,2026-08-05,Administrative subdivision only; cities are imported in later city files.
UPSERT,reg_mt_38,MT,MLT,Malta,مالطا,Republic of Malta,Europe,أوروبا,Southern Europe,جنوب أوروبا,MT-38,,,1,local_council,Local council,Naxxar,,Naxxar,true,ISO_3166_2,https://www.iso.org/obp/ui/#search,ISO 3166-2 subdivisions via pycountry/isocodes,REFERENCE_DATA_IMPORTED,NEEDS_AR_TRANSLATION,2026-08-05,Administrative subdivision only; cities are imported in later city files.
UPSERT,reg_mt_39,MT,MLT,Malta,مالطا,Republic of Malta,Europe,أوروبا,Southern Europe,جنوب أوروبا,MT-39,,,1,local_council,Local council,Paola,,Paola,true,ISO_3166_2,https://www.iso.org/obp/ui/#search,ISO 3166-2 subdivisions via pycountry/isocodes,REFERENCE_DATA_IMPORTED,NEEDS_AR_TRANSLATION,2026-08-05,Administrative subdivision only; cities are imported in later city files.
UPSERT,reg_mt_40,MT,MLT,Malta,مالطا,Republic of Malta,Europe,أوروبا,Southern Europe,جنوب أوروبا,MT-40,,,1,local_council,Local council,Pembroke,,Pembroke,true,ISO_3166_2,https://www.iso.org/obp/ui/#search,ISO 3166-2 subdivisions via pycountry/isocodes,REFERENCE_DATA_IMPORTED,NEEDS_AR_TRANSLATION,2026-08-05,Administrative subdivision only; cities are imported in later city files.
UPSERT,reg_mt_41,MT,MLT,Malta,مالطا,Republic of Malta,Europe,أوروبا,Southern Europe,جنوب أوروبا,MT-41,,,1,local_council,Local council,Pietà,,Pietà,true,ISO_3166_2,https://www.iso.org/obp/ui/#search,ISO 3166-2 subdivisions via pycountry/isocodes,REFERENCE_DATA_IMPORTED,NEEDS_AR_TRANSLATION,2026-08-05,Administrative subdivision only; cities are imported in later city files.
UPSERT,reg_mt_42,MT,MLT,Malta,مالطا,Republic of Malta,Europe,أوروبا,Southern Europe,جنوب أوروبا,MT-42,,,1,local_council,Local council,Qala,,Qala,true,ISO_3166_2,https://www.iso.org/obp/ui/#search,ISO 3166-2 subdivisions via pycountry/isocodes,REFERENCE_DATA_IMPORTED,NEEDS_AR_TRANSLATION,2026-08-05,Administrative subdivision only; cities are imported in later city files.
UPSERT,reg_mt_43,MT,MLT,Malta,مالطا,Republic of Malta,Europe,أوروبا,Southern Europe,جنوب أوروبا,MT-43,,,1,local_council,Local council,Qormi,,Qormi,true,ISO_3166_2,https://www.iso.org/obp/ui/#search,ISO 3166-2 subdivisions via pycountry/isocodes,REFERENCE_DATA_IMPORTED,NEEDS_AR_TRANSLATION,2026-08-05,Administrative subdivision only; cities are imported in later city files.
UPSERT,reg_mt_44,MT,MLT,Malta,مالطا,Republic of Malta,Europe,أوروبا,Southern Europe,جنوب أوروبا,MT-44,,,1,local_council,Local council,Qrendi,,Qrendi,true,ISO_3166_2,https://www.iso.org/obp/ui/#search,ISO 3166-2 subdivisions via pycountry/isocodes,REFERENCE_DATA_IMPORTED,NEEDS_AR_TRANSLATION,2026-08-05,Administrative subdivision only; cities are imported in later city files.
UPSERT,reg_mt_45,MT,MLT,Malta,مالطا,Republic of Malta,Europe,أوروبا,Southern Europe,جنوب أوروبا,MT-45,,,1,local_council,Local council,Rabat Gozo,,Rabat Gozo,true,ISO_3166_2,https://www.iso.org/obp/ui/#search,ISO 3166-2 subdivisions via pycountry/isocodes,REFERENCE_DATA_IMPORTED,NEEDS_AR_TRANSLATION,2026-08-05,Administrative subdivision only; cities are imported in later city files.
UPSERT,reg_mt_46,MT,MLT,Malta,مالطا,Republic of Malta,Europe,أوروبا,Southern Europe,جنوب أوروبا,MT-46,,,1,local_council,Local council,Rabat Malta,,Rabat Malta,true,ISO_3166_2,https://www.iso.org/obp/ui/#search,ISO 3166-2 subdivisions via pycountry/isocodes,REFERENCE_DATA_IMPORTED,NEEDS_AR_TRANSLATION,2026-08-05,Administrative subdivision only; cities are imported in later city files.
UPSERT,reg_mt_47,MT,MLT,Malta,مالطا,Republic of Malta,Europe,أوروبا,Southern Europe,جنوب أوروبا,MT-47,,,1,local_council,Local council,Safi,,Safi,true,ISO_3166_2,https://www.iso.org/obp/ui/#search,ISO 3166-2 subdivisions via pycountry/isocodes,REFERENCE_DATA_IMPORTED,NEEDS_AR_TRANSLATION,2026-08-05,Administrative subdivision only; cities are imported in later city files.
UPSERT,reg_mt_48,MT,MLT,Malta,مالطا,Republic of Malta,Europe,أوروبا,Southern Europe,جنوب أوروبا,MT-48,,,1,local_council,Local council,Saint Julian's,,Saint Julian's,true,ISO_3166_2,https://www.iso.org/obp/ui/#search,ISO 3166-2 subdivisions via pycountry/isocodes,REFERENCE_DATA_IMPORTED,NEEDS_AR_TRANSLATION,2026-08-05,Administrative subdivision only; cities are imported in later city files.
UPSERT,reg_mt_49,MT,MLT,Malta,مالطا,Republic of Malta,Europe,أوروبا,Southern Europe,جنوب أوروبا,MT-49,,,1,local_council,Local council,Saint John,,Saint John,true,ISO_3166_2,https://www.iso.org/obp/ui/#search,ISO 3166-2 subdivisions via pycountry/isocodes,REFERENCE_DATA_IMPORTED,NEEDS_AR_TRANSLATION,2026-08-05,Administrative subdivision only; cities are imported in later city files.
UPSERT,reg_mt_50,MT,MLT,Malta,مالطا,Republic of Malta,Europe,أوروبا,Southern Europe,جنوب أوروبا,MT-50,,,1,local_council,Local council,Saint Lawrence,,Saint Lawrence,true,ISO_3166_2,https://www.iso.org/obp/ui/#search,ISO 3166-2 subdivisions via pycountry/isocodes,REFERENCE_DATA_IMPORTED,NEEDS_AR_TRANSLATION,2026-08-05,Administrative subdivision only; cities are imported in later city files.
UPSERT,reg_mt_51,MT,MLT,Malta,مالطا,Republic of Malta,Europe,أوروبا,Southern Europe,جنوب أوروبا,MT-51,,,1,local_council,Local council,Saint Paul's Bay,,Saint Paul's Bay,true,ISO_3166_2,https://www.iso.org/obp/ui/#search,ISO 3166-2 subdivisions via pycountry/isocodes,REFERENCE_DATA_IMPORTED,NEEDS_AR_TRANSLATION,2026-08-05,Administrative subdivision only; cities are imported in later city files.
UPSERT,reg_mt_52,MT,MLT,Malta,مالطا,Republic of Malta,Europe,أوروبا,Southern Europe,جنوب أوروبا,MT-52,,,1,local_council,Local council,Sannat,,Sannat,true,ISO_3166_2,https://www.iso.org/obp/ui/#search,ISO 3166-2 subdivisions via pycountry/isocodes,REFERENCE_DATA_IMPORTED,NEEDS_AR_TRANSLATION,2026-08-05,Administrative subdivision only; cities are imported in later city files.
UPSERT,reg_mt_53,MT,MLT,Malta,مالطا,Republic of Malta,Europe,أوروبا,Southern Europe,جنوب أوروبا,MT-53,,,1,local_council,Local council,Saint Lucia's,,Saint Lucia's,true,ISO_3166_2,https://www.iso.org/obp/ui/#search,ISO 3166-2 subdivisions via pycountry/isocodes,REFERENCE_DATA_IMPORTED,NEEDS_AR_TRANSLATION,2026-08-05,Administrative subdivision only; cities are imported in later city files.
UPSERT,reg_mt_54,MT,MLT,Malta,مالطا,Republic of Malta,Europe,أوروبا,Southern Europe,جنوب أوروبا,MT-54,,,1,local_council,Local council,Santa Venera,,Santa Venera,true,ISO_3166_2,https://www.iso.org/obp/ui/#search,ISO 3166-2 subdivisions via pycountry/isocodes,REFERENCE_DATA_IMPORTED,NEEDS_AR_TRANSLATION,2026-08-05,Administrative subdivision only; cities are imported in later city files.
UPSERT,reg_mt_55,MT,MLT,Malta,مالطا,Republic of Malta,Europe,أوروبا,Southern Europe,جنوب أوروبا,MT-55,,,1,local_council,Local council,Siġġiewi,,Siġġiewi,true,ISO_3166_2,https://www.iso.org/obp/ui/#search,ISO 3166-2 subdivisions via pycountry/isocodes,REFERENCE_DATA_IMPORTED,NEEDS_AR_TRANSLATION,2026-08-05,Administrative subdivision only; cities are imported in later city files.
UPSERT,reg_mt_56,MT,MLT,Malta,مالطا,Republic of Malta,Europe,أوروبا,Southern Europe,جنوب أوروبا,MT-56,,,1,local_council,Local council,Sliema,,Sliema,true,ISO_3166_2,https://www.iso.org/obp/ui/#search,ISO 3166-2 subdivisions via pycountry/isocodes,REFERENCE_DATA_IMPORTED,NEEDS_AR_TRANSLATION,2026-08-05,Administrative subdivision only; cities are imported in later city files.
UPSERT,reg_mt_57,MT,MLT,Malta,مالطا,Republic of Malta,Europe,أوروبا,Southern Europe,جنوب أوروبا,MT-57,,,1,local_council,Local council,Swieqi,,Swieqi,true,ISO_3166_2,https://www.iso.org/obp/ui/#search,ISO 3166-2 subdivisions via pycountry/isocodes,REFERENCE_DATA_IMPORTED,NEEDS_AR_TRANSLATION,2026-08-05,Administrative subdivision only; cities are imported in later city files.
UPSERT,reg_mt_58,MT,MLT,Malta,مالطا,Republic of Malta,Europe,أوروبا,Southern Europe,جنوب أوروبا,MT-58,,,1,local_council,Local council,Ta' Xbiex,,Ta' Xbiex,true,ISO_3166_2,https://www.iso.org/obp/ui/#search,ISO 3166-2 subdivisions via pycountry/isocodes,REFERENCE_DATA_IMPORTED,NEEDS_AR_TRANSLATION,2026-08-05,Administrative subdivision only; cities are imported in later city files.
UPSERT,reg_mt_59,MT,MLT,Malta,مالطا,Republic of Malta,Europe,أوروبا,Southern Europe,جنوب أوروبا,MT-59,,,1,local_council,Local council,Tarxien,,Tarxien,true,ISO_3166_2,https://www.iso.org/obp/ui/#search,ISO 3166-2 subdivisions via pycountry/isocodes,REFERENCE_DATA_IMPORTED,NEEDS_AR_TRANSLATION,2026-08-05,Administrative subdivision only; cities are imported in later city files.
UPSERT,reg_mt_60,MT,MLT,Malta,مالطا,Republic of Malta,Europe,أوروبا,Southern Europe,جنوب أوروبا,MT-60,,,1,local_council,Local council,Valletta,,Valletta,true,ISO_3166_2,https://www.iso.org/obp/ui/#search,ISO 3166-2 subdivisions via pycountry/isocodes,REFERENCE_DATA_IMPORTED,NEEDS_AR_TRANSLATION,2026-08-05,Administrative subdivision only; cities are imported in later city files.
UPSERT,reg_mt_61,MT,MLT,Malta,مالطا,Republic of Malta,Europe,أوروبا,Southern Europe,جنوب أوروبا,MT-61,,,1,local_council,Local council,Xagħra,,Xagħra,true,ISO_3166_2,https://www.iso.org/obp/ui/#search,ISO 3166-2 subdivisions via pycountry/isocodes,REFERENCE_DATA_IMPORTED,NEEDS_AR_TRANSLATION,2026-08-05,Administrative subdivision only; cities are imported in later city files.
UPSERT,reg_mt_62,MT,MLT,Malta,مالطا,Republic of Malta,Europe,أوروبا,Southern Europe,جنوب أوروبا,MT-62,,,1,local_council,Local council,Xewkija,,Xewkija,true,ISO_3166_2,https://www.iso.org/obp/ui/#search,ISO 3166-2 subdivisions via pycountry/isocodes,REFERENCE_DATA_IMPORTED,NEEDS_AR_TRANSLATION,2026-08-05,Administrative subdivision only; cities are imported in later city files.
UPSERT,reg_mt_63,MT,MLT,Malta,مالطا,Republic of Malta,Europe,أوروبا,Southern Europe,جنوب أوروبا,MT-63,,,1,local_council,Local council,Xgħajra,,Xgħajra,true,ISO_3166_2,https://www.iso.org/obp/ui/#search,ISO 3166-2 subdivisions via pycountry/isocodes,REFERENCE_DATA_IMPORTED,NEEDS_AR_TRANSLATION,2026-08-05,Administrative subdivision only; cities are imported in later city files.
UPSERT,reg_mt_64,MT,MLT,Malta,مالطا,Republic of Malta,Europe,أوروبا,Southern Europe,جنوب أوروبا,MT-64,,,1,local_council,Local council,Żabbar,,Żabbar,true,ISO_3166_2,https://www.iso.org/obp/ui/#search,ISO 3166-2 subdivisions via pycountry/isocodes,REFERENCE_DATA_IMPORTED,NEEDS_AR_TRANSLATION,2026-08-05,Administrative subdivision only; cities are imported in later city files.
UPSERT,reg_mt_65,MT,MLT,Malta,مالطا,Republic of Malta,Europe,أوروبا,Southern Europe,جنوب أوروبا,MT-65,,,1,local_council,Local council,Żebbuġ Gozo,,Żebbuġ Gozo,true,ISO_3166_2,https://www.iso.org/obp/ui/#search,ISO 3166-2 subdivisions via pycountry/isocodes,REFERENCE_DATA_IMPORTED,NEEDS_AR_TRANSLATION,2026-08-05,Administrative subdivision only; cities are imported in later city files.
UPSERT,reg_mt_66,MT,MLT,Malta,مالطا,Republic of Malta,Europe,أوروبا,Southern Europe,جنوب أوروبا,MT-66,,,1,local_council,Local council,Żebbuġ Malta,,Żebbuġ Malta,true,ISO_3166_2,https://www.iso.org/obp/ui/#search,ISO 3166-2 subdivisions via pycountry/isocodes,REFERENCE_DATA_IMPORTED,NEEDS_AR_TRANSLATION,2026-08-05,Administrative subdivision only; cities are imported in later city files.
UPSERT,reg_mt_67,MT,MLT,Malta,مالطا,Republic of Malta,Europe,أوروبا,Southern Europe,جنوب أوروبا,MT-67,,,1,local_council,Local council,Żejtun,,Żejtun,true,ISO_3166_2,https://www.iso.org/obp/ui/#search,ISO 3166-2 subdivisions via pycountry/isocodes,REFERENCE_DATA_IMPORTED,NEEDS_AR_TRANSLATION,2026-08-05,Administrative subdivision only; cities are imported in later city files.
UPSERT,reg_mt_68,MT,MLT,Malta,مالطا,Republic of Malta,Europe,أوروبا,Southern Europe,جنوب أوروبا,MT-68,,,1,local_council,Local council,Żurrieq,,Żurrieq,true,ISO_3166_2,https://www.iso.org/obp/ui/#search,ISO 3166-2 subdivisions via pycountry/isocodes,REFERENCE_DATA_IMPORTED,NEEDS_AR_TRANSLATION,2026-08-05,Administrative subdivision only; cities are imported in later city files.
UPSERT,reg_nl_aw,NL,NLD,Netherlands,هولندا,Kingdom of the Netherlands,Europe,أوروبا,Western Europe,غرب أوروبا,NL-AW,,,1,country,Country,Aruba,,Aruba,true,ISO_3166_2,https://www.iso.org/obp/ui/#search,ISO 3166-2 subdivisions via pycountry/isocodes,REFERENCE_DATA_IMPORTED,NEEDS_AR_TRANSLATION,2026-08-05,Administrative subdivision only; cities are imported in later city files.
UPSERT,reg_nl_bq1,NL,NLD,Netherlands,هولندا,Kingdom of the Netherlands,Europe,أوروبا,Western Europe,غرب أوروبا,NL-BQ1,,,1,special_municipality,Special municipality,Bonaire,,Bonaire,true,ISO_3166_2,https://www.iso.org/obp/ui/#search,ISO 3166-2 subdivisions via pycountry/isocodes,REFERENCE_DATA_IMPORTED,NEEDS_AR_TRANSLATION,2026-08-05,Administrative subdivision only; cities are imported in later city files.
UPSERT,reg_nl_bq2,NL,NLD,Netherlands,هولندا,Kingdom of the Netherlands,Europe,أوروبا,Western Europe,غرب أوروبا,NL-BQ2,,,1,special_municipality,Special municipality,Saba,,Saba,true,ISO_3166_2,https://www.iso.org/obp/ui/#search,ISO 3166-2 subdivisions via pycountry/isocodes,REFERENCE_DATA_IMPORTED,NEEDS_AR_TRANSLATION,2026-08-05,Administrative subdivision only; cities are imported in later city files.
UPSERT,reg_nl_bq3,NL,NLD,Netherlands,هولندا,Kingdom of the Netherlands,Europe,أوروبا,Western Europe,غرب أوروبا,NL-BQ3,,,1,special_municipality,Special municipality,Sint Eustatius,,Sint Eustatius,true,ISO_3166_2,https://www.iso.org/obp/ui/#search,ISO 3166-2 subdivisions via pycountry/isocodes,REFERENCE_DATA_IMPORTED,NEEDS_AR_TRANSLATION,2026-08-05,Administrative subdivision only; cities are imported in later city files.
UPSERT,reg_nl_cw,NL,NLD,Netherlands,هولندا,Kingdom of the Netherlands,Europe,أوروبا,Western Europe,غرب أوروبا,NL-CW,,,1,country,Country,Curaçao,,Curaçao,true,ISO_3166_2,https://www.iso.org/obp/ui/#search,ISO 3166-2 subdivisions via pycountry/isocodes,REFERENCE_DATA_IMPORTED,NEEDS_AR_TRANSLATION,2026-08-05,Administrative subdivision only; cities are imported in later city files.
UPSERT,reg_nl_dr,NL,NLD,Netherlands,هولندا,Kingdom of the Netherlands,Europe,أوروبا,Western Europe,غرب أوروبا,NL-DR,,,1,province,Province,Drenthe,,Drenthe,true,ISO_3166_2,https://www.iso.org/obp/ui/#search,ISO 3166-2 subdivisions via pycountry/isocodes,REFERENCE_DATA_IMPORTED,NEEDS_AR_TRANSLATION,2026-08-05,Administrative subdivision only; cities are imported in later city files.
UPSERT,reg_nl_fl,NL,NLD,Netherlands,هولندا,Kingdom of the Netherlands,Europe,أوروبا,Western Europe,غرب أوروبا,NL-FL,,,1,province,Province,Flevoland,,Flevoland,true,ISO_3166_2,https://www.iso.org/obp/ui/#search,ISO 3166-2 subdivisions via pycountry/isocodes,REFERENCE_DATA_IMPORTED,NEEDS_AR_TRANSLATION,2026-08-05,Administrative subdivision only; cities are imported in later city files.
UPSERT,reg_nl_fr,NL,NLD,Netherlands,هولندا,Kingdom of the Netherlands,Europe,أوروبا,Western Europe,غرب أوروبا,NL-FR,,,1,province,Province,Fryslân,,Fryslân,true,ISO_3166_2,https://www.iso.org/obp/ui/#search,ISO 3166-2 subdivisions via pycountry/isocodes,REFERENCE_DATA_IMPORTED,NEEDS_AR_TRANSLATION,2026-08-05,Administrative subdivision only; cities are imported in later city files.
UPSERT,reg_nl_ge,NL,NLD,Netherlands,هولندا,Kingdom of the Netherlands,Europe,أوروبا,Western Europe,غرب أوروبا,NL-GE,,,1,province,Province,Gelderland,,Gelderland,true,ISO_3166_2,https://www.iso.org/obp/ui/#search,ISO 3166-2 subdivisions via pycountry/isocodes,REFERENCE_DATA_IMPORTED,NEEDS_AR_TRANSLATION,2026-08-05,Administrative subdivision only; cities are imported in later city files.
UPSERT,reg_nl_gr,NL,NLD,Netherlands,هولندا,Kingdom of the Netherlands,Europe,أوروبا,Western Europe,غرب أوروبا,NL-GR,,,1,province,Province,Groningen,,Groningen,true,ISO_3166_2,https://www.iso.org/obp/ui/#search,ISO 3166-2 subdivisions via pycountry/isocodes,REFERENCE_DATA_IMPORTED,NEEDS_AR_TRANSLATION,2026-08-05,Administrative subdivision only; cities are imported in later city files.
UPSERT,reg_nl_li,NL,NLD,Netherlands,هولندا,Kingdom of the Netherlands,Europe,أوروبا,Western Europe,غرب أوروبا,NL-LI,,,1,province,Province,Limburg,,Limburg,true,ISO_3166_2,https://www.iso.org/obp/ui/#search,ISO 3166-2 subdivisions via pycountry/isocodes,REFERENCE_DATA_IMPORTED,NEEDS_AR_TRANSLATION,2026-08-05,Administrative subdivision only; cities are imported in later city files.
UPSERT,reg_nl_nb,NL,NLD,Netherlands,هولندا,Kingdom of the Netherlands,Europe,أوروبا,Western Europe,غرب أوروبا,NL-NB,,,1,province,Province,Noord-Brabant,,Noord-Brabant,true,ISO_3166_2,https://www.iso.org/obp/ui/#search,ISO 3166-2 subdivisions via pycountry/isocodes,REFERENCE_DATA_IMPORTED,NEEDS_AR_TRANSLATION,2026-08-05,Administrative subdivision only; cities are imported in later city files.
UPSERT,reg_nl_nh,NL,NLD,Netherlands,هولندا,Kingdom of the Netherlands,Europe,أوروبا,Western Europe,غرب أوروبا,NL-NH,,,1,province,Province,Noord-Holland,,Noord-Holland,true,ISO_3166_2,https://www.iso.org/obp/ui/#search,ISO 3166-2 subdivisions via pycountry/isocodes,REFERENCE_DATA_IMPORTED,NEEDS_AR_TRANSLATION,2026-08-05,Administrative subdivision only; cities are imported in later city files.
UPSERT,reg_nl_ov,NL,NLD,Netherlands,هولندا,Kingdom of the Netherlands,Europe,أوروبا,Western Europe,غرب أوروبا,NL-OV,,,1,province,Province,Overijssel,,Overijssel,true,ISO_3166_2,https://www.iso.org/obp/ui/#search,ISO 3166-2 subdivisions via pycountry/isocodes,REFERENCE_DATA_IMPORTED,NEEDS_AR_TRANSLATION,2026-08-05,Administrative subdivision only; cities are imported in later city files.
UPSERT,reg_nl_sx,NL,NLD,Netherlands,هولندا,Kingdom of the Netherlands,Europe,أوروبا,Western Europe,غرب أوروبا,NL-SX,,,1,country,Country,Sint Maarten,,Sint Maarten,true,ISO_3166_2,https://www.iso.org/obp/ui/#search,ISO 3166-2 subdivisions via pycountry/isocodes,REFERENCE_DATA_IMPORTED,NEEDS_AR_TRANSLATION,2026-08-05,Administrative subdivision only; cities are imported in later city files.
UPSERT,reg_nl_ut,NL,NLD,Netherlands,هولندا,Kingdom of the Netherlands,Europe,أوروبا,Western Europe,غرب أوروبا,NL-UT,,,1,province,Province,Utrecht,,Utrecht,true,ISO_3166_2,https://www.iso.org/obp/ui/#search,ISO 3166-2 subdivisions via pycountry/isocodes,REFERENCE_DATA_IMPORTED,NEEDS_AR_TRANSLATION,2026-08-05,Administrative subdivision only; cities are imported in later city files.
UPSERT,reg_nl_ze,NL,NLD,Netherlands,هولندا,Kingdom of the Netherlands,Europe,أوروبا,Western Europe,غرب أوروبا,NL-ZE,,,1,province,Province,Zeeland,,Zeeland,true,ISO_3166_2,https://www.iso.org/obp/ui/#search,ISO 3166-2 subdivisions via pycountry/isocodes,REFERENCE_DATA_IMPORTED,NEEDS_AR_TRANSLATION,2026-08-05,Administrative subdivision only; cities are imported in later city files.
UPSERT,reg_nl_zh,NL,NLD,Netherlands,هولندا,Kingdom of the Netherlands,Europe,أوروبا,Western Europe,غرب أوروبا,NL-ZH,,,1,province,Province,Zuid-Holland,,Zuid-Holland,true,ISO_3166_2,https://www.iso.org/obp/ui/#search,ISO 3166-2 subdivisions via pycountry/isocodes,REFERENCE_DATA_IMPORTED,NEEDS_AR_TRANSLATION,2026-08-05,Administrative subdivision only; cities are imported in later city files.
UPSERT,reg_no_03,NO,NOR,Norway,النرويج,Kingdom of Norway,Europe,أوروبا,Northern Europe,شمال أوروبا,NO-03,,,1,county,County,Oslo,,Oslo,true,ISO_3166_2,https://www.iso.org/obp/ui/#search,ISO 3166-2 subdivisions via pycountry/isocodes,REFERENCE_DATA_IMPORTED,NEEDS_AR_TRANSLATION,2026-08-05,Administrative subdivision only; cities are imported in later city files.
UPSERT,reg_no_11,NO,NOR,Norway,النرويج,Kingdom of Norway,Europe,أوروبا,Northern Europe,شمال أوروبا,NO-11,,,1,county,County,Rogaland,,Rogaland,true,ISO_3166_2,https://www.iso.org/obp/ui/#search,ISO 3166-2 subdivisions via pycountry/isocodes,REFERENCE_DATA_IMPORTED,NEEDS_AR_TRANSLATION,2026-08-05,Administrative subdivision only; cities are imported in later city files.
UPSERT,reg_no_15,NO,NOR,Norway,النرويج,Kingdom of Norway,Europe,أوروبا,Northern Europe,شمال أوروبا,NO-15,,,1,county,County,Møre og Romsdal,,Møre og Romsdal,true,ISO_3166_2,https://www.iso.org/obp/ui/#search,ISO 3166-2 subdivisions via pycountry/isocodes,REFERENCE_DATA_IMPORTED,NEEDS_AR_TRANSLATION,2026-08-05,Administrative subdivision only; cities are imported in later city files.
UPSERT,reg_no_18,NO,NOR,Norway,النرويج,Kingdom of Norway,Europe,أوروبا,Northern Europe,شمال أوروبا,NO-18,,,1,county,County,Nordland,,Nordland,true,ISO_3166_2,https://www.iso.org/obp/ui/#search,ISO 3166-2 subdivisions via pycountry/isocodes,REFERENCE_DATA_IMPORTED,NEEDS_AR_TRANSLATION,2026-08-05,Administrative subdivision only; cities are imported in later city files.
UPSERT,reg_no_21,NO,NOR,Norway,النرويج,Kingdom of Norway,Europe,أوروبا,Northern Europe,شمال أوروبا,NO-21,,,1,arctic_region,Arctic region,Svalbard (Arctic Region),,Svalbard (Arctic Region),true,ISO_3166_2,https://www.iso.org/obp/ui/#search,ISO 3166-2 subdivisions via pycountry/isocodes,REFERENCE_DATA_IMPORTED,NEEDS_AR_TRANSLATION,2026-08-05,Administrative subdivision only; cities are imported in later city files.
UPSERT,reg_no_22,NO,NOR,Norway,النرويج,Kingdom of Norway,Europe,أوروبا,Northern Europe,شمال أوروبا,NO-22,,,1,arctic_region,Arctic region,Jan Mayen (Arctic Region),,Jan Mayen (Arctic Region),true,ISO_3166_2,https://www.iso.org/obp/ui/#search,ISO 3166-2 subdivisions via pycountry/isocodes,REFERENCE_DATA_IMPORTED,NEEDS_AR_TRANSLATION,2026-08-05,Administrative subdivision only; cities are imported in later city files.
UPSERT,reg_no_30,NO,NOR,Norway,النرويج,Kingdom of Norway,Europe,أوروبا,Northern Europe,شمال أوروبا,NO-30,,,1,county,County,Viken,,Viken,true,ISO_3166_2,https://www.iso.org/obp/ui/#search,ISO 3166-2 subdivisions via pycountry/isocodes,REFERENCE_DATA_IMPORTED,NEEDS_AR_TRANSLATION,2026-08-05,Administrative subdivision only; cities are imported in later city files.
UPSERT,reg_no_34,NO,NOR,Norway,النرويج,Kingdom of Norway,Europe,أوروبا,Northern Europe,شمال أوروبا,NO-34,,,1,county,County,Innlandet,,Innlandet,true,ISO_3166_2,https://www.iso.org/obp/ui/#search,ISO 3166-2 subdivisions via pycountry/isocodes,REFERENCE_DATA_IMPORTED,NEEDS_AR_TRANSLATION,2026-08-05,Administrative subdivision only; cities are imported in later city files.
UPSERT,reg_no_38,NO,NOR,Norway,النرويج,Kingdom of Norway,Europe,أوروبا,Northern Europe,شمال أوروبا,NO-38,,,1,county,County,Vestfold og Telemark,,Vestfold og Telemark,true,ISO_3166_2,https://www.iso.org/obp/ui/#search,ISO 3166-2 subdivisions via pycountry/isocodes,REFERENCE_DATA_IMPORTED,NEEDS_AR_TRANSLATION,2026-08-05,Administrative subdivision only; cities are imported in later city files.
UPSERT,reg_no_42,NO,NOR,Norway,النرويج,Kingdom of Norway,Europe,أوروبا,Northern Europe,شمال أوروبا,NO-42,,,1,county,County,Agder,,Agder,true,ISO_3166_2,https://www.iso.org/obp/ui/#search,ISO 3166-2 subdivisions via pycountry/isocodes,REFERENCE_DATA_IMPORTED,NEEDS_AR_TRANSLATION,2026-08-05,Administrative subdivision only; cities are imported in later city files.
UPSERT,reg_no_46,NO,NOR,Norway,النرويج,Kingdom of Norway,Europe,أوروبا,Northern Europe,شمال أوروبا,NO-46,,,1,county,County,Vestland,,Vestland,true,ISO_3166_2,https://www.iso.org/obp/ui/#search,ISO 3166-2 subdivisions via pycountry/isocodes,REFERENCE_DATA_IMPORTED,NEEDS_AR_TRANSLATION,2026-08-05,Administrative subdivision only; cities are imported in later city files.
UPSERT,reg_no_50,NO,NOR,Norway,النرويج,Kingdom of Norway,Europe,أوروبا,Northern Europe,شمال أوروبا,NO-50,,,1,county,County,Trööndelage,,Trööndelage,true,ISO_3166_2,https://www.iso.org/obp/ui/#search,ISO 3166-2 subdivisions via pycountry/isocodes,REFERENCE_DATA_IMPORTED,NEEDS_AR_TRANSLATION,2026-08-05,Administrative subdivision only; cities are imported in later city files.
UPSERT,reg_no_54,NO,NOR,Norway,النرويج,Kingdom of Norway,Europe,أوروبا,Northern Europe,شمال أوروبا,NO-54,,,1,county,County,Romssa ja Finnmárkku,,Romssa ja Finnmárkku,true,ISO_3166_2,https://www.iso.org/obp/ui/#search,ISO 3166-2 subdivisions via pycountry/isocodes,REFERENCE_DATA_IMPORTED,NEEDS_AR_TRANSLATION,2026-08-05,Administrative subdivision only; cities are imported in later city files.
UPSERT,reg_pl_02,PL,POL,Poland,بولندا,Republic of Poland,Europe,أوروبا,Eastern Europe,شرق أوروبا,PL-02,,,1,voivodship,Voivodship,Dolnośląskie,,Dolnośląskie,true,ISO_3166_2,https://www.iso.org/obp/ui/#search,ISO 3166-2 subdivisions via pycountry/isocodes,REFERENCE_DATA_IMPORTED,NEEDS_AR_TRANSLATION,2026-08-05,Administrative subdivision only; cities are imported in later city files.
UPSERT,reg_pl_04,PL,POL,Poland,بولندا,Republic of Poland,Europe,أوروبا,Eastern Europe,شرق أوروبا,PL-04,,,1,voivodship,Voivodship,Kujawsko-Pomorskie,,Kujawsko-Pomorskie,true,ISO_3166_2,https://www.iso.org/obp/ui/#search,ISO 3166-2 subdivisions via pycountry/isocodes,REFERENCE_DATA_IMPORTED,NEEDS_AR_TRANSLATION,2026-08-05,Administrative subdivision only; cities are imported in later city files.
UPSERT,reg_pl_06,PL,POL,Poland,بولندا,Republic of Poland,Europe,أوروبا,Eastern Europe,شرق أوروبا,PL-06,,,1,voivodship,Voivodship,Lubelskie,,Lubelskie,true,ISO_3166_2,https://www.iso.org/obp/ui/#search,ISO 3166-2 subdivisions via pycountry/isocodes,REFERENCE_DATA_IMPORTED,NEEDS_AR_TRANSLATION,2026-08-05,Administrative subdivision only; cities are imported in later city files.
UPSERT,reg_pl_08,PL,POL,Poland,بولندا,Republic of Poland,Europe,أوروبا,Eastern Europe,شرق أوروبا,PL-08,,,1,voivodship,Voivodship,Lubuskie,,Lubuskie,true,ISO_3166_2,https://www.iso.org/obp/ui/#search,ISO 3166-2 subdivisions via pycountry/isocodes,REFERENCE_DATA_IMPORTED,NEEDS_AR_TRANSLATION,2026-08-05,Administrative subdivision only; cities are imported in later city files.
UPSERT,reg_pl_10,PL,POL,Poland,بولندا,Republic of Poland,Europe,أوروبا,Eastern Europe,شرق أوروبا,PL-10,,,1,voivodship,Voivodship,Łódzkie,,Łódzkie,true,ISO_3166_2,https://www.iso.org/obp/ui/#search,ISO 3166-2 subdivisions via pycountry/isocodes,REFERENCE_DATA_IMPORTED,NEEDS_AR_TRANSLATION,2026-08-05,Administrative subdivision only; cities are imported in later city files.
UPSERT,reg_pl_12,PL,POL,Poland,بولندا,Republic of Poland,Europe,أوروبا,Eastern Europe,شرق أوروبا,PL-12,,,1,voivodship,Voivodship,Małopolskie,,Małopolskie,true,ISO_3166_2,https://www.iso.org/obp/ui/#search,ISO 3166-2 subdivisions via pycountry/isocodes,REFERENCE_DATA_IMPORTED,NEEDS_AR_TRANSLATION,2026-08-05,Administrative subdivision only; cities are imported in later city files.
UPSERT,reg_pl_14,PL,POL,Poland,بولندا,Republic of Poland,Europe,أوروبا,Eastern Europe,شرق أوروبا,PL-14,,,1,voivodship,Voivodship,Mazowieckie,,Mazowieckie,true,ISO_3166_2,https://www.iso.org/obp/ui/#search,ISO 3166-2 subdivisions via pycountry/isocodes,REFERENCE_DATA_IMPORTED,NEEDS_AR_TRANSLATION,2026-08-05,Administrative subdivision only; cities are imported in later city files.
UPSERT,reg_pl_16,PL,POL,Poland,بولندا,Republic of Poland,Europe,أوروبا,Eastern Europe,شرق أوروبا,PL-16,,,1,voivodship,Voivodship,Opolskie,,Opolskie,true,ISO_3166_2,https://www.iso.org/obp/ui/#search,ISO 3166-2 subdivisions via pycountry/isocodes,REFERENCE_DATA_IMPORTED,NEEDS_AR_TRANSLATION,2026-08-05,Administrative subdivision only; cities are imported in later city files.
UPSERT,reg_pl_18,PL,POL,Poland,بولندا,Republic of Poland,Europe,أوروبا,Eastern Europe,شرق أوروبا,PL-18,,,1,voivodship,Voivodship,Podkarpackie,,Podkarpackie,true,ISO_3166_2,https://www.iso.org/obp/ui/#search,ISO 3166-2 subdivisions via pycountry/isocodes,REFERENCE_DATA_IMPORTED,NEEDS_AR_TRANSLATION,2026-08-05,Administrative subdivision only; cities are imported in later city files.
UPSERT,reg_pl_20,PL,POL,Poland,بولندا,Republic of Poland,Europe,أوروبا,Eastern Europe,شرق أوروبا,PL-20,,,1,voivodship,Voivodship,Podlaskie,,Podlaskie,true,ISO_3166_2,https://www.iso.org/obp/ui/#search,ISO 3166-2 subdivisions via pycountry/isocodes,REFERENCE_DATA_IMPORTED,NEEDS_AR_TRANSLATION,2026-08-05,Administrative subdivision only; cities are imported in later city files.
UPSERT,reg_pl_22,PL,POL,Poland,بولندا,Republic of Poland,Europe,أوروبا,Eastern Europe,شرق أوروبا,PL-22,,,1,voivodship,Voivodship,Pomorskie,,Pomorskie,true,ISO_3166_2,https://www.iso.org/obp/ui/#search,ISO 3166-2 subdivisions via pycountry/isocodes,REFERENCE_DATA_IMPORTED,NEEDS_AR_TRANSLATION,2026-08-05,Administrative subdivision only; cities are imported in later city files.
UPSERT,reg_pl_24,PL,POL,Poland,بولندا,Republic of Poland,Europe,أوروبا,Eastern Europe,شرق أوروبا,PL-24,,,1,voivodship,Voivodship,Śląskie,,Śląskie,true,ISO_3166_2,https://www.iso.org/obp/ui/#search,ISO 3166-2 subdivisions via pycountry/isocodes,REFERENCE_DATA_IMPORTED,NEEDS_AR_TRANSLATION,2026-08-05,Administrative subdivision only; cities are imported in later city files.
UPSERT,reg_pl_26,PL,POL,Poland,بولندا,Republic of Poland,Europe,أوروبا,Eastern Europe,شرق أوروبا,PL-26,,,1,voivodship,Voivodship,Świętokrzyskie,,Świętokrzyskie,true,ISO_3166_2,https://www.iso.org/obp/ui/#search,ISO 3166-2 subdivisions via pycountry/isocodes,REFERENCE_DATA_IMPORTED,NEEDS_AR_TRANSLATION,2026-08-05,Administrative subdivision only; cities are imported in later city files.
UPSERT,reg_pl_28,PL,POL,Poland,بولندا,Republic of Poland,Europe,أوروبا,Eastern Europe,شرق أوروبا,PL-28,,,1,voivodship,Voivodship,Warmińsko-Mazurskie,,Warmińsko-Mazurskie,true,ISO_3166_2,https://www.iso.org/obp/ui/#search,ISO 3166-2 subdivisions via pycountry/isocodes,REFERENCE_DATA_IMPORTED,NEEDS_AR_TRANSLATION,2026-08-05,Administrative subdivision only; cities are imported in later city files.
UPSERT,reg_pl_30,PL,POL,Poland,بولندا,Republic of Poland,Europe,أوروبا,Eastern Europe,شرق أوروبا,PL-30,,,1,voivodship,Voivodship,Wielkopolskie,,Wielkopolskie,true,ISO_3166_2,https://www.iso.org/obp/ui/#search,ISO 3166-2 subdivisions via pycountry/isocodes,REFERENCE_DATA_IMPORTED,NEEDS_AR_TRANSLATION,2026-08-05,Administrative subdivision only; cities are imported in later city files.
UPSERT,reg_pl_32,PL,POL,Poland,بولندا,Republic of Poland,Europe,أوروبا,Eastern Europe,شرق أوروبا,PL-32,,,1,voivodship,Voivodship,Zachodniopomorskie,,Zachodniopomorskie,true,ISO_3166_2,https://www.iso.org/obp/ui/#search,ISO 3166-2 subdivisions via pycountry/isocodes,REFERENCE_DATA_IMPORTED,NEEDS_AR_TRANSLATION,2026-08-05,Administrative subdivision only; cities are imported in later city files.
UPSERT,reg_pt_01,PT,PRT,Portugal,البرتغال,Portuguese Republic,Europe,أوروبا,Southern Europe,جنوب أوروبا,PT-01,,,1,district,District,Aveiro,,Aveiro,true,ISO_3166_2,https://www.iso.org/obp/ui/#search,ISO 3166-2 subdivisions via pycountry/isocodes,REFERENCE_DATA_IMPORTED,NEEDS_AR_TRANSLATION,2026-08-05,Administrative subdivision only; cities are imported in later city files.
UPSERT,reg_pt_02,PT,PRT,Portugal,البرتغال,Portuguese Republic,Europe,أوروبا,Southern Europe,جنوب أوروبا,PT-02,,,1,district,District,Beja,,Beja,true,ISO_3166_2,https://www.iso.org/obp/ui/#search,ISO 3166-2 subdivisions via pycountry/isocodes,REFERENCE_DATA_IMPORTED,NEEDS_AR_TRANSLATION,2026-08-05,Administrative subdivision only; cities are imported in later city files.
UPSERT,reg_pt_03,PT,PRT,Portugal,البرتغال,Portuguese Republic,Europe,أوروبا,Southern Europe,جنوب أوروبا,PT-03,,,1,district,District,Braga,,Braga,true,ISO_3166_2,https://www.iso.org/obp/ui/#search,ISO 3166-2 subdivisions via pycountry/isocodes,REFERENCE_DATA_IMPORTED,NEEDS_AR_TRANSLATION,2026-08-05,Administrative subdivision only; cities are imported in later city files.
UPSERT,reg_pt_04,PT,PRT,Portugal,البرتغال,Portuguese Republic,Europe,أوروبا,Southern Europe,جنوب أوروبا,PT-04,,,1,district,District,Bragança,,Bragança,true,ISO_3166_2,https://www.iso.org/obp/ui/#search,ISO 3166-2 subdivisions via pycountry/isocodes,REFERENCE_DATA_IMPORTED,NEEDS_AR_TRANSLATION,2026-08-05,Administrative subdivision only; cities are imported in later city files.
UPSERT,reg_pt_05,PT,PRT,Portugal,البرتغال,Portuguese Republic,Europe,أوروبا,Southern Europe,جنوب أوروبا,PT-05,,,1,district,District,Castelo Branco,,Castelo Branco,true,ISO_3166_2,https://www.iso.org/obp/ui/#search,ISO 3166-2 subdivisions via pycountry/isocodes,REFERENCE_DATA_IMPORTED,NEEDS_AR_TRANSLATION,2026-08-05,Administrative subdivision only; cities are imported in later city files.
UPSERT,reg_pt_06,PT,PRT,Portugal,البرتغال,Portuguese Republic,Europe,أوروبا,Southern Europe,جنوب أوروبا,PT-06,,,1,district,District,Coimbra,,Coimbra,true,ISO_3166_2,https://www.iso.org/obp/ui/#search,ISO 3166-2 subdivisions via pycountry/isocodes,REFERENCE_DATA_IMPORTED,NEEDS_AR_TRANSLATION,2026-08-05,Administrative subdivision only; cities are imported in later city files.
UPSERT,reg_pt_07,PT,PRT,Portugal,البرتغال,Portuguese Republic,Europe,أوروبا,Southern Europe,جنوب أوروبا,PT-07,,,1,district,District,Évora,,Évora,true,ISO_3166_2,https://www.iso.org/obp/ui/#search,ISO 3166-2 subdivisions via pycountry/isocodes,REFERENCE_DATA_IMPORTED,NEEDS_AR_TRANSLATION,2026-08-05,Administrative subdivision only; cities are imported in later city files.
UPSERT,reg_pt_08,PT,PRT,Portugal,البرتغال,Portuguese Republic,Europe,أوروبا,Southern Europe,جنوب أوروبا,PT-08,,,1,district,District,Faro,,Faro,true,ISO_3166_2,https://www.iso.org/obp/ui/#search,ISO 3166-2 subdivisions via pycountry/isocodes,REFERENCE_DATA_IMPORTED,NEEDS_AR_TRANSLATION,2026-08-05,Administrative subdivision only; cities are imported in later city files.
UPSERT,reg_pt_09,PT,PRT,Portugal,البرتغال,Portuguese Republic,Europe,أوروبا,Southern Europe,جنوب أوروبا,PT-09,,,1,district,District,Guarda,,Guarda,true,ISO_3166_2,https://www.iso.org/obp/ui/#search,ISO 3166-2 subdivisions via pycountry/isocodes,REFERENCE_DATA_IMPORTED,NEEDS_AR_TRANSLATION,2026-08-05,Administrative subdivision only; cities are imported in later city files.
UPSERT,reg_pt_10,PT,PRT,Portugal,البرتغال,Portuguese Republic,Europe,أوروبا,Southern Europe,جنوب أوروبا,PT-10,,,1,district,District,Leiria,,Leiria,true,ISO_3166_2,https://www.iso.org/obp/ui/#search,ISO 3166-2 subdivisions via pycountry/isocodes,REFERENCE_DATA_IMPORTED,NEEDS_AR_TRANSLATION,2026-08-05,Administrative subdivision only; cities are imported in later city files.
UPSERT,reg_pt_11,PT,PRT,Portugal,البرتغال,Portuguese Republic,Europe,أوروبا,Southern Europe,جنوب أوروبا,PT-11,,,1,district,District,Lisboa,,Lisboa,true,ISO_3166_2,https://www.iso.org/obp/ui/#search,ISO 3166-2 subdivisions via pycountry/isocodes,REFERENCE_DATA_IMPORTED,NEEDS_AR_TRANSLATION,2026-08-05,Administrative subdivision only; cities are imported in later city files.
UPSERT,reg_pt_12,PT,PRT,Portugal,البرتغال,Portuguese Republic,Europe,أوروبا,Southern Europe,جنوب أوروبا,PT-12,,,1,district,District,Portalegre,,Portalegre,true,ISO_3166_2,https://www.iso.org/obp/ui/#search,ISO 3166-2 subdivisions via pycountry/isocodes,REFERENCE_DATA_IMPORTED,NEEDS_AR_TRANSLATION,2026-08-05,Administrative subdivision only; cities are imported in later city files.
UPSERT,reg_pt_13,PT,PRT,Portugal,البرتغال,Portuguese Republic,Europe,أوروبا,Southern Europe,جنوب أوروبا,PT-13,,,1,district,District,Porto,,Porto,true,ISO_3166_2,https://www.iso.org/obp/ui/#search,ISO 3166-2 subdivisions via pycountry/isocodes,REFERENCE_DATA_IMPORTED,NEEDS_AR_TRANSLATION,2026-08-05,Administrative subdivision only; cities are imported in later city files.
UPSERT,reg_pt_14,PT,PRT,Portugal,البرتغال,Portuguese Republic,Europe,أوروبا,Southern Europe,جنوب أوروبا,PT-14,,,1,district,District,Santarém,,Santarém,true,ISO_3166_2,https://www.iso.org/obp/ui/#search,ISO 3166-2 subdivisions via pycountry/isocodes,REFERENCE_DATA_IMPORTED,NEEDS_AR_TRANSLATION,2026-08-05,Administrative subdivision only; cities are imported in later city files.
UPSERT,reg_pt_15,PT,PRT,Portugal,البرتغال,Portuguese Republic,Europe,أوروبا,Southern Europe,جنوب أوروبا,PT-15,,,1,district,District,Setúbal,,Setúbal,true,ISO_3166_2,https://www.iso.org/obp/ui/#search,ISO 3166-2 subdivisions via pycountry/isocodes,REFERENCE_DATA_IMPORTED,NEEDS_AR_TRANSLATION,2026-08-05,Administrative subdivision only; cities are imported in later city files.
UPSERT,reg_pt_16,PT,PRT,Portugal,البرتغال,Portuguese Republic,Europe,أوروبا,Southern Europe,جنوب أوروبا,PT-16,,,1,district,District,Viana do Castelo,,Viana do Castelo,true,ISO_3166_2,https://www.iso.org/obp/ui/#search,ISO 3166-2 subdivisions via pycountry/isocodes,REFERENCE_DATA_IMPORTED,NEEDS_AR_TRANSLATION,2026-08-05,Administrative subdivision only; cities are imported in later city files.
UPSERT,reg_pt_17,PT,PRT,Portugal,البرتغال,Portuguese Republic,Europe,أوروبا,Southern Europe,جنوب أوروبا,PT-17,,,1,district,District,Vila Real,,Vila Real,true,ISO_3166_2,https://www.iso.org/obp/ui/#search,ISO 3166-2 subdivisions via pycountry/isocodes,REFERENCE_DATA_IMPORTED,NEEDS_AR_TRANSLATION,2026-08-05,Administrative subdivision only; cities are imported in later city files.
UPSERT,reg_pt_18,PT,PRT,Portugal,البرتغال,Portuguese Republic,Europe,أوروبا,Southern Europe,جنوب أوروبا,PT-18,,,1,district,District,Viseu,,Viseu,true,ISO_3166_2,https://www.iso.org/obp/ui/#search,ISO 3166-2 subdivisions via pycountry/isocodes,REFERENCE_DATA_IMPORTED,NEEDS_AR_TRANSLATION,2026-08-05,Administrative subdivision only; cities are imported in later city files.
UPSERT,reg_pt_20,PT,PRT,Portugal,البرتغال,Portuguese Republic,Europe,أوروبا,Southern Europe,جنوب أوروبا,PT-20,,,1,autonomous_region,Autonomous region,Região Autónoma dos Açores,,Região Autónoma dos Açores,true,ISO_3166_2,https://www.iso.org/obp/ui/#search,ISO 3166-2 subdivisions via pycountry/isocodes,REFERENCE_DATA_IMPORTED,NEEDS_AR_TRANSLATION,2026-08-05,Administrative subdivision only; cities are imported in later city files.
UPSERT,reg_pt_30,PT,PRT,Portugal,البرتغال,Portuguese Republic,Europe,أوروبا,Southern Europe,جنوب أوروبا,PT-30,,,1,autonomous_region,Autonomous region,Região Autónoma da Madeira,,Região Autónoma da Madeira,true,ISO_3166_2,https://www.iso.org/obp/ui/#search,ISO 3166-2 subdivisions via pycountry/isocodes,REFERENCE_DATA_IMPORTED,NEEDS_AR_TRANSLATION,2026-08-05,Administrative subdivision only; cities are imported in later city files.
UPSERT,reg_ro_ab,RO,ROU,Romania,رومانيا,,Europe,أوروبا,Eastern Europe,شرق أوروبا,RO-AB,,,1,department,Department,Alba,,Alba,true,ISO_3166_2,https://www.iso.org/obp/ui/#search,ISO 3166-2 subdivisions via pycountry/isocodes,REFERENCE_DATA_IMPORTED,NEEDS_AR_TRANSLATION,2026-08-05,Administrative subdivision only; cities are imported in later city files.
UPSERT,reg_ro_ag,RO,ROU,Romania,رومانيا,,Europe,أوروبا,Eastern Europe,شرق أوروبا,RO-AG,,,1,department,Department,Argeș,,Argeș,true,ISO_3166_2,https://www.iso.org/obp/ui/#search,ISO 3166-2 subdivisions via pycountry/isocodes,REFERENCE_DATA_IMPORTED,NEEDS_AR_TRANSLATION,2026-08-05,Administrative subdivision only; cities are imported in later city files.
UPSERT,reg_ro_ar,RO,ROU,Romania,رومانيا,,Europe,أوروبا,Eastern Europe,شرق أوروبا,RO-AR,,,1,department,Department,Arad,,Arad,true,ISO_3166_2,https://www.iso.org/obp/ui/#search,ISO 3166-2 subdivisions via pycountry/isocodes,REFERENCE_DATA_IMPORTED,NEEDS_AR_TRANSLATION,2026-08-05,Administrative subdivision only; cities are imported in later city files.
UPSERT,reg_ro_b,RO,ROU,Romania,رومانيا,,Europe,أوروبا,Eastern Europe,شرق أوروبا,RO-B,,,1,municipality,Municipality,București,,București,true,ISO_3166_2,https://www.iso.org/obp/ui/#search,ISO 3166-2 subdivisions via pycountry/isocodes,REFERENCE_DATA_IMPORTED,NEEDS_AR_TRANSLATION,2026-08-05,Administrative subdivision only; cities are imported in later city files.
UPSERT,reg_ro_bc,RO,ROU,Romania,رومانيا,,Europe,أوروبا,Eastern Europe,شرق أوروبا,RO-BC,,,1,department,Department,Bacău,,Bacău,true,ISO_3166_2,https://www.iso.org/obp/ui/#search,ISO 3166-2 subdivisions via pycountry/isocodes,REFERENCE_DATA_IMPORTED,NEEDS_AR_TRANSLATION,2026-08-05,Administrative subdivision only; cities are imported in later city files.
UPSERT,reg_ro_bh,RO,ROU,Romania,رومانيا,,Europe,أوروبا,Eastern Europe,شرق أوروبا,RO-BH,,,1,department,Department,Bihor,,Bihor,true,ISO_3166_2,https://www.iso.org/obp/ui/#search,ISO 3166-2 subdivisions via pycountry/isocodes,REFERENCE_DATA_IMPORTED,NEEDS_AR_TRANSLATION,2026-08-05,Administrative subdivision only; cities are imported in later city files.
UPSERT,reg_ro_bn,RO,ROU,Romania,رومانيا,,Europe,أوروبا,Eastern Europe,شرق أوروبا,RO-BN,,,1,department,Department,Bistrița-Năsăud,,Bistrița-Năsăud,true,ISO_3166_2,https://www.iso.org/obp/ui/#search,ISO 3166-2 subdivisions via pycountry/isocodes,REFERENCE_DATA_IMPORTED,NEEDS_AR_TRANSLATION,2026-08-05,Administrative subdivision only; cities are imported in later city files.
UPSERT,reg_ro_br,RO,ROU,Romania,رومانيا,,Europe,أوروبا,Eastern Europe,شرق أوروبا,RO-BR,,,1,department,Department,Brăila,,Brăila,true,ISO_3166_2,https://www.iso.org/obp/ui/#search,ISO 3166-2 subdivisions via pycountry/isocodes,REFERENCE_DATA_IMPORTED,NEEDS_AR_TRANSLATION,2026-08-05,Administrative subdivision only; cities are imported in later city files.
UPSERT,reg_ro_bt,RO,ROU,Romania,رومانيا,,Europe,أوروبا,Eastern Europe,شرق أوروبا,RO-BT,,,1,department,Department,Botoșani,,Botoșani,true,ISO_3166_2,https://www.iso.org/obp/ui/#search,ISO 3166-2 subdivisions via pycountry/isocodes,REFERENCE_DATA_IMPORTED,NEEDS_AR_TRANSLATION,2026-08-05,Administrative subdivision only; cities are imported in later city files.
UPSERT,reg_ro_bv,RO,ROU,Romania,رومانيا,,Europe,أوروبا,Eastern Europe,شرق أوروبا,RO-BV,,,1,department,Department,Brașov,,Brașov,true,ISO_3166_2,https://www.iso.org/obp/ui/#search,ISO 3166-2 subdivisions via pycountry/isocodes,REFERENCE_DATA_IMPORTED,NEEDS_AR_TRANSLATION,2026-08-05,Administrative subdivision only; cities are imported in later city files.
UPSERT,reg_ro_bz,RO,ROU,Romania,رومانيا,,Europe,أوروبا,Eastern Europe,شرق أوروبا,RO-BZ,,,1,department,Department,Buzău,,Buzău,true,ISO_3166_2,https://www.iso.org/obp/ui/#search,ISO 3166-2 subdivisions via pycountry/isocodes,REFERENCE_DATA_IMPORTED,NEEDS_AR_TRANSLATION,2026-08-05,Administrative subdivision only; cities are imported in later city files.
UPSERT,reg_ro_cj,RO,ROU,Romania,رومانيا,,Europe,أوروبا,Eastern Europe,شرق أوروبا,RO-CJ,,,1,department,Department,Cluj,,Cluj,true,ISO_3166_2,https://www.iso.org/obp/ui/#search,ISO 3166-2 subdivisions via pycountry/isocodes,REFERENCE_DATA_IMPORTED,NEEDS_AR_TRANSLATION,2026-08-05,Administrative subdivision only; cities are imported in later city files.
UPSERT,reg_ro_cl,RO,ROU,Romania,رومانيا,,Europe,أوروبا,Eastern Europe,شرق أوروبا,RO-CL,,,1,department,Department,Călărași,,Călărași,true,ISO_3166_2,https://www.iso.org/obp/ui/#search,ISO 3166-2 subdivisions via pycountry/isocodes,REFERENCE_DATA_IMPORTED,NEEDS_AR_TRANSLATION,2026-08-05,Administrative subdivision only; cities are imported in later city files.
UPSERT,reg_ro_cs,RO,ROU,Romania,رومانيا,,Europe,أوروبا,Eastern Europe,شرق أوروبا,RO-CS,,,1,department,Department,Caraș-Severin,,Caraș-Severin,true,ISO_3166_2,https://www.iso.org/obp/ui/#search,ISO 3166-2 subdivisions via pycountry/isocodes,REFERENCE_DATA_IMPORTED,NEEDS_AR_TRANSLATION,2026-08-05,Administrative subdivision only; cities are imported in later city files.
UPSERT,reg_ro_ct,RO,ROU,Romania,رومانيا,,Europe,أوروبا,Eastern Europe,شرق أوروبا,RO-CT,,,1,department,Department,Constanța,,Constanța,true,ISO_3166_2,https://www.iso.org/obp/ui/#search,ISO 3166-2 subdivisions via pycountry/isocodes,REFERENCE_DATA_IMPORTED,NEEDS_AR_TRANSLATION,2026-08-05,Administrative subdivision only; cities are imported in later city files.
UPSERT,reg_ro_cv,RO,ROU,Romania,رومانيا,,Europe,أوروبا,Eastern Europe,شرق أوروبا,RO-CV,,,1,department,Department,Covasna,,Covasna,true,ISO_3166_2,https://www.iso.org/obp/ui/#search,ISO 3166-2 subdivisions via pycountry/isocodes,REFERENCE_DATA_IMPORTED,NEEDS_AR_TRANSLATION,2026-08-05,Administrative subdivision only; cities are imported in later city files.
UPSERT,reg_ro_db,RO,ROU,Romania,رومانيا,,Europe,أوروبا,Eastern Europe,شرق أوروبا,RO-DB,,,1,department,Department,Dâmbovița,,Dâmbovița,true,ISO_3166_2,https://www.iso.org/obp/ui/#search,ISO 3166-2 subdivisions via pycountry/isocodes,REFERENCE_DATA_IMPORTED,NEEDS_AR_TRANSLATION,2026-08-05,Administrative subdivision only; cities are imported in later city files.
UPSERT,reg_ro_dj,RO,ROU,Romania,رومانيا,,Europe,أوروبا,Eastern Europe,شرق أوروبا,RO-DJ,,,1,department,Department,Dolj,,Dolj,true,ISO_3166_2,https://www.iso.org/obp/ui/#search,ISO 3166-2 subdivisions via pycountry/isocodes,REFERENCE_DATA_IMPORTED,NEEDS_AR_TRANSLATION,2026-08-05,Administrative subdivision only; cities are imported in later city files.
UPSERT,reg_ro_gj,RO,ROU,Romania,رومانيا,,Europe,أوروبا,Eastern Europe,شرق أوروبا,RO-GJ,,,1,department,Department,Gorj,,Gorj,true,ISO_3166_2,https://www.iso.org/obp/ui/#search,ISO 3166-2 subdivisions via pycountry/isocodes,REFERENCE_DATA_IMPORTED,NEEDS_AR_TRANSLATION,2026-08-05,Administrative subdivision only; cities are imported in later city files.
UPSERT,reg_ro_gl,RO,ROU,Romania,رومانيا,,Europe,أوروبا,Eastern Europe,شرق أوروبا,RO-GL,,,1,department,Department,Galați,,Galați,true,ISO_3166_2,https://www.iso.org/obp/ui/#search,ISO 3166-2 subdivisions via pycountry/isocodes,REFERENCE_DATA_IMPORTED,NEEDS_AR_TRANSLATION,2026-08-05,Administrative subdivision only; cities are imported in later city files.
UPSERT,reg_ro_gr,RO,ROU,Romania,رومانيا,,Europe,أوروبا,Eastern Europe,شرق أوروبا,RO-GR,,,1,department,Department,Giurgiu,,Giurgiu,true,ISO_3166_2,https://www.iso.org/obp/ui/#search,ISO 3166-2 subdivisions via pycountry/isocodes,REFERENCE_DATA_IMPORTED,NEEDS_AR_TRANSLATION,2026-08-05,Administrative subdivision only; cities are imported in later city files.
UPSERT,reg_ro_hd,RO,ROU,Romania,رومانيا,,Europe,أوروبا,Eastern Europe,شرق أوروبا,RO-HD,,,1,department,Department,Hunedoara,,Hunedoara,true,ISO_3166_2,https://www.iso.org/obp/ui/#search,ISO 3166-2 subdivisions via pycountry/isocodes,REFERENCE_DATA_IMPORTED,NEEDS_AR_TRANSLATION,2026-08-05,Administrative subdivision only; cities are imported in later city files.
UPSERT,reg_ro_hr,RO,ROU,Romania,رومانيا,,Europe,أوروبا,Eastern Europe,شرق أوروبا,RO-HR,,,1,department,Department,Harghita,,Harghita,true,ISO_3166_2,https://www.iso.org/obp/ui/#search,ISO 3166-2 subdivisions via pycountry/isocodes,REFERENCE_DATA_IMPORTED,NEEDS_AR_TRANSLATION,2026-08-05,Administrative subdivision only; cities are imported in later city files.
UPSERT,reg_ro_if,RO,ROU,Romania,رومانيا,,Europe,أوروبا,Eastern Europe,شرق أوروبا,RO-IF,,,1,department,Department,Ilfov,,Ilfov,true,ISO_3166_2,https://www.iso.org/obp/ui/#search,ISO 3166-2 subdivisions via pycountry/isocodes,REFERENCE_DATA_IMPORTED,NEEDS_AR_TRANSLATION,2026-08-05,Administrative subdivision only; cities are imported in later city files.
UPSERT,reg_ro_il,RO,ROU,Romania,رومانيا,,Europe,أوروبا,Eastern Europe,شرق أوروبا,RO-IL,,,1,department,Department,Ialomița,,Ialomița,true,ISO_3166_2,https://www.iso.org/obp/ui/#search,ISO 3166-2 subdivisions via pycountry/isocodes,REFERENCE_DATA_IMPORTED,NEEDS_AR_TRANSLATION,2026-08-05,Administrative subdivision only; cities are imported in later city files.
UPSERT,reg_ro_is,RO,ROU,Romania,رومانيا,,Europe,أوروبا,Eastern Europe,شرق أوروبا,RO-IS,,,1,department,Department,Iași,,Iași,true,ISO_3166_2,https://www.iso.org/obp/ui/#search,ISO 3166-2 subdivisions via pycountry/isocodes,REFERENCE_DATA_IMPORTED,NEEDS_AR_TRANSLATION,2026-08-05,Administrative subdivision only; cities are imported in later city files.
UPSERT,reg_ro_mh,RO,ROU,Romania,رومانيا,,Europe,أوروبا,Eastern Europe,شرق أوروبا,RO-MH,,,1,department,Department,Mehedinți,,Mehedinți,true,ISO_3166_2,https://www.iso.org/obp/ui/#search,ISO 3166-2 subdivisions via pycountry/isocodes,REFERENCE_DATA_IMPORTED,NEEDS_AR_TRANSLATION,2026-08-05,Administrative subdivision only; cities are imported in later city files.
UPSERT,reg_ro_mm,RO,ROU,Romania,رومانيا,,Europe,أوروبا,Eastern Europe,شرق أوروبا,RO-MM,,,1,department,Department,Maramureș,,Maramureș,true,ISO_3166_2,https://www.iso.org/obp/ui/#search,ISO 3166-2 subdivisions via pycountry/isocodes,REFERENCE_DATA_IMPORTED,NEEDS_AR_TRANSLATION,2026-08-05,Administrative subdivision only; cities are imported in later city files.
UPSERT,reg_ro_ms,RO,ROU,Romania,رومانيا,,Europe,أوروبا,Eastern Europe,شرق أوروبا,RO-MS,,,1,department,Department,Mureș,,Mureș,true,ISO_3166_2,https://www.iso.org/obp/ui/#search,ISO 3166-2 subdivisions via pycountry/isocodes,REFERENCE_DATA_IMPORTED,NEEDS_AR_TRANSLATION,2026-08-05,Administrative subdivision only; cities are imported in later city files.
UPSERT,reg_ro_nt,RO,ROU,Romania,رومانيا,,Europe,أوروبا,Eastern Europe,شرق أوروبا,RO-NT,,,1,department,Department,Neamț,,Neamț,true,ISO_3166_2,https://www.iso.org/obp/ui/#search,ISO 3166-2 subdivisions via pycountry/isocodes,REFERENCE_DATA_IMPORTED,NEEDS_AR_TRANSLATION,2026-08-05,Administrative subdivision only; cities are imported in later city files.
UPSERT,reg_ro_ot,RO,ROU,Romania,رومانيا,,Europe,أوروبا,Eastern Europe,شرق أوروبا,RO-OT,,,1,department,Department,Olt,,Olt,true,ISO_3166_2,https://www.iso.org/obp/ui/#search,ISO 3166-2 subdivisions via pycountry/isocodes,REFERENCE_DATA_IMPORTED,NEEDS_AR_TRANSLATION,2026-08-05,Administrative subdivision only; cities are imported in later city files.
UPSERT,reg_ro_ph,RO,ROU,Romania,رومانيا,,Europe,أوروبا,Eastern Europe,شرق أوروبا,RO-PH,,,1,department,Department,Prahova,,Prahova,true,ISO_3166_2,https://www.iso.org/obp/ui/#search,ISO 3166-2 subdivisions via pycountry/isocodes,REFERENCE_DATA_IMPORTED,NEEDS_AR_TRANSLATION,2026-08-05,Administrative subdivision only; cities are imported in later city files.
UPSERT,reg_ro_sb,RO,ROU,Romania,رومانيا,,Europe,أوروبا,Eastern Europe,شرق أوروبا,RO-SB,,,1,department,Department,Sibiu,,Sibiu,true,ISO_3166_2,https://www.iso.org/obp/ui/#search,ISO 3166-2 subdivisions via pycountry/isocodes,REFERENCE_DATA_IMPORTED,NEEDS_AR_TRANSLATION,2026-08-05,Administrative subdivision only; cities are imported in later city files.
UPSERT,reg_ro_sj,RO,ROU,Romania,رومانيا,,Europe,أوروبا,Eastern Europe,شرق أوروبا,RO-SJ,,,1,department,Department,Sălaj,,Sălaj,true,ISO_3166_2,https://www.iso.org/obp/ui/#search,ISO 3166-2 subdivisions via pycountry/isocodes,REFERENCE_DATA_IMPORTED,NEEDS_AR_TRANSLATION,2026-08-05,Administrative subdivision only; cities are imported in later city files.
UPSERT,reg_ro_sm,RO,ROU,Romania,رومانيا,,Europe,أوروبا,Eastern Europe,شرق أوروبا,RO-SM,,,1,department,Department,Satu Mare,,Satu Mare,true,ISO_3166_2,https://www.iso.org/obp/ui/#search,ISO 3166-2 subdivisions via pycountry/isocodes,REFERENCE_DATA_IMPORTED,NEEDS_AR_TRANSLATION,2026-08-05,Administrative subdivision only; cities are imported in later city files.
UPSERT,reg_ro_sv,RO,ROU,Romania,رومانيا,,Europe,أوروبا,Eastern Europe,شرق أوروبا,RO-SV,,,1,department,Department,Suceava,,Suceava,true,ISO_3166_2,https://www.iso.org/obp/ui/#search,ISO 3166-2 subdivisions via pycountry/isocodes,REFERENCE_DATA_IMPORTED,NEEDS_AR_TRANSLATION,2026-08-05,Administrative subdivision only; cities are imported in later city files.
UPSERT,reg_ro_tl,RO,ROU,Romania,رومانيا,,Europe,أوروبا,Eastern Europe,شرق أوروبا,RO-TL,,,1,department,Department,Tulcea,,Tulcea,true,ISO_3166_2,https://www.iso.org/obp/ui/#search,ISO 3166-2 subdivisions via pycountry/isocodes,REFERENCE_DATA_IMPORTED,NEEDS_AR_TRANSLATION,2026-08-05,Administrative subdivision only; cities are imported in later city files.
UPSERT,reg_ro_tm,RO,ROU,Romania,رومانيا,,Europe,أوروبا,Eastern Europe,شرق أوروبا,RO-TM,,,1,department,Department,Timiș,,Timiș,true,ISO_3166_2,https://www.iso.org/obp/ui/#search,ISO 3166-2 subdivisions via pycountry/isocodes,REFERENCE_DATA_IMPORTED,NEEDS_AR_TRANSLATION,2026-08-05,Administrative subdivision only; cities are imported in later city files.
UPSERT,reg_ro_tr,RO,ROU,Romania,رومانيا,,Europe,أوروبا,Eastern Europe,شرق أوروبا,RO-TR,,,1,department,Department,Teleorman,,Teleorman,true,ISO_3166_2,https://www.iso.org/obp/ui/#search,ISO 3166-2 subdivisions via pycountry/isocodes,REFERENCE_DATA_IMPORTED,NEEDS_AR_TRANSLATION,2026-08-05,Administrative subdivision only; cities are imported in later city files.
UPSERT,reg_ro_vl,RO,ROU,Romania,رومانيا,,Europe,أوروبا,Eastern Europe,شرق أوروبا,RO-VL,,,1,department,Department,Vâlcea,,Vâlcea,true,ISO_3166_2,https://www.iso.org/obp/ui/#search,ISO 3166-2 subdivisions via pycountry/isocodes,REFERENCE_DATA_IMPORTED,NEEDS_AR_TRANSLATION,2026-08-05,Administrative subdivision only; cities are imported in later city files.
UPSERT,reg_ro_vn,RO,ROU,Romania,رومانيا,,Europe,أوروبا,Eastern Europe,شرق أوروبا,RO-VN,,,1,department,Department,Vrancea,,Vrancea,true,ISO_3166_2,https://www.iso.org/obp/ui/#search,ISO 3166-2 subdivisions via pycountry/isocodes,REFERENCE_DATA_IMPORTED,NEEDS_AR_TRANSLATION,2026-08-05,Administrative subdivision only; cities are imported in later city files.
UPSERT,reg_ro_vs,RO,ROU,Romania,رومانيا,,Europe,أوروبا,Eastern Europe,شرق أوروبا,RO-VS,,,1,department,Department,Vaslui,,Vaslui,true,ISO_3166_2,https://www.iso.org/obp/ui/#search,ISO 3166-2 subdivisions via pycountry/isocodes,REFERENCE_DATA_IMPORTED,NEEDS_AR_TRANSLATION,2026-08-05,Administrative subdivision only; cities are imported in later city files.
UPSERT,reg_rs_00,RS,SRB,Serbia,صربيا,Republic of Serbia,Europe,أوروبا,Southern Europe,جنوب أوروبا,RS-00,,,1,city,City,Beograd,,Beograd,true,ISO_3166_2,https://www.iso.org/obp/ui/#search,ISO 3166-2 subdivisions via pycountry/isocodes,REFERENCE_DATA_IMPORTED,NEEDS_AR_TRANSLATION,2026-08-05,Administrative subdivision only; cities are imported in later city files.
UPSERT,reg_rs_01,RS,SRB,Serbia,صربيا,Republic of Serbia,Europe,أوروبا,Southern Europe,جنوب أوروبا,RS-01,RS-VO,Vojvodina,2,district,District,Severnobački okrug,,Severnobački okrug,true,ISO_3166_2,https://www.iso.org/obp/ui/#search,ISO 3166-2 subdivisions via pycountry/isocodes,REFERENCE_DATA_IMPORTED,NEEDS_AR_TRANSLATION,2026-08-05,Administrative subdivision only; cities are imported in later city files.
UPSERT,reg_rs_02,RS,SRB,Serbia,صربيا,Republic of Serbia,Europe,أوروبا,Southern Europe,جنوب أوروبا,RS-02,RS-VO,Vojvodina,2,district,District,Srednjebanatski okrug,,Srednjebanatski okrug,true,ISO_3166_2,https://www.iso.org/obp/ui/#search,ISO 3166-2 subdivisions via pycountry/isocodes,REFERENCE_DATA_IMPORTED,NEEDS_AR_TRANSLATION,2026-08-05,Administrative subdivision only; cities are imported in later city files.
UPSERT,reg_rs_03,RS,SRB,Serbia,صربيا,Republic of Serbia,Europe,أوروبا,Southern Europe,جنوب أوروبا,RS-03,RS-VO,Vojvodina,2,district,District,Severnobanatski okrug,,Severnobanatski okrug,true,ISO_3166_2,https://www.iso.org/obp/ui/#search,ISO 3166-2 subdivisions via pycountry/isocodes,REFERENCE_DATA_IMPORTED,NEEDS_AR_TRANSLATION,2026-08-05,Administrative subdivision only; cities are imported in later city files.
UPSERT,reg_rs_04,RS,SRB,Serbia,صربيا,Republic of Serbia,Europe,أوروبا,Southern Europe,جنوب أوروبا,RS-04,RS-VO,Vojvodina,2,district,District,Južnobanatski okrug,,Južnobanatski okrug,true,ISO_3166_2,https://www.iso.org/obp/ui/#search,ISO 3166-2 subdivisions via pycountry/isocodes,REFERENCE_DATA_IMPORTED,NEEDS_AR_TRANSLATION,2026-08-05,Administrative subdivision only; cities are imported in later city files.
UPSERT,reg_rs_05,RS,SRB,Serbia,صربيا,Republic of Serbia,Europe,أوروبا,Southern Europe,جنوب أوروبا,RS-05,RS-VO,Vojvodina,2,district,District,Zapadnobački okrug,,Zapadnobački okrug,true,ISO_3166_2,https://www.iso.org/obp/ui/#search,ISO 3166-2 subdivisions via pycountry/isocodes,REFERENCE_DATA_IMPORTED,NEEDS_AR_TRANSLATION,2026-08-05,Administrative subdivision only; cities are imported in later city files.
UPSERT,reg_rs_06,RS,SRB,Serbia,صربيا,Republic of Serbia,Europe,أوروبا,Southern Europe,جنوب أوروبا,RS-06,RS-VO,Vojvodina,2,district,District,Južnobački okrug,,Južnobački okrug,true,ISO_3166_2,https://www.iso.org/obp/ui/#search,ISO 3166-2 subdivisions via pycountry/isocodes,REFERENCE_DATA_IMPORTED,NEEDS_AR_TRANSLATION,2026-08-05,Administrative subdivision only; cities are imported in later city files.
UPSERT,reg_rs_07,RS,SRB,Serbia,صربيا,Republic of Serbia,Europe,أوروبا,Southern Europe,جنوب أوروبا,RS-07,RS-VO,Vojvodina,2,district,District,Sremski okrug,,Sremski okrug,true,ISO_3166_2,https://www.iso.org/obp/ui/#search,ISO 3166-2 subdivisions via pycountry/isocodes,REFERENCE_DATA_IMPORTED,NEEDS_AR_TRANSLATION,2026-08-05,Administrative subdivision only; cities are imported in later city files.
UPSERT,reg_rs_08,RS,SRB,Serbia,صربيا,Republic of Serbia,Europe,أوروبا,Southern Europe,جنوب أوروبا,RS-08,,,1,district,District,Mačvanski okrug,,Mačvanski okrug,true,ISO_3166_2,https://www.iso.org/obp/ui/#search,ISO 3166-2 subdivisions via pycountry/isocodes,REFERENCE_DATA_IMPORTED,NEEDS_AR_TRANSLATION,2026-08-05,Administrative subdivision only; cities are imported in later city files.
UPSERT,reg_rs_09,RS,SRB,Serbia,صربيا,Republic of Serbia,Europe,أوروبا,Southern Europe,جنوب أوروبا,RS-09,,,1,district,District,Kolubarski okrug,,Kolubarski okrug,true,ISO_3166_2,https://www.iso.org/obp/ui/#search,ISO 3166-2 subdivisions via pycountry/isocodes,REFERENCE_DATA_IMPORTED,NEEDS_AR_TRANSLATION,2026-08-05,Administrative subdivision only; cities are imported in later city files.
UPSERT,reg_rs_10,RS,SRB,Serbia,صربيا,Republic of Serbia,Europe,أوروبا,Southern Europe,جنوب أوروبا,RS-10,,,1,district,District,Podunavski okrug,,Podunavski okrug,true,ISO_3166_2,https://www.iso.org/obp/ui/#search,ISO 3166-2 subdivisions via pycountry/isocodes,REFERENCE_DATA_IMPORTED,NEEDS_AR_TRANSLATION,2026-08-05,Administrative subdivision only; cities are imported in later city files.
UPSERT,reg_rs_11,RS,SRB,Serbia,صربيا,Republic of Serbia,Europe,أوروبا,Southern Europe,جنوب أوروبا,RS-11,,,1,district,District,Braničevski okrug,,Braničevski okrug,true,ISO_3166_2,https://www.iso.org/obp/ui/#search,ISO 3166-2 subdivisions via pycountry/isocodes,REFERENCE_DATA_IMPORTED,NEEDS_AR_TRANSLATION,2026-08-05,Administrative subdivision only; cities are imported in later city files.
UPSERT,reg_rs_12,RS,SRB,Serbia,صربيا,Republic of Serbia,Europe,أوروبا,Southern Europe,جنوب أوروبا,RS-12,,,1,district,District,Šumadijski okrug,,Šumadijski okrug,true,ISO_3166_2,https://www.iso.org/obp/ui/#search,ISO 3166-2 subdivisions via pycountry/isocodes,REFERENCE_DATA_IMPORTED,NEEDS_AR_TRANSLATION,2026-08-05,Administrative subdivision only; cities are imported in later city files.
UPSERT,reg_rs_13,RS,SRB,Serbia,صربيا,Republic of Serbia,Europe,أوروبا,Southern Europe,جنوب أوروبا,RS-13,,,1,district,District,Pomoravski okrug,,Pomoravski okrug,true,ISO_3166_2,https://www.iso.org/obp/ui/#search,ISO 3166-2 subdivisions via pycountry/isocodes,REFERENCE_DATA_IMPORTED,NEEDS_AR_TRANSLATION,2026-08-05,Administrative subdivision only; cities are imported in later city files.
UPSERT,reg_rs_14,RS,SRB,Serbia,صربيا,Republic of Serbia,Europe,أوروبا,Southern Europe,جنوب أوروبا,RS-14,,,1,district,District,Borski okrug,,Borski okrug,true,ISO_3166_2,https://www.iso.org/obp/ui/#search,ISO 3166-2 subdivisions via pycountry/isocodes,REFERENCE_DATA_IMPORTED,NEEDS_AR_TRANSLATION,2026-08-05,Administrative subdivision only; cities are imported in later city files.
UPSERT,reg_rs_15,RS,SRB,Serbia,صربيا,Republic of Serbia,Europe,أوروبا,Southern Europe,جنوب أوروبا,RS-15,,,1,district,District,Zaječarski okrug,,Zaječarski okrug,true,ISO_3166_2,https://www.iso.org/obp/ui/#search,ISO 3166-2 subdivisions via pycountry/isocodes,REFERENCE_DATA_IMPORTED,NEEDS_AR_TRANSLATION,2026-08-05,Administrative subdivision only; cities are imported in later city files.
UPSERT,reg_rs_16,RS,SRB,Serbia,صربيا,Republic of Serbia,Europe,أوروبا,Southern Europe,جنوب أوروبا,RS-16,,,1,district,District,Zlatiborski okrug,,Zlatiborski okrug,true,ISO_3166_2,https://www.iso.org/obp/ui/#search,ISO 3166-2 subdivisions via pycountry/isocodes,REFERENCE_DATA_IMPORTED,NEEDS_AR_TRANSLATION,2026-08-05,Administrative subdivision only; cities are imported in later city files.
UPSERT,reg_rs_17,RS,SRB,Serbia,صربيا,Republic of Serbia,Europe,أوروبا,Southern Europe,جنوب أوروبا,RS-17,,,1,district,District,Moravički okrug,,Moravički okrug,true,ISO_3166_2,https://www.iso.org/obp/ui/#search,ISO 3166-2 subdivisions via pycountry/isocodes,REFERENCE_DATA_IMPORTED,NEEDS_AR_TRANSLATION,2026-08-05,Administrative subdivision only; cities are imported in later city files.
UPSERT,reg_rs_18,RS,SRB,Serbia,صربيا,Republic of Serbia,Europe,أوروبا,Southern Europe,جنوب أوروبا,RS-18,,,1,district,District,Raški okrug,,Raški okrug,true,ISO_3166_2,https://www.iso.org/obp/ui/#search,ISO 3166-2 subdivisions via pycountry/isocodes,REFERENCE_DATA_IMPORTED,NEEDS_AR_TRANSLATION,2026-08-05,Administrative subdivision only; cities are imported in later city files.
UPSERT,reg_rs_19,RS,SRB,Serbia,صربيا,Republic of Serbia,Europe,أوروبا,Southern Europe,جنوب أوروبا,RS-19,,,1,district,District,Rasinski okrug,,Rasinski okrug,true,ISO_3166_2,https://www.iso.org/obp/ui/#search,ISO 3166-2 subdivisions via pycountry/isocodes,REFERENCE_DATA_IMPORTED,NEEDS_AR_TRANSLATION,2026-08-05,Administrative subdivision only; cities are imported in later city files.
UPSERT,reg_rs_20,RS,SRB,Serbia,صربيا,Republic of Serbia,Europe,أوروبا,Southern Europe,جنوب أوروبا,RS-20,,,1,district,District,Nišavski okrug,,Nišavski okrug,true,ISO_3166_2,https://www.iso.org/obp/ui/#search,ISO 3166-2 subdivisions via pycountry/isocodes,REFERENCE_DATA_IMPORTED,NEEDS_AR_TRANSLATION,2026-08-05,Administrative subdivision only; cities are imported in later city files.
UPSERT,reg_rs_21,RS,SRB,Serbia,صربيا,Republic of Serbia,Europe,أوروبا,Southern Europe,جنوب أوروبا,RS-21,,,1,district,District,Toplički okrug,,Toplički okrug,true,ISO_3166_2,https://www.iso.org/obp/ui/#search,ISO 3166-2 subdivisions via pycountry/isocodes,REFERENCE_DATA_IMPORTED,NEEDS_AR_TRANSLATION,2026-08-05,Administrative subdivision only; cities are imported in later city files.
UPSERT,reg_rs_22,RS,SRB,Serbia,صربيا,Republic of Serbia,Europe,أوروبا,Southern Europe,جنوب أوروبا,RS-22,,,1,district,District,Pirotski okrug,,Pirotski okrug,true,ISO_3166_2,https://www.iso.org/obp/ui/#search,ISO 3166-2 subdivisions via pycountry/isocodes,REFERENCE_DATA_IMPORTED,NEEDS_AR_TRANSLATION,2026-08-05,Administrative subdivision only; cities are imported in later city files.
UPSERT,reg_rs_23,RS,SRB,Serbia,صربيا,Republic of Serbia,Europe,أوروبا,Southern Europe,جنوب أوروبا,RS-23,,,1,district,District,Jablanički okrug,,Jablanički okrug,true,ISO_3166_2,https://www.iso.org/obp/ui/#search,ISO 3166-2 subdivisions via pycountry/isocodes,REFERENCE_DATA_IMPORTED,NEEDS_AR_TRANSLATION,2026-08-05,Administrative subdivision only; cities are imported in later city files.
UPSERT,reg_rs_24,RS,SRB,Serbia,صربيا,Republic of Serbia,Europe,أوروبا,Southern Europe,جنوب أوروبا,RS-24,,,1,district,District,Pčinjski okrug,,Pčinjski okrug,true,ISO_3166_2,https://www.iso.org/obp/ui/#search,ISO 3166-2 subdivisions via pycountry/isocodes,REFERENCE_DATA_IMPORTED,NEEDS_AR_TRANSLATION,2026-08-05,Administrative subdivision only; cities are imported in later city files.
UPSERT,reg_rs_25,RS,SRB,Serbia,صربيا,Republic of Serbia,Europe,أوروبا,Southern Europe,جنوب أوروبا,RS-25,RS-KM,Kosovo-Metohija,2,district,District,Kosovski okrug,,Kosovski okrug,true,ISO_3166_2,https://www.iso.org/obp/ui/#search,ISO 3166-2 subdivisions via pycountry/isocodes,REFERENCE_DATA_IMPORTED,NEEDS_AR_TRANSLATION,2026-08-05,Administrative subdivision only; cities are imported in later city files.
UPSERT,reg_rs_26,RS,SRB,Serbia,صربيا,Republic of Serbia,Europe,أوروبا,Southern Europe,جنوب أوروبا,RS-26,RS-KM,Kosovo-Metohija,2,district,District,Pećki okrug,,Pećki okrug,true,ISO_3166_2,https://www.iso.org/obp/ui/#search,ISO 3166-2 subdivisions via pycountry/isocodes,REFERENCE_DATA_IMPORTED,NEEDS_AR_TRANSLATION,2026-08-05,Administrative subdivision only; cities are imported in later city files.
UPSERT,reg_rs_27,RS,SRB,Serbia,صربيا,Republic of Serbia,Europe,أوروبا,Southern Europe,جنوب أوروبا,RS-27,RS-KM,Kosovo-Metohija,2,district,District,Prizrenski okrug,,Prizrenski okrug,true,ISO_3166_2,https://www.iso.org/obp/ui/#search,ISO 3166-2 subdivisions via pycountry/isocodes,REFERENCE_DATA_IMPORTED,NEEDS_AR_TRANSLATION,2026-08-05,Administrative subdivision only; cities are imported in later city files.
UPSERT,reg_rs_28,RS,SRB,Serbia,صربيا,Republic of Serbia,Europe,أوروبا,Southern Europe,جنوب أوروبا,RS-28,RS-KM,Kosovo-Metohija,2,district,District,Kosovsko-Mitrovački okrug,,Kosovsko-Mitrovački okrug,true,ISO_3166_2,https://www.iso.org/obp/ui/#search,ISO 3166-2 subdivisions via pycountry/isocodes,REFERENCE_DATA_IMPORTED,NEEDS_AR_TRANSLATION,2026-08-05,Administrative subdivision only; cities are imported in later city files.
UPSERT,reg_rs_29,RS,SRB,Serbia,صربيا,Republic of Serbia,Europe,أوروبا,Southern Europe,جنوب أوروبا,RS-29,RS-KM,Kosovo-Metohija,2,district,District,Kosovsko-Pomoravski okrug,,Kosovsko-Pomoravski okrug,true,ISO_3166_2,https://www.iso.org/obp/ui/#search,ISO 3166-2 subdivisions via pycountry/isocodes,REFERENCE_DATA_IMPORTED,NEEDS_AR_TRANSLATION,2026-08-05,Administrative subdivision only; cities are imported in later city files.
UPSERT,reg_rs_km,RS,SRB,Serbia,صربيا,Republic of Serbia,Europe,أوروبا,Southern Europe,جنوب أوروبا,RS-KM,,,1,autonomous_province,Autonomous province,Kosovo-Metohija,,Kosovo-Metohija,true,ISO_3166_2,https://www.iso.org/obp/ui/#search,ISO 3166-2 subdivisions via pycountry/isocodes,REFERENCE_DATA_IMPORTED,NEEDS_AR_TRANSLATION,2026-08-05,Administrative subdivision only; cities are imported in later city files.
UPSERT,reg_rs_vo,RS,SRB,Serbia,صربيا,Republic of Serbia,Europe,أوروبا,Southern Europe,جنوب أوروبا,RS-VO,,,1,autonomous_province,Autonomous province,Vojvodina,,Vojvodina,true,ISO_3166_2,https://www.iso.org/obp/ui/#search,ISO 3166-2 subdivisions via pycountry/isocodes,REFERENCE_DATA_IMPORTED,NEEDS_AR_TRANSLATION,2026-08-05,Administrative subdivision only; cities are imported in later city files.
UPSERT,reg_ru_ad,RU,RUS,Russian Federation,روسيا,,Europe,أوروبا,Eastern Europe,شرق أوروبا,RU-AD,,,1,republic,Republic,"Adygeja, Respublika",,"Adygeja, Respublika",true,ISO_3166_2,https://www.iso.org/obp/ui/#search,ISO 3166-2 subdivisions via pycountry/isocodes,REFERENCE_DATA_IMPORTED,NEEDS_AR_TRANSLATION,2026-08-05,Administrative subdivision only; cities are imported in later city files.
UPSERT,reg_ru_al,RU,RUS,Russian Federation,روسيا,,Europe,أوروبا,Eastern Europe,شرق أوروبا,RU-AL,,,1,republic,Republic,"Altaj, Respublika",,"Altaj, Respublika",true,ISO_3166_2,https://www.iso.org/obp/ui/#search,ISO 3166-2 subdivisions via pycountry/isocodes,REFERENCE_DATA_IMPORTED,NEEDS_AR_TRANSLATION,2026-08-05,Administrative subdivision only; cities are imported in later city files.
UPSERT,reg_ru_alt,RU,RUS,Russian Federation,روسيا,,Europe,أوروبا,Eastern Europe,شرق أوروبا,RU-ALT,,,1,administrative_territory,Administrative territory,Altajskij kraj,,Altajskij kraj,true,ISO_3166_2,https://www.iso.org/obp/ui/#search,ISO 3166-2 subdivisions via pycountry/isocodes,REFERENCE_DATA_IMPORTED,NEEDS_AR_TRANSLATION,2026-08-05,Administrative subdivision only; cities are imported in later city files.
UPSERT,reg_ru_amu,RU,RUS,Russian Federation,روسيا,,Europe,أوروبا,Eastern Europe,شرق أوروبا,RU-AMU,,,1,administrative_region,Administrative region,Amurskaja oblast',,Amurskaja oblast',true,ISO_3166_2,https://www.iso.org/obp/ui/#search,ISO 3166-2 subdivisions via pycountry/isocodes,REFERENCE_DATA_IMPORTED,NEEDS_AR_TRANSLATION,2026-08-05,Administrative subdivision only; cities are imported in later city files.
UPSERT,reg_ru_ark,RU,RUS,Russian Federation,روسيا,,Europe,أوروبا,Eastern Europe,شرق أوروبا,RU-ARK,,,1,administrative_region,Administrative region,Arhangel'skaja oblast',,Arhangel'skaja oblast',true,ISO_3166_2,https://www.iso.org/obp/ui/#search,ISO 3166-2 subdivisions via pycountry/isocodes,REFERENCE_DATA_IMPORTED,NEEDS_AR_TRANSLATION,2026-08-05,Administrative subdivision only; cities are imported in later city files.
UPSERT,reg_ru_ast,RU,RUS,Russian Federation,روسيا,,Europe,أوروبا,Eastern Europe,شرق أوروبا,RU-AST,,,1,administrative_region,Administrative region,Astrahanskaja oblast',,Astrahanskaja oblast',true,ISO_3166_2,https://www.iso.org/obp/ui/#search,ISO 3166-2 subdivisions via pycountry/isocodes,REFERENCE_DATA_IMPORTED,NEEDS_AR_TRANSLATION,2026-08-05,Administrative subdivision only; cities are imported in later city files.
UPSERT,reg_ru_ba,RU,RUS,Russian Federation,روسيا,,Europe,أوروبا,Eastern Europe,شرق أوروبا,RU-BA,,,1,republic,Republic,"Bashkortostan, Respublika",,"Bashkortostan, Respublika",true,ISO_3166_2,https://www.iso.org/obp/ui/#search,ISO 3166-2 subdivisions via pycountry/isocodes,REFERENCE_DATA_IMPORTED,NEEDS_AR_TRANSLATION,2026-08-05,Administrative subdivision only; cities are imported in later city files.
UPSERT,reg_ru_bel,RU,RUS,Russian Federation,روسيا,,Europe,أوروبا,Eastern Europe,شرق أوروبا,RU-BEL,,,1,administrative_region,Administrative region,Belgorodskaja oblast',,Belgorodskaja oblast',true,ISO_3166_2,https://www.iso.org/obp/ui/#search,ISO 3166-2 subdivisions via pycountry/isocodes,REFERENCE_DATA_IMPORTED,NEEDS_AR_TRANSLATION,2026-08-05,Administrative subdivision only; cities are imported in later city files.
UPSERT,reg_ru_bry,RU,RUS,Russian Federation,روسيا,,Europe,أوروبا,Eastern Europe,شرق أوروبا,RU-BRY,,,1,administrative_region,Administrative region,Brjanskaja oblast',,Brjanskaja oblast',true,ISO_3166_2,https://www.iso.org/obp/ui/#search,ISO 3166-2 subdivisions via pycountry/isocodes,REFERENCE_DATA_IMPORTED,NEEDS_AR_TRANSLATION,2026-08-05,Administrative subdivision only; cities are imported in later city files.
UPSERT,reg_ru_bu,RU,RUS,Russian Federation,روسيا,,Europe,أوروبا,Eastern Europe,شرق أوروبا,RU-BU,,,1,republic,Republic,"Burjatija, Respublika",,"Burjatija, Respublika",true,ISO_3166_2,https://www.iso.org/obp/ui/#search,ISO 3166-2 subdivisions via pycountry/isocodes,REFERENCE_DATA_IMPORTED,NEEDS_AR_TRANSLATION,2026-08-05,Administrative subdivision only; cities are imported in later city files.
UPSERT,reg_ru_ce,RU,RUS,Russian Federation,روسيا,,Europe,أوروبا,Eastern Europe,شرق أوروبا,RU-CE,,,1,republic,Republic,Chechenskaya Respublika,,Chechenskaya Respublika,true,ISO_3166_2,https://www.iso.org/obp/ui/#search,ISO 3166-2 subdivisions via pycountry/isocodes,REFERENCE_DATA_IMPORTED,NEEDS_AR_TRANSLATION,2026-08-05,Administrative subdivision only; cities are imported in later city files.
UPSERT,reg_ru_che,RU,RUS,Russian Federation,روسيا,,Europe,أوروبا,Eastern Europe,شرق أوروبا,RU-CHE,,,1,administrative_region,Administrative region,Chelyabinskaya oblast',,Chelyabinskaya oblast',true,ISO_3166_2,https://www.iso.org/obp/ui/#search,ISO 3166-2 subdivisions via pycountry/isocodes,REFERENCE_DATA_IMPORTED,NEEDS_AR_TRANSLATION,2026-08-05,Administrative subdivision only; cities are imported in later city files.
UPSERT,reg_ru_chu,RU,RUS,Russian Federation,روسيا,,Europe,أوروبا,Eastern Europe,شرق أوروبا,RU-CHU,,,1,autonomous_district,Autonomous district,Chukotskiy avtonomnyy okrug,,Chukotskiy avtonomnyy okrug,true,ISO_3166_2,https://www.iso.org/obp/ui/#search,ISO 3166-2 subdivisions via pycountry/isocodes,REFERENCE_DATA_IMPORTED,NEEDS_AR_TRANSLATION,2026-08-05,Administrative subdivision only; cities are imported in later city files.
UPSERT,reg_ru_cu,RU,RUS,Russian Federation,روسيا,,Europe,أوروبا,Eastern Europe,شرق أوروبا,RU-CU,,,1,republic,Republic,Chuvashskaya Respublika,,Chuvashskaya Respublika,true,ISO_3166_2,https://www.iso.org/obp/ui/#search,ISO 3166-2 subdivisions via pycountry/isocodes,REFERENCE_DATA_IMPORTED,NEEDS_AR_TRANSLATION,2026-08-05,Administrative subdivision only; cities are imported in later city files.
UPSERT,reg_ru_da,RU,RUS,Russian Federation,روسيا,,Europe,أوروبا,Eastern Europe,شرق أوروبا,RU-DA,,,1,republic,Republic,"Dagestan, Respublika",,"Dagestan, Respublika",true,ISO_3166_2,https://www.iso.org/obp/ui/#search,ISO 3166-2 subdivisions via pycountry/isocodes,REFERENCE_DATA_IMPORTED,NEEDS_AR_TRANSLATION,2026-08-05,Administrative subdivision only; cities are imported in later city files.
UPSERT,reg_ru_in,RU,RUS,Russian Federation,روسيا,,Europe,أوروبا,Eastern Europe,شرق أوروبا,RU-IN,,,1,republic,Republic,"Ingushetiya, Respublika",,"Ingushetiya, Respublika",true,ISO_3166_2,https://www.iso.org/obp/ui/#search,ISO 3166-2 subdivisions via pycountry/isocodes,REFERENCE_DATA_IMPORTED,NEEDS_AR_TRANSLATION,2026-08-05,Administrative subdivision only; cities are imported in later city files.
UPSERT,reg_ru_irk,RU,RUS,Russian Federation,روسيا,,Europe,أوروبا,Eastern Europe,شرق أوروبا,RU-IRK,,,1,administrative_region,Administrative region,Irkutskaja oblast',,Irkutskaja oblast',true,ISO_3166_2,https://www.iso.org/obp/ui/#search,ISO 3166-2 subdivisions via pycountry/isocodes,REFERENCE_DATA_IMPORTED,NEEDS_AR_TRANSLATION,2026-08-05,Administrative subdivision only; cities are imported in later city files.
UPSERT,reg_ru_iva,RU,RUS,Russian Federation,روسيا,,Europe,أوروبا,Eastern Europe,شرق أوروبا,RU-IVA,,,1,administrative_region,Administrative region,Ivanovskaja oblast',,Ivanovskaja oblast',true,ISO_3166_2,https://www.iso.org/obp/ui/#search,ISO 3166-2 subdivisions via pycountry/isocodes,REFERENCE_DATA_IMPORTED,NEEDS_AR_TRANSLATION,2026-08-05,Administrative subdivision only; cities are imported in later city files.
UPSERT,reg_ru_kam,RU,RUS,Russian Federation,روسيا,,Europe,أوروبا,Eastern Europe,شرق أوروبا,RU-KAM,,,1,administrative_territory,Administrative territory,Kamchatskiy kray,,Kamchatskiy kray,true,ISO_3166_2,https://www.iso.org/obp/ui/#search,ISO 3166-2 subdivisions via pycountry/isocodes,REFERENCE_DATA_IMPORTED,NEEDS_AR_TRANSLATION,2026-08-05,Administrative subdivision only; cities are imported in later city files.
UPSERT,reg_ru_kb,RU,RUS,Russian Federation,روسيا,,Europe,أوروبا,Eastern Europe,شرق أوروبا,RU-KB,,,1,republic,Republic,Kabardino-Balkarskaja Respublika,,Kabardino-Balkarskaja Respublika,true,ISO_3166_2,https://www.iso.org/obp/ui/#search,ISO 3166-2 subdivisions via pycountry/isocodes,REFERENCE_DATA_IMPORTED,NEEDS_AR_TRANSLATION,2026-08-05,Administrative subdivision only; cities are imported in later city files.
UPSERT,reg_ru_kc,RU,RUS,Russian Federation,روسيا,,Europe,أوروبا,Eastern Europe,شرق أوروبا,RU-KC,,,1,republic,Republic,Karachayevo-Cherkesskaya Respublika,,Karachayevo-Cherkesskaya Respublika,true,ISO_3166_2,https://www.iso.org/obp/ui/#search,ISO 3166-2 subdivisions via pycountry/isocodes,REFERENCE_DATA_IMPORTED,NEEDS_AR_TRANSLATION,2026-08-05,Administrative subdivision only; cities are imported in later city files.
UPSERT,reg_ru_kda,RU,RUS,Russian Federation,روسيا,,Europe,أوروبا,Eastern Europe,شرق أوروبا,RU-KDA,,,1,administrative_territory,Administrative territory,Krasnodarskij kraj,,Krasnodarskij kraj,true,ISO_3166_2,https://www.iso.org/obp/ui/#search,ISO 3166-2 subdivisions via pycountry/isocodes,REFERENCE_DATA_IMPORTED,NEEDS_AR_TRANSLATION,2026-08-05,Administrative subdivision only; cities are imported in later city files.
UPSERT,reg_ru_kem,RU,RUS,Russian Federation,روسيا,,Europe,أوروبا,Eastern Europe,شرق أوروبا,RU-KEM,,,1,administrative_region,Administrative region,Kemerovskaja oblast',,Kemerovskaja oblast',true,ISO_3166_2,https://www.iso.org/obp/ui/#search,ISO 3166-2 subdivisions via pycountry/isocodes,REFERENCE_DATA_IMPORTED,NEEDS_AR_TRANSLATION,2026-08-05,Administrative subdivision only; cities are imported in later city files.
UPSERT,reg_ru_kgd,RU,RUS,Russian Federation,روسيا,,Europe,أوروبا,Eastern Europe,شرق أوروبا,RU-KGD,,,1,administrative_region,Administrative region,Kaliningradskaja oblast',,Kaliningradskaja oblast',true,ISO_3166_2,https://www.iso.org/obp/ui/#search,ISO 3166-2 subdivisions via pycountry/isocodes,REFERENCE_DATA_IMPORTED,NEEDS_AR_TRANSLATION,2026-08-05,Administrative subdivision only; cities are imported in later city files.
UPSERT,reg_ru_kgn,RU,RUS,Russian Federation,روسيا,,Europe,أوروبا,Eastern Europe,شرق أوروبا,RU-KGN,,,1,administrative_region,Administrative region,Kurganskaja oblast',,Kurganskaja oblast',true,ISO_3166_2,https://www.iso.org/obp/ui/#search,ISO 3166-2 subdivisions via pycountry/isocodes,REFERENCE_DATA_IMPORTED,NEEDS_AR_TRANSLATION,2026-08-05,Administrative subdivision only; cities are imported in later city files.
UPSERT,reg_ru_kha,RU,RUS,Russian Federation,روسيا,,Europe,أوروبا,Eastern Europe,شرق أوروبا,RU-KHA,,,1,administrative_territory,Administrative territory,Habarovskij kraj,,Habarovskij kraj,true,ISO_3166_2,https://www.iso.org/obp/ui/#search,ISO 3166-2 subdivisions via pycountry/isocodes,REFERENCE_DATA_IMPORTED,NEEDS_AR_TRANSLATION,2026-08-05,Administrative subdivision only; cities are imported in later city files.
UPSERT,reg_ru_khm,RU,RUS,Russian Federation,روسيا,,Europe,أوروبا,Eastern Europe,شرق أوروبا,RU-KHM,,,1,autonomous_district,Autonomous district,Hanty-Mansijskij avtonomnyj okrug,,Hanty-Mansijskij avtonomnyj okrug,true,ISO_3166_2,https://www.iso.org/obp/ui/#search,ISO 3166-2 subdivisions via pycountry/isocodes,REFERENCE_DATA_IMPORTED,NEEDS_AR_TRANSLATION,2026-08-05,Administrative subdivision only; cities are imported in later city files.
UPSERT,reg_ru_kir,RU,RUS,Russian Federation,روسيا,,Europe,أوروبا,Eastern Europe,شرق أوروبا,RU-KIR,,,1,administrative_region,Administrative region,Kirovskaja oblast',,Kirovskaja oblast',true,ISO_3166_2,https://www.iso.org/obp/ui/#search,ISO 3166-2 subdivisions via pycountry/isocodes,REFERENCE_DATA_IMPORTED,NEEDS_AR_TRANSLATION,2026-08-05,Administrative subdivision only; cities are imported in later city files.
UPSERT,reg_ru_kk,RU,RUS,Russian Federation,روسيا,,Europe,أوروبا,Eastern Europe,شرق أوروبا,RU-KK,,,1,republic,Republic,"Hakasija, Respublika",,"Hakasija, Respublika",true,ISO_3166_2,https://www.iso.org/obp/ui/#search,ISO 3166-2 subdivisions via pycountry/isocodes,REFERENCE_DATA_IMPORTED,NEEDS_AR_TRANSLATION,2026-08-05,Administrative subdivision only; cities are imported in later city files.
UPSERT,reg_ru_kl,RU,RUS,Russian Federation,روسيا,,Europe,أوروبا,Eastern Europe,شرق أوروبا,RU-KL,,,1,republic,Republic,"Kalmykija, Respublika",,"Kalmykija, Respublika",true,ISO_3166_2,https://www.iso.org/obp/ui/#search,ISO 3166-2 subdivisions via pycountry/isocodes,REFERENCE_DATA_IMPORTED,NEEDS_AR_TRANSLATION,2026-08-05,Administrative subdivision only; cities are imported in later city files.
UPSERT,reg_ru_klu,RU,RUS,Russian Federation,روسيا,,Europe,أوروبا,Eastern Europe,شرق أوروبا,RU-KLU,,,1,administrative_region,Administrative region,Kaluzhskaya oblast',,Kaluzhskaya oblast',true,ISO_3166_2,https://www.iso.org/obp/ui/#search,ISO 3166-2 subdivisions via pycountry/isocodes,REFERENCE_DATA_IMPORTED,NEEDS_AR_TRANSLATION,2026-08-05,Administrative subdivision only; cities are imported in later city files.
UPSERT,reg_ru_ko,RU,RUS,Russian Federation,روسيا,,Europe,أوروبا,Eastern Europe,شرق أوروبا,RU-KO,,,1,republic,Republic,"Komi, Respublika",,"Komi, Respublika",true,ISO_3166_2,https://www.iso.org/obp/ui/#search,ISO 3166-2 subdivisions via pycountry/isocodes,REFERENCE_DATA_IMPORTED,NEEDS_AR_TRANSLATION,2026-08-05,Administrative subdivision only; cities are imported in later city files.
UPSERT,reg_ru_kos,RU,RUS,Russian Federation,روسيا,,Europe,أوروبا,Eastern Europe,شرق أوروبا,RU-KOS,,,1,administrative_region,Administrative region,Kostromskaja oblast',,Kostromskaja oblast',true,ISO_3166_2,https://www.iso.org/obp/ui/#search,ISO 3166-2 subdivisions via pycountry/isocodes,REFERENCE_DATA_IMPORTED,NEEDS_AR_TRANSLATION,2026-08-05,Administrative subdivision only; cities are imported in later city files.
UPSERT,reg_ru_kr,RU,RUS,Russian Federation,روسيا,,Europe,أوروبا,Eastern Europe,شرق أوروبا,RU-KR,,,1,republic,Republic,"Karelija, Respublika",,"Karelija, Respublika",true,ISO_3166_2,https://www.iso.org/obp/ui/#search,ISO 3166-2 subdivisions via pycountry/isocodes,REFERENCE_DATA_IMPORTED,NEEDS_AR_TRANSLATION,2026-08-05,Administrative subdivision only; cities are imported in later city files.
UPSERT,reg_ru_krs,RU,RUS,Russian Federation,روسيا,,Europe,أوروبا,Eastern Europe,شرق أوروبا,RU-KRS,,,1,administrative_region,Administrative region,Kurskaja oblast',,Kurskaja oblast',true,ISO_3166_2,https://www.iso.org/obp/ui/#search,ISO 3166-2 subdivisions via pycountry/isocodes,REFERENCE_DATA_IMPORTED,NEEDS_AR_TRANSLATION,2026-08-05,Administrative subdivision only; cities are imported in later city files.
UPSERT,reg_ru_kya,RU,RUS,Russian Federation,روسيا,,Europe,أوروبا,Eastern Europe,شرق أوروبا,RU-KYA,,,1,administrative_territory,Administrative territory,Krasnojarskij kraj,,Krasnojarskij kraj,true,ISO_3166_2,https://www.iso.org/obp/ui/#search,ISO 3166-2 subdivisions via pycountry/isocodes,REFERENCE_DATA_IMPORTED,NEEDS_AR_TRANSLATION,2026-08-05,Administrative subdivision only; cities are imported in later city files.
UPSERT,reg_ru_len,RU,RUS,Russian Federation,روسيا,,Europe,أوروبا,Eastern Europe,شرق أوروبا,RU-LEN,,,1,administrative_region,Administrative region,Leningradskaja oblast',,Leningradskaja oblast',true,ISO_3166_2,https://www.iso.org/obp/ui/#search,ISO 3166-2 subdivisions via pycountry/isocodes,REFERENCE_DATA_IMPORTED,NEEDS_AR_TRANSLATION,2026-08-05,Administrative subdivision only; cities are imported in later city files.
UPSERT,reg_ru_lip,RU,RUS,Russian Federation,روسيا,,Europe,أوروبا,Eastern Europe,شرق أوروبا,RU-LIP,,,1,administrative_region,Administrative region,Lipeckaja oblast',,Lipeckaja oblast',true,ISO_3166_2,https://www.iso.org/obp/ui/#search,ISO 3166-2 subdivisions via pycountry/isocodes,REFERENCE_DATA_IMPORTED,NEEDS_AR_TRANSLATION,2026-08-05,Administrative subdivision only; cities are imported in later city files.
UPSERT,reg_ru_mag,RU,RUS,Russian Federation,روسيا,,Europe,أوروبا,Eastern Europe,شرق أوروبا,RU-MAG,,,1,administrative_region,Administrative region,Magadanskaja oblast',,Magadanskaja oblast',true,ISO_3166_2,https://www.iso.org/obp/ui/#search,ISO 3166-2 subdivisions via pycountry/isocodes,REFERENCE_DATA_IMPORTED,NEEDS_AR_TRANSLATION,2026-08-05,Administrative subdivision only; cities are imported in later city files.
UPSERT,reg_ru_me,RU,RUS,Russian Federation,روسيا,,Europe,أوروبا,Eastern Europe,شرق أوروبا,RU-ME,,,1,republic,Republic,"Marij Èl, Respublika",,"Marij Èl, Respublika",true,ISO_3166_2,https://www.iso.org/obp/ui/#search,ISO 3166-2 subdivisions via pycountry/isocodes,REFERENCE_DATA_IMPORTED,NEEDS_AR_TRANSLATION,2026-08-05,Administrative subdivision only; cities are imported in later city files.
UPSERT,reg_ru_mo,RU,RUS,Russian Federation,روسيا,,Europe,أوروبا,Eastern Europe,شرق أوروبا,RU-MO,,,1,republic,Republic,"Mordovija, Respublika",,"Mordovija, Respublika",true,ISO_3166_2,https://www.iso.org/obp/ui/#search,ISO 3166-2 subdivisions via pycountry/isocodes,REFERENCE_DATA_IMPORTED,NEEDS_AR_TRANSLATION,2026-08-05,Administrative subdivision only; cities are imported in later city files.
UPSERT,reg_ru_mos,RU,RUS,Russian Federation,روسيا,,Europe,أوروبا,Eastern Europe,شرق أوروبا,RU-MOS,,,1,administrative_region,Administrative region,Moskovskaja oblast',,Moskovskaja oblast',true,ISO_3166_2,https://www.iso.org/obp/ui/#search,ISO 3166-2 subdivisions via pycountry/isocodes,REFERENCE_DATA_IMPORTED,NEEDS_AR_TRANSLATION,2026-08-05,Administrative subdivision only; cities are imported in later city files.
UPSERT,reg_ru_mow,RU,RUS,Russian Federation,روسيا,,Europe,أوروبا,Eastern Europe,شرق أوروبا,RU-MOW,,,1,autonomous_city,Autonomous city,Moskva,,Moskva,true,ISO_3166_2,https://www.iso.org/obp/ui/#search,ISO 3166-2 subdivisions via pycountry/isocodes,REFERENCE_DATA_IMPORTED,NEEDS_AR_TRANSLATION,2026-08-05,Administrative subdivision only; cities are imported in later city files.
UPSERT,reg_ru_mur,RU,RUS,Russian Federation,روسيا,,Europe,أوروبا,Eastern Europe,شرق أوروبا,RU-MUR,,,1,administrative_region,Administrative region,Murmanskaja oblast',,Murmanskaja oblast',true,ISO_3166_2,https://www.iso.org/obp/ui/#search,ISO 3166-2 subdivisions via pycountry/isocodes,REFERENCE_DATA_IMPORTED,NEEDS_AR_TRANSLATION,2026-08-05,Administrative subdivision only; cities are imported in later city files.
UPSERT,reg_ru_nen,RU,RUS,Russian Federation,روسيا,,Europe,أوروبا,Eastern Europe,شرق أوروبا,RU-NEN,,,1,autonomous_district,Autonomous district,Neneckij avtonomnyj okrug,,Neneckij avtonomnyj okrug,true,ISO_3166_2,https://www.iso.org/obp/ui/#search,ISO 3166-2 subdivisions via pycountry/isocodes,REFERENCE_DATA_IMPORTED,NEEDS_AR_TRANSLATION,2026-08-05,Administrative subdivision only; cities are imported in later city files.
UPSERT,reg_ru_ngr,RU,RUS,Russian Federation,روسيا,,Europe,أوروبا,Eastern Europe,شرق أوروبا,RU-NGR,,,1,administrative_region,Administrative region,Novgorodskaja oblast',,Novgorodskaja oblast',true,ISO_3166_2,https://www.iso.org/obp/ui/#search,ISO 3166-2 subdivisions via pycountry/isocodes,REFERENCE_DATA_IMPORTED,NEEDS_AR_TRANSLATION,2026-08-05,Administrative subdivision only; cities are imported in later city files.
UPSERT,reg_ru_niz,RU,RUS,Russian Federation,روسيا,,Europe,أوروبا,Eastern Europe,شرق أوروبا,RU-NIZ,,,1,administrative_region,Administrative region,Nizhegorodskaya oblast',,Nizhegorodskaya oblast',true,ISO_3166_2,https://www.iso.org/obp/ui/#search,ISO 3166-2 subdivisions via pycountry/isocodes,REFERENCE_DATA_IMPORTED,NEEDS_AR_TRANSLATION,2026-08-05,Administrative subdivision only; cities are imported in later city files.
UPSERT,reg_ru_nvs,RU,RUS,Russian Federation,روسيا,,Europe,أوروبا,Eastern Europe,شرق أوروبا,RU-NVS,,,1,administrative_region,Administrative region,Novosibirskaja oblast',,Novosibirskaja oblast',true,ISO_3166_2,https://www.iso.org/obp/ui/#search,ISO 3166-2 subdivisions via pycountry/isocodes,REFERENCE_DATA_IMPORTED,NEEDS_AR_TRANSLATION,2026-08-05,Administrative subdivision only; cities are imported in later city files.
UPSERT,reg_ru_oms,RU,RUS,Russian Federation,روسيا,,Europe,أوروبا,Eastern Europe,شرق أوروبا,RU-OMS,,,1,administrative_region,Administrative region,Omskaja oblast',,Omskaja oblast',true,ISO_3166_2,https://www.iso.org/obp/ui/#search,ISO 3166-2 subdivisions via pycountry/isocodes,REFERENCE_DATA_IMPORTED,NEEDS_AR_TRANSLATION,2026-08-05,Administrative subdivision only; cities are imported in later city files.
UPSERT,reg_ru_ore,RU,RUS,Russian Federation,روسيا,,Europe,أوروبا,Eastern Europe,شرق أوروبا,RU-ORE,,,1,administrative_region,Administrative region,Orenburgskaja oblast',,Orenburgskaja oblast',true,ISO_3166_2,https://www.iso.org/obp/ui/#search,ISO 3166-2 subdivisions via pycountry/isocodes,REFERENCE_DATA_IMPORTED,NEEDS_AR_TRANSLATION,2026-08-05,Administrative subdivision only; cities are imported in later city files.
UPSERT,reg_ru_orl,RU,RUS,Russian Federation,روسيا,,Europe,أوروبا,Eastern Europe,شرق أوروبا,RU-ORL,,,1,administrative_region,Administrative region,Orlovskaja oblast',,Orlovskaja oblast',true,ISO_3166_2,https://www.iso.org/obp/ui/#search,ISO 3166-2 subdivisions via pycountry/isocodes,REFERENCE_DATA_IMPORTED,NEEDS_AR_TRANSLATION,2026-08-05,Administrative subdivision only; cities are imported in later city files.
UPSERT,reg_ru_per,RU,RUS,Russian Federation,روسيا,,Europe,أوروبا,Eastern Europe,شرق أوروبا,RU-PER,,,1,administrative_territory,Administrative territory,Permskij kraj,,Permskij kraj,true,ISO_3166_2,https://www.iso.org/obp/ui/#search,ISO 3166-2 subdivisions via pycountry/isocodes,REFERENCE_DATA_IMPORTED,NEEDS_AR_TRANSLATION,2026-08-05,Administrative subdivision only; cities are imported in later city files.
UPSERT,reg_ru_pnz,RU,RUS,Russian Federation,روسيا,,Europe,أوروبا,Eastern Europe,شرق أوروبا,RU-PNZ,,,1,administrative_region,Administrative region,Penzenskaja oblast',,Penzenskaja oblast',true,ISO_3166_2,https://www.iso.org/obp/ui/#search,ISO 3166-2 subdivisions via pycountry/isocodes,REFERENCE_DATA_IMPORTED,NEEDS_AR_TRANSLATION,2026-08-05,Administrative subdivision only; cities are imported in later city files.
UPSERT,reg_ru_pri,RU,RUS,Russian Federation,روسيا,,Europe,أوروبا,Eastern Europe,شرق أوروبا,RU-PRI,,,1,administrative_territory,Administrative territory,Primorskij kraj,,Primorskij kraj,true,ISO_3166_2,https://www.iso.org/obp/ui/#search,ISO 3166-2 subdivisions via pycountry/isocodes,REFERENCE_DATA_IMPORTED,NEEDS_AR_TRANSLATION,2026-08-05,Administrative subdivision only; cities are imported in later city files.
UPSERT,reg_ru_psk,RU,RUS,Russian Federation,روسيا,,Europe,أوروبا,Eastern Europe,شرق أوروبا,RU-PSK,,,1,administrative_region,Administrative region,Pskovskaja oblast',,Pskovskaja oblast',true,ISO_3166_2,https://www.iso.org/obp/ui/#search,ISO 3166-2 subdivisions via pycountry/isocodes,REFERENCE_DATA_IMPORTED,NEEDS_AR_TRANSLATION,2026-08-05,Administrative subdivision only; cities are imported in later city files.
UPSERT,reg_ru_ros,RU,RUS,Russian Federation,روسيا,,Europe,أوروبا,Eastern Europe,شرق أوروبا,RU-ROS,,,1,administrative_region,Administrative region,Rostovskaja oblast',,Rostovskaja oblast',true,ISO_3166_2,https://www.iso.org/obp/ui/#search,ISO 3166-2 subdivisions via pycountry/isocodes,REFERENCE_DATA_IMPORTED,NEEDS_AR_TRANSLATION,2026-08-05,Administrative subdivision only; cities are imported in later city files.
UPSERT,reg_ru_rya,RU,RUS,Russian Federation,روسيا,,Europe,أوروبا,Eastern Europe,شرق أوروبا,RU-RYA,,,1,administrative_region,Administrative region,Rjazanskaja oblast',,Rjazanskaja oblast',true,ISO_3166_2,https://www.iso.org/obp/ui/#search,ISO 3166-2 subdivisions via pycountry/isocodes,REFERENCE_DATA_IMPORTED,NEEDS_AR_TRANSLATION,2026-08-05,Administrative subdivision only; cities are imported in later city files.
UPSERT,reg_ru_sa,RU,RUS,Russian Federation,روسيا,,Europe,أوروبا,Eastern Europe,شرق أوروبا,RU-SA,,,1,republic,Republic,"Saha, Respublika",,"Saha, Respublika",true,ISO_3166_2,https://www.iso.org/obp/ui/#search,ISO 3166-2 subdivisions via pycountry/isocodes,REFERENCE_DATA_IMPORTED,NEEDS_AR_TRANSLATION,2026-08-05,Administrative subdivision only; cities are imported in later city files.
UPSERT,reg_ru_sak,RU,RUS,Russian Federation,روسيا,,Europe,أوروبا,Eastern Europe,شرق أوروبا,RU-SAK,,,1,administrative_region,Administrative region,Sahalinskaja oblast',,Sahalinskaja oblast',true,ISO_3166_2,https://www.iso.org/obp/ui/#search,ISO 3166-2 subdivisions via pycountry/isocodes,REFERENCE_DATA_IMPORTED,NEEDS_AR_TRANSLATION,2026-08-05,Administrative subdivision only; cities are imported in later city files.
UPSERT,reg_ru_sam,RU,RUS,Russian Federation,روسيا,,Europe,أوروبا,Eastern Europe,شرق أوروبا,RU-SAM,,,1,administrative_region,Administrative region,Samarskaja oblast',,Samarskaja oblast',true,ISO_3166_2,https://www.iso.org/obp/ui/#search,ISO 3166-2 subdivisions via pycountry/isocodes,REFERENCE_DATA_IMPORTED,NEEDS_AR_TRANSLATION,2026-08-05,Administrative subdivision only; cities are imported in later city files.
UPSERT,reg_ru_sar,RU,RUS,Russian Federation,روسيا,,Europe,أوروبا,Eastern Europe,شرق أوروبا,RU-SAR,,,1,administrative_region,Administrative region,Saratovskaja oblast',,Saratovskaja oblast',true,ISO_3166_2,https://www.iso.org/obp/ui/#search,ISO 3166-2 subdivisions via pycountry/isocodes,REFERENCE_DATA_IMPORTED,NEEDS_AR_TRANSLATION,2026-08-05,Administrative subdivision only; cities are imported in later city files.
UPSERT,reg_ru_se,RU,RUS,Russian Federation,روسيا,,Europe,أوروبا,Eastern Europe,شرق أوروبا,RU-SE,,,1,republic,Republic,"Severnaja Osetija, Respublika",,"Severnaja Osetija, Respublika",true,ISO_3166_2,https://www.iso.org/obp/ui/#search,ISO 3166-2 subdivisions via pycountry/isocodes,REFERENCE_DATA_IMPORTED,NEEDS_AR_TRANSLATION,2026-08-05,Administrative subdivision only; cities are imported in later city files.
UPSERT,reg_ru_smo,RU,RUS,Russian Federation,روسيا,,Europe,أوروبا,Eastern Europe,شرق أوروبا,RU-SMO,,,1,administrative_region,Administrative region,Smolenskaja oblast',,Smolenskaja oblast',true,ISO_3166_2,https://www.iso.org/obp/ui/#search,ISO 3166-2 subdivisions via pycountry/isocodes,REFERENCE_DATA_IMPORTED,NEEDS_AR_TRANSLATION,2026-08-05,Administrative subdivision only; cities are imported in later city files.
UPSERT,reg_ru_spe,RU,RUS,Russian Federation,روسيا,,Europe,أوروبا,Eastern Europe,شرق أوروبا,RU-SPE,,,1,autonomous_city,Autonomous city,Sankt-Peterburg,,Sankt-Peterburg,true,ISO_3166_2,https://www.iso.org/obp/ui/#search,ISO 3166-2 subdivisions via pycountry/isocodes,REFERENCE_DATA_IMPORTED,NEEDS_AR_TRANSLATION,2026-08-05,Administrative subdivision only; cities are imported in later city files.
UPSERT,reg_ru_sta,RU,RUS,Russian Federation,روسيا,,Europe,أوروبا,Eastern Europe,شرق أوروبا,RU-STA,,,1,administrative_territory,Administrative territory,Stavropol'skij kraj,,Stavropol'skij kraj,true,ISO_3166_2,https://www.iso.org/obp/ui/#search,ISO 3166-2 subdivisions via pycountry/isocodes,REFERENCE_DATA_IMPORTED,NEEDS_AR_TRANSLATION,2026-08-05,Administrative subdivision only; cities are imported in later city files.
UPSERT,reg_ru_sve,RU,RUS,Russian Federation,روسيا,,Europe,أوروبا,Eastern Europe,شرق أوروبا,RU-SVE,,,1,administrative_region,Administrative region,Sverdlovskaja oblast',,Sverdlovskaja oblast',true,ISO_3166_2,https://www.iso.org/obp/ui/#search,ISO 3166-2 subdivisions via pycountry/isocodes,REFERENCE_DATA_IMPORTED,NEEDS_AR_TRANSLATION,2026-08-05,Administrative subdivision only; cities are imported in later city files.
UPSERT,reg_ru_ta,RU,RUS,Russian Federation,روسيا,,Europe,أوروبا,Eastern Europe,شرق أوروبا,RU-TA,,,1,republic,Republic,"Tatarstan, Respublika",,"Tatarstan, Respublika",true,ISO_3166_2,https://www.iso.org/obp/ui/#search,ISO 3166-2 subdivisions via pycountry/isocodes,REFERENCE_DATA_IMPORTED,NEEDS_AR_TRANSLATION,2026-08-05,Administrative subdivision only; cities are imported in later city files.
UPSERT,reg_ru_tam,RU,RUS,Russian Federation,روسيا,,Europe,أوروبا,Eastern Europe,شرق أوروبا,RU-TAM,,,1,administrative_region,Administrative region,Tambovskaja oblast',,Tambovskaja oblast',true,ISO_3166_2,https://www.iso.org/obp/ui/#search,ISO 3166-2 subdivisions via pycountry/isocodes,REFERENCE_DATA_IMPORTED,NEEDS_AR_TRANSLATION,2026-08-05,Administrative subdivision only; cities are imported in later city files.
UPSERT,reg_ru_tom,RU,RUS,Russian Federation,روسيا,,Europe,أوروبا,Eastern Europe,شرق أوروبا,RU-TOM,,,1,administrative_region,Administrative region,Tomskaja oblast',,Tomskaja oblast',true,ISO_3166_2,https://www.iso.org/obp/ui/#search,ISO 3166-2 subdivisions via pycountry/isocodes,REFERENCE_DATA_IMPORTED,NEEDS_AR_TRANSLATION,2026-08-05,Administrative subdivision only; cities are imported in later city files.
UPSERT,reg_ru_tul,RU,RUS,Russian Federation,روسيا,,Europe,أوروبا,Eastern Europe,شرق أوروبا,RU-TUL,,,1,administrative_region,Administrative region,Tul'skaja oblast',,Tul'skaja oblast',true,ISO_3166_2,https://www.iso.org/obp/ui/#search,ISO 3166-2 subdivisions via pycountry/isocodes,REFERENCE_DATA_IMPORTED,NEEDS_AR_TRANSLATION,2026-08-05,Administrative subdivision only; cities are imported in later city files.
UPSERT,reg_ru_tve,RU,RUS,Russian Federation,روسيا,,Europe,أوروبا,Eastern Europe,شرق أوروبا,RU-TVE,,,1,administrative_region,Administrative region,Tverskaja oblast',,Tverskaja oblast',true,ISO_3166_2,https://www.iso.org/obp/ui/#search,ISO 3166-2 subdivisions via pycountry/isocodes,REFERENCE_DATA_IMPORTED,NEEDS_AR_TRANSLATION,2026-08-05,Administrative subdivision only; cities are imported in later city files.
UPSERT,reg_ru_ty,RU,RUS,Russian Federation,روسيا,,Europe,أوروبا,Eastern Europe,شرق أوروبا,RU-TY,,,1,republic,Republic,"Tyva, Respublika",,"Tyva, Respublika",true,ISO_3166_2,https://www.iso.org/obp/ui/#search,ISO 3166-2 subdivisions via pycountry/isocodes,REFERENCE_DATA_IMPORTED,NEEDS_AR_TRANSLATION,2026-08-05,Administrative subdivision only; cities are imported in later city files.
UPSERT,reg_ru_tyu,RU,RUS,Russian Federation,روسيا,,Europe,أوروبا,Eastern Europe,شرق أوروبا,RU-TYU,,,1,administrative_region,Administrative region,Tjumenskaja oblast',,Tjumenskaja oblast',true,ISO_3166_2,https://www.iso.org/obp/ui/#search,ISO 3166-2 subdivisions via pycountry/isocodes,REFERENCE_DATA_IMPORTED,NEEDS_AR_TRANSLATION,2026-08-05,Administrative subdivision only; cities are imported in later city files.
UPSERT,reg_ru_ud,RU,RUS,Russian Federation,روسيا,,Europe,أوروبا,Eastern Europe,شرق أوروبا,RU-UD,,,1,republic,Republic,Udmurtskaja Respublika,,Udmurtskaja Respublika,true,ISO_3166_2,https://www.iso.org/obp/ui/#search,ISO 3166-2 subdivisions via pycountry/isocodes,REFERENCE_DATA_IMPORTED,NEEDS_AR_TRANSLATION,2026-08-05,Administrative subdivision only; cities are imported in later city files.
UPSERT,reg_ru_uly,RU,RUS,Russian Federation,روسيا,,Europe,أوروبا,Eastern Europe,شرق أوروبا,RU-ULY,,,1,administrative_region,Administrative region,Ul'janovskaja oblast',,Ul'janovskaja oblast',true,ISO_3166_2,https://www.iso.org/obp/ui/#search,ISO 3166-2 subdivisions via pycountry/isocodes,REFERENCE_DATA_IMPORTED,NEEDS_AR_TRANSLATION,2026-08-05,Administrative subdivision only; cities are imported in later city files.
UPSERT,reg_ru_vgg,RU,RUS,Russian Federation,روسيا,,Europe,أوروبا,Eastern Europe,شرق أوروبا,RU-VGG,,,1,administrative_region,Administrative region,Volgogradskaja oblast',,Volgogradskaja oblast',true,ISO_3166_2,https://www.iso.org/obp/ui/#search,ISO 3166-2 subdivisions via pycountry/isocodes,REFERENCE_DATA_IMPORTED,NEEDS_AR_TRANSLATION,2026-08-05,Administrative subdivision only; cities are imported in later city files.
UPSERT,reg_ru_vla,RU,RUS,Russian Federation,روسيا,,Europe,أوروبا,Eastern Europe,شرق أوروبا,RU-VLA,,,1,administrative_region,Administrative region,Vladimirskaja oblast',,Vladimirskaja oblast',true,ISO_3166_2,https://www.iso.org/obp/ui/#search,ISO 3166-2 subdivisions via pycountry/isocodes,REFERENCE_DATA_IMPORTED,NEEDS_AR_TRANSLATION,2026-08-05,Administrative subdivision only; cities are imported in later city files.
UPSERT,reg_ru_vlg,RU,RUS,Russian Federation,روسيا,,Europe,أوروبا,Eastern Europe,شرق أوروبا,RU-VLG,,,1,administrative_region,Administrative region,Vologodskaja oblast',,Vologodskaja oblast',true,ISO_3166_2,https://www.iso.org/obp/ui/#search,ISO 3166-2 subdivisions via pycountry/isocodes,REFERENCE_DATA_IMPORTED,NEEDS_AR_TRANSLATION,2026-08-05,Administrative subdivision only; cities are imported in later city files.
UPSERT,reg_ru_vor,RU,RUS,Russian Federation,روسيا,,Europe,أوروبا,Eastern Europe,شرق أوروبا,RU-VOR,,,1,administrative_region,Administrative region,Voronezhskaya oblast',,Voronezhskaya oblast',true,ISO_3166_2,https://www.iso.org/obp/ui/#search,ISO 3166-2 subdivisions via pycountry/isocodes,REFERENCE_DATA_IMPORTED,NEEDS_AR_TRANSLATION,2026-08-05,Administrative subdivision only; cities are imported in later city files.
UPSERT,reg_ru_yan,RU,RUS,Russian Federation,روسيا,,Europe,أوروبا,Eastern Europe,شرق أوروبا,RU-YAN,,,1,autonomous_district,Autonomous district,Jamalo-Neneckij avtonomnyj okrug,,Jamalo-Neneckij avtonomnyj okrug,true,ISO_3166_2,https://www.iso.org/obp/ui/#search,ISO 3166-2 subdivisions via pycountry/isocodes,REFERENCE_DATA_IMPORTED,NEEDS_AR_TRANSLATION,2026-08-05,Administrative subdivision only; cities are imported in later city files.
UPSERT,reg_ru_yar,RU,RUS,Russian Federation,روسيا,,Europe,أوروبا,Eastern Europe,شرق أوروبا,RU-YAR,,,1,administrative_region,Administrative region,Jaroslavskaja oblast',,Jaroslavskaja oblast',true,ISO_3166_2,https://www.iso.org/obp/ui/#search,ISO 3166-2 subdivisions via pycountry/isocodes,REFERENCE_DATA_IMPORTED,NEEDS_AR_TRANSLATION,2026-08-05,Administrative subdivision only; cities are imported in later city files.
UPSERT,reg_ru_yev,RU,RUS,Russian Federation,روسيا,,Europe,أوروبا,Eastern Europe,شرق أوروبا,RU-YEV,,,1,autonomous_region,Autonomous region,Evrejskaja avtonomnaja oblast',,Evrejskaja avtonomnaja oblast',true,ISO_3166_2,https://www.iso.org/obp/ui/#search,ISO 3166-2 subdivisions via pycountry/isocodes,REFERENCE_DATA_IMPORTED,NEEDS_AR_TRANSLATION,2026-08-05,Administrative subdivision only; cities are imported in later city files.
UPSERT,reg_ru_zab,RU,RUS,Russian Federation,روسيا,,Europe,أوروبا,Eastern Europe,شرق أوروبا,RU-ZAB,,,1,administrative_territory,Administrative territory,Zabajkal'skij kraj,,Zabajkal'skij kraj,true,ISO_3166_2,https://www.iso.org/obp/ui/#search,ISO 3166-2 subdivisions via pycountry/isocodes,REFERENCE_DATA_IMPORTED,NEEDS_AR_TRANSLATION,2026-08-05,Administrative subdivision only; cities are imported in later city files.
UPSERT,reg_se_ab,SE,SWE,Sweden,السويد,Kingdom of Sweden,Europe,أوروبا,Northern Europe,شمال أوروبا,SE-AB,,,1,county,County,Stockholms län [SE-01],,Stockholms län [SE-01],true,ISO_3166_2,https://www.iso.org/obp/ui/#search,ISO 3166-2 subdivisions via pycountry/isocodes,REFERENCE_DATA_IMPORTED,NEEDS_AR_TRANSLATION,2026-08-05,Administrative subdivision only; cities are imported in later city files.
UPSERT,reg_se_ac,SE,SWE,Sweden,السويد,Kingdom of Sweden,Europe,أوروبا,Northern Europe,شمال أوروبا,SE-AC,,,1,county,County,Västerbottens län [SE-24],,Västerbottens län [SE-24],true,ISO_3166_2,https://www.iso.org/obp/ui/#search,ISO 3166-2 subdivisions via pycountry/isocodes,REFERENCE_DATA_IMPORTED,NEEDS_AR_TRANSLATION,2026-08-05,Administrative subdivision only; cities are imported in later city files.
UPSERT,reg_se_bd,SE,SWE,Sweden,السويد,Kingdom of Sweden,Europe,أوروبا,Northern Europe,شمال أوروبا,SE-BD,,,1,county,County,Norrbottens län [SE-25],,Norrbottens län [SE-25],true,ISO_3166_2,https://www.iso.org/obp/ui/#search,ISO 3166-2 subdivisions via pycountry/isocodes,REFERENCE_DATA_IMPORTED,NEEDS_AR_TRANSLATION,2026-08-05,Administrative subdivision only; cities are imported in later city files.
UPSERT,reg_se_c,SE,SWE,Sweden,السويد,Kingdom of Sweden,Europe,أوروبا,Northern Europe,شمال أوروبا,SE-C,,,1,county,County,Uppsala län [SE-03],,Uppsala län [SE-03],true,ISO_3166_2,https://www.iso.org/obp/ui/#search,ISO 3166-2 subdivisions via pycountry/isocodes,REFERENCE_DATA_IMPORTED,NEEDS_AR_TRANSLATION,2026-08-05,Administrative subdivision only; cities are imported in later city files.
UPSERT,reg_se_d,SE,SWE,Sweden,السويد,Kingdom of Sweden,Europe,أوروبا,Northern Europe,شمال أوروبا,SE-D,,,1,county,County,Södermanlands län [SE-04],,Södermanlands län [SE-04],true,ISO_3166_2,https://www.iso.org/obp/ui/#search,ISO 3166-2 subdivisions via pycountry/isocodes,REFERENCE_DATA_IMPORTED,NEEDS_AR_TRANSLATION,2026-08-05,Administrative subdivision only; cities are imported in later city files.
UPSERT,reg_se_e,SE,SWE,Sweden,السويد,Kingdom of Sweden,Europe,أوروبا,Northern Europe,شمال أوروبا,SE-E,,,1,county,County,Östergötlands län [SE-05],,Östergötlands län [SE-05],true,ISO_3166_2,https://www.iso.org/obp/ui/#search,ISO 3166-2 subdivisions via pycountry/isocodes,REFERENCE_DATA_IMPORTED,NEEDS_AR_TRANSLATION,2026-08-05,Administrative subdivision only; cities are imported in later city files.
UPSERT,reg_se_f,SE,SWE,Sweden,السويد,Kingdom of Sweden,Europe,أوروبا,Northern Europe,شمال أوروبا,SE-F,,,1,county,County,Jönköpings län [SE-06],,Jönköpings län [SE-06],true,ISO_3166_2,https://www.iso.org/obp/ui/#search,ISO 3166-2 subdivisions via pycountry/isocodes,REFERENCE_DATA_IMPORTED,NEEDS_AR_TRANSLATION,2026-08-05,Administrative subdivision only; cities are imported in later city files.
UPSERT,reg_se_g,SE,SWE,Sweden,السويد,Kingdom of Sweden,Europe,أوروبا,Northern Europe,شمال أوروبا,SE-G,,,1,county,County,Kronobergs län [SE-07],,Kronobergs län [SE-07],true,ISO_3166_2,https://www.iso.org/obp/ui/#search,ISO 3166-2 subdivisions via pycountry/isocodes,REFERENCE_DATA_IMPORTED,NEEDS_AR_TRANSLATION,2026-08-05,Administrative subdivision only; cities are imported in later city files.
UPSERT,reg_se_h,SE,SWE,Sweden,السويد,Kingdom of Sweden,Europe,أوروبا,Northern Europe,شمال أوروبا,SE-H,,,1,county,County,Kalmar län [SE-08],,Kalmar län [SE-08],true,ISO_3166_2,https://www.iso.org/obp/ui/#search,ISO 3166-2 subdivisions via pycountry/isocodes,REFERENCE_DATA_IMPORTED,NEEDS_AR_TRANSLATION,2026-08-05,Administrative subdivision only; cities are imported in later city files.
UPSERT,reg_se_i,SE,SWE,Sweden,السويد,Kingdom of Sweden,Europe,أوروبا,Northern Europe,شمال أوروبا,SE-I,,,1,county,County,Gotlands län [SE-09],,Gotlands län [SE-09],true,ISO_3166_2,https://www.iso.org/obp/ui/#search,ISO 3166-2 subdivisions via pycountry/isocodes,REFERENCE_DATA_IMPORTED,NEEDS_AR_TRANSLATION,2026-08-05,Administrative subdivision only; cities are imported in later city files.
UPSERT,reg_se_k,SE,SWE,Sweden,السويد,Kingdom of Sweden,Europe,أوروبا,Northern Europe,شمال أوروبا,SE-K,,,1,county,County,Blekinge län [SE-10],,Blekinge län [SE-10],true,ISO_3166_2,https://www.iso.org/obp/ui/#search,ISO 3166-2 subdivisions via pycountry/isocodes,REFERENCE_DATA_IMPORTED,NEEDS_AR_TRANSLATION,2026-08-05,Administrative subdivision only; cities are imported in later city files.
UPSERT,reg_se_m,SE,SWE,Sweden,السويد,Kingdom of Sweden,Europe,أوروبا,Northern Europe,شمال أوروبا,SE-M,,,1,county,County,Skåne län [SE-12],,Skåne län [SE-12],true,ISO_3166_2,https://www.iso.org/obp/ui/#search,ISO 3166-2 subdivisions via pycountry/isocodes,REFERENCE_DATA_IMPORTED,NEEDS_AR_TRANSLATION,2026-08-05,Administrative subdivision only; cities are imported in later city files.
UPSERT,reg_se_n,SE,SWE,Sweden,السويد,Kingdom of Sweden,Europe,أوروبا,Northern Europe,شمال أوروبا,SE-N,,,1,county,County,Hallands län [SE-13],,Hallands län [SE-13],true,ISO_3166_2,https://www.iso.org/obp/ui/#search,ISO 3166-2 subdivisions via pycountry/isocodes,REFERENCE_DATA_IMPORTED,NEEDS_AR_TRANSLATION,2026-08-05,Administrative subdivision only; cities are imported in later city files.
UPSERT,reg_se_o,SE,SWE,Sweden,السويد,Kingdom of Sweden,Europe,أوروبا,Northern Europe,شمال أوروبا,SE-O,,,1,county,County,Västra Götalands län [SE-14],,Västra Götalands län [SE-14],true,ISO_3166_2,https://www.iso.org/obp/ui/#search,ISO 3166-2 subdivisions via pycountry/isocodes,REFERENCE_DATA_IMPORTED,NEEDS_AR_TRANSLATION,2026-08-05,Administrative subdivision only; cities are imported in later city files.
UPSERT,reg_se_s,SE,SWE,Sweden,السويد,Kingdom of Sweden,Europe,أوروبا,Northern Europe,شمال أوروبا,SE-S,,,1,county,County,Värmlands län [SE-17],,Värmlands län [SE-17],true,ISO_3166_2,https://www.iso.org/obp/ui/#search,ISO 3166-2 subdivisions via pycountry/isocodes,REFERENCE_DATA_IMPORTED,NEEDS_AR_TRANSLATION,2026-08-05,Administrative subdivision only; cities are imported in later city files.
UPSERT,reg_se_t,SE,SWE,Sweden,السويد,Kingdom of Sweden,Europe,أوروبا,Northern Europe,شمال أوروبا,SE-T,,,1,county,County,Örebro län [SE-18],,Örebro län [SE-18],true,ISO_3166_2,https://www.iso.org/obp/ui/#search,ISO 3166-2 subdivisions via pycountry/isocodes,REFERENCE_DATA_IMPORTED,NEEDS_AR_TRANSLATION,2026-08-05,Administrative subdivision only; cities are imported in later city files.
UPSERT,reg_se_u,SE,SWE,Sweden,السويد,Kingdom of Sweden,Europe,أوروبا,Northern Europe,شمال أوروبا,SE-U,,,1,county,County,Västmanlands län [SE-19],,Västmanlands län [SE-19],true,ISO_3166_2,https://www.iso.org/obp/ui/#search,ISO 3166-2 subdivisions via pycountry/isocodes,REFERENCE_DATA_IMPORTED,NEEDS_AR_TRANSLATION,2026-08-05,Administrative subdivision only; cities are imported in later city files.
UPSERT,reg_se_w,SE,SWE,Sweden,السويد,Kingdom of Sweden,Europe,أوروبا,Northern Europe,شمال أوروبا,SE-W,,,1,county,County,Dalarnas län [SE-20],,Dalarnas län [SE-20],true,ISO_3166_2,https://www.iso.org/obp/ui/#search,ISO 3166-2 subdivisions via pycountry/isocodes,REFERENCE_DATA_IMPORTED,NEEDS_AR_TRANSLATION,2026-08-05,Administrative subdivision only; cities are imported in later city files.
UPSERT,reg_se_x,SE,SWE,Sweden,السويد,Kingdom of Sweden,Europe,أوروبا,Northern Europe,شمال أوروبا,SE-X,,,1,county,County,Gävleborgs län [SE-21],,Gävleborgs län [SE-21],true,ISO_3166_2,https://www.iso.org/obp/ui/#search,ISO 3166-2 subdivisions via pycountry/isocodes,REFERENCE_DATA_IMPORTED,NEEDS_AR_TRANSLATION,2026-08-05,Administrative subdivision only; cities are imported in later city files.
UPSERT,reg_se_y,SE,SWE,Sweden,السويد,Kingdom of Sweden,Europe,أوروبا,Northern Europe,شمال أوروبا,SE-Y,,,1,county,County,Västernorrlands län [SE-22],,Västernorrlands län [SE-22],true,ISO_3166_2,https://www.iso.org/obp/ui/#search,ISO 3166-2 subdivisions via pycountry/isocodes,REFERENCE_DATA_IMPORTED,NEEDS_AR_TRANSLATION,2026-08-05,Administrative subdivision only; cities are imported in later city files.
UPSERT,reg_se_z,SE,SWE,Sweden,السويد,Kingdom of Sweden,Europe,أوروبا,Northern Europe,شمال أوروبا,SE-Z,,,1,county,County,Jämtlands län [SE-23],,Jämtlands län [SE-23],true,ISO_3166_2,https://www.iso.org/obp/ui/#search,ISO 3166-2 subdivisions via pycountry/isocodes,REFERENCE_DATA_IMPORTED,NEEDS_AR_TRANSLATION,2026-08-05,Administrative subdivision only; cities are imported in later city files.
UPSERT,reg_si_001,SI,SVN,Slovenia,سلوفينيا,Republic of Slovenia,Europe,أوروبا,Southern Europe,جنوب أوروبا,SI-001,,,1,municipality,Municipality,Ajdovščina,,Ajdovščina,true,ISO_3166_2,https://www.iso.org/obp/ui/#search,ISO 3166-2 subdivisions via pycountry/isocodes,REFERENCE_DATA_IMPORTED,NEEDS_AR_TRANSLATION,2026-08-05,Administrative subdivision only; cities are imported in later city files.
UPSERT,reg_si_002,SI,SVN,Slovenia,سلوفينيا,Republic of Slovenia,Europe,أوروبا,Southern Europe,جنوب أوروبا,SI-002,,,1,municipality,Municipality,Beltinci,,Beltinci,true,ISO_3166_2,https://www.iso.org/obp/ui/#search,ISO 3166-2 subdivisions via pycountry/isocodes,REFERENCE_DATA_IMPORTED,NEEDS_AR_TRANSLATION,2026-08-05,Administrative subdivision only; cities are imported in later city files.
UPSERT,reg_si_003,SI,SVN,Slovenia,سلوفينيا,Republic of Slovenia,Europe,أوروبا,Southern Europe,جنوب أوروبا,SI-003,,,1,municipality,Municipality,Bled,,Bled,true,ISO_3166_2,https://www.iso.org/obp/ui/#search,ISO 3166-2 subdivisions via pycountry/isocodes,REFERENCE_DATA_IMPORTED,NEEDS_AR_TRANSLATION,2026-08-05,Administrative subdivision only; cities are imported in later city files.
UPSERT,reg_si_004,SI,SVN,Slovenia,سلوفينيا,Republic of Slovenia,Europe,أوروبا,Southern Europe,جنوب أوروبا,SI-004,,,1,municipality,Municipality,Bohinj,,Bohinj,true,ISO_3166_2,https://www.iso.org/obp/ui/#search,ISO 3166-2 subdivisions via pycountry/isocodes,REFERENCE_DATA_IMPORTED,NEEDS_AR_TRANSLATION,2026-08-05,Administrative subdivision only; cities are imported in later city files.
UPSERT,reg_si_005,SI,SVN,Slovenia,سلوفينيا,Republic of Slovenia,Europe,أوروبا,Southern Europe,جنوب أوروبا,SI-005,,,1,municipality,Municipality,Borovnica,,Borovnica,true,ISO_3166_2,https://www.iso.org/obp/ui/#search,ISO 3166-2 subdivisions via pycountry/isocodes,REFERENCE_DATA_IMPORTED,NEEDS_AR_TRANSLATION,2026-08-05,Administrative subdivision only; cities are imported in later city files.
UPSERT,reg_si_006,SI,SVN,Slovenia,سلوفينيا,Republic of Slovenia,Europe,أوروبا,Southern Europe,جنوب أوروبا,SI-006,,,1,municipality,Municipality,Bovec,,Bovec,true,ISO_3166_2,https://www.iso.org/obp/ui/#search,ISO 3166-2 subdivisions via pycountry/isocodes,REFERENCE_DATA_IMPORTED,NEEDS_AR_TRANSLATION,2026-08-05,Administrative subdivision only; cities are imported in later city files.
UPSERT,reg_si_007,SI,SVN,Slovenia,سلوفينيا,Republic of Slovenia,Europe,أوروبا,Southern Europe,جنوب أوروبا,SI-007,,,1,municipality,Municipality,Brda,,Brda,true,ISO_3166_2,https://www.iso.org/obp/ui/#search,ISO 3166-2 subdivisions via pycountry/isocodes,REFERENCE_DATA_IMPORTED,NEEDS_AR_TRANSLATION,2026-08-05,Administrative subdivision only; cities are imported in later city files.
UPSERT,reg_si_008,SI,SVN,Slovenia,سلوفينيا,Republic of Slovenia,Europe,أوروبا,Southern Europe,جنوب أوروبا,SI-008,,,1,municipality,Municipality,Brezovica,,Brezovica,true,ISO_3166_2,https://www.iso.org/obp/ui/#search,ISO 3166-2 subdivisions via pycountry/isocodes,REFERENCE_DATA_IMPORTED,NEEDS_AR_TRANSLATION,2026-08-05,Administrative subdivision only; cities are imported in later city files.
UPSERT,reg_si_009,SI,SVN,Slovenia,سلوفينيا,Republic of Slovenia,Europe,أوروبا,Southern Europe,جنوب أوروبا,SI-009,,,1,municipality,Municipality,Brežice,,Brežice,true,ISO_3166_2,https://www.iso.org/obp/ui/#search,ISO 3166-2 subdivisions via pycountry/isocodes,REFERENCE_DATA_IMPORTED,NEEDS_AR_TRANSLATION,2026-08-05,Administrative subdivision only; cities are imported in later city files.
UPSERT,reg_si_010,SI,SVN,Slovenia,سلوفينيا,Republic of Slovenia,Europe,أوروبا,Southern Europe,جنوب أوروبا,SI-010,,,1,municipality,Municipality,Tišina,,Tišina,true,ISO_3166_2,https://www.iso.org/obp/ui/#search,ISO 3166-2 subdivisions via pycountry/isocodes,REFERENCE_DATA_IMPORTED,NEEDS_AR_TRANSLATION,2026-08-05,Administrative subdivision only; cities are imported in later city files.
UPSERT,reg_si_011,SI,SVN,Slovenia,سلوفينيا,Republic of Slovenia,Europe,أوروبا,Southern Europe,جنوب أوروبا,SI-011,,,1,urban_municipality,Urban municipality,Celje,,Celje,true,ISO_3166_2,https://www.iso.org/obp/ui/#search,ISO 3166-2 subdivisions via pycountry/isocodes,REFERENCE_DATA_IMPORTED,NEEDS_AR_TRANSLATION,2026-08-05,Administrative subdivision only; cities are imported in later city files.
UPSERT,reg_si_012,SI,SVN,Slovenia,سلوفينيا,Republic of Slovenia,Europe,أوروبا,Southern Europe,جنوب أوروبا,SI-012,,,1,municipality,Municipality,Cerklje na Gorenjskem,,Cerklje na Gorenjskem,true,ISO_3166_2,https://www.iso.org/obp/ui/#search,ISO 3166-2 subdivisions via pycountry/isocodes,REFERENCE_DATA_IMPORTED,NEEDS_AR_TRANSLATION,2026-08-05,Administrative subdivision only; cities are imported in later city files.
UPSERT,reg_si_013,SI,SVN,Slovenia,سلوفينيا,Republic of Slovenia,Europe,أوروبا,Southern Europe,جنوب أوروبا,SI-013,,,1,municipality,Municipality,Cerknica,,Cerknica,true,ISO_3166_2,https://www.iso.org/obp/ui/#search,ISO 3166-2 subdivisions via pycountry/isocodes,REFERENCE_DATA_IMPORTED,NEEDS_AR_TRANSLATION,2026-08-05,Administrative subdivision only; cities are imported in later city files.
UPSERT,reg_si_014,SI,SVN,Slovenia,سلوفينيا,Republic of Slovenia,Europe,أوروبا,Southern Europe,جنوب أوروبا,SI-014,,,1,municipality,Municipality,Cerkno,,Cerkno,true,ISO_3166_2,https://www.iso.org/obp/ui/#search,ISO 3166-2 subdivisions via pycountry/isocodes,REFERENCE_DATA_IMPORTED,NEEDS_AR_TRANSLATION,2026-08-05,Administrative subdivision only; cities are imported in later city files.
UPSERT,reg_si_015,SI,SVN,Slovenia,سلوفينيا,Republic of Slovenia,Europe,أوروبا,Southern Europe,جنوب أوروبا,SI-015,,,1,municipality,Municipality,Črenšovci,,Črenšovci,true,ISO_3166_2,https://www.iso.org/obp/ui/#search,ISO 3166-2 subdivisions via pycountry/isocodes,REFERENCE_DATA_IMPORTED,NEEDS_AR_TRANSLATION,2026-08-05,Administrative subdivision only; cities are imported in later city files.
UPSERT,reg_si_016,SI,SVN,Slovenia,سلوفينيا,Republic of Slovenia,Europe,أوروبا,Southern Europe,جنوب أوروبا,SI-016,,,1,municipality,Municipality,Črna na Koroškem,,Črna na Koroškem,true,ISO_3166_2,https://www.iso.org/obp/ui/#search,ISO 3166-2 subdivisions via pycountry/isocodes,REFERENCE_DATA_IMPORTED,NEEDS_AR_TRANSLATION,2026-08-05,Administrative subdivision only; cities are imported in later city files.
UPSERT,reg_si_017,SI,SVN,Slovenia,سلوفينيا,Republic of Slovenia,Europe,أوروبا,Southern Europe,جنوب أوروبا,SI-017,,,1,municipality,Municipality,Črnomelj,,Črnomelj,true,ISO_3166_2,https://www.iso.org/obp/ui/#search,ISO 3166-2 subdivisions via pycountry/isocodes,REFERENCE_DATA_IMPORTED,NEEDS_AR_TRANSLATION,2026-08-05,Administrative subdivision only; cities are imported in later city files.
UPSERT,reg_si_018,SI,SVN,Slovenia,سلوفينيا,Republic of Slovenia,Europe,أوروبا,Southern Europe,جنوب أوروبا,SI-018,,,1,municipality,Municipality,Destrnik,,Destrnik,true,ISO_3166_2,https://www.iso.org/obp/ui/#search,ISO 3166-2 subdivisions via pycountry/isocodes,REFERENCE_DATA_IMPORTED,NEEDS_AR_TRANSLATION,2026-08-05,Administrative subdivision only; cities are imported in later city files.
UPSERT,reg_si_019,SI,SVN,Slovenia,سلوفينيا,Republic of Slovenia,Europe,أوروبا,Southern Europe,جنوب أوروبا,SI-019,,,1,municipality,Municipality,Divača,,Divača,true,ISO_3166_2,https://www.iso.org/obp/ui/#search,ISO 3166-2 subdivisions via pycountry/isocodes,REFERENCE_DATA_IMPORTED,NEEDS_AR_TRANSLATION,2026-08-05,Administrative subdivision only; cities are imported in later city files.
UPSERT,reg_si_020,SI,SVN,Slovenia,سلوفينيا,Republic of Slovenia,Europe,أوروبا,Southern Europe,جنوب أوروبا,SI-020,,,1,municipality,Municipality,Dobrepolje,,Dobrepolje,true,ISO_3166_2,https://www.iso.org/obp/ui/#search,ISO 3166-2 subdivisions via pycountry/isocodes,REFERENCE_DATA_IMPORTED,NEEDS_AR_TRANSLATION,2026-08-05,Administrative subdivision only; cities are imported in later city files.
UPSERT,reg_si_021,SI,SVN,Slovenia,سلوفينيا,Republic of Slovenia,Europe,أوروبا,Southern Europe,جنوب أوروبا,SI-021,,,1,municipality,Municipality,Dobrova-Polhov Gradec,,Dobrova-Polhov Gradec,true,ISO_3166_2,https://www.iso.org/obp/ui/#search,ISO 3166-2 subdivisions via pycountry/isocodes,REFERENCE_DATA_IMPORTED,NEEDS_AR_TRANSLATION,2026-08-05,Administrative subdivision only; cities are imported in later city files.
UPSERT,reg_si_022,SI,SVN,Slovenia,سلوفينيا,Republic of Slovenia,Europe,أوروبا,Southern Europe,جنوب أوروبا,SI-022,,,1,municipality,Municipality,Dol pri Ljubljani,,Dol pri Ljubljani,true,ISO_3166_2,https://www.iso.org/obp/ui/#search,ISO 3166-2 subdivisions via pycountry/isocodes,REFERENCE_DATA_IMPORTED,NEEDS_AR_TRANSLATION,2026-08-05,Administrative subdivision only; cities are imported in later city files.
UPSERT,reg_si_023,SI,SVN,Slovenia,سلوفينيا,Republic of Slovenia,Europe,أوروبا,Southern Europe,جنوب أوروبا,SI-023,,,1,municipality,Municipality,Domžale,,Domžale,true,ISO_3166_2,https://www.iso.org/obp/ui/#search,ISO 3166-2 subdivisions via pycountry/isocodes,REFERENCE_DATA_IMPORTED,NEEDS_AR_TRANSLATION,2026-08-05,Administrative subdivision only; cities are imported in later city files.
UPSERT,reg_si_024,SI,SVN,Slovenia,سلوفينيا,Republic of Slovenia,Europe,أوروبا,Southern Europe,جنوب أوروبا,SI-024,,,1,municipality,Municipality,Dornava,,Dornava,true,ISO_3166_2,https://www.iso.org/obp/ui/#search,ISO 3166-2 subdivisions via pycountry/isocodes,REFERENCE_DATA_IMPORTED,NEEDS_AR_TRANSLATION,2026-08-05,Administrative subdivision only; cities are imported in later city files.
UPSERT,reg_si_025,SI,SVN,Slovenia,سلوفينيا,Republic of Slovenia,Europe,أوروبا,Southern Europe,جنوب أوروبا,SI-025,,,1,municipality,Municipality,Dravograd,,Dravograd,true,ISO_3166_2,https://www.iso.org/obp/ui/#search,ISO 3166-2 subdivisions via pycountry/isocodes,REFERENCE_DATA_IMPORTED,NEEDS_AR_TRANSLATION,2026-08-05,Administrative subdivision only; cities are imported in later city files.
UPSERT,reg_si_026,SI,SVN,Slovenia,سلوفينيا,Republic of Slovenia,Europe,أوروبا,Southern Europe,جنوب أوروبا,SI-026,,,1,municipality,Municipality,Duplek,,Duplek,true,ISO_3166_2,https://www.iso.org/obp/ui/#search,ISO 3166-2 subdivisions via pycountry/isocodes,REFERENCE_DATA_IMPORTED,NEEDS_AR_TRANSLATION,2026-08-05,Administrative subdivision only; cities are imported in later city files.
UPSERT,reg_si_027,SI,SVN,Slovenia,سلوفينيا,Republic of Slovenia,Europe,أوروبا,Southern Europe,جنوب أوروبا,SI-027,,,1,municipality,Municipality,Gorenja vas-Poljane,,Gorenja vas-Poljane,true,ISO_3166_2,https://www.iso.org/obp/ui/#search,ISO 3166-2 subdivisions via pycountry/isocodes,REFERENCE_DATA_IMPORTED,NEEDS_AR_TRANSLATION,2026-08-05,Administrative subdivision only; cities are imported in later city files.
UPSERT,reg_si_028,SI,SVN,Slovenia,سلوفينيا,Republic of Slovenia,Europe,أوروبا,Southern Europe,جنوب أوروبا,SI-028,,,1,municipality,Municipality,Gorišnica,,Gorišnica,true,ISO_3166_2,https://www.iso.org/obp/ui/#search,ISO 3166-2 subdivisions via pycountry/isocodes,REFERENCE_DATA_IMPORTED,NEEDS_AR_TRANSLATION,2026-08-05,Administrative subdivision only; cities are imported in later city files.
UPSERT,reg_si_029,SI,SVN,Slovenia,سلوفينيا,Republic of Slovenia,Europe,أوروبا,Southern Europe,جنوب أوروبا,SI-029,,,1,municipality,Municipality,Gornja Radgona,,Gornja Radgona,true,ISO_3166_2,https://www.iso.org/obp/ui/#search,ISO 3166-2 subdivisions via pycountry/isocodes,REFERENCE_DATA_IMPORTED,NEEDS_AR_TRANSLATION,2026-08-05,Administrative subdivision only; cities are imported in later city files.
UPSERT,reg_si_030,SI,SVN,Slovenia,سلوفينيا,Republic of Slovenia,Europe,أوروبا,Southern Europe,جنوب أوروبا,SI-030,,,1,municipality,Municipality,Gornji Grad,,Gornji Grad,true,ISO_3166_2,https://www.iso.org/obp/ui/#search,ISO 3166-2 subdivisions via pycountry/isocodes,REFERENCE_DATA_IMPORTED,NEEDS_AR_TRANSLATION,2026-08-05,Administrative subdivision only; cities are imported in later city files.
UPSERT,reg_si_031,SI,SVN,Slovenia,سلوفينيا,Republic of Slovenia,Europe,أوروبا,Southern Europe,جنوب أوروبا,SI-031,,,1,municipality,Municipality,Gornji Petrovci,,Gornji Petrovci,true,ISO_3166_2,https://www.iso.org/obp/ui/#search,ISO 3166-2 subdivisions via pycountry/isocodes,REFERENCE_DATA_IMPORTED,NEEDS_AR_TRANSLATION,2026-08-05,Administrative subdivision only; cities are imported in later city files.
UPSERT,reg_si_032,SI,SVN,Slovenia,سلوفينيا,Republic of Slovenia,Europe,أوروبا,Southern Europe,جنوب أوروبا,SI-032,,,1,municipality,Municipality,Grosuplje,,Grosuplje,true,ISO_3166_2,https://www.iso.org/obp/ui/#search,ISO 3166-2 subdivisions via pycountry/isocodes,REFERENCE_DATA_IMPORTED,NEEDS_AR_TRANSLATION,2026-08-05,Administrative subdivision only; cities are imported in later city files.
UPSERT,reg_si_033,SI,SVN,Slovenia,سلوفينيا,Republic of Slovenia,Europe,أوروبا,Southern Europe,جنوب أوروبا,SI-033,,,1,municipality,Municipality,Šalovci,,Šalovci,true,ISO_3166_2,https://www.iso.org/obp/ui/#search,ISO 3166-2 subdivisions via pycountry/isocodes,REFERENCE_DATA_IMPORTED,NEEDS_AR_TRANSLATION,2026-08-05,Administrative subdivision only; cities are imported in later city files.
UPSERT,reg_si_034,SI,SVN,Slovenia,سلوفينيا,Republic of Slovenia,Europe,أوروبا,Southern Europe,جنوب أوروبا,SI-034,,,1,municipality,Municipality,Hrastnik,,Hrastnik,true,ISO_3166_2,https://www.iso.org/obp/ui/#search,ISO 3166-2 subdivisions via pycountry/isocodes,REFERENCE_DATA_IMPORTED,NEEDS_AR_TRANSLATION,2026-08-05,Administrative subdivision only; cities are imported in later city files.
UPSERT,reg_si_035,SI,SVN,Slovenia,سلوفينيا,Republic of Slovenia,Europe,أوروبا,Southern Europe,جنوب أوروبا,SI-035,,,1,municipality,Municipality,Hrpelje-Kozina,,Hrpelje-Kozina,true,ISO_3166_2,https://www.iso.org/obp/ui/#search,ISO 3166-2 subdivisions via pycountry/isocodes,REFERENCE_DATA_IMPORTED,NEEDS_AR_TRANSLATION,2026-08-05,Administrative subdivision only; cities are imported in later city files.
UPSERT,reg_si_036,SI,SVN,Slovenia,سلوفينيا,Republic of Slovenia,Europe,أوروبا,Southern Europe,جنوب أوروبا,SI-036,,,1,municipality,Municipality,Idrija,,Idrija,true,ISO_3166_2,https://www.iso.org/obp/ui/#search,ISO 3166-2 subdivisions via pycountry/isocodes,REFERENCE_DATA_IMPORTED,NEEDS_AR_TRANSLATION,2026-08-05,Administrative subdivision only; cities are imported in later city files.
UPSERT,reg_si_037,SI,SVN,Slovenia,سلوفينيا,Republic of Slovenia,Europe,أوروبا,Southern Europe,جنوب أوروبا,SI-037,,,1,municipality,Municipality,Ig,,Ig,true,ISO_3166_2,https://www.iso.org/obp/ui/#search,ISO 3166-2 subdivisions via pycountry/isocodes,REFERENCE_DATA_IMPORTED,NEEDS_AR_TRANSLATION,2026-08-05,Administrative subdivision only; cities are imported in later city files.
UPSERT,reg_si_038,SI,SVN,Slovenia,سلوفينيا,Republic of Slovenia,Europe,أوروبا,Southern Europe,جنوب أوروبا,SI-038,,,1,municipality,Municipality,Ilirska Bistrica,,Ilirska Bistrica,true,ISO_3166_2,https://www.iso.org/obp/ui/#search,ISO 3166-2 subdivisions via pycountry/isocodes,REFERENCE_DATA_IMPORTED,NEEDS_AR_TRANSLATION,2026-08-05,Administrative subdivision only; cities are imported in later city files.
UPSERT,reg_si_039,SI,SVN,Slovenia,سلوفينيا,Republic of Slovenia,Europe,أوروبا,Southern Europe,جنوب أوروبا,SI-039,,,1,municipality,Municipality,Ivančna Gorica,,Ivančna Gorica,true,ISO_3166_2,https://www.iso.org/obp/ui/#search,ISO 3166-2 subdivisions via pycountry/isocodes,REFERENCE_DATA_IMPORTED,NEEDS_AR_TRANSLATION,2026-08-05,Administrative subdivision only; cities are imported in later city files.
UPSERT,reg_si_040,SI,SVN,Slovenia,سلوفينيا,Republic of Slovenia,Europe,أوروبا,Southern Europe,جنوب أوروبا,SI-040,,,1,municipality,Municipality,Izola,,Izola,true,ISO_3166_2,https://www.iso.org/obp/ui/#search,ISO 3166-2 subdivisions via pycountry/isocodes,REFERENCE_DATA_IMPORTED,NEEDS_AR_TRANSLATION,2026-08-05,Administrative subdivision only; cities are imported in later city files.
UPSERT,reg_si_041,SI,SVN,Slovenia,سلوفينيا,Republic of Slovenia,Europe,أوروبا,Southern Europe,جنوب أوروبا,SI-041,,,1,municipality,Municipality,Jesenice,,Jesenice,true,ISO_3166_2,https://www.iso.org/obp/ui/#search,ISO 3166-2 subdivisions via pycountry/isocodes,REFERENCE_DATA_IMPORTED,NEEDS_AR_TRANSLATION,2026-08-05,Administrative subdivision only; cities are imported in later city files.
UPSERT,reg_si_042,SI,SVN,Slovenia,سلوفينيا,Republic of Slovenia,Europe,أوروبا,Southern Europe,جنوب أوروبا,SI-042,,,1,municipality,Municipality,Juršinci,,Juršinci,true,ISO_3166_2,https://www.iso.org/obp/ui/#search,ISO 3166-2 subdivisions via pycountry/isocodes,REFERENCE_DATA_IMPORTED,NEEDS_AR_TRANSLATION,2026-08-05,Administrative subdivision only; cities are imported in later city files.
UPSERT,reg_si_043,SI,SVN,Slovenia,سلوفينيا,Republic of Slovenia,Europe,أوروبا,Southern Europe,جنوب أوروبا,SI-043,,,1,municipality,Municipality,Kamnik,,Kamnik,true,ISO_3166_2,https://www.iso.org/obp/ui/#search,ISO 3166-2 subdivisions via pycountry/isocodes,REFERENCE_DATA_IMPORTED,NEEDS_AR_TRANSLATION,2026-08-05,Administrative subdivision only; cities are imported in later city files.
UPSERT,reg_si_044,SI,SVN,Slovenia,سلوفينيا,Republic of Slovenia,Europe,أوروبا,Southern Europe,جنوب أوروبا,SI-044,,,1,municipality,Municipality,Kanal ob Soči,,Kanal ob Soči,true,ISO_3166_2,https://www.iso.org/obp/ui/#search,ISO 3166-2 subdivisions via pycountry/isocodes,REFERENCE_DATA_IMPORTED,NEEDS_AR_TRANSLATION,2026-08-05,Administrative subdivision only; cities are imported in later city files.
UPSERT,reg_si_045,SI,SVN,Slovenia,سلوفينيا,Republic of Slovenia,Europe,أوروبا,Southern Europe,جنوب أوروبا,SI-045,,,1,municipality,Municipality,Kidričevo,,Kidričevo,true,ISO_3166_2,https://www.iso.org/obp/ui/#search,ISO 3166-2 subdivisions via pycountry/isocodes,REFERENCE_DATA_IMPORTED,NEEDS_AR_TRANSLATION,2026-08-05,Administrative subdivision only; cities are imported in later city files.
UPSERT,reg_si_046,SI,SVN,Slovenia,سلوفينيا,Republic of Slovenia,Europe,أوروبا,Southern Europe,جنوب أوروبا,SI-046,,,1,municipality,Municipality,Kobarid,,Kobarid,true,ISO_3166_2,https://www.iso.org/obp/ui/#search,ISO 3166-2 subdivisions via pycountry/isocodes,REFERENCE_DATA_IMPORTED,NEEDS_AR_TRANSLATION,2026-08-05,Administrative subdivision only; cities are imported in later city files.
UPSERT,reg_si_047,SI,SVN,Slovenia,سلوفينيا,Republic of Slovenia,Europe,أوروبا,Southern Europe,جنوب أوروبا,SI-047,,,1,municipality,Municipality,Kobilje,,Kobilje,true,ISO_3166_2,https://www.iso.org/obp/ui/#search,ISO 3166-2 subdivisions via pycountry/isocodes,REFERENCE_DATA_IMPORTED,NEEDS_AR_TRANSLATION,2026-08-05,Administrative subdivision only; cities are imported in later city files.
UPSERT,reg_si_048,SI,SVN,Slovenia,سلوفينيا,Republic of Slovenia,Europe,أوروبا,Southern Europe,جنوب أوروبا,SI-048,,,1,municipality,Municipality,Kočevje,,Kočevje,true,ISO_3166_2,https://www.iso.org/obp/ui/#search,ISO 3166-2 subdivisions via pycountry/isocodes,REFERENCE_DATA_IMPORTED,NEEDS_AR_TRANSLATION,2026-08-05,Administrative subdivision only; cities are imported in later city files.
UPSERT,reg_si_049,SI,SVN,Slovenia,سلوفينيا,Republic of Slovenia,Europe,أوروبا,Southern Europe,جنوب أوروبا,SI-049,,,1,municipality,Municipality,Komen,,Komen,true,ISO_3166_2,https://www.iso.org/obp/ui/#search,ISO 3166-2 subdivisions via pycountry/isocodes,REFERENCE_DATA_IMPORTED,NEEDS_AR_TRANSLATION,2026-08-05,Administrative subdivision only; cities are imported in later city files.
UPSERT,reg_si_050,SI,SVN,Slovenia,سلوفينيا,Republic of Slovenia,Europe,أوروبا,Southern Europe,جنوب أوروبا,SI-050,,,1,urban_municipality,Urban municipality,Koper,,Koper,true,ISO_3166_2,https://www.iso.org/obp/ui/#search,ISO 3166-2 subdivisions via pycountry/isocodes,REFERENCE_DATA_IMPORTED,NEEDS_AR_TRANSLATION,2026-08-05,Administrative subdivision only; cities are imported in later city files.
UPSERT,reg_si_051,SI,SVN,Slovenia,سلوفينيا,Republic of Slovenia,Europe,أوروبا,Southern Europe,جنوب أوروبا,SI-051,,,1,municipality,Municipality,Kozje,,Kozje,true,ISO_3166_2,https://www.iso.org/obp/ui/#search,ISO 3166-2 subdivisions via pycountry/isocodes,REFERENCE_DATA_IMPORTED,NEEDS_AR_TRANSLATION,2026-08-05,Administrative subdivision only; cities are imported in later city files.
UPSERT,reg_si_052,SI,SVN,Slovenia,سلوفينيا,Republic of Slovenia,Europe,أوروبا,Southern Europe,جنوب أوروبا,SI-052,,,1,urban_municipality,Urban municipality,Kranj,,Kranj,true,ISO_3166_2,https://www.iso.org/obp/ui/#search,ISO 3166-2 subdivisions via pycountry/isocodes,REFERENCE_DATA_IMPORTED,NEEDS_AR_TRANSLATION,2026-08-05,Administrative subdivision only; cities are imported in later city files.
UPSERT,reg_si_053,SI,SVN,Slovenia,سلوفينيا,Republic of Slovenia,Europe,أوروبا,Southern Europe,جنوب أوروبا,SI-053,,,1,municipality,Municipality,Kranjska Gora,,Kranjska Gora,true,ISO_3166_2,https://www.iso.org/obp/ui/#search,ISO 3166-2 subdivisions via pycountry/isocodes,REFERENCE_DATA_IMPORTED,NEEDS_AR_TRANSLATION,2026-08-05,Administrative subdivision only; cities are imported in later city files.
UPSERT,reg_si_054,SI,SVN,Slovenia,سلوفينيا,Republic of Slovenia,Europe,أوروبا,Southern Europe,جنوب أوروبا,SI-054,,,1,urban_municipality,Urban municipality,Krško,,Krško,true,ISO_3166_2,https://www.iso.org/obp/ui/#search,ISO 3166-2 subdivisions via pycountry/isocodes,REFERENCE_DATA_IMPORTED,NEEDS_AR_TRANSLATION,2026-08-05,Administrative subdivision only; cities are imported in later city files.
UPSERT,reg_si_055,SI,SVN,Slovenia,سلوفينيا,Republic of Slovenia,Europe,أوروبا,Southern Europe,جنوب أوروبا,SI-055,,,1,municipality,Municipality,Kungota,,Kungota,true,ISO_3166_2,https://www.iso.org/obp/ui/#search,ISO 3166-2 subdivisions via pycountry/isocodes,REFERENCE_DATA_IMPORTED,NEEDS_AR_TRANSLATION,2026-08-05,Administrative subdivision only; cities are imported in later city files.
UPSERT,reg_si_056,SI,SVN,Slovenia,سلوفينيا,Republic of Slovenia,Europe,أوروبا,Southern Europe,جنوب أوروبا,SI-056,,,1,municipality,Municipality,Kuzma,,Kuzma,true,ISO_3166_2,https://www.iso.org/obp/ui/#search,ISO 3166-2 subdivisions via pycountry/isocodes,REFERENCE_DATA_IMPORTED,NEEDS_AR_TRANSLATION,2026-08-05,Administrative subdivision only; cities are imported in later city files.
UPSERT,reg_si_057,SI,SVN,Slovenia,سلوفينيا,Republic of Slovenia,Europe,أوروبا,Southern Europe,جنوب أوروبا,SI-057,,,1,municipality,Municipality,Laško,,Laško,true,ISO_3166_2,https://www.iso.org/obp/ui/#search,ISO 3166-2 subdivisions via pycountry/isocodes,REFERENCE_DATA_IMPORTED,NEEDS_AR_TRANSLATION,2026-08-05,Administrative subdivision only; cities are imported in later city files.
UPSERT,reg_si_058,SI,SVN,Slovenia,سلوفينيا,Republic of Slovenia,Europe,أوروبا,Southern Europe,جنوب أوروبا,SI-058,,,1,municipality,Municipality,Lenart,,Lenart,true,ISO_3166_2,https://www.iso.org/obp/ui/#search,ISO 3166-2 subdivisions via pycountry/isocodes,REFERENCE_DATA_IMPORTED,NEEDS_AR_TRANSLATION,2026-08-05,Administrative subdivision only; cities are imported in later city files.
UPSERT,reg_si_059,SI,SVN,Slovenia,سلوفينيا,Republic of Slovenia,Europe,أوروبا,Southern Europe,جنوب أوروبا,SI-059,,,1,municipality,Municipality,Lendava,,Lendava,true,ISO_3166_2,https://www.iso.org/obp/ui/#search,ISO 3166-2 subdivisions via pycountry/isocodes,REFERENCE_DATA_IMPORTED,NEEDS_AR_TRANSLATION,2026-08-05,Administrative subdivision only; cities are imported in later city files.
UPSERT,reg_si_060,SI,SVN,Slovenia,سلوفينيا,Republic of Slovenia,Europe,أوروبا,Southern Europe,جنوب أوروبا,SI-060,,,1,municipality,Municipality,Litija,,Litija,true,ISO_3166_2,https://www.iso.org/obp/ui/#search,ISO 3166-2 subdivisions via pycountry/isocodes,REFERENCE_DATA_IMPORTED,NEEDS_AR_TRANSLATION,2026-08-05,Administrative subdivision only; cities are imported in later city files.
UPSERT,reg_si_061,SI,SVN,Slovenia,سلوفينيا,Republic of Slovenia,Europe,أوروبا,Southern Europe,جنوب أوروبا,SI-061,,,1,urban_municipality,Urban municipality,Ljubljana,,Ljubljana,true,ISO_3166_2,https://www.iso.org/obp/ui/#search,ISO 3166-2 subdivisions via pycountry/isocodes,REFERENCE_DATA_IMPORTED,NEEDS_AR_TRANSLATION,2026-08-05,Administrative subdivision only; cities are imported in later city files.
UPSERT,reg_si_062,SI,SVN,Slovenia,سلوفينيا,Republic of Slovenia,Europe,أوروبا,Southern Europe,جنوب أوروبا,SI-062,,,1,municipality,Municipality,Ljubno,,Ljubno,true,ISO_3166_2,https://www.iso.org/obp/ui/#search,ISO 3166-2 subdivisions via pycountry/isocodes,REFERENCE_DATA_IMPORTED,NEEDS_AR_TRANSLATION,2026-08-05,Administrative subdivision only; cities are imported in later city files.
UPSERT,reg_si_063,SI,SVN,Slovenia,سلوفينيا,Republic of Slovenia,Europe,أوروبا,Southern Europe,جنوب أوروبا,SI-063,,,1,municipality,Municipality,Ljutomer,,Ljutomer,true,ISO_3166_2,https://www.iso.org/obp/ui/#search,ISO 3166-2 subdivisions via pycountry/isocodes,REFERENCE_DATA_IMPORTED,NEEDS_AR_TRANSLATION,2026-08-05,Administrative subdivision only; cities are imported in later city files.
UPSERT,reg_si_064,SI,SVN,Slovenia,سلوفينيا,Republic of Slovenia,Europe,أوروبا,Southern Europe,جنوب أوروبا,SI-064,,,1,municipality,Municipality,Logatec,,Logatec,true,ISO_3166_2,https://www.iso.org/obp/ui/#search,ISO 3166-2 subdivisions via pycountry/isocodes,REFERENCE_DATA_IMPORTED,NEEDS_AR_TRANSLATION,2026-08-05,Administrative subdivision only; cities are imported in later city files.
UPSERT,reg_si_065,SI,SVN,Slovenia,سلوفينيا,Republic of Slovenia,Europe,أوروبا,Southern Europe,جنوب أوروبا,SI-065,,,1,municipality,Municipality,Loška dolina,,Loška dolina,true,ISO_3166_2,https://www.iso.org/obp/ui/#search,ISO 3166-2 subdivisions via pycountry/isocodes,REFERENCE_DATA_IMPORTED,NEEDS_AR_TRANSLATION,2026-08-05,Administrative subdivision only; cities are imported in later city files.
UPSERT,reg_si_066,SI,SVN,Slovenia,سلوفينيا,Republic of Slovenia,Europe,أوروبا,Southern Europe,جنوب أوروبا,SI-066,,,1,municipality,Municipality,Loški Potok,,Loški Potok,true,ISO_3166_2,https://www.iso.org/obp/ui/#search,ISO 3166-2 subdivisions via pycountry/isocodes,REFERENCE_DATA_IMPORTED,NEEDS_AR_TRANSLATION,2026-08-05,Administrative subdivision only; cities are imported in later city files.
UPSERT,reg_si_067,SI,SVN,Slovenia,سلوفينيا,Republic of Slovenia,Europe,أوروبا,Southern Europe,جنوب أوروبا,SI-067,,,1,municipality,Municipality,Luče,,Luče,true,ISO_3166_2,https://www.iso.org/obp/ui/#search,ISO 3166-2 subdivisions via pycountry/isocodes,REFERENCE_DATA_IMPORTED,NEEDS_AR_TRANSLATION,2026-08-05,Administrative subdivision only; cities are imported in later city files.
UPSERT,reg_si_068,SI,SVN,Slovenia,سلوفينيا,Republic of Slovenia,Europe,أوروبا,Southern Europe,جنوب أوروبا,SI-068,,,1,municipality,Municipality,Lukovica,,Lukovica,true,ISO_3166_2,https://www.iso.org/obp/ui/#search,ISO 3166-2 subdivisions via pycountry/isocodes,REFERENCE_DATA_IMPORTED,NEEDS_AR_TRANSLATION,2026-08-05,Administrative subdivision only; cities are imported in later city files.
UPSERT,reg_si_069,SI,SVN,Slovenia,سلوفينيا,Republic of Slovenia,Europe,أوروبا,Southern Europe,جنوب أوروبا,SI-069,,,1,municipality,Municipality,Majšperk,,Majšperk,true,ISO_3166_2,https://www.iso.org/obp/ui/#search,ISO 3166-2 subdivisions via pycountry/isocodes,REFERENCE_DATA_IMPORTED,NEEDS_AR_TRANSLATION,2026-08-05,Administrative subdivision only; cities are imported in later city files.
UPSERT,reg_si_070,SI,SVN,Slovenia,سلوفينيا,Republic of Slovenia,Europe,أوروبا,Southern Europe,جنوب أوروبا,SI-070,,,1,urban_municipality,Urban municipality,Maribor,,Maribor,true,ISO_3166_2,https://www.iso.org/obp/ui/#search,ISO 3166-2 subdivisions via pycountry/isocodes,REFERENCE_DATA_IMPORTED,NEEDS_AR_TRANSLATION,2026-08-05,Administrative subdivision only; cities are imported in later city files.
UPSERT,reg_si_071,SI,SVN,Slovenia,سلوفينيا,Republic of Slovenia,Europe,أوروبا,Southern Europe,جنوب أوروبا,SI-071,,,1,municipality,Municipality,Medvode,,Medvode,true,ISO_3166_2,https://www.iso.org/obp/ui/#search,ISO 3166-2 subdivisions via pycountry/isocodes,REFERENCE_DATA_IMPORTED,NEEDS_AR_TRANSLATION,2026-08-05,Administrative subdivision only; cities are imported in later city files.
UPSERT,reg_si_072,SI,SVN,Slovenia,سلوفينيا,Republic of Slovenia,Europe,أوروبا,Southern Europe,جنوب أوروبا,SI-072,,,1,municipality,Municipality,Mengeš,,Mengeš,true,ISO_3166_2,https://www.iso.org/obp/ui/#search,ISO 3166-2 subdivisions via pycountry/isocodes,REFERENCE_DATA_IMPORTED,NEEDS_AR_TRANSLATION,2026-08-05,Administrative subdivision only; cities are imported in later city files.
UPSERT,reg_si_073,SI,SVN,Slovenia,سلوفينيا,Republic of Slovenia,Europe,أوروبا,Southern Europe,جنوب أوروبا,SI-073,,,1,municipality,Municipality,Metlika,,Metlika,true,ISO_3166_2,https://www.iso.org/obp/ui/#search,ISO 3166-2 subdivisions via pycountry/isocodes,REFERENCE_DATA_IMPORTED,NEEDS_AR_TRANSLATION,2026-08-05,Administrative subdivision only; cities are imported in later city files.
UPSERT,reg_si_074,SI,SVN,Slovenia,سلوفينيا,Republic of Slovenia,Europe,أوروبا,Southern Europe,جنوب أوروبا,SI-074,,,1,municipality,Municipality,Mežica,,Mežica,true,ISO_3166_2,https://www.iso.org/obp/ui/#search,ISO 3166-2 subdivisions via pycountry/isocodes,REFERENCE_DATA_IMPORTED,NEEDS_AR_TRANSLATION,2026-08-05,Administrative subdivision only; cities are imported in later city files.
UPSERT,reg_si_075,SI,SVN,Slovenia,سلوفينيا,Republic of Slovenia,Europe,أوروبا,Southern Europe,جنوب أوروبا,SI-075,,,1,municipality,Municipality,Miren-Kostanjevica,,Miren-Kostanjevica,true,ISO_3166_2,https://www.iso.org/obp/ui/#search,ISO 3166-2 subdivisions via pycountry/isocodes,REFERENCE_DATA_IMPORTED,NEEDS_AR_TRANSLATION,2026-08-05,Administrative subdivision only; cities are imported in later city files.
UPSERT,reg_si_076,SI,SVN,Slovenia,سلوفينيا,Republic of Slovenia,Europe,أوروبا,Southern Europe,جنوب أوروبا,SI-076,,,1,municipality,Municipality,Mislinja,,Mislinja,true,ISO_3166_2,https://www.iso.org/obp/ui/#search,ISO 3166-2 subdivisions via pycountry/isocodes,REFERENCE_DATA_IMPORTED,NEEDS_AR_TRANSLATION,2026-08-05,Administrative subdivision only; cities are imported in later city files.
UPSERT,reg_si_077,SI,SVN,Slovenia,سلوفينيا,Republic of Slovenia,Europe,أوروبا,Southern Europe,جنوب أوروبا,SI-077,,,1,municipality,Municipality,Moravče,,Moravče,true,ISO_3166_2,https://www.iso.org/obp/ui/#search,ISO 3166-2 subdivisions via pycountry/isocodes,REFERENCE_DATA_IMPORTED,NEEDS_AR_TRANSLATION,2026-08-05,Administrative subdivision only; cities are imported in later city files.
UPSERT,reg_si_078,SI,SVN,Slovenia,سلوفينيا,Republic of Slovenia,Europe,أوروبا,Southern Europe,جنوب أوروبا,SI-078,,,1,municipality,Municipality,Moravske Toplice,,Moravske Toplice,true,ISO_3166_2,https://www.iso.org/obp/ui/#search,ISO 3166-2 subdivisions via pycountry/isocodes,REFERENCE_DATA_IMPORTED,NEEDS_AR_TRANSLATION,2026-08-05,Administrative subdivision only; cities are imported in later city files.
UPSERT,reg_si_079,SI,SVN,Slovenia,سلوفينيا,Republic of Slovenia,Europe,أوروبا,Southern Europe,جنوب أوروبا,SI-079,,,1,municipality,Municipality,Mozirje,,Mozirje,true,ISO_3166_2,https://www.iso.org/obp/ui/#search,ISO 3166-2 subdivisions via pycountry/isocodes,REFERENCE_DATA_IMPORTED,NEEDS_AR_TRANSLATION,2026-08-05,Administrative subdivision only; cities are imported in later city files.
UPSERT,reg_si_080,SI,SVN,Slovenia,سلوفينيا,Republic of Slovenia,Europe,أوروبا,Southern Europe,جنوب أوروبا,SI-080,,,1,urban_municipality,Urban municipality,Murska Sobota,,Murska Sobota,true,ISO_3166_2,https://www.iso.org/obp/ui/#search,ISO 3166-2 subdivisions via pycountry/isocodes,REFERENCE_DATA_IMPORTED,NEEDS_AR_TRANSLATION,2026-08-05,Administrative subdivision only; cities are imported in later city files.
UPSERT,reg_si_081,SI,SVN,Slovenia,سلوفينيا,Republic of Slovenia,Europe,أوروبا,Southern Europe,جنوب أوروبا,SI-081,,,1,municipality,Municipality,Muta,,Muta,true,ISO_3166_2,https://www.iso.org/obp/ui/#search,ISO 3166-2 subdivisions via pycountry/isocodes,REFERENCE_DATA_IMPORTED,NEEDS_AR_TRANSLATION,2026-08-05,Administrative subdivision only; cities are imported in later city files.
UPSERT,reg_si_082,SI,SVN,Slovenia,سلوفينيا,Republic of Slovenia,Europe,أوروبا,Southern Europe,جنوب أوروبا,SI-082,,,1,municipality,Municipality,Naklo,,Naklo,true,ISO_3166_2,https://www.iso.org/obp/ui/#search,ISO 3166-2 subdivisions via pycountry/isocodes,REFERENCE_DATA_IMPORTED,NEEDS_AR_TRANSLATION,2026-08-05,Administrative subdivision only; cities are imported in later city files.
UPSERT,reg_si_083,SI,SVN,Slovenia,سلوفينيا,Republic of Slovenia,Europe,أوروبا,Southern Europe,جنوب أوروبا,SI-083,,,1,municipality,Municipality,Nazarje,,Nazarje,true,ISO_3166_2,https://www.iso.org/obp/ui/#search,ISO 3166-2 subdivisions via pycountry/isocodes,REFERENCE_DATA_IMPORTED,NEEDS_AR_TRANSLATION,2026-08-05,Administrative subdivision only; cities are imported in later city files.
UPSERT,reg_si_084,SI,SVN,Slovenia,سلوفينيا,Republic of Slovenia,Europe,أوروبا,Southern Europe,جنوب أوروبا,SI-084,,,1,urban_municipality,Urban municipality,Nova Gorica,,Nova Gorica,true,ISO_3166_2,https://www.iso.org/obp/ui/#search,ISO 3166-2 subdivisions via pycountry/isocodes,REFERENCE_DATA_IMPORTED,NEEDS_AR_TRANSLATION,2026-08-05,Administrative subdivision only; cities are imported in later city files.
UPSERT,reg_si_085,SI,SVN,Slovenia,سلوفينيا,Republic of Slovenia,Europe,أوروبا,Southern Europe,جنوب أوروبا,SI-085,,,1,urban_municipality,Urban municipality,Novo Mesto,,Novo Mesto,true,ISO_3166_2,https://www.iso.org/obp/ui/#search,ISO 3166-2 subdivisions via pycountry/isocodes,REFERENCE_DATA_IMPORTED,NEEDS_AR_TRANSLATION,2026-08-05,Administrative subdivision only; cities are imported in later city files.
UPSERT,reg_si_086,SI,SVN,Slovenia,سلوفينيا,Republic of Slovenia,Europe,أوروبا,Southern Europe,جنوب أوروبا,SI-086,,,1,municipality,Municipality,Odranci,,Odranci,true,ISO_3166_2,https://www.iso.org/obp/ui/#search,ISO 3166-2 subdivisions via pycountry/isocodes,REFERENCE_DATA_IMPORTED,NEEDS_AR_TRANSLATION,2026-08-05,Administrative subdivision only; cities are imported in later city files.
UPSERT,reg_si_087,SI,SVN,Slovenia,سلوفينيا,Republic of Slovenia,Europe,أوروبا,Southern Europe,جنوب أوروبا,SI-087,,,1,municipality,Municipality,Ormož,,Ormož,true,ISO_3166_2,https://www.iso.org/obp/ui/#search,ISO 3166-2 subdivisions via pycountry/isocodes,REFERENCE_DATA_IMPORTED,NEEDS_AR_TRANSLATION,2026-08-05,Administrative subdivision only; cities are imported in later city files.
UPSERT,reg_si_088,SI,SVN,Slovenia,سلوفينيا,Republic of Slovenia,Europe,أوروبا,Southern Europe,جنوب أوروبا,SI-088,,,1,municipality,Municipality,Osilnica,,Osilnica,true,ISO_3166_2,https://www.iso.org/obp/ui/#search,ISO 3166-2 subdivisions via pycountry/isocodes,REFERENCE_DATA_IMPORTED,NEEDS_AR_TRANSLATION,2026-08-05,Administrative subdivision only; cities are imported in later city files.
UPSERT,reg_si_089,SI,SVN,Slovenia,سلوفينيا,Republic of Slovenia,Europe,أوروبا,Southern Europe,جنوب أوروبا,SI-089,,,1,municipality,Municipality,Pesnica,,Pesnica,true,ISO_3166_2,https://www.iso.org/obp/ui/#search,ISO 3166-2 subdivisions via pycountry/isocodes,REFERENCE_DATA_IMPORTED,NEEDS_AR_TRANSLATION,2026-08-05,Administrative subdivision only; cities are imported in later city files.
UPSERT,reg_si_090,SI,SVN,Slovenia,سلوفينيا,Republic of Slovenia,Europe,أوروبا,Southern Europe,جنوب أوروبا,SI-090,,,1,municipality,Municipality,Piran,,Piran,true,ISO_3166_2,https://www.iso.org/obp/ui/#search,ISO 3166-2 subdivisions via pycountry/isocodes,REFERENCE_DATA_IMPORTED,NEEDS_AR_TRANSLATION,2026-08-05,Administrative subdivision only; cities are imported in later city files.
UPSERT,reg_si_091,SI,SVN,Slovenia,سلوفينيا,Republic of Slovenia,Europe,أوروبا,Southern Europe,جنوب أوروبا,SI-091,,,1,municipality,Municipality,Pivka,,Pivka,true,ISO_3166_2,https://www.iso.org/obp/ui/#search,ISO 3166-2 subdivisions via pycountry/isocodes,REFERENCE_DATA_IMPORTED,NEEDS_AR_TRANSLATION,2026-08-05,Administrative subdivision only; cities are imported in later city files.
UPSERT,reg_si_092,SI,SVN,Slovenia,سلوفينيا,Republic of Slovenia,Europe,أوروبا,Southern Europe,جنوب أوروبا,SI-092,,,1,municipality,Municipality,Podčetrtek,,Podčetrtek,true,ISO_3166_2,https://www.iso.org/obp/ui/#search,ISO 3166-2 subdivisions via pycountry/isocodes,REFERENCE_DATA_IMPORTED,NEEDS_AR_TRANSLATION,2026-08-05,Administrative subdivision only; cities are imported in later city files.
UPSERT,reg_si_093,SI,SVN,Slovenia,سلوفينيا,Republic of Slovenia,Europe,أوروبا,Southern Europe,جنوب أوروبا,SI-093,,,1,municipality,Municipality,Podvelka,,Podvelka,true,ISO_3166_2,https://www.iso.org/obp/ui/#search,ISO 3166-2 subdivisions via pycountry/isocodes,REFERENCE_DATA_IMPORTED,NEEDS_AR_TRANSLATION,2026-08-05,Administrative subdivision only; cities are imported in later city files.
UPSERT,reg_si_094,SI,SVN,Slovenia,سلوفينيا,Republic of Slovenia,Europe,أوروبا,Southern Europe,جنوب أوروبا,SI-094,,,1,municipality,Municipality,Postojna,,Postojna,true,ISO_3166_2,https://www.iso.org/obp/ui/#search,ISO 3166-2 subdivisions via pycountry/isocodes,REFERENCE_DATA_IMPORTED,NEEDS_AR_TRANSLATION,2026-08-05,Administrative subdivision only; cities are imported in later city files.
UPSERT,reg_si_095,SI,SVN,Slovenia,سلوفينيا,Republic of Slovenia,Europe,أوروبا,Southern Europe,جنوب أوروبا,SI-095,,,1,municipality,Municipality,Preddvor,,Preddvor,true,ISO_3166_2,https://www.iso.org/obp/ui/#search,ISO 3166-2 subdivisions via pycountry/isocodes,REFERENCE_DATA_IMPORTED,NEEDS_AR_TRANSLATION,2026-08-05,Administrative subdivision only; cities are imported in later city files.
UPSERT,reg_si_096,SI,SVN,Slovenia,سلوفينيا,Republic of Slovenia,Europe,أوروبا,Southern Europe,جنوب أوروبا,SI-096,,,1,urban_municipality,Urban municipality,Ptuj,,Ptuj,true,ISO_3166_2,https://www.iso.org/obp/ui/#search,ISO 3166-2 subdivisions via pycountry/isocodes,REFERENCE_DATA_IMPORTED,NEEDS_AR_TRANSLATION,2026-08-05,Administrative subdivision only; cities are imported in later city files.
UPSERT,reg_si_097,SI,SVN,Slovenia,سلوفينيا,Republic of Slovenia,Europe,أوروبا,Southern Europe,جنوب أوروبا,SI-097,,,1,municipality,Municipality,Puconci,,Puconci,true,ISO_3166_2,https://www.iso.org/obp/ui/#search,ISO 3166-2 subdivisions via pycountry/isocodes,REFERENCE_DATA_IMPORTED,NEEDS_AR_TRANSLATION,2026-08-05,Administrative subdivision only; cities are imported in later city files.
UPSERT,reg_si_098,SI,SVN,Slovenia,سلوفينيا,Republic of Slovenia,Europe,أوروبا,Southern Europe,جنوب أوروبا,SI-098,,,1,municipality,Municipality,Rače-Fram,,Rače-Fram,true,ISO_3166_2,https://www.iso.org/obp/ui/#search,ISO 3166-2 subdivisions via pycountry/isocodes,REFERENCE_DATA_IMPORTED,NEEDS_AR_TRANSLATION,2026-08-05,Administrative subdivision only; cities are imported in later city files.
UPSERT,reg_si_099,SI,SVN,Slovenia,سلوفينيا,Republic of Slovenia,Europe,أوروبا,Southern Europe,جنوب أوروبا,SI-099,,,1,municipality,Municipality,Radeče,,Radeče,true,ISO_3166_2,https://www.iso.org/obp/ui/#search,ISO 3166-2 subdivisions via pycountry/isocodes,REFERENCE_DATA_IMPORTED,NEEDS_AR_TRANSLATION,2026-08-05,Administrative subdivision only; cities are imported in later city files.
UPSERT,reg_si_100,SI,SVN,Slovenia,سلوفينيا,Republic of Slovenia,Europe,أوروبا,Southern Europe,جنوب أوروبا,SI-100,,,1,municipality,Municipality,Radenci,,Radenci,true,ISO_3166_2,https://www.iso.org/obp/ui/#search,ISO 3166-2 subdivisions via pycountry/isocodes,REFERENCE_DATA_IMPORTED,NEEDS_AR_TRANSLATION,2026-08-05,Administrative subdivision only; cities are imported in later city files.
UPSERT,reg_si_101,SI,SVN,Slovenia,سلوفينيا,Republic of Slovenia,Europe,أوروبا,Southern Europe,جنوب أوروبا,SI-101,,,1,municipality,Municipality,Radlje ob Dravi,,Radlje ob Dravi,true,ISO_3166_2,https://www.iso.org/obp/ui/#search,ISO 3166-2 subdivisions via pycountry/isocodes,REFERENCE_DATA_IMPORTED,NEEDS_AR_TRANSLATION,2026-08-05,Administrative subdivision only; cities are imported in later city files.
UPSERT,reg_si_102,SI,SVN,Slovenia,سلوفينيا,Republic of Slovenia,Europe,أوروبا,Southern Europe,جنوب أوروبا,SI-102,,,1,municipality,Municipality,Radovljica,,Radovljica,true,ISO_3166_2,https://www.iso.org/obp/ui/#search,ISO 3166-2 subdivisions via pycountry/isocodes,REFERENCE_DATA_IMPORTED,NEEDS_AR_TRANSLATION,2026-08-05,Administrative subdivision only; cities are imported in later city files.
UPSERT,reg_si_103,SI,SVN,Slovenia,سلوفينيا,Republic of Slovenia,Europe,أوروبا,Southern Europe,جنوب أوروبا,SI-103,,,1,municipality,Municipality,Ravne na Koroškem,,Ravne na Koroškem,true,ISO_3166_2,https://www.iso.org/obp/ui/#search,ISO 3166-2 subdivisions via pycountry/isocodes,REFERENCE_DATA_IMPORTED,NEEDS_AR_TRANSLATION,2026-08-05,Administrative subdivision only; cities are imported in later city files.
UPSERT,reg_si_104,SI,SVN,Slovenia,سلوفينيا,Republic of Slovenia,Europe,أوروبا,Southern Europe,جنوب أوروبا,SI-104,,,1,municipality,Municipality,Ribnica,,Ribnica,true,ISO_3166_2,https://www.iso.org/obp/ui/#search,ISO 3166-2 subdivisions via pycountry/isocodes,REFERENCE_DATA_IMPORTED,NEEDS_AR_TRANSLATION,2026-08-05,Administrative subdivision only; cities are imported in later city files.
UPSERT,reg_si_105,SI,SVN,Slovenia,سلوفينيا,Republic of Slovenia,Europe,أوروبا,Southern Europe,جنوب أوروبا,SI-105,,,1,municipality,Municipality,Rogašovci,,Rogašovci,true,ISO_3166_2,https://www.iso.org/obp/ui/#search,ISO 3166-2 subdivisions via pycountry/isocodes,REFERENCE_DATA_IMPORTED,NEEDS_AR_TRANSLATION,2026-08-05,Administrative subdivision only; cities are imported in later city files.
UPSERT,reg_si_106,SI,SVN,Slovenia,سلوفينيا,Republic of Slovenia,Europe,أوروبا,Southern Europe,جنوب أوروبا,SI-106,,,1,municipality,Municipality,Rogaška Slatina,,Rogaška Slatina,true,ISO_3166_2,https://www.iso.org/obp/ui/#search,ISO 3166-2 subdivisions via pycountry/isocodes,REFERENCE_DATA_IMPORTED,NEEDS_AR_TRANSLATION,2026-08-05,Administrative subdivision only; cities are imported in later city files.
UPSERT,reg_si_107,SI,SVN,Slovenia,سلوفينيا,Republic of Slovenia,Europe,أوروبا,Southern Europe,جنوب أوروبا,SI-107,,,1,municipality,Municipality,Rogatec,,Rogatec,true,ISO_3166_2,https://www.iso.org/obp/ui/#search,ISO 3166-2 subdivisions via pycountry/isocodes,REFERENCE_DATA_IMPORTED,NEEDS_AR_TRANSLATION,2026-08-05,Administrative subdivision only; cities are imported in later city files.
UPSERT,reg_si_108,SI,SVN,Slovenia,سلوفينيا,Republic of Slovenia,Europe,أوروبا,Southern Europe,جنوب أوروبا,SI-108,,,1,municipality,Municipality,Ruše,,Ruše,true,ISO_3166_2,https://www.iso.org/obp/ui/#search,ISO 3166-2 subdivisions via pycountry/isocodes,REFERENCE_DATA_IMPORTED,NEEDS_AR_TRANSLATION,2026-08-05,Administrative subdivision only; cities are imported in later city files.
UPSERT,reg_si_109,SI,SVN,Slovenia,سلوفينيا,Republic of Slovenia,Europe,أوروبا,Southern Europe,جنوب أوروبا,SI-109,,,1,municipality,Municipality,Semič,,Semič,true,ISO_3166_2,https://www.iso.org/obp/ui/#search,ISO 3166-2 subdivisions via pycountry/isocodes,REFERENCE_DATA_IMPORTED,NEEDS_AR_TRANSLATION,2026-08-05,Administrative subdivision only; cities are imported in later city files.
UPSERT,reg_si_110,SI,SVN,Slovenia,سلوفينيا,Republic of Slovenia,Europe,أوروبا,Southern Europe,جنوب أوروبا,SI-110,,,1,municipality,Municipality,Sevnica,,Sevnica,true,ISO_3166_2,https://www.iso.org/obp/ui/#search,ISO 3166-2 subdivisions via pycountry/isocodes,REFERENCE_DATA_IMPORTED,NEEDS_AR_TRANSLATION,2026-08-05,Administrative subdivision only; cities are imported in later city files.
UPSERT,reg_si_111,SI,SVN,Slovenia,سلوفينيا,Republic of Slovenia,Europe,أوروبا,Southern Europe,جنوب أوروبا,SI-111,,,1,municipality,Municipality,Sežana,,Sežana,true,ISO_3166_2,https://www.iso.org/obp/ui/#search,ISO 3166-2 subdivisions via pycountry/isocodes,REFERENCE_DATA_IMPORTED,NEEDS_AR_TRANSLATION,2026-08-05,Administrative subdivision only; cities are imported in later city files.
UPSERT,reg_si_112,SI,SVN,Slovenia,سلوفينيا,Republic of Slovenia,Europe,أوروبا,Southern Europe,جنوب أوروبا,SI-112,,,1,urban_municipality,Urban municipality,Slovenj Gradec,,Slovenj Gradec,true,ISO_3166_2,https://www.iso.org/obp/ui/#search,ISO 3166-2 subdivisions via pycountry/isocodes,REFERENCE_DATA_IMPORTED,NEEDS_AR_TRANSLATION,2026-08-05,Administrative subdivision only; cities are imported in later city files.
UPSERT,reg_si_113,SI,SVN,Slovenia,سلوفينيا,Republic of Slovenia,Europe,أوروبا,Southern Europe,جنوب أوروبا,SI-113,,,1,municipality,Municipality,Slovenska Bistrica,,Slovenska Bistrica,true,ISO_3166_2,https://www.iso.org/obp/ui/#search,ISO 3166-2 subdivisions via pycountry/isocodes,REFERENCE_DATA_IMPORTED,NEEDS_AR_TRANSLATION,2026-08-05,Administrative subdivision only; cities are imported in later city files.
UPSERT,reg_si_114,SI,SVN,Slovenia,سلوفينيا,Republic of Slovenia,Europe,أوروبا,Southern Europe,جنوب أوروبا,SI-114,,,1,municipality,Municipality,Slovenske Konjice,,Slovenske Konjice,true,ISO_3166_2,https://www.iso.org/obp/ui/#search,ISO 3166-2 subdivisions via pycountry/isocodes,REFERENCE_DATA_IMPORTED,NEEDS_AR_TRANSLATION,2026-08-05,Administrative subdivision only; cities are imported in later city files.
UPSERT,reg_si_115,SI,SVN,Slovenia,سلوفينيا,Republic of Slovenia,Europe,أوروبا,Southern Europe,جنوب أوروبا,SI-115,,,1,municipality,Municipality,Starše,,Starše,true,ISO_3166_2,https://www.iso.org/obp/ui/#search,ISO 3166-2 subdivisions via pycountry/isocodes,REFERENCE_DATA_IMPORTED,NEEDS_AR_TRANSLATION,2026-08-05,Administrative subdivision only; cities are imported in later city files.
UPSERT,reg_si_116,SI,SVN,Slovenia,سلوفينيا,Republic of Slovenia,Europe,أوروبا,Southern Europe,جنوب أوروبا,SI-116,,,1,municipality,Municipality,Sveti Jurij ob Ščavnici,,Sveti Jurij ob Ščavnici,true,ISO_3166_2,https://www.iso.org/obp/ui/#search,ISO 3166-2 subdivisions via pycountry/isocodes,REFERENCE_DATA_IMPORTED,NEEDS_AR_TRANSLATION,2026-08-05,Administrative subdivision only; cities are imported in later city files.
UPSERT,reg_si_117,SI,SVN,Slovenia,سلوفينيا,Republic of Slovenia,Europe,أوروبا,Southern Europe,جنوب أوروبا,SI-117,,,1,municipality,Municipality,Šenčur,,Šenčur,true,ISO_3166_2,https://www.iso.org/obp/ui/#search,ISO 3166-2 subdivisions via pycountry/isocodes,REFERENCE_DATA_IMPORTED,NEEDS_AR_TRANSLATION,2026-08-05,Administrative subdivision only; cities are imported in later city files.
UPSERT,reg_si_118,SI,SVN,Slovenia,سلوفينيا,Republic of Slovenia,Europe,أوروبا,Southern Europe,جنوب أوروبا,SI-118,,,1,municipality,Municipality,Šentilj,,Šentilj,true,ISO_3166_2,https://www.iso.org/obp/ui/#search,ISO 3166-2 subdivisions via pycountry/isocodes,REFERENCE_DATA_IMPORTED,NEEDS_AR_TRANSLATION,2026-08-05,Administrative subdivision only; cities are imported in later city files.
UPSERT,reg_si_119,SI,SVN,Slovenia,سلوفينيا,Republic of Slovenia,Europe,أوروبا,Southern Europe,جنوب أوروبا,SI-119,,,1,municipality,Municipality,Šentjernej,,Šentjernej,true,ISO_3166_2,https://www.iso.org/obp/ui/#search,ISO 3166-2 subdivisions via pycountry/isocodes,REFERENCE_DATA_IMPORTED,NEEDS_AR_TRANSLATION,2026-08-05,Administrative subdivision only; cities are imported in later city files.
UPSERT,reg_si_120,SI,SVN,Slovenia,سلوفينيا,Republic of Slovenia,Europe,أوروبا,Southern Europe,جنوب أوروبا,SI-120,,,1,municipality,Municipality,Šentjur,,Šentjur,true,ISO_3166_2,https://www.iso.org/obp/ui/#search,ISO 3166-2 subdivisions via pycountry/isocodes,REFERENCE_DATA_IMPORTED,NEEDS_AR_TRANSLATION,2026-08-05,Administrative subdivision only; cities are imported in later city files.
UPSERT,reg_si_121,SI,SVN,Slovenia,سلوفينيا,Republic of Slovenia,Europe,أوروبا,Southern Europe,جنوب أوروبا,SI-121,,,1,municipality,Municipality,Škocjan,,Škocjan,true,ISO_3166_2,https://www.iso.org/obp/ui/#search,ISO 3166-2 subdivisions via pycountry/isocodes,REFERENCE_DATA_IMPORTED,NEEDS_AR_TRANSLATION,2026-08-05,Administrative subdivision only; cities are imported in later city files.
UPSERT,reg_si_122,SI,SVN,Slovenia,سلوفينيا,Republic of Slovenia,Europe,أوروبا,Southern Europe,جنوب أوروبا,SI-122,,,1,municipality,Municipality,Škofja Loka,,Škofja Loka,true,ISO_3166_2,https://www.iso.org/obp/ui/#search,ISO 3166-2 subdivisions via pycountry/isocodes,REFERENCE_DATA_IMPORTED,NEEDS_AR_TRANSLATION,2026-08-05,Administrative subdivision only; cities are imported in later city files.
UPSERT,reg_si_123,SI,SVN,Slovenia,سلوفينيا,Republic of Slovenia,Europe,أوروبا,Southern Europe,جنوب أوروبا,SI-123,,,1,municipality,Municipality,Škofljica,,Škofljica,true,ISO_3166_2,https://www.iso.org/obp/ui/#search,ISO 3166-2 subdivisions via pycountry/isocodes,REFERENCE_DATA_IMPORTED,NEEDS_AR_TRANSLATION,2026-08-05,Administrative subdivision only; cities are imported in later city files.
UPSERT,reg_si_124,SI,SVN,Slovenia,سلوفينيا,Republic of Slovenia,Europe,أوروبا,Southern Europe,جنوب أوروبا,SI-124,,,1,municipality,Municipality,Šmarje pri Jelšah,,Šmarje pri Jelšah,true,ISO_3166_2,https://www.iso.org/obp/ui/#search,ISO 3166-2 subdivisions via pycountry/isocodes,REFERENCE_DATA_IMPORTED,NEEDS_AR_TRANSLATION,2026-08-05,Administrative subdivision only; cities are imported in later city files.
UPSERT,reg_si_125,SI,SVN,Slovenia,سلوفينيا,Republic of Slovenia,Europe,أوروبا,Southern Europe,جنوب أوروبا,SI-125,,,1,municipality,Municipality,Šmartno ob Paki,,Šmartno ob Paki,true,ISO_3166_2,https://www.iso.org/obp/ui/#search,ISO 3166-2 subdivisions via pycountry/isocodes,REFERENCE_DATA_IMPORTED,NEEDS_AR_TRANSLATION,2026-08-05,Administrative subdivision only; cities are imported in later city files.
UPSERT,reg_si_126,SI,SVN,Slovenia,سلوفينيا,Republic of Slovenia,Europe,أوروبا,Southern Europe,جنوب أوروبا,SI-126,,,1,municipality,Municipality,Šoštanj,,Šoštanj,true,ISO_3166_2,https://www.iso.org/obp/ui/#search,ISO 3166-2 subdivisions via pycountry/isocodes,REFERENCE_DATA_IMPORTED,NEEDS_AR_TRANSLATION,2026-08-05,Administrative subdivision only; cities are imported in later city files.
UPSERT,reg_si_127,SI,SVN,Slovenia,سلوفينيا,Republic of Slovenia,Europe,أوروبا,Southern Europe,جنوب أوروبا,SI-127,,,1,municipality,Municipality,Štore,,Štore,true,ISO_3166_2,https://www.iso.org/obp/ui/#search,ISO 3166-2 subdivisions via pycountry/isocodes,REFERENCE_DATA_IMPORTED,NEEDS_AR_TRANSLATION,2026-08-05,Administrative subdivision only; cities are imported in later city files.
UPSERT,reg_si_128,SI,SVN,Slovenia,سلوفينيا,Republic of Slovenia,Europe,أوروبا,Southern Europe,جنوب أوروبا,SI-128,,,1,municipality,Municipality,Tolmin,,Tolmin,true,ISO_3166_2,https://www.iso.org/obp/ui/#search,ISO 3166-2 subdivisions via pycountry/isocodes,REFERENCE_DATA_IMPORTED,NEEDS_AR_TRANSLATION,2026-08-05,Administrative subdivision only; cities are imported in later city files.
UPSERT,reg_si_129,SI,SVN,Slovenia,سلوفينيا,Republic of Slovenia,Europe,أوروبا,Southern Europe,جنوب أوروبا,SI-129,,,1,municipality,Municipality,Trbovlje,,Trbovlje,true,ISO_3166_2,https://www.iso.org/obp/ui/#search,ISO 3166-2 subdivisions via pycountry/isocodes,REFERENCE_DATA_IMPORTED,NEEDS_AR_TRANSLATION,2026-08-05,Administrative subdivision only; cities are imported in later city files.
UPSERT,reg_si_130,SI,SVN,Slovenia,سلوفينيا,Republic of Slovenia,Europe,أوروبا,Southern Europe,جنوب أوروبا,SI-130,,,1,municipality,Municipality,Trebnje,,Trebnje,true,ISO_3166_2,https://www.iso.org/obp/ui/#search,ISO 3166-2 subdivisions via pycountry/isocodes,REFERENCE_DATA_IMPORTED,NEEDS_AR_TRANSLATION,2026-08-05,Administrative subdivision only; cities are imported in later city files.
UPSERT,reg_si_131,SI,SVN,Slovenia,سلوفينيا,Republic of Slovenia,Europe,أوروبا,Southern Europe,جنوب أوروبا,SI-131,,,1,municipality,Municipality,Tržič,,Tržič,true,ISO_3166_2,https://www.iso.org/obp/ui/#search,ISO 3166-2 subdivisions via pycountry/isocodes,REFERENCE_DATA_IMPORTED,NEEDS_AR_TRANSLATION,2026-08-05,Administrative subdivision only; cities are imported in later city files.
UPSERT,reg_si_132,SI,SVN,Slovenia,سلوفينيا,Republic of Slovenia,Europe,أوروبا,Southern Europe,جنوب أوروبا,SI-132,,,1,municipality,Municipality,Turnišče,,Turnišče,true,ISO_3166_2,https://www.iso.org/obp/ui/#search,ISO 3166-2 subdivisions via pycountry/isocodes,REFERENCE_DATA_IMPORTED,NEEDS_AR_TRANSLATION,2026-08-05,Administrative subdivision only; cities are imported in later city files.
UPSERT,reg_si_133,SI,SVN,Slovenia,سلوفينيا,Republic of Slovenia,Europe,أوروبا,Southern Europe,جنوب أوروبا,SI-133,,,1,urban_municipality,Urban municipality,Velenje,,Velenje,true,ISO_3166_2,https://www.iso.org/obp/ui/#search,ISO 3166-2 subdivisions via pycountry/isocodes,REFERENCE_DATA_IMPORTED,NEEDS_AR_TRANSLATION,2026-08-05,Administrative subdivision only; cities are imported in later city files.
UPSERT,reg_si_134,SI,SVN,Slovenia,سلوفينيا,Republic of Slovenia,Europe,أوروبا,Southern Europe,جنوب أوروبا,SI-134,,,1,municipality,Municipality,Velike Lašče,,Velike Lašče,true,ISO_3166_2,https://www.iso.org/obp/ui/#search,ISO 3166-2 subdivisions via pycountry/isocodes,REFERENCE_DATA_IMPORTED,NEEDS_AR_TRANSLATION,2026-08-05,Administrative subdivision only; cities are imported in later city files.
UPSERT,reg_si_135,SI,SVN,Slovenia,سلوفينيا,Republic of Slovenia,Europe,أوروبا,Southern Europe,جنوب أوروبا,SI-135,,,1,municipality,Municipality,Videm,,Videm,true,ISO_3166_2,https://www.iso.org/obp/ui/#search,ISO 3166-2 subdivisions via pycountry/isocodes,REFERENCE_DATA_IMPORTED,NEEDS_AR_TRANSLATION,2026-08-05,Administrative subdivision only; cities are imported in later city files.
UPSERT,reg_si_136,SI,SVN,Slovenia,سلوفينيا,Republic of Slovenia,Europe,أوروبا,Southern Europe,جنوب أوروبا,SI-136,,,1,municipality,Municipality,Vipava,,Vipava,true,ISO_3166_2,https://www.iso.org/obp/ui/#search,ISO 3166-2 subdivisions via pycountry/isocodes,REFERENCE_DATA_IMPORTED,NEEDS_AR_TRANSLATION,2026-08-05,Administrative subdivision only; cities are imported in later city files.
UPSERT,reg_si_137,SI,SVN,Slovenia,سلوفينيا,Republic of Slovenia,Europe,أوروبا,Southern Europe,جنوب أوروبا,SI-137,,,1,municipality,Municipality,Vitanje,,Vitanje,true,ISO_3166_2,https://www.iso.org/obp/ui/#search,ISO 3166-2 subdivisions via pycountry/isocodes,REFERENCE_DATA_IMPORTED,NEEDS_AR_TRANSLATION,2026-08-05,Administrative subdivision only; cities are imported in later city files.
UPSERT,reg_si_138,SI,SVN,Slovenia,سلوفينيا,Republic of Slovenia,Europe,أوروبا,Southern Europe,جنوب أوروبا,SI-138,,,1,municipality,Municipality,Vodice,,Vodice,true,ISO_3166_2,https://www.iso.org/obp/ui/#search,ISO 3166-2 subdivisions via pycountry/isocodes,REFERENCE_DATA_IMPORTED,NEEDS_AR_TRANSLATION,2026-08-05,Administrative subdivision only; cities are imported in later city files.
UPSERT,reg_si_139,SI,SVN,Slovenia,سلوفينيا,Republic of Slovenia,Europe,أوروبا,Southern Europe,جنوب أوروبا,SI-139,,,1,municipality,Municipality,Vojnik,,Vojnik,true,ISO_3166_2,https://www.iso.org/obp/ui/#search,ISO 3166-2 subdivisions via pycountry/isocodes,REFERENCE_DATA_IMPORTED,NEEDS_AR_TRANSLATION,2026-08-05,Administrative subdivision only; cities are imported in later city files.
UPSERT,reg_si_140,SI,SVN,Slovenia,سلوفينيا,Republic of Slovenia,Europe,أوروبا,Southern Europe,جنوب أوروبا,SI-140,,,1,municipality,Municipality,Vrhnika,,Vrhnika,true,ISO_3166_2,https://www.iso.org/obp/ui/#search,ISO 3166-2 subdivisions via pycountry/isocodes,REFERENCE_DATA_IMPORTED,NEEDS_AR_TRANSLATION,2026-08-05,Administrative subdivision only; cities are imported in later city files.
UPSERT,reg_si_141,SI,SVN,Slovenia,سلوفينيا,Republic of Slovenia,Europe,أوروبا,Southern Europe,جنوب أوروبا,SI-141,,,1,municipality,Municipality,Vuzenica,,Vuzenica,true,ISO_3166_2,https://www.iso.org/obp/ui/#search,ISO 3166-2 subdivisions via pycountry/isocodes,REFERENCE_DATA_IMPORTED,NEEDS_AR_TRANSLATION,2026-08-05,Administrative subdivision only; cities are imported in later city files.
UPSERT,reg_si_142,SI,SVN,Slovenia,سلوفينيا,Republic of Slovenia,Europe,أوروبا,Southern Europe,جنوب أوروبا,SI-142,,,1,municipality,Municipality,Zagorje ob Savi,,Zagorje ob Savi,true,ISO_3166_2,https://www.iso.org/obp/ui/#search,ISO 3166-2 subdivisions via pycountry/isocodes,REFERENCE_DATA_IMPORTED,NEEDS_AR_TRANSLATION,2026-08-05,Administrative subdivision only; cities are imported in later city files.
UPSERT,reg_si_143,SI,SVN,Slovenia,سلوفينيا,Republic of Slovenia,Europe,أوروبا,Southern Europe,جنوب أوروبا,SI-143,,,1,municipality,Municipality,Zavrč,,Zavrč,true,ISO_3166_2,https://www.iso.org/obp/ui/#search,ISO 3166-2 subdivisions via pycountry/isocodes,REFERENCE_DATA_IMPORTED,NEEDS_AR_TRANSLATION,2026-08-05,Administrative subdivision only; cities are imported in later city files.
UPSERT,reg_si_144,SI,SVN,Slovenia,سلوفينيا,Republic of Slovenia,Europe,أوروبا,Southern Europe,جنوب أوروبا,SI-144,,,1,municipality,Municipality,Zreče,,Zreče,true,ISO_3166_2,https://www.iso.org/obp/ui/#search,ISO 3166-2 subdivisions via pycountry/isocodes,REFERENCE_DATA_IMPORTED,NEEDS_AR_TRANSLATION,2026-08-05,Administrative subdivision only; cities are imported in later city files.
UPSERT,reg_si_146,SI,SVN,Slovenia,سلوفينيا,Republic of Slovenia,Europe,أوروبا,Southern Europe,جنوب أوروبا,SI-146,,,1,municipality,Municipality,Železniki,,Železniki,true,ISO_3166_2,https://www.iso.org/obp/ui/#search,ISO 3166-2 subdivisions via pycountry/isocodes,REFERENCE_DATA_IMPORTED,NEEDS_AR_TRANSLATION,2026-08-05,Administrative subdivision only; cities are imported in later city files.
UPSERT,reg_si_147,SI,SVN,Slovenia,سلوفينيا,Republic of Slovenia,Europe,أوروبا,Southern Europe,جنوب أوروبا,SI-147,,,1,municipality,Municipality,Žiri,,Žiri,true,ISO_3166_2,https://www.iso.org/obp/ui/#search,ISO 3166-2 subdivisions via pycountry/isocodes,REFERENCE_DATA_IMPORTED,NEEDS_AR_TRANSLATION,2026-08-05,Administrative subdivision only; cities are imported in later city files.
UPSERT,reg_si_148,SI,SVN,Slovenia,سلوفينيا,Republic of Slovenia,Europe,أوروبا,Southern Europe,جنوب أوروبا,SI-148,,,1,municipality,Municipality,Benedikt,,Benedikt,true,ISO_3166_2,https://www.iso.org/obp/ui/#search,ISO 3166-2 subdivisions via pycountry/isocodes,REFERENCE_DATA_IMPORTED,NEEDS_AR_TRANSLATION,2026-08-05,Administrative subdivision only; cities are imported in later city files.
UPSERT,reg_si_149,SI,SVN,Slovenia,سلوفينيا,Republic of Slovenia,Europe,أوروبا,Southern Europe,جنوب أوروبا,SI-149,,,1,municipality,Municipality,Bistrica ob Sotli,,Bistrica ob Sotli,true,ISO_3166_2,https://www.iso.org/obp/ui/#search,ISO 3166-2 subdivisions via pycountry/isocodes,REFERENCE_DATA_IMPORTED,NEEDS_AR_TRANSLATION,2026-08-05,Administrative subdivision only; cities are imported in later city files.
UPSERT,reg_si_150,SI,SVN,Slovenia,سلوفينيا,Republic of Slovenia,Europe,أوروبا,Southern Europe,جنوب أوروبا,SI-150,,,1,municipality,Municipality,Bloke,,Bloke,true,ISO_3166_2,https://www.iso.org/obp/ui/#search,ISO 3166-2 subdivisions via pycountry/isocodes,REFERENCE_DATA_IMPORTED,NEEDS_AR_TRANSLATION,2026-08-05,Administrative subdivision only; cities are imported in later city files.
UPSERT,reg_si_151,SI,SVN,Slovenia,سلوفينيا,Republic of Slovenia,Europe,أوروبا,Southern Europe,جنوب أوروبا,SI-151,,,1,municipality,Municipality,Braslovče,,Braslovče,true,ISO_3166_2,https://www.iso.org/obp/ui/#search,ISO 3166-2 subdivisions via pycountry/isocodes,REFERENCE_DATA_IMPORTED,NEEDS_AR_TRANSLATION,2026-08-05,Administrative subdivision only; cities are imported in later city files.
UPSERT,reg_si_152,SI,SVN,Slovenia,سلوفينيا,Republic of Slovenia,Europe,أوروبا,Southern Europe,جنوب أوروبا,SI-152,,,1,municipality,Municipality,Cankova,,Cankova,true,ISO_3166_2,https://www.iso.org/obp/ui/#search,ISO 3166-2 subdivisions via pycountry/isocodes,REFERENCE_DATA_IMPORTED,NEEDS_AR_TRANSLATION,2026-08-05,Administrative subdivision only; cities are imported in later city files.
UPSERT,reg_si_153,SI,SVN,Slovenia,سلوفينيا,Republic of Slovenia,Europe,أوروبا,Southern Europe,جنوب أوروبا,SI-153,,,1,municipality,Municipality,Cerkvenjak,,Cerkvenjak,true,ISO_3166_2,https://www.iso.org/obp/ui/#search,ISO 3166-2 subdivisions via pycountry/isocodes,REFERENCE_DATA_IMPORTED,NEEDS_AR_TRANSLATION,2026-08-05,Administrative subdivision only; cities are imported in later city files.
UPSERT,reg_si_154,SI,SVN,Slovenia,سلوفينيا,Republic of Slovenia,Europe,أوروبا,Southern Europe,جنوب أوروبا,SI-154,,,1,municipality,Municipality,Dobje,,Dobje,true,ISO_3166_2,https://www.iso.org/obp/ui/#search,ISO 3166-2 subdivisions via pycountry/isocodes,REFERENCE_DATA_IMPORTED,NEEDS_AR_TRANSLATION,2026-08-05,Administrative subdivision only; cities are imported in later city files.
UPSERT,reg_si_155,SI,SVN,Slovenia,سلوفينيا,Republic of Slovenia,Europe,أوروبا,Southern Europe,جنوب أوروبا,SI-155,,,1,municipality,Municipality,Dobrna,,Dobrna,true,ISO_3166_2,https://www.iso.org/obp/ui/#search,ISO 3166-2 subdivisions via pycountry/isocodes,REFERENCE_DATA_IMPORTED,NEEDS_AR_TRANSLATION,2026-08-05,Administrative subdivision only; cities are imported in later city files.
UPSERT,reg_si_156,SI,SVN,Slovenia,سلوفينيا,Republic of Slovenia,Europe,أوروبا,Southern Europe,جنوب أوروبا,SI-156,,,1,municipality,Municipality,Dobrovnik,,Dobrovnik,true,ISO_3166_2,https://www.iso.org/obp/ui/#search,ISO 3166-2 subdivisions via pycountry/isocodes,REFERENCE_DATA_IMPORTED,NEEDS_AR_TRANSLATION,2026-08-05,Administrative subdivision only; cities are imported in later city files.
UPSERT,reg_si_157,SI,SVN,Slovenia,سلوفينيا,Republic of Slovenia,Europe,أوروبا,Southern Europe,جنوب أوروبا,SI-157,,,1,municipality,Municipality,Dolenjske Toplice,,Dolenjske Toplice,true,ISO_3166_2,https://www.iso.org/obp/ui/#search,ISO 3166-2 subdivisions via pycountry/isocodes,REFERENCE_DATA_IMPORTED,NEEDS_AR_TRANSLATION,2026-08-05,Administrative subdivision only; cities are imported in later city files.
UPSERT,reg_si_158,SI,SVN,Slovenia,سلوفينيا,Republic of Slovenia,Europe,أوروبا,Southern Europe,جنوب أوروبا,SI-158,,,1,municipality,Municipality,Grad,,Grad,true,ISO_3166_2,https://www.iso.org/obp/ui/#search,ISO 3166-2 subdivisions via pycountry/isocodes,REFERENCE_DATA_IMPORTED,NEEDS_AR_TRANSLATION,2026-08-05,Administrative subdivision only; cities are imported in later city files.
UPSERT,reg_si_159,SI,SVN,Slovenia,سلوفينيا,Republic of Slovenia,Europe,أوروبا,Southern Europe,جنوب أوروبا,SI-159,,,1,municipality,Municipality,Hajdina,,Hajdina,true,ISO_3166_2,https://www.iso.org/obp/ui/#search,ISO 3166-2 subdivisions via pycountry/isocodes,REFERENCE_DATA_IMPORTED,NEEDS_AR_TRANSLATION,2026-08-05,Administrative subdivision only; cities are imported in later city files.
UPSERT,reg_si_160,SI,SVN,Slovenia,سلوفينيا,Republic of Slovenia,Europe,أوروبا,Southern Europe,جنوب أوروبا,SI-160,,,1,municipality,Municipality,Hoče-Slivnica,,Hoče-Slivnica,true,ISO_3166_2,https://www.iso.org/obp/ui/#search,ISO 3166-2 subdivisions via pycountry/isocodes,REFERENCE_DATA_IMPORTED,NEEDS_AR_TRANSLATION,2026-08-05,Administrative subdivision only; cities are imported in later city files.
UPSERT,reg_si_161,SI,SVN,Slovenia,سلوفينيا,Republic of Slovenia,Europe,أوروبا,Southern Europe,جنوب أوروبا,SI-161,,,1,municipality,Municipality,Hodoš,,Hodoš,true,ISO_3166_2,https://www.iso.org/obp/ui/#search,ISO 3166-2 subdivisions via pycountry/isocodes,REFERENCE_DATA_IMPORTED,NEEDS_AR_TRANSLATION,2026-08-05,Administrative subdivision only; cities are imported in later city files.
UPSERT,reg_si_162,SI,SVN,Slovenia,سلوفينيا,Republic of Slovenia,Europe,أوروبا,Southern Europe,جنوب أوروبا,SI-162,,,1,municipality,Municipality,Horjul,,Horjul,true,ISO_3166_2,https://www.iso.org/obp/ui/#search,ISO 3166-2 subdivisions via pycountry/isocodes,REFERENCE_DATA_IMPORTED,NEEDS_AR_TRANSLATION,2026-08-05,Administrative subdivision only; cities are imported in later city files.
UPSERT,reg_si_163,SI,SVN,Slovenia,سلوفينيا,Republic of Slovenia,Europe,أوروبا,Southern Europe,جنوب أوروبا,SI-163,,,1,municipality,Municipality,Jezersko,,Jezersko,true,ISO_3166_2,https://www.iso.org/obp/ui/#search,ISO 3166-2 subdivisions via pycountry/isocodes,REFERENCE_DATA_IMPORTED,NEEDS_AR_TRANSLATION,2026-08-05,Administrative subdivision only; cities are imported in later city files.
UPSERT,reg_si_164,SI,SVN,Slovenia,سلوفينيا,Republic of Slovenia,Europe,أوروبا,Southern Europe,جنوب أوروبا,SI-164,,,1,municipality,Municipality,Komenda,,Komenda,true,ISO_3166_2,https://www.iso.org/obp/ui/#search,ISO 3166-2 subdivisions via pycountry/isocodes,REFERENCE_DATA_IMPORTED,NEEDS_AR_TRANSLATION,2026-08-05,Administrative subdivision only; cities are imported in later city files.
UPSERT,reg_si_165,SI,SVN,Slovenia,سلوفينيا,Republic of Slovenia,Europe,أوروبا,Southern Europe,جنوب أوروبا,SI-165,,,1,municipality,Municipality,Kostel,,Kostel,true,ISO_3166_2,https://www.iso.org/obp/ui/#search,ISO 3166-2 subdivisions via pycountry/isocodes,REFERENCE_DATA_IMPORTED,NEEDS_AR_TRANSLATION,2026-08-05,Administrative subdivision only; cities are imported in later city files.
UPSERT,reg_si_166,SI,SVN,Slovenia,سلوفينيا,Republic of Slovenia,Europe,أوروبا,Southern Europe,جنوب أوروبا,SI-166,,,1,municipality,Municipality,Križevci,,Križevci,true,ISO_3166_2,https://www.iso.org/obp/ui/#search,ISO 3166-2 subdivisions via pycountry/isocodes,REFERENCE_DATA_IMPORTED,NEEDS_AR_TRANSLATION,2026-08-05,Administrative subdivision only; cities are imported in later city files.
UPSERT,reg_si_167,SI,SVN,Slovenia,سلوفينيا,Republic of Slovenia,Europe,أوروبا,Southern Europe,جنوب أوروبا,SI-167,,,1,municipality,Municipality,Lovrenc na Pohorju,,Lovrenc na Pohorju,true,ISO_3166_2,https://www.iso.org/obp/ui/#search,ISO 3166-2 subdivisions via pycountry/isocodes,REFERENCE_DATA_IMPORTED,NEEDS_AR_TRANSLATION,2026-08-05,Administrative subdivision only; cities are imported in later city files.
UPSERT,reg_si_168,SI,SVN,Slovenia,سلوفينيا,Republic of Slovenia,Europe,أوروبا,Southern Europe,جنوب أوروبا,SI-168,,,1,municipality,Municipality,Markovci,,Markovci,true,ISO_3166_2,https://www.iso.org/obp/ui/#search,ISO 3166-2 subdivisions via pycountry/isocodes,REFERENCE_DATA_IMPORTED,NEEDS_AR_TRANSLATION,2026-08-05,Administrative subdivision only; cities are imported in later city files.
UPSERT,reg_si_169,SI,SVN,Slovenia,سلوفينيا,Republic of Slovenia,Europe,أوروبا,Southern Europe,جنوب أوروبا,SI-169,,,1,municipality,Municipality,Miklavž na Dravskem polju,,Miklavž na Dravskem polju,true,ISO_3166_2,https://www.iso.org/obp/ui/#search,ISO 3166-2 subdivisions via pycountry/isocodes,REFERENCE_DATA_IMPORTED,NEEDS_AR_TRANSLATION,2026-08-05,Administrative subdivision only; cities are imported in later city files.
UPSERT,reg_si_170,SI,SVN,Slovenia,سلوفينيا,Republic of Slovenia,Europe,أوروبا,Southern Europe,جنوب أوروبا,SI-170,,,1,municipality,Municipality,Mirna Peč,,Mirna Peč,true,ISO_3166_2,https://www.iso.org/obp/ui/#search,ISO 3166-2 subdivisions via pycountry/isocodes,REFERENCE_DATA_IMPORTED,NEEDS_AR_TRANSLATION,2026-08-05,Administrative subdivision only; cities are imported in later city files.
UPSERT,reg_si_171,SI,SVN,Slovenia,سلوفينيا,Republic of Slovenia,Europe,أوروبا,Southern Europe,جنوب أوروبا,SI-171,,,1,municipality,Municipality,Oplotnica,,Oplotnica,true,ISO_3166_2,https://www.iso.org/obp/ui/#search,ISO 3166-2 subdivisions via pycountry/isocodes,REFERENCE_DATA_IMPORTED,NEEDS_AR_TRANSLATION,2026-08-05,Administrative subdivision only; cities are imported in later city files.
UPSERT,reg_si_172,SI,SVN,Slovenia,سلوفينيا,Republic of Slovenia,Europe,أوروبا,Southern Europe,جنوب أوروبا,SI-172,,,1,municipality,Municipality,Podlehnik,,Podlehnik,true,ISO_3166_2,https://www.iso.org/obp/ui/#search,ISO 3166-2 subdivisions via pycountry/isocodes,REFERENCE_DATA_IMPORTED,NEEDS_AR_TRANSLATION,2026-08-05,Administrative subdivision only; cities are imported in later city files.
UPSERT,reg_si_173,SI,SVN,Slovenia,سلوفينيا,Republic of Slovenia,Europe,أوروبا,Southern Europe,جنوب أوروبا,SI-173,,,1,municipality,Municipality,Polzela,,Polzela,true,ISO_3166_2,https://www.iso.org/obp/ui/#search,ISO 3166-2 subdivisions via pycountry/isocodes,REFERENCE_DATA_IMPORTED,NEEDS_AR_TRANSLATION,2026-08-05,Administrative subdivision only; cities are imported in later city files.
UPSERT,reg_si_174,SI,SVN,Slovenia,سلوفينيا,Republic of Slovenia,Europe,أوروبا,Southern Europe,جنوب أوروبا,SI-174,,,1,municipality,Municipality,Prebold,,Prebold,true,ISO_3166_2,https://www.iso.org/obp/ui/#search,ISO 3166-2 subdivisions via pycountry/isocodes,REFERENCE_DATA_IMPORTED,NEEDS_AR_TRANSLATION,2026-08-05,Administrative subdivision only; cities are imported in later city files.
UPSERT,reg_si_175,SI,SVN,Slovenia,سلوفينيا,Republic of Slovenia,Europe,أوروبا,Southern Europe,جنوب أوروبا,SI-175,,,1,municipality,Municipality,Prevalje,,Prevalje,true,ISO_3166_2,https://www.iso.org/obp/ui/#search,ISO 3166-2 subdivisions via pycountry/isocodes,REFERENCE_DATA_IMPORTED,NEEDS_AR_TRANSLATION,2026-08-05,Administrative subdivision only; cities are imported in later city files.
UPSERT,reg_si_176,SI,SVN,Slovenia,سلوفينيا,Republic of Slovenia,Europe,أوروبا,Southern Europe,جنوب أوروبا,SI-176,,,1,municipality,Municipality,Razkrižje,,Razkrižje,true,ISO_3166_2,https://www.iso.org/obp/ui/#search,ISO 3166-2 subdivisions via pycountry/isocodes,REFERENCE_DATA_IMPORTED,NEEDS_AR_TRANSLATION,2026-08-05,Administrative subdivision only; cities are imported in later city files.
UPSERT,reg_si_177,SI,SVN,Slovenia,سلوفينيا,Republic of Slovenia,Europe,أوروبا,Southern Europe,جنوب أوروبا,SI-177,,,1,municipality,Municipality,Ribnica na Pohorju,,Ribnica na Pohorju,true,ISO_3166_2,https://www.iso.org/obp/ui/#search,ISO 3166-2 subdivisions via pycountry/isocodes,REFERENCE_DATA_IMPORTED,NEEDS_AR_TRANSLATION,2026-08-05,Administrative subdivision only; cities are imported in later city files.
UPSERT,reg_si_178,SI,SVN,Slovenia,سلوفينيا,Republic of Slovenia,Europe,أوروبا,Southern Europe,جنوب أوروبا,SI-178,,,1,municipality,Municipality,Selnica ob Dravi,,Selnica ob Dravi,true,ISO_3166_2,https://www.iso.org/obp/ui/#search,ISO 3166-2 subdivisions via pycountry/isocodes,REFERENCE_DATA_IMPORTED,NEEDS_AR_TRANSLATION,2026-08-05,Administrative subdivision only; cities are imported in later city files.
UPSERT,reg_si_179,SI,SVN,Slovenia,سلوفينيا,Republic of Slovenia,Europe,أوروبا,Southern Europe,جنوب أوروبا,SI-179,,,1,municipality,Municipality,Sodražica,,Sodražica,true,ISO_3166_2,https://www.iso.org/obp/ui/#search,ISO 3166-2 subdivisions via pycountry/isocodes,REFERENCE_DATA_IMPORTED,NEEDS_AR_TRANSLATION,2026-08-05,Administrative subdivision only; cities are imported in later city files.
UPSERT,reg_si_180,SI,SVN,Slovenia,سلوفينيا,Republic of Slovenia,Europe,أوروبا,Southern Europe,جنوب أوروبا,SI-180,,,1,municipality,Municipality,Solčava,,Solčava,true,ISO_3166_2,https://www.iso.org/obp/ui/#search,ISO 3166-2 subdivisions via pycountry/isocodes,REFERENCE_DATA_IMPORTED,NEEDS_AR_TRANSLATION,2026-08-05,Administrative subdivision only; cities are imported in later city files.
UPSERT,reg_si_181,SI,SVN,Slovenia,سلوفينيا,Republic of Slovenia,Europe,أوروبا,Southern Europe,جنوب أوروبا,SI-181,,,1,municipality,Municipality,Sveta Ana,,Sveta Ana,true,ISO_3166_2,https://www.iso.org/obp/ui/#search,ISO 3166-2 subdivisions via pycountry/isocodes,REFERENCE_DATA_IMPORTED,NEEDS_AR_TRANSLATION,2026-08-05,Administrative subdivision only; cities are imported in later city files.
UPSERT,reg_si_182,SI,SVN,Slovenia,سلوفينيا,Republic of Slovenia,Europe,أوروبا,Southern Europe,جنوب أوروبا,SI-182,,,1,municipality,Municipality,Sveti Andraž v Slovenskih goricah,,Sveti Andraž v Slovenskih goricah,true,ISO_3166_2,https://www.iso.org/obp/ui/#search,ISO 3166-2 subdivisions via pycountry/isocodes,REFERENCE_DATA_IMPORTED,NEEDS_AR_TRANSLATION,2026-08-05,Administrative subdivision only; cities are imported in later city files.
UPSERT,reg_si_183,SI,SVN,Slovenia,سلوفينيا,Republic of Slovenia,Europe,أوروبا,Southern Europe,جنوب أوروبا,SI-183,,,1,municipality,Municipality,Šempeter-Vrtojba,,Šempeter-Vrtojba,true,ISO_3166_2,https://www.iso.org/obp/ui/#search,ISO 3166-2 subdivisions via pycountry/isocodes,REFERENCE_DATA_IMPORTED,NEEDS_AR_TRANSLATION,2026-08-05,Administrative subdivision only; cities are imported in later city files.
UPSERT,reg_si_184,SI,SVN,Slovenia,سلوفينيا,Republic of Slovenia,Europe,أوروبا,Southern Europe,جنوب أوروبا,SI-184,,,1,municipality,Municipality,Tabor,,Tabor,true,ISO_3166_2,https://www.iso.org/obp/ui/#search,ISO 3166-2 subdivisions via pycountry/isocodes,REFERENCE_DATA_IMPORTED,NEEDS_AR_TRANSLATION,2026-08-05,Administrative subdivision only; cities are imported in later city files.
UPSERT,reg_si_185,SI,SVN,Slovenia,سلوفينيا,Republic of Slovenia,Europe,أوروبا,Southern Europe,جنوب أوروبا,SI-185,,,1,municipality,Municipality,Trnovska Vas,,Trnovska Vas,true,ISO_3166_2,https://www.iso.org/obp/ui/#search,ISO 3166-2 subdivisions via pycountry/isocodes,REFERENCE_DATA_IMPORTED,NEEDS_AR_TRANSLATION,2026-08-05,Administrative subdivision only; cities are imported in later city files.
UPSERT,reg_si_186,SI,SVN,Slovenia,سلوفينيا,Republic of Slovenia,Europe,أوروبا,Southern Europe,جنوب أوروبا,SI-186,,,1,municipality,Municipality,Trzin,,Trzin,true,ISO_3166_2,https://www.iso.org/obp/ui/#search,ISO 3166-2 subdivisions via pycountry/isocodes,REFERENCE_DATA_IMPORTED,NEEDS_AR_TRANSLATION,2026-08-05,Administrative subdivision only; cities are imported in later city files.
UPSERT,reg_si_187,SI,SVN,Slovenia,سلوفينيا,Republic of Slovenia,Europe,أوروبا,Southern Europe,جنوب أوروبا,SI-187,,,1,municipality,Municipality,Velika Polana,,Velika Polana,true,ISO_3166_2,https://www.iso.org/obp/ui/#search,ISO 3166-2 subdivisions via pycountry/isocodes,REFERENCE_DATA_IMPORTED,NEEDS_AR_TRANSLATION,2026-08-05,Administrative subdivision only; cities are imported in later city files.
UPSERT,reg_si_188,SI,SVN,Slovenia,سلوفينيا,Republic of Slovenia,Europe,أوروبا,Southern Europe,جنوب أوروبا,SI-188,,,1,municipality,Municipality,Veržej,,Veržej,true,ISO_3166_2,https://www.iso.org/obp/ui/#search,ISO 3166-2 subdivisions via pycountry/isocodes,REFERENCE_DATA_IMPORTED,NEEDS_AR_TRANSLATION,2026-08-05,Administrative subdivision only; cities are imported in later city files.
UPSERT,reg_si_189,SI,SVN,Slovenia,سلوفينيا,Republic of Slovenia,Europe,أوروبا,Southern Europe,جنوب أوروبا,SI-189,,,1,municipality,Municipality,Vransko,,Vransko,true,ISO_3166_2,https://www.iso.org/obp/ui/#search,ISO 3166-2 subdivisions via pycountry/isocodes,REFERENCE_DATA_IMPORTED,NEEDS_AR_TRANSLATION,2026-08-05,Administrative subdivision only; cities are imported in later city files.
UPSERT,reg_si_190,SI,SVN,Slovenia,سلوفينيا,Republic of Slovenia,Europe,أوروبا,Southern Europe,جنوب أوروبا,SI-190,,,1,municipality,Municipality,Žalec,,Žalec,true,ISO_3166_2,https://www.iso.org/obp/ui/#search,ISO 3166-2 subdivisions via pycountry/isocodes,REFERENCE_DATA_IMPORTED,NEEDS_AR_TRANSLATION,2026-08-05,Administrative subdivision only; cities are imported in later city files.
UPSERT,reg_si_191,SI,SVN,Slovenia,سلوفينيا,Republic of Slovenia,Europe,أوروبا,Southern Europe,جنوب أوروبا,SI-191,,,1,municipality,Municipality,Žetale,,Žetale,true,ISO_3166_2,https://www.iso.org/obp/ui/#search,ISO 3166-2 subdivisions via pycountry/isocodes,REFERENCE_DATA_IMPORTED,NEEDS_AR_TRANSLATION,2026-08-05,Administrative subdivision only; cities are imported in later city files.
UPSERT,reg_si_192,SI,SVN,Slovenia,سلوفينيا,Republic of Slovenia,Europe,أوروبا,Southern Europe,جنوب أوروبا,SI-192,,,1,municipality,Municipality,Žirovnica,,Žirovnica,true,ISO_3166_2,https://www.iso.org/obp/ui/#search,ISO 3166-2 subdivisions via pycountry/isocodes,REFERENCE_DATA_IMPORTED,NEEDS_AR_TRANSLATION,2026-08-05,Administrative subdivision only; cities are imported in later city files.
UPSERT,reg_si_193,SI,SVN,Slovenia,سلوفينيا,Republic of Slovenia,Europe,أوروبا,Southern Europe,جنوب أوروبا,SI-193,,,1,municipality,Municipality,Žužemberk,,Žužemberk,true,ISO_3166_2,https://www.iso.org/obp/ui/#search,ISO 3166-2 subdivisions via pycountry/isocodes,REFERENCE_DATA_IMPORTED,NEEDS_AR_TRANSLATION,2026-08-05,Administrative subdivision only; cities are imported in later city files.
UPSERT,reg_si_194,SI,SVN,Slovenia,سلوفينيا,Republic of Slovenia,Europe,أوروبا,Southern Europe,جنوب أوروبا,SI-194,,,1,municipality,Municipality,Šmartno pri Litiji,,Šmartno pri Litiji,true,ISO_3166_2,https://www.iso.org/obp/ui/#search,ISO 3166-2 subdivisions via pycountry/isocodes,REFERENCE_DATA_IMPORTED,NEEDS_AR_TRANSLATION,2026-08-05,Administrative subdivision only; cities are imported in later city files.
UPSERT,reg_si_195,SI,SVN,Slovenia,سلوفينيا,Republic of Slovenia,Europe,أوروبا,Southern Europe,جنوب أوروبا,SI-195,,,1,municipality,Municipality,Apače,,Apače,true,ISO_3166_2,https://www.iso.org/obp/ui/#search,ISO 3166-2 subdivisions via pycountry/isocodes,REFERENCE_DATA_IMPORTED,NEEDS_AR_TRANSLATION,2026-08-05,Administrative subdivision only; cities are imported in later city files.
UPSERT,reg_si_196,SI,SVN,Slovenia,سلوفينيا,Republic of Slovenia,Europe,أوروبا,Southern Europe,جنوب أوروبا,SI-196,,,1,municipality,Municipality,Cirkulane,,Cirkulane,true,ISO_3166_2,https://www.iso.org/obp/ui/#search,ISO 3166-2 subdivisions via pycountry/isocodes,REFERENCE_DATA_IMPORTED,NEEDS_AR_TRANSLATION,2026-08-05,Administrative subdivision only; cities are imported in later city files.
UPSERT,reg_si_197,SI,SVN,Slovenia,سلوفينيا,Republic of Slovenia,Europe,أوروبا,Southern Europe,جنوب أوروبا,SI-197,,,1,municipality,Municipality,Kostanjevica na Krki,,Kostanjevica na Krki,true,ISO_3166_2,https://www.iso.org/obp/ui/#search,ISO 3166-2 subdivisions via pycountry/isocodes,REFERENCE_DATA_IMPORTED,NEEDS_AR_TRANSLATION,2026-08-05,Administrative subdivision only; cities are imported in later city files.
UPSERT,reg_si_198,SI,SVN,Slovenia,سلوفينيا,Republic of Slovenia,Europe,أوروبا,Southern Europe,جنوب أوروبا,SI-198,,,1,municipality,Municipality,Makole,,Makole,true,ISO_3166_2,https://www.iso.org/obp/ui/#search,ISO 3166-2 subdivisions via pycountry/isocodes,REFERENCE_DATA_IMPORTED,NEEDS_AR_TRANSLATION,2026-08-05,Administrative subdivision only; cities are imported in later city files.
UPSERT,reg_si_199,SI,SVN,Slovenia,سلوفينيا,Republic of Slovenia,Europe,أوروبا,Southern Europe,جنوب أوروبا,SI-199,,,1,municipality,Municipality,Mokronog-Trebelno,,Mokronog-Trebelno,true,ISO_3166_2,https://www.iso.org/obp/ui/#search,ISO 3166-2 subdivisions via pycountry/isocodes,REFERENCE_DATA_IMPORTED,NEEDS_AR_TRANSLATION,2026-08-05,Administrative subdivision only; cities are imported in later city files.
UPSERT,reg_si_200,SI,SVN,Slovenia,سلوفينيا,Republic of Slovenia,Europe,أوروبا,Southern Europe,جنوب أوروبا,SI-200,,,1,municipality,Municipality,Poljčane,,Poljčane,true,ISO_3166_2,https://www.iso.org/obp/ui/#search,ISO 3166-2 subdivisions via pycountry/isocodes,REFERENCE_DATA_IMPORTED,NEEDS_AR_TRANSLATION,2026-08-05,Administrative subdivision only; cities are imported in later city files.
UPSERT,reg_si_201,SI,SVN,Slovenia,سلوفينيا,Republic of Slovenia,Europe,أوروبا,Southern Europe,جنوب أوروبا,SI-201,,,1,municipality,Municipality,Renče-Vogrsko,,Renče-Vogrsko,true,ISO_3166_2,https://www.iso.org/obp/ui/#search,ISO 3166-2 subdivisions via pycountry/isocodes,REFERENCE_DATA_IMPORTED,NEEDS_AR_TRANSLATION,2026-08-05,Administrative subdivision only; cities are imported in later city files.
UPSERT,reg_si_202,SI,SVN,Slovenia,سلوفينيا,Republic of Slovenia,Europe,أوروبا,Southern Europe,جنوب أوروبا,SI-202,,,1,municipality,Municipality,Središče ob Dravi,,Središče ob Dravi,true,ISO_3166_2,https://www.iso.org/obp/ui/#search,ISO 3166-2 subdivisions via pycountry/isocodes,REFERENCE_DATA_IMPORTED,NEEDS_AR_TRANSLATION,2026-08-05,Administrative subdivision only; cities are imported in later city files.
UPSERT,reg_si_203,SI,SVN,Slovenia,سلوفينيا,Republic of Slovenia,Europe,أوروبا,Southern Europe,جنوب أوروبا,SI-203,,,1,municipality,Municipality,Straža,,Straža,true,ISO_3166_2,https://www.iso.org/obp/ui/#search,ISO 3166-2 subdivisions via pycountry/isocodes,REFERENCE_DATA_IMPORTED,NEEDS_AR_TRANSLATION,2026-08-05,Administrative subdivision only; cities are imported in later city files.
UPSERT,reg_si_204,SI,SVN,Slovenia,سلوفينيا,Republic of Slovenia,Europe,أوروبا,Southern Europe,جنوب أوروبا,SI-204,,,1,municipality,Municipality,Sveta Trojica v Slovenskih goricah,,Sveta Trojica v Slovenskih goricah,true,ISO_3166_2,https://www.iso.org/obp/ui/#search,ISO 3166-2 subdivisions via pycountry/isocodes,REFERENCE_DATA_IMPORTED,NEEDS_AR_TRANSLATION,2026-08-05,Administrative subdivision only; cities are imported in later city files.
UPSERT,reg_si_205,SI,SVN,Slovenia,سلوفينيا,Republic of Slovenia,Europe,أوروبا,Southern Europe,جنوب أوروبا,SI-205,,,1,municipality,Municipality,Sveti Tomaž,,Sveti Tomaž,true,ISO_3166_2,https://www.iso.org/obp/ui/#search,ISO 3166-2 subdivisions via pycountry/isocodes,REFERENCE_DATA_IMPORTED,NEEDS_AR_TRANSLATION,2026-08-05,Administrative subdivision only; cities are imported in later city files.
UPSERT,reg_si_206,SI,SVN,Slovenia,سلوفينيا,Republic of Slovenia,Europe,أوروبا,Southern Europe,جنوب أوروبا,SI-206,,,1,municipality,Municipality,Šmarješke Toplice,,Šmarješke Toplice,true,ISO_3166_2,https://www.iso.org/obp/ui/#search,ISO 3166-2 subdivisions via pycountry/isocodes,REFERENCE_DATA_IMPORTED,NEEDS_AR_TRANSLATION,2026-08-05,Administrative subdivision only; cities are imported in later city files.
UPSERT,reg_si_207,SI,SVN,Slovenia,سلوفينيا,Republic of Slovenia,Europe,أوروبا,Southern Europe,جنوب أوروبا,SI-207,,,1,municipality,Municipality,Gorje,,Gorje,true,ISO_3166_2,https://www.iso.org/obp/ui/#search,ISO 3166-2 subdivisions via pycountry/isocodes,REFERENCE_DATA_IMPORTED,NEEDS_AR_TRANSLATION,2026-08-05,Administrative subdivision only; cities are imported in later city files.
UPSERT,reg_si_208,SI,SVN,Slovenia,سلوفينيا,Republic of Slovenia,Europe,أوروبا,Southern Europe,جنوب أوروبا,SI-208,,,1,municipality,Municipality,Log-Dragomer,,Log-Dragomer,true,ISO_3166_2,https://www.iso.org/obp/ui/#search,ISO 3166-2 subdivisions via pycountry/isocodes,REFERENCE_DATA_IMPORTED,NEEDS_AR_TRANSLATION,2026-08-05,Administrative subdivision only; cities are imported in later city files.
UPSERT,reg_si_209,SI,SVN,Slovenia,سلوفينيا,Republic of Slovenia,Europe,أوروبا,Southern Europe,جنوب أوروبا,SI-209,,,1,municipality,Municipality,Rečica ob Savinji,,Rečica ob Savinji,true,ISO_3166_2,https://www.iso.org/obp/ui/#search,ISO 3166-2 subdivisions via pycountry/isocodes,REFERENCE_DATA_IMPORTED,NEEDS_AR_TRANSLATION,2026-08-05,Administrative subdivision only; cities are imported in later city files.
UPSERT,reg_si_210,SI,SVN,Slovenia,سلوفينيا,Republic of Slovenia,Europe,أوروبا,Southern Europe,جنوب أوروبا,SI-210,,,1,municipality,Municipality,Sveti Jurij v Slovenskih goricah,,Sveti Jurij v Slovenskih goricah,true,ISO_3166_2,https://www.iso.org/obp/ui/#search,ISO 3166-2 subdivisions via pycountry/isocodes,REFERENCE_DATA_IMPORTED,NEEDS_AR_TRANSLATION,2026-08-05,Administrative subdivision only; cities are imported in later city files.
UPSERT,reg_si_211,SI,SVN,Slovenia,سلوفينيا,Republic of Slovenia,Europe,أوروبا,Southern Europe,جنوب أوروبا,SI-211,,,1,municipality,Municipality,Šentrupert,,Šentrupert,true,ISO_3166_2,https://www.iso.org/obp/ui/#search,ISO 3166-2 subdivisions via pycountry/isocodes,REFERENCE_DATA_IMPORTED,NEEDS_AR_TRANSLATION,2026-08-05,Administrative subdivision only; cities are imported in later city files.
UPSERT,reg_si_212,SI,SVN,Slovenia,سلوفينيا,Republic of Slovenia,Europe,أوروبا,Southern Europe,جنوب أوروبا,SI-212,,,1,municipality,Municipality,Mirna,,Mirna,true,ISO_3166_2,https://www.iso.org/obp/ui/#search,ISO 3166-2 subdivisions via pycountry/isocodes,REFERENCE_DATA_IMPORTED,NEEDS_AR_TRANSLATION,2026-08-05,Administrative subdivision only; cities are imported in later city files.
UPSERT,reg_si_213,SI,SVN,Slovenia,سلوفينيا,Republic of Slovenia,Europe,أوروبا,Southern Europe,جنوب أوروبا,SI-213,,,1,municipality,Municipality,Ankaran,,Ankaran,true,ISO_3166_2,https://www.iso.org/obp/ui/#search,ISO 3166-2 subdivisions via pycountry/isocodes,REFERENCE_DATA_IMPORTED,NEEDS_AR_TRANSLATION,2026-08-05,Administrative subdivision only; cities are imported in later city files.
UPSERT,reg_sk_bc,SK,SVK,Slovakia,سلوفاكيا,Slovak Republic,Europe,أوروبا,Eastern Europe,شرق أوروبا,SK-BC,,,1,region,Region,Banskobystrický kraj,,Banskobystrický kraj,true,ISO_3166_2,https://www.iso.org/obp/ui/#search,ISO 3166-2 subdivisions via pycountry/isocodes,REFERENCE_DATA_IMPORTED,NEEDS_AR_TRANSLATION,2026-08-05,Administrative subdivision only; cities are imported in later city files.
UPSERT,reg_sk_bl,SK,SVK,Slovakia,سلوفاكيا,Slovak Republic,Europe,أوروبا,Eastern Europe,شرق أوروبا,SK-BL,,,1,region,Region,Bratislavský kraj,,Bratislavský kraj,true,ISO_3166_2,https://www.iso.org/obp/ui/#search,ISO 3166-2 subdivisions via pycountry/isocodes,REFERENCE_DATA_IMPORTED,NEEDS_AR_TRANSLATION,2026-08-05,Administrative subdivision only; cities are imported in later city files.
UPSERT,reg_sk_ki,SK,SVK,Slovakia,سلوفاكيا,Slovak Republic,Europe,أوروبا,Eastern Europe,شرق أوروبا,SK-KI,,,1,region,Region,Košický kraj,,Košický kraj,true,ISO_3166_2,https://www.iso.org/obp/ui/#search,ISO 3166-2 subdivisions via pycountry/isocodes,REFERENCE_DATA_IMPORTED,NEEDS_AR_TRANSLATION,2026-08-05,Administrative subdivision only; cities are imported in later city files.
UPSERT,reg_sk_ni,SK,SVK,Slovakia,سلوفاكيا,Slovak Republic,Europe,أوروبا,Eastern Europe,شرق أوروبا,SK-NI,,,1,region,Region,Nitriansky kraj,,Nitriansky kraj,true,ISO_3166_2,https://www.iso.org/obp/ui/#search,ISO 3166-2 subdivisions via pycountry/isocodes,REFERENCE_DATA_IMPORTED,NEEDS_AR_TRANSLATION,2026-08-05,Administrative subdivision only; cities are imported in later city files.
UPSERT,reg_sk_pv,SK,SVK,Slovakia,سلوفاكيا,Slovak Republic,Europe,أوروبا,Eastern Europe,شرق أوروبا,SK-PV,,,1,region,Region,Prešovský kraj,,Prešovský kraj,true,ISO_3166_2,https://www.iso.org/obp/ui/#search,ISO 3166-2 subdivisions via pycountry/isocodes,REFERENCE_DATA_IMPORTED,NEEDS_AR_TRANSLATION,2026-08-05,Administrative subdivision only; cities are imported in later city files.
UPSERT,reg_sk_ta,SK,SVK,Slovakia,سلوفاكيا,Slovak Republic,Europe,أوروبا,Eastern Europe,شرق أوروبا,SK-TA,,,1,region,Region,Trnavský kraj,,Trnavský kraj,true,ISO_3166_2,https://www.iso.org/obp/ui/#search,ISO 3166-2 subdivisions via pycountry/isocodes,REFERENCE_DATA_IMPORTED,NEEDS_AR_TRANSLATION,2026-08-05,Administrative subdivision only; cities are imported in later city files.
UPSERT,reg_sk_tc,SK,SVK,Slovakia,سلوفاكيا,Slovak Republic,Europe,أوروبا,Eastern Europe,شرق أوروبا,SK-TC,,,1,region,Region,Trenčiansky kraj,,Trenčiansky kraj,true,ISO_3166_2,https://www.iso.org/obp/ui/#search,ISO 3166-2 subdivisions via pycountry/isocodes,REFERENCE_DATA_IMPORTED,NEEDS_AR_TRANSLATION,2026-08-05,Administrative subdivision only; cities are imported in later city files.
UPSERT,reg_sk_zi,SK,SVK,Slovakia,سلوفاكيا,Slovak Republic,Europe,أوروبا,Eastern Europe,شرق أوروبا,SK-ZI,,,1,region,Region,Žilinský kraj,,Žilinský kraj,true,ISO_3166_2,https://www.iso.org/obp/ui/#search,ISO 3166-2 subdivisions via pycountry/isocodes,REFERENCE_DATA_IMPORTED,NEEDS_AR_TRANSLATION,2026-08-05,Administrative subdivision only; cities are imported in later city files.
UPSERT,reg_sm_01,SM,SMR,San Marino,سان مارينو,Republic of San Marino,Europe,أوروبا,Southern Europe,جنوب أوروبا,SM-01,,,1,municipality,Municipality,Acquaviva,,Acquaviva,true,ISO_3166_2,https://www.iso.org/obp/ui/#search,ISO 3166-2 subdivisions via pycountry/isocodes,REFERENCE_DATA_IMPORTED,NEEDS_AR_TRANSLATION,2026-08-05,Administrative subdivision only; cities are imported in later city files.
UPSERT,reg_sm_02,SM,SMR,San Marino,سان مارينو,Republic of San Marino,Europe,أوروبا,Southern Europe,جنوب أوروبا,SM-02,,,1,municipality,Municipality,Chiesanuova,,Chiesanuova,true,ISO_3166_2,https://www.iso.org/obp/ui/#search,ISO 3166-2 subdivisions via pycountry/isocodes,REFERENCE_DATA_IMPORTED,NEEDS_AR_TRANSLATION,2026-08-05,Administrative subdivision only; cities are imported in later city files.
UPSERT,reg_sm_03,SM,SMR,San Marino,سان مارينو,Republic of San Marino,Europe,أوروبا,Southern Europe,جنوب أوروبا,SM-03,,,1,municipality,Municipality,Domagnano,,Domagnano,true,ISO_3166_2,https://www.iso.org/obp/ui/#search,ISO 3166-2 subdivisions via pycountry/isocodes,REFERENCE_DATA_IMPORTED,NEEDS_AR_TRANSLATION,2026-08-05,Administrative subdivision only; cities are imported in later city files.
UPSERT,reg_sm_04,SM,SMR,San Marino,سان مارينو,Republic of San Marino,Europe,أوروبا,Southern Europe,جنوب أوروبا,SM-04,,,1,municipality,Municipality,Faetano,,Faetano,true,ISO_3166_2,https://www.iso.org/obp/ui/#search,ISO 3166-2 subdivisions via pycountry/isocodes,REFERENCE_DATA_IMPORTED,NEEDS_AR_TRANSLATION,2026-08-05,Administrative subdivision only; cities are imported in later city files.
UPSERT,reg_sm_05,SM,SMR,San Marino,سان مارينو,Republic of San Marino,Europe,أوروبا,Southern Europe,جنوب أوروبا,SM-05,,,1,municipality,Municipality,Fiorentino,,Fiorentino,true,ISO_3166_2,https://www.iso.org/obp/ui/#search,ISO 3166-2 subdivisions via pycountry/isocodes,REFERENCE_DATA_IMPORTED,NEEDS_AR_TRANSLATION,2026-08-05,Administrative subdivision only; cities are imported in later city files.
UPSERT,reg_sm_06,SM,SMR,San Marino,سان مارينو,Republic of San Marino,Europe,أوروبا,Southern Europe,جنوب أوروبا,SM-06,,,1,municipality,Municipality,Borgo Maggiore,,Borgo Maggiore,true,ISO_3166_2,https://www.iso.org/obp/ui/#search,ISO 3166-2 subdivisions via pycountry/isocodes,REFERENCE_DATA_IMPORTED,NEEDS_AR_TRANSLATION,2026-08-05,Administrative subdivision only; cities are imported in later city files.
UPSERT,reg_sm_07,SM,SMR,San Marino,سان مارينو,Republic of San Marino,Europe,أوروبا,Southern Europe,جنوب أوروبا,SM-07,,,1,municipality,Municipality,Città di San Marino,,Città di San Marino,true,ISO_3166_2,https://www.iso.org/obp/ui/#search,ISO 3166-2 subdivisions via pycountry/isocodes,REFERENCE_DATA_IMPORTED,NEEDS_AR_TRANSLATION,2026-08-05,Administrative subdivision only; cities are imported in later city files.
UPSERT,reg_sm_08,SM,SMR,San Marino,سان مارينو,Republic of San Marino,Europe,أوروبا,Southern Europe,جنوب أوروبا,SM-08,,,1,municipality,Municipality,Montegiardino,,Montegiardino,true,ISO_3166_2,https://www.iso.org/obp/ui/#search,ISO 3166-2 subdivisions via pycountry/isocodes,REFERENCE_DATA_IMPORTED,NEEDS_AR_TRANSLATION,2026-08-05,Administrative subdivision only; cities are imported in later city files.
UPSERT,reg_sm_09,SM,SMR,San Marino,سان مارينو,Republic of San Marino,Europe,أوروبا,Southern Europe,جنوب أوروبا,SM-09,,,1,municipality,Municipality,Serravalle,,Serravalle,true,ISO_3166_2,https://www.iso.org/obp/ui/#search,ISO 3166-2 subdivisions via pycountry/isocodes,REFERENCE_DATA_IMPORTED,NEEDS_AR_TRANSLATION,2026-08-05,Administrative subdivision only; cities are imported in later city files.
UPSERT,reg_ua_05,UA,UKR,Ukraine,أوكرانيا,,Europe,أوروبا,Eastern Europe,شرق أوروبا,UA-05,,,1,region,Region,Vinnytska oblast,,Vinnytska oblast,true,ISO_3166_2,https://www.iso.org/obp/ui/#search,ISO 3166-2 subdivisions via pycountry/isocodes,REFERENCE_DATA_IMPORTED,NEEDS_AR_TRANSLATION,2026-08-05,Administrative subdivision only; cities are imported in later city files.
UPSERT,reg_ua_07,UA,UKR,Ukraine,أوكرانيا,,Europe,أوروبا,Eastern Europe,شرق أوروبا,UA-07,,,1,region,Region,Volynska oblast,,Volynska oblast,true,ISO_3166_2,https://www.iso.org/obp/ui/#search,ISO 3166-2 subdivisions via pycountry/isocodes,REFERENCE_DATA_IMPORTED,NEEDS_AR_TRANSLATION,2026-08-05,Administrative subdivision only; cities are imported in later city files.
UPSERT,reg_ua_09,UA,UKR,Ukraine,أوكرانيا,,Europe,أوروبا,Eastern Europe,شرق أوروبا,UA-09,,,1,region,Region,Luhanska oblast,,Luhanska oblast,true,ISO_3166_2,https://www.iso.org/obp/ui/#search,ISO 3166-2 subdivisions via pycountry/isocodes,REFERENCE_DATA_IMPORTED,NEEDS_AR_TRANSLATION,2026-08-05,Administrative subdivision only; cities are imported in later city files.
UPSERT,reg_ua_12,UA,UKR,Ukraine,أوكرانيا,,Europe,أوروبا,Eastern Europe,شرق أوروبا,UA-12,,,1,region,Region,Dnipropetrovska oblast,,Dnipropetrovska oblast,true,ISO_3166_2,https://www.iso.org/obp/ui/#search,ISO 3166-2 subdivisions via pycountry/isocodes,REFERENCE_DATA_IMPORTED,NEEDS_AR_TRANSLATION,2026-08-05,Administrative subdivision only; cities are imported in later city files.
UPSERT,reg_ua_14,UA,UKR,Ukraine,أوكرانيا,,Europe,أوروبا,Eastern Europe,شرق أوروبا,UA-14,,,1,region,Region,Donetska oblast,,Donetska oblast,true,ISO_3166_2,https://www.iso.org/obp/ui/#search,ISO 3166-2 subdivisions via pycountry/isocodes,REFERENCE_DATA_IMPORTED,NEEDS_AR_TRANSLATION,2026-08-05,Administrative subdivision only; cities are imported in later city files.
UPSERT,reg_ua_18,UA,UKR,Ukraine,أوكرانيا,,Europe,أوروبا,Eastern Europe,شرق أوروبا,UA-18,,,1,region,Region,Zhytomyrska oblast,,Zhytomyrska oblast,true,ISO_3166_2,https://www.iso.org/obp/ui/#search,ISO 3166-2 subdivisions via pycountry/isocodes,REFERENCE_DATA_IMPORTED,NEEDS_AR_TRANSLATION,2026-08-05,Administrative subdivision only; cities are imported in later city files.
UPSERT,reg_ua_21,UA,UKR,Ukraine,أوكرانيا,,Europe,أوروبا,Eastern Europe,شرق أوروبا,UA-21,,,1,region,Region,Zakarpatska oblast,,Zakarpatska oblast,true,ISO_3166_2,https://www.iso.org/obp/ui/#search,ISO 3166-2 subdivisions via pycountry/isocodes,REFERENCE_DATA_IMPORTED,NEEDS_AR_TRANSLATION,2026-08-05,Administrative subdivision only; cities are imported in later city files.
UPSERT,reg_ua_23,UA,UKR,Ukraine,أوكرانيا,,Europe,أوروبا,Eastern Europe,شرق أوروبا,UA-23,,,1,region,Region,Zaporizka oblast,,Zaporizka oblast,true,ISO_3166_2,https://www.iso.org/obp/ui/#search,ISO 3166-2 subdivisions via pycountry/isocodes,REFERENCE_DATA_IMPORTED,NEEDS_AR_TRANSLATION,2026-08-05,Administrative subdivision only; cities are imported in later city files.
UPSERT,reg_ua_26,UA,UKR,Ukraine,أوكرانيا,,Europe,أوروبا,Eastern Europe,شرق أوروبا,UA-26,,,1,region,Region,Ivano-Frankivska oblast,,Ivano-Frankivska oblast,true,ISO_3166_2,https://www.iso.org/obp/ui/#search,ISO 3166-2 subdivisions via pycountry/isocodes,REFERENCE_DATA_IMPORTED,NEEDS_AR_TRANSLATION,2026-08-05,Administrative subdivision only; cities are imported in later city files.
UPSERT,reg_ua_30,UA,UKR,Ukraine,أوكرانيا,,Europe,أوروبا,Eastern Europe,شرق أوروبا,UA-30,,,1,city,City,Kyiv,,Kyiv,true,ISO_3166_2,https://www.iso.org/obp/ui/#search,ISO 3166-2 subdivisions via pycountry/isocodes,REFERENCE_DATA_IMPORTED,NEEDS_AR_TRANSLATION,2026-08-05,Administrative subdivision only; cities are imported in later city files.
UPSERT,reg_ua_32,UA,UKR,Ukraine,أوكرانيا,,Europe,أوروبا,Eastern Europe,شرق أوروبا,UA-32,,,1,region,Region,Kyivska oblast,,Kyivska oblast,true,ISO_3166_2,https://www.iso.org/obp/ui/#search,ISO 3166-2 subdivisions via pycountry/isocodes,REFERENCE_DATA_IMPORTED,NEEDS_AR_TRANSLATION,2026-08-05,Administrative subdivision only; cities are imported in later city files.
UPSERT,reg_ua_35,UA,UKR,Ukraine,أوكرانيا,,Europe,أوروبا,Eastern Europe,شرق أوروبا,UA-35,,,1,region,Region,Kirovohradska oblast,,Kirovohradska oblast,true,ISO_3166_2,https://www.iso.org/obp/ui/#search,ISO 3166-2 subdivisions via pycountry/isocodes,REFERENCE_DATA_IMPORTED,NEEDS_AR_TRANSLATION,2026-08-05,Administrative subdivision only; cities are imported in later city files.
UPSERT,reg_ua_40,UA,UKR,Ukraine,أوكرانيا,,Europe,أوروبا,Eastern Europe,شرق أوروبا,UA-40,,,1,city,City,Sevastopol,,Sevastopol,true,ISO_3166_2,https://www.iso.org/obp/ui/#search,ISO 3166-2 subdivisions via pycountry/isocodes,REFERENCE_DATA_IMPORTED,NEEDS_AR_TRANSLATION,2026-08-05,Administrative subdivision only; cities are imported in later city files.
UPSERT,reg_ua_43,UA,UKR,Ukraine,أوكرانيا,,Europe,أوروبا,Eastern Europe,شرق أوروبا,UA-43,,,1,republic,Republic,Avtonomna Respublika Krym,,Avtonomna Respublika Krym,true,ISO_3166_2,https://www.iso.org/obp/ui/#search,ISO 3166-2 subdivisions via pycountry/isocodes,REFERENCE_DATA_IMPORTED,NEEDS_AR_TRANSLATION,2026-08-05,Administrative subdivision only; cities are imported in later city files.
UPSERT,reg_ua_46,UA,UKR,Ukraine,أوكرانيا,,Europe,أوروبا,Eastern Europe,شرق أوروبا,UA-46,,,1,region,Region,Lvivska oblast,,Lvivska oblast,true,ISO_3166_2,https://www.iso.org/obp/ui/#search,ISO 3166-2 subdivisions via pycountry/isocodes,REFERENCE_DATA_IMPORTED,NEEDS_AR_TRANSLATION,2026-08-05,Administrative subdivision only; cities are imported in later city files.
UPSERT,reg_ua_48,UA,UKR,Ukraine,أوكرانيا,,Europe,أوروبا,Eastern Europe,شرق أوروبا,UA-48,,,1,region,Region,Mykolaivska oblast,,Mykolaivska oblast,true,ISO_3166_2,https://www.iso.org/obp/ui/#search,ISO 3166-2 subdivisions via pycountry/isocodes,REFERENCE_DATA_IMPORTED,NEEDS_AR_TRANSLATION,2026-08-05,Administrative subdivision only; cities are imported in later city files.
UPSERT,reg_ua_51,UA,UKR,Ukraine,أوكرانيا,,Europe,أوروبا,Eastern Europe,شرق أوروبا,UA-51,,,1,region,Region,Odeska oblast,,Odeska oblast,true,ISO_3166_2,https://www.iso.org/obp/ui/#search,ISO 3166-2 subdivisions via pycountry/isocodes,REFERENCE_DATA_IMPORTED,NEEDS_AR_TRANSLATION,2026-08-05,Administrative subdivision only; cities are imported in later city files.
UPSERT,reg_ua_53,UA,UKR,Ukraine,أوكرانيا,,Europe,أوروبا,Eastern Europe,شرق أوروبا,UA-53,,,1,region,Region,Poltavska oblast,,Poltavska oblast,true,ISO_3166_2,https://www.iso.org/obp/ui/#search,ISO 3166-2 subdivisions via pycountry/isocodes,REFERENCE_DATA_IMPORTED,NEEDS_AR_TRANSLATION,2026-08-05,Administrative subdivision only; cities are imported in later city files.
UPSERT,reg_ua_56,UA,UKR,Ukraine,أوكرانيا,,Europe,أوروبا,Eastern Europe,شرق أوروبا,UA-56,,,1,region,Region,Rivnenska oblast,,Rivnenska oblast,true,ISO_3166_2,https://www.iso.org/obp/ui/#search,ISO 3166-2 subdivisions via pycountry/isocodes,REFERENCE_DATA_IMPORTED,NEEDS_AR_TRANSLATION,2026-08-05,Administrative subdivision only; cities are imported in later city files.
UPSERT,reg_ua_59,UA,UKR,Ukraine,أوكرانيا,,Europe,أوروبا,Eastern Europe,شرق أوروبا,UA-59,,,1,region,Region,Sumska oblast,,Sumska oblast,true,ISO_3166_2,https://www.iso.org/obp/ui/#search,ISO 3166-2 subdivisions via pycountry/isocodes,REFERENCE_DATA_IMPORTED,NEEDS_AR_TRANSLATION,2026-08-05,Administrative subdivision only; cities are imported in later city files.
UPSERT,reg_ua_61,UA,UKR,Ukraine,أوكرانيا,,Europe,أوروبا,Eastern Europe,شرق أوروبا,UA-61,,,1,region,Region,Ternopilska oblast,,Ternopilska oblast,true,ISO_3166_2,https://www.iso.org/obp/ui/#search,ISO 3166-2 subdivisions via pycountry/isocodes,REFERENCE_DATA_IMPORTED,NEEDS_AR_TRANSLATION,2026-08-05,Administrative subdivision only; cities are imported in later city files.
UPSERT,reg_ua_63,UA,UKR,Ukraine,أوكرانيا,,Europe,أوروبا,Eastern Europe,شرق أوروبا,UA-63,,,1,region,Region,Kharkivska oblast,,Kharkivska oblast,true,ISO_3166_2,https://www.iso.org/obp/ui/#search,ISO 3166-2 subdivisions via pycountry/isocodes,REFERENCE_DATA_IMPORTED,NEEDS_AR_TRANSLATION,2026-08-05,Administrative subdivision only; cities are imported in later city files.
UPSERT,reg_ua_65,UA,UKR,Ukraine,أوكرانيا,,Europe,أوروبا,Eastern Europe,شرق أوروبا,UA-65,,,1,region,Region,Khersonska oblast,,Khersonska oblast,true,ISO_3166_2,https://www.iso.org/obp/ui/#search,ISO 3166-2 subdivisions via pycountry/isocodes,REFERENCE_DATA_IMPORTED,NEEDS_AR_TRANSLATION,2026-08-05,Administrative subdivision only; cities are imported in later city files.
UPSERT,reg_ua_68,UA,UKR,Ukraine,أوكرانيا,,Europe,أوروبا,Eastern Europe,شرق أوروبا,UA-68,,,1,region,Region,Khmelnytska oblast,,Khmelnytska oblast,true,ISO_3166_2,https://www.iso.org/obp/ui/#search,ISO 3166-2 subdivisions via pycountry/isocodes,REFERENCE_DATA_IMPORTED,NEEDS_AR_TRANSLATION,2026-08-05,Administrative subdivision only; cities are imported in later city files.
UPSERT,reg_ua_71,UA,UKR,Ukraine,أوكرانيا,,Europe,أوروبا,Eastern Europe,شرق أوروبا,UA-71,,,1,region,Region,Cherkaska oblast,,Cherkaska oblast,true,ISO_3166_2,https://www.iso.org/obp/ui/#search,ISO 3166-2 subdivisions via pycountry/isocodes,REFERENCE_DATA_IMPORTED,NEEDS_AR_TRANSLATION,2026-08-05,Administrative subdivision only; cities are imported in later city files.
UPSERT,reg_ua_74,UA,UKR,Ukraine,أوكرانيا,,Europe,أوروبا,Eastern Europe,شرق أوروبا,UA-74,,,1,region,Region,Chernihivska oblast,,Chernihivska oblast,true,ISO_3166_2,https://www.iso.org/obp/ui/#search,ISO 3166-2 subdivisions via pycountry/isocodes,REFERENCE_DATA_IMPORTED,NEEDS_AR_TRANSLATION,2026-08-05,Administrative subdivision only; cities are imported in later city files.
UPSERT,reg_ua_77,UA,UKR,Ukraine,أوكرانيا,,Europe,أوروبا,Eastern Europe,شرق أوروبا,UA-77,,,1,region,Region,Chernivetska oblast,,Chernivetska oblast,true,ISO_3166_2,https://www.iso.org/obp/ui/#search,ISO 3166-2 subdivisions via pycountry/isocodes,REFERENCE_DATA_IMPORTED,NEEDS_AR_TRANSLATION,2026-08-05,Administrative subdivision only; cities are imported in later city files.
